effect,value,rr,rr_p025,rr_p975,subtype,sex,tier
age,7,1.1315759560567327,1.0294722221549226,1.2332631316744354,nhl,males,agg
age,19.5,2.58252861663234,2.409556628218827,2.753226996979042,nhl,males,agg
age,29.5,4.996335778508021,4.752714889127925,5.226311451621448,nhl,males,agg
age,39.5,9.670397186595281,9.354809390448933,9.953873284234449,nhl,males,agg
age,49.5,18.92651525555256,18.55663387175939,19.307393746292174,nhl,males,agg
age,59.5,39.809622844644615,39.31810562882609,40.308060593023185,nhl,males,agg
age,69.5,85.67475407828621,84.29643270509001,87.05729101519957,nhl,males,agg
age,79.5,135.1917284109236,132.6408287552077,137.6123913143801,nhl,males,agg
age,90,199.77060738840822,193.75367084629497,206.54626014561381,nhl,males,agg
period,1990,1.0002257443358573,0.9795133790400574,1.0212299510842995,nhl,males,agg
period,1991,1.0009548237557317,0.9838605111728029,1.0178516676904774,nhl,males,agg
period,1992,1.0017410170731593,0.9883267624103236,1.0150114144650373,nhl,males,agg
period,1993,1.0023964320324232,0.9925879300385506,1.012060261211759,nhl,males,agg
period,1994,1.0031487139028947,0.9964792900766448,1.0099924349507456,nhl,males,agg
period,1995,1.0038143572940545,0.9993738196592034,1.0084462098088587,nhl,males,agg
period,1996,1.0045354773440855,0.9996949426305586,1.009232300712122,nhl,males,agg
period,1997,1.0051408562191604,0.9979771497388336,1.0119918731951894,nhl,males,agg
period,1998,1.0053276428262161,0.9957147414379217,1.014974181114255,nhl,males,agg
period,1999,1.005193772694182,0.9933960884620168,1.0174378117442315,nhl,males,agg
period,2000,1.0047253614902036,0.9910976190279461,1.0188159502338905,nhl,males,agg
period,2001,1.0034774723149187,0.989114537286232,1.0183505719986272,nhl,males,agg
period,2002,1.0015218171914253,0.9875164101960845,1.0166113863088224,nhl,males,agg
period,2003,0.99890773996935,0.9851256589381122,1.013016486607266,nhl,males,agg
period,2004,0.9952103177109131,0.983080585234515,1.007595530587071,nhl,males,agg
period,2005,0.9912539523267785,0.98013035410366,1.0018272122594347,nhl,males,agg
period,2006,0.9874282325028976,0.9762230323716558,0.9985926364177201,nhl,males,agg
period,2007,0.9843883153368245,0.9715484016823965,0.9976054257108582,nhl,males,agg
period,2008,0.982716082150721,0.9687194232786405,0.9974454478500763,nhl,males,agg
period,2009,0.9829612257110261,0.968538184515151,0.9982978342006574,nhl,males,agg
period,2010,0.9858237582460919,0.9721114879464732,1.0006935560213448,nhl,males,agg
period,2011,0.9913949300996323,0.9788064077929568,1.0042997300412768,nhl,males,agg
period,2012,0.999013966750866,0.9877446165547732,1.0100043072203306,nhl,males,agg
period,2013,1.0066136248986508,0.9952199803787785,1.0178516829217201,nhl,males,agg
period,2014,1.0128621883505549,0.9995057205902612,1.0260111540530823,nhl,males,agg
period,2015,1.0165546987121912,1.003151558304883,1.0304173845380948,nhl,males,agg
period,2016,1.0164560329717216,1.0044739239546796,1.0289923421244473,nhl,males,agg
period,2017,1.0131854411264976,1.0028058625312226,1.0230988840420994,nhl,males,agg
period,2018,1.0078939703301695,1.0004030342887074,1.0155438126044727,nhl,males,agg
period,2019,1.0014868416771363,0.9925722440603683,1.0106854337440467,nhl,males,agg
period,2020,0.994755466356616,0.9814668592789231,1.009648431267291,nhl,males,agg
period,2021,0.9881643892461837,0.969197827752513,1.0097360443443484,nhl,males,agg
cohort,1900,0.5512959274224177,0.5190875328129734,0.5849421785270086,nhl,males,agg
cohort,1901,0.5597989082871397,0.5281992693567581,0.5925411522604044,nhl,males,agg
cohort,1902,0.5684123375061594,0.5374709492381434,0.6005001499753386,nhl,males,agg
cohort,1903,0.5768892215751331,0.5469053800600505,0.6083159565025026,nhl,males,agg
cohort,1904,0.5857348495798689,0.5564909666204182,0.6160654655445001,nhl,males,agg
cohort,1905,0.594488068380893,0.5659262936042939,0.6236941038783541,nhl,males,agg
cohort,1906,0.6034764795385983,0.5754016201299664,0.6323692766024884,nhl,males,agg
cohort,1907,0.612711265533578,0.584986115862962,0.6407666170693497,nhl,males,agg
cohort,1908,0.6220610665518185,0.594833279417297,0.6489260150133185,nhl,males,agg
cohort,1909,0.631642588662533,0.6051243881699415,0.6572942604636761,nhl,males,agg
cohort,1910,0.6413780947153985,0.615937554805205,0.665787575372534,nhl,males,agg
cohort,1910.5,0.6462009500659169,0.6213806865358644,0.6700808806869518,nhl,males,agg
cohort,1911,0.650970962304936,0.6265683598670696,0.6745319390466709,nhl,males,agg
cohort,1911.5,0.6559450612944149,0.6319860050753893,0.6791531321228421,nhl,males,agg
cohort,1912,0.6609471772639364,0.6376297388166767,0.6838033276880108,nhl,males,agg
cohort,1912.5,0.6659093692811501,0.6433238719915478,0.6884803687845306,nhl,males,agg
cohort,1913,0.6709704642549629,0.6489708869869188,0.6931143230225763,nhl,males,agg
cohort,1913.5,0.6759886813500269,0.6542006454047349,0.697776735163942,nhl,males,agg
cohort,1914,0.6811439078768,0.6592666988050929,0.7024760114434675,nhl,males,agg
cohort,1914.5,0.6862720509420663,0.66449406516891,0.7072041669072481,nhl,males,agg
cohort,1915,0.6914124362972713,0.6702433704073577,0.7119533152999984,nhl,males,agg
cohort,1915.5,0.6966941613184208,0.6756838254552293,0.7163856508952664,nhl,males,agg
cohort,1916,0.7019491407284046,0.6816894869469642,0.7212233262029616,nhl,males,agg
cohort,1916.5,0.7073457372987003,0.6872266859618101,0.7260324910132975,nhl,males,agg
cohort,1917,0.7127018803224708,0.6926988745355473,0.7312167005178016,nhl,males,agg
cohort,1917.5,0.7181983204999869,0.6985625548630555,0.7361431108424111,nhl,males,agg
cohort,1918,0.7236234549848206,0.7043399036233791,0.7411804239020953,nhl,males,agg
cohort,1918.5,0.72903458192386,0.7098763315033306,0.7462673522996408,nhl,males,agg
cohort,1919,0.7345458995338474,0.7157474243272006,0.7515028320140495,nhl,males,agg
cohort,1919.5,0.7402570691313108,0.7215914635238851,0.7567771290876618,nhl,males,agg
cohort,1920,0.7457529574578678,0.7275735866695368,0.7621740650143708,nhl,males,agg
cohort,1920.5,0.751461100191424,0.733524909207644,0.7679075071565992,nhl,males,agg
cohort,1921,0.7569860497963852,0.7394525836773489,0.7733788181963798,nhl,males,agg
cohort,1921.5,0.7626068478183866,0.7455612914571399,0.779068802705028,nhl,males,agg
cohort,1922,0.7683455750665766,0.7516533455324789,0.7849103795166773,nhl,males,agg
cohort,1922.5,0.7741201926926768,0.7577985542933369,0.7906439203393963,nhl,males,agg
cohort,1923,0.7799862552163949,0.7642974112938056,0.7965013860800743,nhl,males,agg
cohort,1923.5,0.7858618705231679,0.7703423841098977,0.8024246973802597,nhl,males,agg
cohort,1924,0.7918217277815305,0.7764622944645214,0.8084134069683772,nhl,males,agg
cohort,1924.5,0.7978105203304082,0.7824843110606937,0.8143695615529568,nhl,males,agg
cohort,1925,0.8038142828375878,0.7886639957483211,0.8203061740271808,nhl,males,agg
cohort,1925.5,0.8098748639272287,0.7944611413476821,0.8262323670674456,nhl,males,agg
cohort,1926,0.8158881512004952,0.8001910485319081,0.8323917551564345,nhl,males,agg
cohort,1926.5,0.8221257938974476,0.8065245113986346,0.8381034461669865,nhl,males,agg
cohort,1927,0.8280390526934669,0.8124917414305751,0.844169863565413,nhl,males,agg
cohort,1927.5,0.8340218470122007,0.8186946531080022,0.8507260543301967,nhl,males,agg
cohort,1928,0.8400422074976632,0.8244974505871863,0.8569992901834795,nhl,males,agg
cohort,1928.5,0.8460276879995997,0.8303349420936013,0.8633351914806688,nhl,males,agg
cohort,1929,0.8519840708940376,0.8363259936032422,0.8693810429838772,nhl,males,agg
cohort,1929.5,0.8579963091991151,0.8424460523500565,0.8757905031418524,nhl,males,agg
cohort,1930,0.8641115945140794,0.8485611750273919,0.8820663630802709,nhl,males,agg
cohort,1930.5,0.8701601873751079,0.8545229848562795,0.8883890080682381,nhl,males,agg
cohort,1931,0.8761585700054559,0.8602273440913387,0.8944985479361737,nhl,males,agg
cohort,1931.5,0.8821407854820178,0.8663741232749623,0.9004844668687191,nhl,males,agg
cohort,1932.5,0.8937337616407257,0.8782375157541586,0.9121448281313522,nhl,males,agg
cohort,1933.5,0.9051923447549359,0.8900054442832324,0.9231051168707398,nhl,males,agg
cohort,1934.5,0.9167546474664221,0.9018920810938794,0.9338195015298496,nhl,males,agg
cohort,1935.5,0.9278923658832253,0.9130476086814144,0.9446933245912486,nhl,males,agg
cohort,1936.5,0.9388238365924746,0.9239296598308868,0.955632195191494,nhl,males,agg
cohort,1937.5,0.9500091851807475,0.933910999520121,0.9663885449409312,nhl,males,agg
cohort,1938.5,0.9604570892834623,0.9435944434638684,0.9766535633753695,nhl,males,agg
cohort,1939.5,0.9712152174651943,0.9535437612086646,0.9877830009942601,nhl,males,agg
cohort,1940.5,0.981535579071382,0.9637163052305019,0.9988078797521199,nhl,males,agg
cohort,1941.5,0.9921474362503996,0.9736374561782157,1.0096663364270833,nhl,males,agg
cohort,1942.5,1.0029131236945625,0.9841472874246516,1.0208442005021452,nhl,males,agg
cohort,1943.5,1.0138333643507151,0.9957134848348606,1.0316312754401649,nhl,males,agg
cohort,1944.5,1.0245558707043783,1.007232048920426,1.041754605295307,nhl,males,agg
cohort,1945.5,1.0355112938807973,1.0201186369469597,1.0509324687257169,nhl,males,agg
cohort,1946.5,1.0460568500722536,1.0322408877237639,1.0596162897712598,nhl,males,agg
cohort,1947.5,1.0559435549915555,1.0437521233426807,1.067750015871252,nhl,males,agg
cohort,1948.5,1.0647706860680968,1.0547004714856543,1.075329692593223,nhl,males,agg
cohort,1949.5,1.0726581501867525,1.0636689090312643,1.0821179628991584,nhl,males,agg
cohort,1950.5,1.0795482020459217,1.0704242600834704,1.088721467311833,nhl,males,agg
cohort,1951.5,1.0850740025183798,1.0751485740100568,1.0944486650601641,nhl,males,agg
cohort,1952.5,1.0890845305294734,1.0785679752158883,1.099294161501996,nhl,males,agg
cohort,1953.5,1.0914814311961605,1.0796207030093035,1.1032845958635984,nhl,males,agg
cohort,1954.5,1.092353366673229,1.079001834404044,1.105577914445523,nhl,males,agg
cohort,1955.5,1.091836362381777,1.0776773261945136,1.1063480368196354,nhl,males,agg
cohort,1956.5,1.090121476900234,1.0752260171995325,1.1055410363304692,nhl,males,agg
cohort,1957.5,1.0873615425246834,1.0716821783366237,1.103797195944838,nhl,males,agg
cohort,1958.5,1.0834688754884017,1.0667926964215049,1.1008176481874647,nhl,males,agg
cohort,1959.5,1.0787735976404274,1.061357937593631,1.0965817463192595,nhl,males,agg
cohort,1960.5,1.073152854274221,1.0550232719640633,1.0918943743871223,nhl,males,agg
cohort,1961.5,1.0668673509900257,1.0482499857598653,1.086914075065571,nhl,males,agg
cohort,1962.5,1.0601327042492215,1.0407804785547228,1.0815930501251214,nhl,males,agg
cohort,1963.5,1.0530948677859395,1.0324546929790754,1.0760136866546697,nhl,males,agg
cohort,1964.5,1.0456601355192556,1.0242706941975894,1.0700515859472703,nhl,males,agg
cohort,1965.5,1.0382563096677038,1.0156042847856475,1.0636803402148072,nhl,males,agg
cohort,1966.5,1.0308327533411856,1.0069077697012832,1.0580483577832052,nhl,males,agg
cohort,1967.5,1.0234794073953024,0.9983525828668556,1.0520295369560593,nhl,males,agg
cohort,1968.5,1.016352955147224,0.9895483764703876,1.046051238541441,nhl,males,agg
cohort,1969.5,1.0089316729093905,0.9810641587177754,1.04043299971839,nhl,males,agg
cohort,1970.5,1.001645351772667,0.9727672201581209,1.0348750653877994,nhl,males,agg
cohort,1971.5,0.9945703415354454,0.9638508717171412,1.0294787427302325,nhl,males,agg
cohort,1972.5,0.9873983693957559,0.9553635064258124,1.0238342639695668,nhl,males,agg
cohort,1973.5,0.9803255532706777,0.9466294070395211,1.0186510706517262,nhl,males,agg
cohort,1974.5,0.9733852507980161,0.9378969682617222,1.013034498880895,nhl,males,agg
cohort,1975.5,0.9664011263405963,0.9293377259896697,1.0078625764694635,nhl,males,agg
cohort,1976.5,0.9595155517292391,0.9207704413727424,1.0021830042563022,nhl,males,agg
cohort,1977.5,0.9524150467554372,0.9125223332150243,0.9970583353981112,nhl,males,agg
cohort,1978.5,0.9454526813311711,0.9043503135378523,0.9920833997622912,nhl,males,agg
cohort,1979.5,0.9387177995813745,0.8961916123275067,0.9870924707477615,nhl,males,agg
cohort,1980.5,0.9320655935777518,0.8879373303419167,0.9818543170870919,nhl,males,agg
cohort,1981.5,0.9253319987188882,0.8797620374397748,0.976663265632506,nhl,males,agg
cohort,1982.5,0.9186806235610792,0.8716620174124641,0.9719383789025395,nhl,males,agg
cohort,1983,0.9152914730844927,0.8677594263723779,0.9692938372326835,nhl,males,agg
cohort,1983.5,0.9120028479718104,0.863894985970419,0.9668605548974585,nhl,males,agg
cohort,1984,0.9086102864729448,0.8600311520409853,0.9644333812200874,nhl,males,agg
cohort,1984.5,0.9053549521025049,0.855912275246339,0.9620123008644772,nhl,males,agg
cohort,1985,0.902108207002791,0.8518140963402285,0.9595972985330382,nhl,males,agg
cohort,1985.5,0.8988896230449961,0.8479494768296473,0.9571883589665874,nhl,males,agg
cohort,1986,0.8956128444422915,0.8441589261318662,0.9547849699037072,nhl,males,agg
cohort,1986.5,0.8923550122476648,0.84038532064079,0.9523812492940731,nhl,males,agg
cohort,1987,0.8890459425341912,0.8366285846026831,0.9499831556463908,nhl,males,agg
cohort,1987.5,0.8858445479360966,0.8328208848688254,0.947591101385692,nhl,males,agg
cohort,1988,0.8826621822289072,0.8289039600242117,0.9452050712996187,nhl,males,agg
cohort,1988.5,0.8795560500334798,0.8250054574217666,0.942703555381844,nhl,males,agg
cohort,1989,0.8764580710442728,0.8211252904165336,0.9401446656772245,nhl,males,agg
cohort,1989.5,0.873277152050316,0.8172633727710749,0.937592722846461,nhl,males,agg
cohort,1990,0.8701905357566855,0.8134227155337254,0.9350477080277066,nhl,males,agg
cohort,1990.5,0.8670539824567942,0.8096813449075597,0.9325096024103339,nhl,males,agg
cohort,1991,0.863906943907893,0.805965255757014,0.9299783872347948,nhl,males,agg
cohort,1991.5,0.860735515459734,0.8021558537572702,0.9274540437924829,nhl,males,agg
cohort,1992,0.8576098442549636,0.798365674742896,0.9249365534255946,nhl,males,agg
cohort,1992.5,0.8545028508006829,0.7945939279087773,0.9224258975269916,nhl,males,agg
cohort,1993,0.8514851527285623,0.7908463778807643,0.9200254521077357,nhl,males,agg
cohort,1993.5,0.8484869819018241,0.7870993031238797,0.9177465071584836,nhl,males,agg
cohort,1994,0.8454122379784943,0.7833780077515843,0.9154732086688375,nhl,males,agg
cohort,1994.5,0.8423132694576384,0.7796745860561033,0.9132055426449431,nhl,males,agg
cohort,1995,0.839274096086792,0.7759894472049584,0.9109434951276386,nhl,males,agg
cohort,1995.5,0.836209208543174,0.7723217262042308,0.908687052192368,nhl,males,agg
cohort,1996,0.8331315133216652,0.7686713407282106,0.9064361999490944,nhl,males,agg
cohort,1996.5,0.8300163069420887,0.7650488737899233,0.9041763100682667,nhl,males,agg
cohort,1997,0.8269606434178766,0.7614486176051712,0.9017214911211585,nhl,males,agg
cohort,1997.5,0.8239681444239046,0.757865303934477,0.8992733383365382,nhl,males,agg
cohort,1998,0.8209515760386327,0.7542988530476996,0.8969455761349386,nhl,males,agg
cohort,1998.5,0.8179226778110003,0.7507504447722603,0.8947207308767089,nhl,males,agg
cohort,1999,0.8150447160236565,0.7472507601152796,0.8925014049673011,nhl,males,agg
cohort,1999.5,0.8121881781982586,0.7437936742513538,0.8902875847126037,nhl,males,agg
cohort,2000,0.8092330401722048,0.7403751616425014,0.8880015307622159,nhl,males,agg
cohort,2000.5,0.8062984237761857,0.7369919750507367,0.8856490272172192,nhl,males,agg
cohort,2001,0.803345570785091,0.7336242481855787,0.8833027566338042,nhl,males,agg
cohort,2001.5,0.8004779975857474,0.7302719104023514,0.8809627024960364,nhl,males,agg
cohort,2002,0.7975952267485862,0.7269348913791976,0.8786288483317481,nhl,males,agg
cohort,2003,0.7919194154476229,0.7203065299309325,0.8739796742530865,nhl,males,agg
cohort,2004,0.7861241030365504,0.7137386076664146,0.8693551034914355,nhl,males,agg
cohort,2005,0.7803939747051658,0.7072305734826648,0.8647550058333037,nhl,males,agg
cohort,2006,0.7746761955804777,0.7007818813018502,0.8601792517544218,nhl,males,agg
cohort,2007,0.7689844809415682,0.6943919900254627,0.8557208719047783,nhl,males,agg
cohort,2008,0.7633391738669172,0.6880603634889162,0.8513620793152409,nhl,males,agg
cohort,2009,0.7577525154938727,0.6816264111008921,0.8470254896245358,nhl,males,agg
cohort,2010,0.7521982046558202,0.6751487025367321,0.8427109897327457,nhl,males,agg
cohort,2011,0.7466846068289814,0.6687325549425835,0.8384184671160878,nhl,males,agg
cohort,2012,0.7412114235874511,0.6623773832612763,0.8341491927483673,nhl,males,agg
cohort,2013,0.7357783586927841,0.6562513293534464,0.8299208319781126,nhl,males,agg
cohort,2014,0.7304819934228178,0.6501905485915113,0.8257139071681892,nhl,males,agg
age,7,0.44517523059340064,0.40101903730250327,0.49509819158631885,nhl,females,agg
age,19.5,1.2176411963428675,1.1239207163786977,1.3190890577110639,nhl,females,agg
age,29.5,2.7242724586467535,2.5649850793366973,2.8877751749328153,nhl,females,agg
age,39.5,6.099264654384487,5.8537063241426885,6.337639112711013,nhl,females,agg
age,49.5,13.64101050087515,13.31324992974652,13.968285326114822,nhl,females,agg
age,59.5,29.530786327680204,29.03129181256538,30.09388200094012,nhl,females,agg
age,69.5,56.022725571168884,55.000513942399486,57.106088333709934,nhl,females,agg
age,79.5,92.09079493605327,89.97636402220209,94.22312088941419,nhl,females,agg
age,90,100.6552907490515,97.0937135268857,104.39272251931223,nhl,females,agg
period,1990,0.9541682510613542,0.9325340687728567,0.9757788042246954,nhl,females,agg
period,1991,0.9632922822769401,0.9453386557324014,0.981008823378023,nhl,females,agg
period,1992,0.9726192066276965,0.9585552327257206,0.986602055427452,nhl,females,agg
period,1993,0.9819240793374757,0.9712794647511618,0.9925291647797939,nhl,females,agg
period,1994,0.9910502370525689,0.9834590292328402,0.9988799208254516,nhl,females,agg
period,1995,1.0005110979152403,0.9951426150177848,1.0062167294917013,nhl,females,agg
period,1996,1.0102188244781116,1.0040366248242476,1.0161477094415143,nhl,females,agg
period,1997,1.0193229967590969,1.0101958728088616,1.02770796627871,nhl,females,agg
period,1998,1.0274525279702893,1.0157333435280027,1.038776813665737,nhl,females,agg
period,1999,1.0338885880906252,1.0195031372764338,1.047960614221917,nhl,females,agg
period,2000,1.0375253770438408,1.0212700892246036,1.053329322113058,nhl,females,agg
period,2001,1.0382093520787727,1.021830794796836,1.055420397959068,nhl,females,agg
period,2002,1.0355038016079883,1.0197675850516885,1.0514471566440455,nhl,females,agg
period,2003,1.0289445506383263,1.0154839438790308,1.0437960658276628,nhl,females,agg
period,2004,1.0198834112532906,1.0070991560108071,1.0331476254997383,nhl,females,agg
period,2005,1.0092593780495092,0.9967350282285578,1.022653160792619,nhl,females,agg
period,2006,0.9983569754133208,0.9849892251609197,1.012448886514215,nhl,females,agg
period,2007,0.9882370507365088,0.9730003258531702,1.003830539287124,nhl,females,agg
period,2008,0.9806324053384214,0.9649698703258597,0.9969374649026378,nhl,females,agg
period,2009,0.9766052097128344,0.9612919371470455,0.9931768782263471,nhl,females,agg
period,2010,0.9767714557112164,0.9630357478790789,0.9919353060269941,nhl,females,agg
period,2011,0.9801990503165137,0.9680433994582333,0.9933547777228403,nhl,females,agg
period,2012,0.9858633907273642,0.9748164067697797,0.9981554037669482,nhl,females,agg
period,2013,0.9922147224841191,0.9803025309319299,1.0048611882169578,nhl,females,agg
period,2014,0.998333044950487,0.9843273322726762,1.0124700601176337,nhl,females,agg
period,2015,1.0030869098831978,0.9878744295163049,1.0179351850521876,nhl,females,agg
period,2016,1.0050949574608221,0.9915476939682211,1.018355490499508,nhl,females,agg
period,2017,1.0046697048445514,0.9943118882843986,1.0146634096461966,nhl,females,agg
period,2018,1.0027485653240078,0.9948829415760466,1.0109761476615569,nhl,females,agg
period,2019,1.0003353439476679,0.989695491925781,1.0115303744180553,nhl,females,agg
period,2020,0.997499760495735,0.9814428399375007,1.0145117846008833,nhl,females,agg
period,2021,0.9949098839101832,0.9723766393047368,1.0175632459134663,nhl,females,agg
cohort,1900,0.6883719792163039,0.6488090806465521,0.7311295988588197,nhl,females,agg
cohort,1901,0.695560099427657,0.6570026390186074,0.7370986151478862,nhl,females,agg
cohort,1902,0.7026916617305758,0.665120798398286,0.7431276837529669,nhl,females,agg
cohort,1903,0.7099568067257493,0.6735355005640496,0.7491961246052894,nhl,females,agg
cohort,1904,0.7173779581732271,0.6817723966414235,0.7551550637519246,nhl,females,agg
cohort,1905,0.7247515549212116,0.6909907707088754,0.7612468529994106,nhl,females,agg
cohort,1906,0.7323382208255118,0.699484690249151,0.7676948199981766,nhl,females,agg
cohort,1907,0.7400921788145347,0.7083869689853276,0.7739592998442454,nhl,females,agg
cohort,1908,0.7477535671882121,0.7172363015087059,0.7802793183940998,nhl,females,agg
cohort,1909,0.7557200139768621,0.7261318101746148,0.7867297779445722,nhl,females,agg
cohort,1910,0.7633535877432681,0.7351734339084464,0.7930816042296123,nhl,females,agg
cohort,1910.5,0.767251323159241,0.739489155455391,0.7963937690980334,nhl,females,agg
cohort,1911,0.7713932502516547,0.7442458481175263,0.7997717269946496,nhl,females,agg
cohort,1911.5,0.7754367014106273,0.7491172945600327,0.8032653725291962,nhl,females,agg
cohort,1912,0.779509330087415,0.7537562787821509,0.8068783489192168,nhl,females,agg
cohort,1912.5,0.7836866245580838,0.7584165910248719,0.8102584974118143,nhl,females,agg
cohort,1913,0.7878047587533086,0.762722759334991,0.8135174614196524,nhl,females,agg
cohort,1913.5,0.791937420279673,0.7673429161363475,0.8172628123568016,nhl,females,agg
cohort,1914,0.7961311869593874,0.7721308420074245,0.8209314333205087,nhl,females,agg
cohort,1914.5,0.8003099441397674,0.7769512815160755,0.8243482079972104,nhl,females,agg
cohort,1915,0.8045889163696439,0.7814077099185961,0.8277814281493069,nhl,females,agg
cohort,1915.5,0.8087680920725412,0.7860788882094324,0.8313730052632943,nhl,females,agg
cohort,1916,0.8131549439987182,0.7907676600183884,0.8350862440903135,nhl,females,agg
cohort,1916.5,0.8172454331077316,0.7950244131489937,0.838825779780167,nhl,females,agg
cohort,1917,0.8214676863657444,0.8000090558237223,0.8430789260883943,nhl,females,agg
cohort,1917.5,0.8256814186288264,0.8047335677848956,0.8472545227232764,nhl,females,agg
cohort,1918,0.829978685377279,0.8094203292976115,0.8510121889225436,nhl,females,agg
cohort,1918.5,0.8341659872473739,0.814172223881656,0.8548472492081751,nhl,females,agg
cohort,1919,0.8385703623349354,0.8192582949437703,0.8587204020772404,nhl,females,agg
cohort,1919.5,0.8429469087012038,0.8239828846939369,0.8622244659625148,nhl,females,agg
cohort,1920,0.8473441096712095,0.8287478817193773,0.8667597924817281,nhl,females,agg
cohort,1920.5,0.8518077112797453,0.8331146471017398,0.8715322151361772,nhl,females,agg
cohort,1921,0.8562779530042546,0.8375658205512787,0.8763177330469473,nhl,females,agg
cohort,1921.5,0.8607757256837412,0.8424285377441315,0.8809058388965619,nhl,females,agg
cohort,1922,0.865136666272802,0.8470251805167353,0.8849436041523526,nhl,females,agg
cohort,1922.5,0.8695813513673398,0.851953874637382,0.8894341829794955,nhl,females,agg
cohort,1923,0.8739655080981683,0.8559898874506542,0.8937269395177466,nhl,females,agg
cohort,1923.5,0.8783158092601687,0.8599789739606588,0.8984451524933693,nhl,females,agg
cohort,1924,0.8827207482670065,0.864349210482698,0.9027792534109114,nhl,females,agg
cohort,1924.5,0.8870881627163598,0.8687701403248416,0.9072021329321028,nhl,females,agg
cohort,1925,0.891480192029227,0.8732503303467279,0.9113638514316544,nhl,females,agg
cohort,1925.5,0.8958903994634464,0.8775797860612555,0.9164733763185778,nhl,females,agg
cohort,1926,0.9001981655465023,0.881627242030514,0.9209259455570652,nhl,females,agg
cohort,1926.5,0.9044886083695529,0.8860835852374832,0.9251215553302078,nhl,females,agg
cohort,1927,0.9087281814568917,0.8904565217651423,0.9298182966863137,nhl,females,agg
cohort,1927.5,0.9130312663589144,0.8947124416052965,0.9340442749471404,nhl,females,agg
cohort,1928,0.9172869354506712,0.8991946805081852,0.9374840252411499,nhl,females,agg
cohort,1928.5,0.9215697153490903,0.9036123525315254,0.9417954113436408,nhl,females,agg
cohort,1929,0.9257188754492889,0.9074964154529334,0.9457358025965815,nhl,females,agg
cohort,1929.5,0.9297388658091593,0.911548979743641,0.9498721519363423,nhl,females,agg
cohort,1930,0.9337120463508474,0.9155736922315961,0.9537862532284089,nhl,females,agg
cohort,1930.5,0.937526270242248,0.9190827130089555,0.9575089178181665,nhl,females,agg
cohort,1931,0.941305987105187,0.9231730620152592,0.9605926706104877,nhl,females,agg
cohort,1931.5,0.945286441643256,0.9268813660597116,0.9635542044911809,nhl,females,agg
cohort,1932.5,0.9525657170040871,0.9345500321304235,0.9705086611819005,nhl,females,agg
cohort,1933.5,0.9598455780356203,0.9421314948537296,0.9768242624913421,nhl,females,agg
cohort,1934.5,0.9666933313779869,0.9490598621911708,0.9837182499098001,nhl,females,agg
cohort,1935.5,0.9735740171559848,0.9554162715204032,0.991326847545674,nhl,females,agg
cohort,1936.5,0.9804422064063808,0.9620966845449953,0.9989652750855484,nhl,females,agg
cohort,1937.5,0.9874010403887645,0.9679596667076035,1.005795275033606,nhl,females,agg
cohort,1938.5,0.9939520676400274,0.9741721655167519,1.0133107552198704,nhl,females,agg
cohort,1939.5,1.0006756424789138,0.9809383683895866,1.0200521627209915,nhl,females,agg
cohort,1940.5,1.007753577809805,0.9884418128882461,1.0270288795333025,nhl,females,agg
cohort,1941.5,1.0146676505816505,0.9961675156862522,1.0330294010267929,nhl,females,agg
cohort,1942.5,1.0218194803032918,1.004462187217246,1.038792308140967,nhl,females,agg
cohort,1943.5,1.0287012460114786,1.0131569101369498,1.0445710132596864,nhl,females,agg
cohort,1944.5,1.0356313038002352,1.0217751167591431,1.0500499819680023,nhl,females,agg
cohort,1945.5,1.0422539960276156,1.0300493034955236,1.0544871991072107,nhl,females,agg
cohort,1946.5,1.0486236669655056,1.0374715068391251,1.0587763983794363,nhl,females,agg
cohort,1947.5,1.0542201384550878,1.044221471692559,1.063477536155534,nhl,females,agg
cohort,1948.5,1.0594887893126899,1.049096983216725,1.0686838460976626,nhl,females,agg
cohort,1949.5,1.0639652587785782,1.0528595478192682,1.0740563304714363,nhl,females,agg
cohort,1950.5,1.0676226392871848,1.055389888796842,1.079111179519045,nhl,females,agg
cohort,1951.5,1.0705458113953819,1.0572032541570446,1.0833681709242229,nhl,females,agg
cohort,1952.5,1.0726593650818794,1.0581134746941583,1.0866037529658341,nhl,females,agg
cohort,1953.5,1.0739197023967328,1.058209090485689,1.089432782237681,nhl,females,agg
cohort,1954.5,1.0747623472675802,1.0576953653637005,1.0915200369412548,nhl,females,agg
cohort,1955.5,1.0747990090983761,1.0567435019665061,1.0928809971821078,nhl,females,agg
cohort,1956.5,1.0745168561125231,1.0553946569400345,1.0936039182563284,nhl,females,agg
cohort,1957.5,1.0737858384238295,1.053696544223173,1.0943389748480714,nhl,females,agg
cohort,1958.5,1.0728459224450684,1.051967002749748,1.0946419658406101,nhl,females,agg
cohort,1959.5,1.0714145259612078,1.049470787556912,1.0948927316093393,nhl,females,agg
cohort,1960.5,1.070021565277383,1.046606361766147,1.0948409992097121,nhl,females,agg
cohort,1961.5,1.0678730642296799,1.0434860158912562,1.0944490348409583,nhl,females,agg
cohort,1962.5,1.0654629863470926,1.0399898478309528,1.0937405659718116,nhl,females,agg
cohort,1963.5,1.0634656701218488,1.036377711512572,1.0930869655302866,nhl,females,agg
cohort,1964.5,1.0612583179604989,1.032838595164378,1.0929598117082346,nhl,females,agg
cohort,1965.5,1.0589386337559432,1.0294451619769127,1.0925256286203293,nhl,females,agg
cohort,1966.5,1.0568739099162965,1.0255470020656003,1.093206131259849,nhl,females,agg
cohort,1967.5,1.0547620629739076,1.0218703155536077,1.0934202339748147,nhl,females,agg
cohort,1968.5,1.052429517358936,1.0182678047890232,1.0934660908754852,nhl,females,agg
cohort,1969.5,1.050465965964728,1.0145728390097408,1.0928884400230578,nhl,females,agg
cohort,1970.5,1.0482374560950658,1.0105651330821777,1.0925574692848508,nhl,females,agg
cohort,1971.5,1.0458461849915361,1.0061813663570154,1.0929147242401942,nhl,females,agg
cohort,1972.5,1.043866632508438,1.0018295400348394,1.092516005588175,nhl,females,agg
cohort,1973.5,1.0416152595795087,0.9971527710772206,1.0923896973710483,nhl,females,agg
cohort,1974.5,1.0392097423016813,0.9927135370300606,1.092859157662055,nhl,females,agg
cohort,1975.5,1.0369245019437083,0.988258836823584,1.0932486319932844,nhl,females,agg
cohort,1976.5,1.0346469834244703,0.983824127540696,1.0941243729669405,nhl,females,agg
cohort,1977.5,1.0322754595607808,0.979415020390878,1.0944358140567993,nhl,females,agg
cohort,1978.5,1.030112588558524,0.9751535146991465,1.0945356323254885,nhl,females,agg
cohort,1979.5,1.0280277682879282,0.9714349772479722,1.0948739553092552,nhl,females,agg
cohort,1980.5,1.0255439489221683,0.9677464069081931,1.0949994793428754,nhl,females,agg
cohort,1981.5,1.0232159847407416,0.9633686580443986,1.0948949831379111,nhl,females,agg
cohort,1982.5,1.0208535215866634,0.9596024922228162,1.0952465576900563,nhl,females,agg
cohort,1983,1.0197829045845386,0.9574669640179331,1.0953230535897658,nhl,females,agg
cohort,1983.5,1.0187407695967146,0.9553361885412025,1.0954244983998989,nhl,females,agg
cohort,1984,1.017472870155734,0.9532101552145793,1.0955800917624647,nhl,females,agg
cohort,1984.5,1.0164295831030605,0.9510918244827995,1.0957357073544198,nhl,females,agg
cohort,1985,1.0154120567927705,0.9489824467237952,1.095891345178967,nhl,females,agg
cohort,1985.5,1.014337938589812,0.9468777481548938,1.0961678116804507,nhl,females,agg
cohort,1986,1.0133309298351545,0.9447777183944971,1.0965552228151416,nhl,females,agg
cohort,1986.5,1.012147281590217,0.9426823470840436,1.096942771449914,nhl,females,agg
cohort,1987,1.010846636392229,0.9405916238879589,1.0973165182141933,nhl,females,agg
cohort,1987.5,1.0097906776638368,0.9386225478072531,1.0975507799118014,nhl,females,agg
cohort,1988,1.0088491441971348,0.9366010041594279,1.097785092201377,nhl,females,agg
cohort,1988.5,1.0079084947166401,0.9344563051286243,1.0980133026036052,nhl,females,agg
cohort,1989,1.00687371338614,0.9323165172981027,1.0982375158412188,nhl,females,agg
cohort,1989.5,1.0058293665382076,0.9301857283066473,1.0982320165318922,nhl,females,agg
cohort,1990,1.0047494976306708,0.9281165139259879,1.098217318902437,nhl,females,agg
cohort,1990.5,1.0036602326628248,0.9260519026561302,1.0982026215071954,nhl,females,agg
cohort,1991,1.0025820973627828,0.9239918842568894,1.0981879243461647,nhl,females,agg
cohort,1991.5,1.0015854717558068,0.921936448510862,1.0981732274193423,nhl,females,agg
cohort,1992,1.0004548616892022,0.9198855852233745,1.098158530726725,nhl,females,agg
cohort,1992.5,0.999173509552415,0.9178392842224337,1.0981945711339376,nhl,females,agg
cohort,1993,0.9980561740211019,0.9157975353586757,1.0983454310948388,nhl,females,agg
cohort,1993.5,0.997137705219328,0.9137603285053157,1.0984963121472051,nhl,females,agg
cohort,1994,0.996126361879681,0.9117276535580974,1.0985690105762833,nhl,females,agg
cohort,1994.5,0.9950062290973134,0.9096995004352436,1.0985976226689318,nhl,females,agg
cohort,1995,0.9939528061161496,0.9076758590774059,1.0986262358745325,nhl,females,agg
cohort,1995.5,0.9929477391306307,0.905656719447614,1.098654850193174,nhl,females,agg
cohort,1996,0.9918731160733067,0.9036420715312273,1.0986834656249456,nhl,females,agg
cohort,1996.5,0.9907480942779677,0.9016319053358842,1.098712082169936,nhl,females,agg
cohort,1997,0.9894777305216267,0.8996262108914532,1.0990974360295978,nhl,females,agg
cohort,1997.5,0.9882176763364352,0.8976249782499826,1.0995300365996883,nhl,females,agg
cohort,1998,0.9871488510118565,0.8956281974856519,1.099885059703657,nhl,females,agg
cohort,1998.5,0.9860314443893166,0.8936358586947227,1.1000465191102662,nhl,females,agg
cohort,1999,0.9848867267358231,0.8916479519954887,1.1002080040281423,nhl,females,agg
cohort,1999.5,0.9837238860124871,0.8896662470761549,1.1003695144620076,nhl,females,agg
cohort,2000,0.9826166503580593,0.8876894869760844,1.1005310504165862,nhl,females,agg
cohort,2000.5,0.9815673418754249,0.8857171190902231,1.1006915041018803,nhl,females,agg
cohort,2001,0.9805550937591448,0.8837491336593372,1.1009197001899744,nhl,females,agg
cohort,2001.5,0.9794010855904586,0.8817855209458778,1.1011888964785785,nhl,females,agg
cohort,2002,0.9782819073357938,0.8798262712339322,1.1014581595586623,nhl,females,agg
cohort,2003,0.976327817357834,0.8759208220588257,1.1019968861597966,nhl,females,agg
cohort,2004,0.9742904440828655,0.8720327088376199,1.1025358801264722,nhl,females,agg
cohort,2005,0.9721504904209445,0.8681618546170333,1.1027221061036871,nhl,females,agg
cohort,2006,0.9701084121210849,0.8643081827853772,1.1028637453361438,nhl,females,agg
cohort,2007,0.9680831603531417,0.8602797989714284,1.10299820549693,nhl,females,agg
cohort,2008,0.9659133320900326,0.8562187777534261,1.1031301077217408,nhl,females,agg
cohort,2009,0.963876861920913,0.8523234231589567,1.1033062592670349,nhl,females,agg
cohort,2010,0.9618572959752827,0.8485912116266,1.1036121086901851,nhl,females,agg
cohort,2011,0.9598300035602284,0.8448753456423089,1.1039180433984874,nhl,females,agg
cohort,2012,0.9577374674212876,0.8411757536066368,1.1042240634157976,nhl,females,agg
cohort,2013,0.9556683939921655,0.8374982692579821,1.1045301687659757,nhl,females,agg
cohort,2014,0.9536897740261441,0.8336822019860475,1.10483635947289,nhl,females,agg
age,7,0.756386427206514,0.6849971749606864,0.8445845645653303,hodgkin,males,agg
age,19.5,2.0052327814513298,1.8992803821439708,2.1406329620961717,hodgkin,males,agg
age,29.5,3.4084002227291967,3.2139375822732563,3.6071953861904213,hodgkin,males,agg
age,39.5,2.4802304832214546,2.3396202378945787,2.6125413077583315,hodgkin,males,agg
age,49.5,2.7155864013559707,2.577700248367936,2.8484241288205467,hodgkin,males,agg
age,59.5,4.189049819124072,3.916630085535165,4.475829598803194,hodgkin,males,agg
age,69.5,5.902341842054776,5.451716199364222,6.360166394465611,hodgkin,males,agg
age,79.5,7.987189856282226,7.138158330816204,8.904784818305304,hodgkin,males,agg
age,90,10.988247327454076,9.286328282541637,12.98781622931918,hodgkin,males,agg
period,1990,1.0274706289204998,0.9690323301933306,1.0851575900820682,hodgkin,males,agg
period,1991,1.0208202515438685,0.9730550687079469,1.0679665521698247,hodgkin,males,agg
period,1992,1.0145725824725518,0.9759594839303811,1.0507792736596364,hodgkin,males,agg
period,1993,1.0083581432523205,0.9791512186186337,1.035241768687888,hodgkin,males,agg
period,1994,1.0018769837140868,0.9821114312768833,1.0202049217210498,hodgkin,males,agg
period,1995,0.9956864723679373,0.981408317345105,1.0103282674677347,hodgkin,males,agg
period,1996,0.9897029768179928,0.9737225489067671,1.0060268309899403,hodgkin,males,agg
period,1997,0.9848281639355796,0.963201796090918,1.006605991693738,hodgkin,males,agg
period,1998,0.9800231342893542,0.9522354663026201,1.0087815228248076,hodgkin,males,agg
period,1999,0.97693588474928,0.9449224168180625,1.0107486911295325,hodgkin,males,agg
period,2000,0.974967851608737,0.9411327106642872,1.0128283155955342,hodgkin,males,agg
period,2001,0.9751898933464902,0.938598409003194,1.0151567495793417,hodgkin,males,agg
period,2002,0.9768234762065342,0.9414872158756658,1.0157931389482866,hodgkin,males,agg
period,2003,0.9811703160713631,0.9474825968342826,1.0177856740662825,hodgkin,males,agg
period,2004,0.9865970922115024,0.9574304874331642,1.0208344758015064,hodgkin,males,agg
period,2005,0.9946603363321721,0.9646779086338791,1.0293942365357958,hodgkin,males,agg
period,2006,1.0035604032895686,0.9668606096007015,1.0414342547976199,hodgkin,males,agg
period,2007,1.0117330091590406,0.9706249632817305,1.0555051705631737,hodgkin,males,agg
period,2008,1.019086092986032,0.9726065051467809,1.0657563338605136,hodgkin,males,agg
period,2009,1.0237738411122494,0.9774644122206284,1.0712679885399619,hodgkin,males,agg
period,2010,1.025620334439226,0.9847200049146013,1.0676376847225,hodgkin,males,agg
period,2011,1.024211404561897,0.9902461817657434,1.0587264981767686,hodgkin,males,agg
period,2012,1.0212342275025537,0.9915788649136743,1.053307653958832,hodgkin,males,agg
period,2013,1.0166051051051919,0.9827325829771865,1.052693359366708,hodgkin,males,agg
period,2014,1.011989451559686,0.9752899675778072,1.052384787267774,hodgkin,males,agg
period,2015,1.0068664077490799,0.9704451226827111,1.0482492354404949,hodgkin,males,agg
period,2016,1.0020011338430552,0.9712410911782335,1.0365402531448495,hodgkin,males,agg
period,2017,0.997911864273121,0.9738181964923547,1.0234787991360077,hodgkin,males,agg
period,2018,0.9936225052652601,0.9732068163146673,1.0144281757972418,hodgkin,males,agg
period,2019,0.9892126759634816,0.9614992959906367,1.0150774085707506,hodgkin,males,agg
period,2020,0.9841640933063556,0.9434143553668283,1.0231315794920617,hodgkin,males,agg
period,2021,0.9800699682241594,0.927084812047346,1.0331865777852336,hodgkin,males,agg
cohort,1900,0.3540902996021851,0.27796572091948285,0.44055133116194756,hodgkin,males,agg
cohort,1901,0.36022849117007627,0.28402562761585765,0.44574530944173535,hodgkin,males,agg
cohort,1902,0.36619981599817963,0.290217645888354,0.45107260585148934,hodgkin,males,agg
cohort,1903,0.372516477473115,0.2965446558932393,0.4564635711031956,hodgkin,males,agg
cohort,1904,0.37880229931071874,0.30300960057692405,0.46191896613095873,hodgkin,males,agg
cohort,1905,0.3851933562361869,0.309615487044847,0.46743956096313927,hodgkin,males,agg
cohort,1906,0.3915737592357571,0.3163653879602044,0.4730261348310426,hodgkin,males,agg
cohort,1907,0.3980950969489302,0.3232651046014254,0.47867947627890756,hodgkin,males,agg
cohort,1908,0.4047572161033802,0.33031975441623834,0.4844003832752094,hodgkin,males,agg
cohort,1909,0.4113323886525338,0.3377761711942267,0.49018966332529285,hodgkin,males,agg
cohort,1910,0.4184579563936816,0.3454736006229764,0.4960481335853517,hodgkin,males,agg
cohort,1910.5,0.42210008636507534,0.3493956611163468,0.4989989668777601,hodgkin,males,agg
cohort,1911,0.4256640743715244,0.35363770442373527,0.502028973820327,hodgkin,males,agg
cohort,1911.5,0.42920377774247015,0.3576595126412023,0.5051027904183849,hodgkin,males,agg
cohort,1912,0.432754069915911,0.3614068665983932,0.5079759623078421,hodgkin,males,agg
cohort,1912.5,0.43627476312820945,0.3654927235976449,0.5110024674325497,hodgkin,males,agg
cohort,1913,0.4398428924107136,0.36950947803550716,0.5143478329967627,hodgkin,males,agg
cohort,1913.5,0.4435378744366675,0.3732162571193582,0.5178152627676984,hodgkin,males,agg
cohort,1914,0.4472643141844369,0.37714779148172767,0.5209090746750968,hodgkin,males,agg
cohort,1914.5,0.4510711675505168,0.3814584733842062,0.5242475446100515,hodgkin,males,agg
cohort,1915,0.45486363894974724,0.3858184445931877,0.5275885815429896,hodgkin,males,agg
cohort,1915.5,0.45889214519303345,0.39022826888999457,0.5302779559783476,hodgkin,males,agg
cohort,1916,0.4628721430264839,0.39469795851821937,0.5334436127089414,hodgkin,males,agg
cohort,1916.5,0.46676701906848744,0.399219701785443,0.5369093374817373,hodgkin,males,agg
cohort,1917,0.47070876070921647,0.40379324862521027,0.5407056066227315,hodgkin,males,agg
cohort,1917.5,0.4747760895696107,0.4084191925445781,0.5445287201621707,hodgkin,males,agg
cohort,1918,0.4789096786386512,0.4130246361536239,0.5483788679404381,hodgkin,males,agg
cohort,1918.5,0.4830012912598841,0.4172880394644003,0.5522562411405569,hodgkin,males,agg
cohort,1919,0.4870524648269353,0.4215954571379787,0.5561610322976862,hodgkin,males,agg
cohort,1919.5,0.49123437938750525,0.42594734363259673,0.5600934353086853,hodgkin,males,agg
cohort,1920,0.49542757400563814,0.4303441580995873,0.5638456944296598,hodgkin,males,agg
cohort,1920.5,0.49946048535974485,0.4347863644318517,0.56758727441166,hodgkin,males,agg
cohort,1921,0.503922241614463,0.4392744313128317,0.5713634193748005,hodgkin,males,agg
cohort,1921.5,0.5081773802340916,0.44380883226598983,0.5751657048217689,hodgkin,males,agg
cohort,1922,0.512338938878716,0.4483900457047985,0.5789932961423454,hodgkin,males,agg
cohort,1922.5,0.516707168464146,0.4530531188688038,0.582960240321887,hodgkin,males,agg
cohort,1923,0.5209891724868991,0.4580583741287553,0.5871173415981081,hodgkin,males,agg
cohort,1923.5,0.5253599355441525,0.4631296529900537,0.591288661287892,hodgkin,males,agg
cohort,1924,0.52958931879004,0.4682570781168953,0.5950613182326231,hodgkin,males,agg
cohort,1924.5,0.5341177189152568,0.4734412705991369,0.5990157836172256,hodgkin,males,agg
cohort,1925,0.5388790334752347,0.4785943012738016,0.6029391172490208,hodgkin,males,agg
cohort,1925.5,0.5433965342389562,0.48393606564638025,0.6078983509782138,hodgkin,males,agg
cohort,1926,0.5474997981940413,0.4892847043554191,0.6126762913713403,hodgkin,males,agg
cohort,1926.5,0.5521504104899899,0.4937641888408433,0.6164078306881748,hodgkin,males,agg
cohort,1927,0.5566964120918039,0.4981255172820126,0.6199809896797822,hodgkin,males,agg
cohort,1927.5,0.5613971305418024,0.5033021637142608,0.6244970202189355,hodgkin,males,agg
cohort,1928,0.5664095694676179,0.5087571527132396,0.628766096623288,hodgkin,males,agg
cohort,1928.5,0.5707673306579775,0.5142978035539746,0.6331945070939512,hodgkin,males,agg
cohort,1929,0.5756461362213108,0.5199060390382381,0.6370336080767217,hodgkin,males,agg
cohort,1929.5,0.5803330332557066,0.5257935538896532,0.641996033981163,hodgkin,males,agg
cohort,1930,0.585168147371942,0.5319201117866573,0.6462786904948684,hodgkin,males,agg
cohort,1930.5,0.5901520732639931,0.538131702143576,0.6505135764723665,hodgkin,males,agg
cohort,1931,0.5947386475770721,0.5438330599098866,0.6549168050491956,hodgkin,males,agg
cohort,1931.5,0.5997537760164524,0.5497027517599846,0.659081864682051,hodgkin,males,agg
cohort,1932.5,0.6100559172395819,0.5615859342599118,0.6674900509335048,hodgkin,males,agg
cohort,1933.5,0.6206281670338551,0.5732952281217765,0.6766982935817779,hodgkin,males,agg
cohort,1934.5,0.6310002035770075,0.5850289121221676,0.6861422849305363,hodgkin,males,agg
cohort,1935.5,0.6411036831051289,0.5973562306291947,0.6966054126250592,hodgkin,males,agg
cohort,1936.5,0.6518387162889749,0.60826753066959,0.708122095497832,hodgkin,males,agg
cohort,1937.5,0.662367869069581,0.6189154772159443,0.7201891454433097,hodgkin,males,agg
cohort,1938.5,0.6735178346657028,0.6304020032456226,0.7294116338910017,hodgkin,males,agg
cohort,1939.5,0.6850587270150246,0.6421659666831877,0.7401989611677987,hodgkin,males,agg
cohort,1940.5,0.6962018729317242,0.6541097617028794,0.7512981905747035,hodgkin,males,agg
cohort,1941.5,0.7077255097829345,0.6642090193017847,0.762136572199196,hodgkin,males,agg
cohort,1942.5,0.7191309888764887,0.6749758245460765,0.7730885698830418,hodgkin,males,agg
cohort,1943.5,0.7304725815503075,0.6859812222826267,0.785276685320848,hodgkin,males,agg
cohort,1944.5,0.7427613843175862,0.6959666400259173,0.7969666916636718,hodgkin,males,agg
cohort,1945.5,0.7544134556998916,0.7066756798144724,0.8076153687228206,hodgkin,males,agg
cohort,1946.5,0.7666071695377392,0.7181157492160368,0.8185332207626984,hodgkin,males,agg
cohort,1947.5,0.7782406359620215,0.7302377278300247,0.8299550284967254,hodgkin,males,agg
cohort,1948.5,0.7898976723106315,0.7420734674072568,0.8408922687227013,hodgkin,males,agg
cohort,1949.5,0.8016453232857016,0.7530477216459773,0.8518261576563589,hodgkin,males,agg
cohort,1950.5,0.8127480623997989,0.7660097586091367,0.8628178256776524,hodgkin,males,agg
cohort,1951.5,0.8243037061044405,0.7777620075001574,0.8737057849753948,hodgkin,males,agg
cohort,1952.5,0.8357344312308064,0.7907315653888298,0.8834135003438814,hodgkin,males,agg
cohort,1953.5,0.8472321035504387,0.8045508688159063,0.8935331070354992,hodgkin,males,agg
cohort,1954.5,0.8580735950058942,0.8175451784677367,0.9025511682838011,hodgkin,males,agg
cohort,1955.5,0.8690964993221362,0.8302212303141722,0.9109620035542721,hodgkin,males,agg
cohort,1956.5,0.8798372280676338,0.8440750408913721,0.921930177322873,hodgkin,males,agg
cohort,1957.5,0.8912711827343113,0.8565642320002775,0.9331892484421637,hodgkin,males,agg
cohort,1958.5,0.9027953526732104,0.8678645612402665,0.942762147037716,hodgkin,males,agg
cohort,1959.5,0.9147641362246307,0.879545657253824,0.9532779904742059,hodgkin,males,agg
cohort,1960.5,0.9269258496228374,0.8924803914880932,0.9658959726838455,hodgkin,males,agg
cohort,1961.5,0.9399263434681321,0.9028775266544162,0.9814460950204617,hodgkin,males,agg
cohort,1962.5,0.9533192636420639,0.9143796278480205,0.994505722300343,hodgkin,males,agg
cohort,1963.5,0.9677440793985725,0.9288537849486238,1.0105038254468104,hodgkin,males,agg
cohort,1964.5,0.9831527983501452,0.9427797977637528,1.029024469954619,hodgkin,males,agg
cohort,1965.5,0.9990719637867914,0.9557803028656737,1.04752394471847,hodgkin,males,agg
cohort,1966.5,1.0173070173518952,0.9709865770197335,1.0673240430110345,hodgkin,males,agg
cohort,1967.5,1.0363009071216087,0.9877422921523744,1.0883658684318211,hodgkin,males,agg
cohort,1968.5,1.057802855608266,1.0071609673227118,1.1099596601887765,hodgkin,males,agg
cohort,1969.5,1.0798257211074818,1.0285554896276308,1.1318950068850346,hodgkin,males,agg
cohort,1970.5,1.102517873979826,1.051001744498287,1.154409314040186,hodgkin,males,agg
cohort,1971.5,1.1267242330954166,1.074745962594253,1.17785230678758,hodgkin,males,agg
cohort,1972.5,1.1523858525359985,1.0991550321761516,1.2024402815349802,hodgkin,males,agg
cohort,1973.5,1.1772048399832715,1.1217714866848247,1.2287883641267117,hodgkin,males,agg
cohort,1974.5,1.2009280159723197,1.1445175598808268,1.2571802328010941,hodgkin,males,agg
cohort,1975.5,1.225989215479974,1.1657913579164823,1.2850668430744272,hodgkin,males,agg
cohort,1976.5,1.248891856358823,1.1868745327398824,1.3131376032502557,hodgkin,males,agg
cohort,1977.5,1.2718626987549828,1.2070642914914647,1.3391545505546807,hodgkin,males,agg
cohort,1978.5,1.2930051943315326,1.2255570925091956,1.3627188117629325,hodgkin,males,agg
cohort,1979.5,1.3116075155305171,1.2410412727979938,1.3842934844591634,hodgkin,males,agg
cohort,1980.5,1.32781248512164,1.2573779121957964,1.4030445812905015,hodgkin,males,agg
cohort,1981.5,1.3416856326692135,1.2680936062170507,1.4178446390813968,hodgkin,males,agg
cohort,1982.5,1.3526693965675336,1.279216361686778,1.4306476877909302,hodgkin,males,agg
cohort,1983,1.3578239015329068,1.283549113304581,1.4360576888535366,hodgkin,males,agg
cohort,1983.5,1.3617480292284119,1.2869367337040887,1.4401125383735702,hodgkin,males,agg
cohort,1984,1.3655713856540928,1.2899500894032851,1.4444833960115309,hodgkin,males,agg
cohort,1984.5,1.3687354751626564,1.2926048709765428,1.4476184623714736,hodgkin,males,agg
cohort,1985,1.371366585828685,1.2951870993543833,1.449904525509164,hodgkin,males,agg
cohort,1985.5,1.3735313437054084,1.297167602978355,1.4514829121099109,hodgkin,males,agg
cohort,1986,1.3752114479109618,1.297575718589434,1.454198249574286,hodgkin,males,agg
cohort,1986.5,1.3767383332253273,1.300333705615711,1.4551171309259903,hodgkin,males,agg
cohort,1987,1.3779746829444566,1.300522250406867,1.4554093877647143,hodgkin,males,agg
cohort,1987.5,1.3786918008086082,1.300932891310239,1.455478797604041,hodgkin,males,agg
cohort,1988,1.3793619611898187,1.3022579821982836,1.4557470427796357,hodgkin,males,agg
cohort,1988.5,1.3800297392633916,1.302606993455931,1.454755837980093,hodgkin,males,agg
cohort,1989,1.3797726747040606,1.3037849888822308,1.4528189945266718,hodgkin,males,agg
cohort,1989.5,1.3797228360259142,1.3024688069406527,1.452285294196776,hodgkin,males,agg
cohort,1990,1.3795643929708619,1.3018696242206507,1.4508770011787715,hodgkin,males,agg
cohort,1990.5,1.3791170881114598,1.300089562784295,1.4504551735443338,hodgkin,males,agg
cohort,1991,1.3779071988473408,1.2967608975631044,1.4512198559994707,hodgkin,males,agg
cohort,1991.5,1.3766005117319833,1.2957399454536052,1.449034589636189,hodgkin,males,agg
cohort,1992,1.3748831337170624,1.293138904638788,1.4489382428596125,hodgkin,males,agg
cohort,1992.5,1.37338953105844,1.2913555284162106,1.4476944322577374,hodgkin,males,agg
cohort,1993,1.3715441087795313,1.288902539968452,1.4463722651573576,hodgkin,males,agg
cohort,1993.5,1.3702010625741312,1.2863217957986368,1.446340750101195,hodgkin,males,agg
cohort,1994,1.3684107267117376,1.2833217031624837,1.4473561925611087,hodgkin,males,agg
cohort,1994.5,1.367214715329462,1.2803286083733885,1.4475698022808323,hodgkin,males,agg
cohort,1995,1.3664972911540394,1.2773678197243377,1.4481847199846125,hodgkin,males,agg
cohort,1995.5,1.3653661221176032,1.2746285222024045,1.4487998989122555,hodgkin,males,agg
cohort,1996,1.364048427276631,1.2713484706354132,1.449488084235618,hodgkin,males,agg
cohort,1996.5,1.3625999391230796,1.2671732532166369,1.4508264680091996,hodgkin,males,agg
cohort,1997,1.3611608465221425,1.263567104948852,1.4524511192298772,hodgkin,males,agg
cohort,1997.5,1.3598428247393763,1.2604206888832155,1.4543854147651822,hodgkin,males,agg
cohort,1998,1.3589053548472085,1.2572041457179066,1.4561490138880222,hodgkin,males,agg
cohort,1998.5,1.3576096250118501,1.2531526671412143,1.4584502788387945,hodgkin,males,agg
cohort,1999,1.3567761752732668,1.2492710935924,1.4605619782086379,hodgkin,males,agg
cohort,1999.5,1.3555318524803244,1.2463354368049722,1.4626730886697268,hodgkin,males,agg
cohort,2000,1.3537288933551501,1.2433785757099467,1.4652449982141633,hodgkin,males,agg
cohort,2000.5,1.3522484421217493,1.239916985501839,1.4671592579908592,hodgkin,males,agg
cohort,2001,1.3508975578188314,1.2358755602946132,1.4695343725418923,hodgkin,males,agg
cohort,2001.5,1.349741615983047,1.2323110090495177,1.4716289604502093,hodgkin,males,agg
cohort,2002,1.3485351931370102,1.2284654240288124,1.473726535775184,hodgkin,males,agg
cohort,2003,1.3458644824431805,1.221097167126716,1.4775365497894606,hodgkin,males,agg
cohort,2004,1.342956418667531,1.2125740051396003,1.4788191642551176,hodgkin,males,agg
cohort,2005,1.3402293840492616,1.2038521577519168,1.486009564028575,hodgkin,males,agg
cohort,2006,1.337252267482377,1.1940132671268366,1.4903968180014038,hodgkin,males,agg
cohort,2007,1.334895311306853,1.1857404710806763,1.4899593410275935,hodgkin,males,agg
cohort,2008,1.3323727120403492,1.1760458620983945,1.4938614591262274,hodgkin,males,agg
cohort,2009,1.3301009430345938,1.1669745125999211,1.5011740525497723,hodgkin,males,agg
cohort,2010,1.3278746134293584,1.1590527206681858,1.5075441613548568,hodgkin,males,agg
cohort,2011,1.3252161661656623,1.1512121805285107,1.511829305249002,hodgkin,males,agg
cohort,2012,1.3230829386946608,1.1434686391328475,1.516464383725635,hodgkin,males,agg
cohort,2013,1.3198386873494248,1.1357258690768988,1.5208876181461468,hodgkin,males,agg
cohort,2014,1.317882370969056,1.1264726794651547,1.525312584469679,hodgkin,males,agg
age,7,0.7116456582668056,0.6435173025027183,0.78655423420023,hodgkin,females,agg
age,19.5,1.8622095232397504,1.7630406664392715,1.9739492814780502,hodgkin,females,agg
age,29.5,3.351692989294521,3.177753678911203,3.542016919951151,hodgkin,females,agg
age,39.5,2.8040017301572755,2.672471904062573,2.930755125047297,hodgkin,females,agg
age,49.5,1.8928067454914608,1.7738831848802714,2.018169022598031,hodgkin,females,agg
age,59.5,2.0510155780382475,1.8929632137240942,2.223125565894172,hodgkin,females,agg
age,69.5,3.160077713341746,2.857593759532588,3.468893020841307,hodgkin,females,agg
age,79.5,5.235812485196284,4.528930263235635,5.915918964571102,hodgkin,females,agg
age,90,8.841785904316264,7.238777061324933,10.494670654277662,hodgkin,females,agg
period,1990,0.9730494902471158,0.912367046245983,1.0356024143477447,hodgkin,females,agg
period,1991,0.9754038944459464,0.924110116542421,1.0275853861752633,hodgkin,females,agg
period,1992,0.9774185894941139,0.9376774213097746,1.0187003978011107,hodgkin,females,agg
period,1993,0.9791093959742297,0.9501429715827658,1.0087117574427975,hodgkin,females,agg
period,1994,0.9811815849374943,0.9602551759170117,1.0019100157188163,hodgkin,females,agg
period,1995,0.9835106266047892,0.9683782563375766,0.9990322124860553,hodgkin,females,agg
period,1996,0.9858706083573174,0.9703674197719624,1.0035062315269223,hodgkin,females,agg
period,1997,0.9889245313758095,0.966751722481176,1.0135677217527588,hodgkin,females,agg
period,1998,0.9923453121855005,0.9634859494514731,1.0241093622408488,hodgkin,females,agg
period,1999,0.9958073816671749,0.961145208688039,1.032842269537335,hodgkin,females,agg
period,2000,0.9994819663374964,0.9605262988748708,1.0409996311933458,hodgkin,females,agg
period,2001,1.0043805319181218,0.9620831711688604,1.048014159601644,hodgkin,females,agg
period,2002,1.0104228468286292,0.9681812161251004,1.0530750640589082,hodgkin,females,agg
period,2003,1.0176983768001229,0.978043188469654,1.058369241836122,hodgkin,females,agg
period,2004,1.026198422800074,0.9882748589045827,1.06361849527223,hodgkin,females,agg
period,2005,1.0345387076952077,0.9969469467336481,1.0709555677947549,hodgkin,females,agg
period,2006,1.041758325643563,1.0003939115762877,1.0809959421040913,hodgkin,females,agg
period,2007,1.0465011402227635,0.9993138346629876,1.090354577882486,hodgkin,females,agg
period,2008,1.047700004110018,0.9963466115394443,1.0960041384039714,hodgkin,females,agg
period,2009,1.0447416380840486,0.9943544452924787,1.0913217970579503,hodgkin,females,agg
period,2010,1.0373106342538518,0.9925508519050014,1.0786158088948015,hodgkin,females,agg
period,2011,1.0256713805604165,0.9861446982351058,1.0608756130155965,hodgkin,females,agg
period,2012,1.0119792158877319,0.9747101492510657,1.0463002730956217,hodgkin,females,agg
period,2013,0.9981519128410135,0.9596260179527526,1.0370923472287235,hodgkin,females,agg
period,2014,0.9875447328101524,0.9480378607499188,1.0300630648302262,hodgkin,females,agg
period,2015,0.9808765890833823,0.9429139782441742,1.022909673204434,hodgkin,females,agg
period,2016,0.9774619810482912,0.9460021822928258,1.011874806337343,hodgkin,females,agg
period,2017,0.976151532509953,0.9533100297449193,1.0026618397542784,hodgkin,females,agg
period,2018,0.9767988234726483,0.9555418963210747,0.999040780996252,hodgkin,females,agg
period,2019,0.9776383151943688,0.9483005461573828,1.0085569525107445,hodgkin,females,agg
period,2020,0.978555022845885,0.9360876800989243,1.024999619699317,hodgkin,females,agg
period,2021,0.980800227274783,0.9237300777948655,1.0453830643397126,hodgkin,females,agg
cohort,1900,0.33683070655602565,0.26431656199316284,0.4435589397534265,hodgkin,females,agg
cohort,1901,0.34352350381785696,0.2709331349352224,0.4499189692828237,hodgkin,females,agg
cohort,1902,0.350233107135938,0.2778756742240111,0.45637019341630136,hodgkin,females,agg
cohort,1903,0.3573869192096003,0.2844228277264257,0.4629139197732034,hodgkin,females,agg
cohort,1904,0.3644600475858001,0.29112424708435114,0.4695514747226329,hodgkin,females,agg
cohort,1905,0.3715641188400871,0.29822684731628835,0.4766522282490149,hodgkin,females,agg
cohort,1906,0.3785949351414989,0.3055159906079953,0.4834331677036782,hodgkin,females,agg
cohort,1907,0.38563935951551476,0.3133954685721602,0.49028040858137967,hodgkin,females,agg
cohort,1908,0.3928928434889896,0.32166684946028623,0.4972186751632197,hodgkin,females,agg
cohort,1909,0.4006473699419768,0.33015656591587245,0.5042493184700428,hodgkin,females,agg
cohort,1910,0.4085165987202254,0.3379088538731052,0.5114614029394854,hodgkin,females,agg
cohort,1910.5,0.41251668912042994,0.3418260040583194,0.5151160260904128,hodgkin,females,agg
cohort,1911,0.41643353554370344,0.34568109132780517,0.5187967631944004,hodgkin,females,agg
cohort,1911.5,0.4206951859868183,0.3494333959282172,0.522503800847701,hodgkin,females,agg
cohort,1912,0.42511884477585304,0.35322644759060157,0.5262373269798847,hodgkin,females,agg
cohort,1912.5,0.42936708185727956,0.3574259201879049,0.5299975308633662,hodgkin,females,agg
cohort,1913,0.43351963215847555,0.36140995767072365,0.5337846031230001,hodgkin,females,agg
cohort,1913.5,0.4378261730999782,0.3654368050293287,0.537598735745744,hodgkin,females,agg
cohort,1914,0.4420260273009651,0.3695085200539299,0.5414401220903924,hodgkin,females,agg
cohort,1914.5,0.44624051555394756,0.37362560266968453,0.545308956897378,hodgkin,females,agg
cohort,1915,0.45050864506251675,0.37780157394200453,0.5492054362986456,hodgkin,females,agg
cohort,1915.5,0.4548601765983029,0.38255221404833784,0.5531297578275931,hodgkin,females,agg
cohort,1916,0.4590504099923752,0.3874644667809272,0.5570821204290879,hodgkin,females,agg
cohort,1916.5,0.4633884776517727,0.3924848554672022,0.5610627244695503,hodgkin,females,agg
cohort,1917,0.46761223782964617,0.3971676850940617,0.5658585897557192,hodgkin,females,agg
cohort,1917.5,0.47199042560447635,0.4021532984537638,0.5703532026522357,hodgkin,females,agg
cohort,1918,0.4765876946144386,0.40720570054281285,0.5744336540915821,hodgkin,females,agg
cohort,1918.5,0.48111321286058495,0.4121882548659296,0.5785121178805263,hodgkin,females,agg
cohort,1919,0.48576441477775373,0.4168739379988745,0.5826195406831792,hodgkin,females,agg
cohort,1919.5,0.490671564703831,0.4217618557860712,0.5875571971988861,hodgkin,females,agg
cohort,1920,0.49568486324733396,0.4269798293792169,0.5916543227458122,hodgkin,females,agg
cohort,1920.5,0.500271713374171,0.431654147856882,0.5956441172225011,hodgkin,females,agg
cohort,1921,0.504939710736624,0.43659563653470945,0.599654778892136,hodgkin,females,agg
cohort,1921.5,0.5097784026369452,0.44194278453433333,0.6037589244723015,hodgkin,females,agg
cohort,1922,0.5149599106255461,0.44711048894735594,0.6082400566832856,hodgkin,females,agg
cohort,1922.5,0.5202900876748572,0.4521113788243377,0.61275445659751,hodgkin,females,agg
cohort,1923,0.525684563036904,0.45830672487077084,0.617302371249643,hodgkin,females,agg
cohort,1923.5,0.5309554780201018,0.46399922830281604,0.6218343011936535,hodgkin,females,agg
cohort,1924,0.5362266421654309,0.4696679346658547,0.6264698118195388,hodgkin,females,agg
cohort,1924.5,0.5413457438566693,0.47495666420556465,0.6300767407079356,hodgkin,females,agg
cohort,1925,0.5462652338987859,0.48027602475140524,0.634539836767711,hodgkin,females,agg
cohort,1925.5,0.5516958841047863,0.4859663231034435,0.6395298017819733,hodgkin,females,agg
cohort,1926,0.557025583684397,0.49183996771653077,0.6445590103539601,hodgkin,females,agg
cohort,1926.5,0.5625254175876871,0.49758925265609283,0.6496276537639952,hodgkin,females,agg
cohort,1927,0.567743022296195,0.5032436558212136,0.6547307707300486,hodgkin,females,agg
cohort,1927.5,0.5730862564283425,0.5089071083915923,0.6596256958178454,hodgkin,females,agg
cohort,1928,0.5788697870316046,0.5147137773931556,0.6644351050321202,hodgkin,females,agg
cohort,1928.5,0.5842789900249707,0.5205588071079263,0.6690079809688042,hodgkin,females,agg
cohort,1929,0.5903591415631186,0.5264839570285151,0.6740668998751297,hodgkin,females,agg
cohort,1929.5,0.5960668750468117,0.53242173080667,0.6793395405157341,hodgkin,females,agg
cohort,1930,0.6021699032353289,0.5384606470719908,0.6842915865103155,hodgkin,females,agg
cohort,1930.5,0.6081405526860291,0.5446971597153646,0.6889947182042003,hodgkin,females,agg
cohort,1931,0.6139566292673346,0.5507726546610763,0.6944698814200511,hodgkin,females,agg
cohort,1931.5,0.6197639011163116,0.5567443218089324,0.700221702643966,hodgkin,females,agg
cohort,1932.5,0.6325781625141038,0.5687454584453665,0.7113528289459484,hodgkin,females,agg
cohort,1933.5,0.6448494363150143,0.5812633524611857,0.7227800225609398,hodgkin,females,agg
cohort,1934.5,0.6574538478939955,0.5942542453214548,0.7340888731375329,hodgkin,females,agg
cohort,1935.5,0.6697489221343127,0.6074322974137197,0.7459680160127788,hodgkin,females,agg
cohort,1936.5,0.6825592303560635,0.6197104634948304,0.7572822609453911,hodgkin,females,agg
cohort,1937.5,0.6953830590050338,0.6322850787716727,0.7690035138797716,hodgkin,females,agg
cohort,1938.5,0.707679827716793,0.6450668441290922,0.7811583360331303,hodgkin,females,agg
cohort,1939.5,0.7200352058198769,0.6581000786107445,0.7941366527091631,hodgkin,females,agg
cohort,1940.5,0.7323963592894794,0.6700295407238539,0.8036789142699822,hodgkin,females,agg
cohort,1941.5,0.7447776629171707,0.6824524750787723,0.8162470162336416,hodgkin,females,agg
cohort,1942.5,0.7568827497319196,0.6946027474745762,0.8292424371479384,hodgkin,females,agg
cohort,1943.5,0.7688927831070822,0.70666177281904,0.8404946506939458,hodgkin,females,agg
cohort,1944.5,0.7800252857668133,0.7164773945128078,0.8486535956426607,hodgkin,females,agg
cohort,1945.5,0.7901613924556778,0.7259166859510026,0.8588852453234074,hodgkin,females,agg
cohort,1946.5,0.7995321791569905,0.7370820604450822,0.8686287708069873,hodgkin,females,agg
cohort,1947.5,0.8085397063615924,0.7453041407640615,0.8768746675876998,hodgkin,females,agg
cohort,1948.5,0.8163267186400173,0.7549347777069781,0.8844456424703147,hodgkin,females,agg
cohort,1949.5,0.8232670533000431,0.761901368291679,0.8895750694541793,hodgkin,females,agg
cohort,1950.5,0.829125711297493,0.7697869637965523,0.8944332580406648,hodgkin,females,agg
cohort,1951.5,0.8340217272454635,0.7769943891682166,0.896283067234872,hodgkin,females,agg
cohort,1952.5,0.8373843374081877,0.7812952484463945,0.8975570082757736,hodgkin,females,agg
cohort,1953.5,0.8399599611751873,0.7852258301952075,0.8970895176712537,hodgkin,females,agg
cohort,1954.5,0.8409467282579173,0.7884419809656882,0.8945636416171923,hodgkin,females,agg
cohort,1955.5,0.8396374230880832,0.7900415254232778,0.8906070481332256,hodgkin,females,agg
cohort,1956.5,0.8381165153917998,0.7906049310889152,0.8856638992922365,hodgkin,females,agg
cohort,1957.5,0.8347807683709609,0.7906835812935559,0.8822928094342969,hodgkin,females,agg
cohort,1958.5,0.8299167793949958,0.7900840684508246,0.8756123617724517,hodgkin,females,agg
cohort,1959.5,0.8251574323429508,0.7877425149086559,0.868585433743324,hodgkin,females,agg
cohort,1960.5,0.8213716837311521,0.7835361715684367,0.8616452093214093,hodgkin,females,agg
cohort,1961.5,0.8175651305688384,0.7798212317855409,0.8561175399999345,hodgkin,females,agg
cohort,1962.5,0.8142172769353742,0.7761808746800374,0.8535740133768557,hodgkin,females,agg
cohort,1963.5,0.8121364929538484,0.7745571684850493,0.8518504851586908,hodgkin,females,agg
cohort,1964.5,0.8121775815009056,0.7742966560634125,0.8520567054503683,hodgkin,females,agg
cohort,1965.5,0.8139566527498924,0.7749450601878877,0.8566040784432145,hodgkin,females,agg
cohort,1966.5,0.8190306426965279,0.7787282010187231,0.8624000551753128,hodgkin,females,agg
cohort,1967.5,0.8266876000451862,0.7848642162772906,0.8719929884147846,hodgkin,females,agg
cohort,1968.5,0.8374192336691973,0.7952138498183031,0.8844640204145785,hodgkin,females,agg
cohort,1969.5,0.8529552016602321,0.8086358343621053,0.901807269314605,hodgkin,females,agg
cohort,1970.5,0.8721921311975781,0.8261225694596677,0.9229935952522234,hodgkin,females,agg
cohort,1971.5,0.897095253134848,0.8480866440607375,0.94949817156755,hodgkin,females,agg
cohort,1972.5,0.9276115634645199,0.8775425956827848,0.9814616162170368,hodgkin,females,agg
cohort,1973.5,0.9635997025100458,0.9123341560799514,1.0186124609222968,hodgkin,females,agg
cohort,1974.5,1.0041377347841816,0.9529942162689474,1.063189752921381,hodgkin,females,agg
cohort,1975.5,1.0500305702292037,0.9959032464470621,1.1095757457845767,hodgkin,females,agg
cohort,1976.5,1.0996093254400203,1.0436170909617324,1.1627073720668257,hodgkin,females,agg
cohort,1977.5,1.1494453008325287,1.0890613391009414,1.2145393088339744,hodgkin,females,agg
cohort,1978.5,1.2020715274583313,1.1386487073131732,1.2692499753595146,hodgkin,females,agg
cohort,1979.5,1.252712307820411,1.183428706978886,1.3237030757109673,hodgkin,females,agg
cohort,1980.5,1.301478105958863,1.2279846202242524,1.3765222333942244,hodgkin,females,agg
cohort,1981.5,1.34424153231275,1.2689666694403425,1.4225184982482098,hodgkin,females,agg
cohort,1982.5,1.3824296386992816,1.3028967887054879,1.4615325751582469,hodgkin,females,agg
cohort,1983,1.398201164102997,1.3178583377801618,1.4792515813217022,hodgkin,females,agg
cohort,1983.5,1.4123981396229155,1.3307482192778393,1.4947344374067628,hodgkin,females,agg
cohort,1984,1.4243001540549933,1.3426873280191816,1.5077674091744624,hodgkin,females,agg
cohort,1984.5,1.4342428651503487,1.3523194158731695,1.520348290136741,hodgkin,females,agg
cohort,1985,1.4429799615269734,1.360968174917019,1.5302038533717908,hodgkin,females,agg
cohort,1985.5,1.450478991552723,1.367297179230773,1.5370206791858445,hodgkin,females,agg
cohort,1986,1.4571101651305103,1.37320922738886,1.5437505335847757,hodgkin,females,agg
cohort,1986.5,1.4612434015745703,1.3770544824773454,1.5479857065643436,hodgkin,females,agg
cohort,1987,1.4649047443059473,1.3801864667128476,1.5517050604667542,hodgkin,females,agg
cohort,1987.5,1.466838578612251,1.3816164669498987,1.5545599312115088,hodgkin,females,agg
cohort,1988,1.4673966401244685,1.3824824404262566,1.5536691137874565,hodgkin,females,agg
cohort,1988.5,1.4667787414286275,1.3824792396492933,1.5512986195972558,hodgkin,females,agg
cohort,1989,1.4656252137195838,1.3802005955161074,1.5492681509244481,hodgkin,females,agg
cohort,1989.5,1.4631794849716133,1.3779772138268152,1.5447801822262825,hodgkin,females,agg
cohort,1990,1.4604772859381077,1.3751540776696225,1.5402963449673215,hodgkin,females,agg
cohort,1990.5,1.4564963419883994,1.3718613895492417,1.5359940831876222,hodgkin,females,agg
cohort,1991,1.4520170013067606,1.3692519768619351,1.5315534153964458,hodgkin,females,agg
cohort,1991.5,1.447032746264389,1.3644205654757062,1.526407682661907,hodgkin,females,agg
cohort,1992,1.4410311361736872,1.358187786826806,1.5197055168861007,hodgkin,females,agg
cohort,1992.5,1.4344348379743361,1.353069971975293,1.5138379464118834,hodgkin,females,agg
cohort,1993,1.4283303754843009,1.3477839615735554,1.5089600382031814,hodgkin,females,agg
cohort,1993.5,1.421688849522073,1.3405142854158318,1.5026867502074461,hodgkin,females,agg
cohort,1994,1.414282364056279,1.3335459926192799,1.4979417527901968,hodgkin,females,agg
cohort,1994.5,1.4067551470668742,1.3255702380884367,1.4931211628910364,hodgkin,females,agg
cohort,1995,1.3998636614481765,1.3179070100942407,1.4883116851950906,hodgkin,females,agg
cohort,1995.5,1.3924396454206744,1.309326340693216,1.4839070118696387,hodgkin,females,agg
cohort,1996,1.3859804446411697,1.3019664747912734,1.4794299369892858,hodgkin,females,agg
cohort,1996.5,1.3788425909832058,1.294524626877388,1.4761957531044014,hodgkin,females,agg
cohort,1997,1.3722684633480202,1.2853640365534302,1.472011828670065,hodgkin,females,agg
cohort,1997.5,1.3654009397641529,1.2770840039949647,1.467293304394807,hodgkin,females,agg
cohort,1998,1.358392177192093,1.2686337354338326,1.461219709478008,hodgkin,females,agg
cohort,1998.5,1.3518436498821589,1.2597239164958816,1.4569640111582745,hodgkin,females,agg
cohort,1999,1.3449031549932746,1.2500890824187991,1.4503759381649646,hodgkin,females,agg
cohort,1999.5,1.3383303433821494,1.241987536079982,1.447954839541874,hodgkin,females,agg
cohort,2000,1.3310324477769846,1.2327126482237272,1.4462774010598676,hodgkin,females,agg
cohort,2000.5,1.324317948940367,1.2245251194517746,1.444625879320863,hodgkin,females,agg
cohort,2001,1.3171318036811803,1.2158558595218736,1.4418574797387032,hodgkin,females,agg
cohort,2001.5,1.3101373165296986,1.2072365388158735,1.4372484491480204,hodgkin,females,agg
cohort,2002,1.3029467689887158,1.1979789734392379,1.4326631992584942,hodgkin,females,agg
cohort,2003,1.2900308905367064,1.1775652832029249,1.4279901273338957,hodgkin,females,agg
cohort,2004,1.2777120680949856,1.162482549870812,1.421522853821322,hodgkin,females,agg
cohort,2005,1.2647443808402141,1.1457642888637745,1.4179353810288315,hodgkin,females,agg
cohort,2006,1.2505029477139993,1.1292369974209384,1.4118906869088574,hodgkin,females,agg
cohort,2007,1.238292457612694,1.1112825673914277,1.405024781389309,hodgkin,females,agg
cohort,2008,1.2264552242151239,1.093528662839649,1.4013914758579826,hodgkin,females,agg
cohort,2009,1.215077445309742,1.0769400179102162,1.3971564149979494,hodgkin,females,agg
cohort,2010,1.2030483512961174,1.0605669667278668,1.3918336625041419,hodgkin,females,agg
cohort,2011,1.1922338778978667,1.044486578355345,1.387546898297473,hodgkin,females,agg
cohort,2012,1.1799469337955633,1.0286538260769842,1.3809684241547537,hodgkin,females,agg
cohort,2013,1.1684110585865077,1.0128459644956993,1.3753353865812263,hodgkin,females,agg
cohort,2014,1.1571632766646094,0.9965785338401719,1.3719219919518082,hodgkin,females,agg
age,7,0.3971254552735167,0.2880170540326186,0.5286891397838374,dlbcl,males,subtype
age,19.5,0.9364019868868949,0.7341267751027319,1.163899137665243,dlbcl,males,subtype
age,29.5,1.859889753726194,1.5533123112149376,2.1989923011864616,dlbcl,males,subtype
age,39.5,3.697057290450623,3.2776084189710577,4.13827937013699,dlbcl,males,subtype
age,49.5,7.3563968840947975,6.845813364619014,7.8190103686019565,dlbcl,males,subtype
age,59.5,15.007739745608976,14.497640671592805,15.536416138957714,dlbcl,males,subtype
age,69.5,31.663892798520664,30.424481755487093,32.93519526934809,dlbcl,males,subtype
age,79.5,50.65359313889122,48.266316455029326,53.46461224120071,dlbcl,males,subtype
age,90,76.700052842839,70.78838433244755,83.25314300061191,dlbcl,males,subtype
period,2003,1.0041024585518645,0.9675088960044069,1.0450423783260412,dlbcl,males,subtype
period,2004,1.0011560993018962,0.9767456055674409,1.0273842831069402,dlbcl,males,subtype
period,2005,0.9985198225158101,0.9842264354428659,1.0123997421703819,dlbcl,males,subtype
period,2006,0.9958202881006598,0.9843850645087627,1.0080226231242755,dlbcl,males,subtype
period,2007,0.9944992983544498,0.9734974538426907,1.0129711279510787,dlbcl,males,subtype
period,2008,0.9947385573295198,0.9672091004713712,1.0189533063969032,dlbcl,males,subtype
period,2009,0.9961224121071578,0.968020335166903,1.0217127493292153,dlbcl,males,subtype
period,2010,1.0003526491294426,0.9755443325383929,1.0230835857522098,dlbcl,males,subtype
period,2011,1.0055379716606399,0.9814148937629092,1.030162938760346,dlbcl,males,subtype
period,2012,1.0105542033859019,0.9821516532590123,1.0391812164705694,dlbcl,males,subtype
period,2013,1.0115935517307633,0.9823352930035906,1.0417240961687377,dlbcl,males,subtype
period,2014,1.0075112457155968,0.9827145449795619,1.0329715637139751,dlbcl,males,subtype
period,2015,1.0016407499794902,0.980639082128499,1.023104632913336,dlbcl,males,subtype
period,2016,0.9957114731716316,0.9717869591817314,1.0189873416994006,dlbcl,males,subtype
period,2017,0.9913758923343511,0.965288938072151,1.0191019762221472,dlbcl,males,subtype
period,2018,0.991342505088279,0.9706634902654978,1.0139235972675085,dlbcl,males,subtype
period,2019,0.9953584539253924,0.9814136629395703,1.0098960165044737,dlbcl,males,subtype
period,2020,1.0009614013468284,0.979267672264124,1.0212261973404966,dlbcl,males,subtype
period,2021,1.006898699613918,0.9665754567544544,1.0442779033827714,dlbcl,males,subtype
cohort,1913,0.5895400679070072,0.5226615135304788,0.6677112932220044,dlbcl,males,subtype
cohort,1914,0.603867215346837,0.5378351358765631,0.6810474457286647,dlbcl,males,subtype
cohort,1915,0.6182665905947002,0.5536136632769748,0.693721332061734,dlbcl,males,subtype
cohort,1916,0.6332296056260954,0.5698758165337249,0.7055508087328628,dlbcl,males,subtype
cohort,1917,0.6482624801020311,0.5860156990371228,0.7175753603259132,dlbcl,males,subtype
cohort,1918,0.6639516652327853,0.6030172140933855,0.73125081829656835,dlbcl,males,subtype
cohort,1919,0.6796091160181295,0.6204939193206946,0.7452023815238247,dlbcl,males,subtype
cohort,1920,0.69545053098152,0.6372767460262603,0.7597046699871004,dlbcl,males,subtype
cohort,1921,0.7119684004464129,0.6546476513234422,0.7745712075857347,dlbcl,males,subtype
cohort,1922,0.7287675526576198,0.6722210101123561,0.7903273811656832,dlbcl,males,subtype
cohort,1923,0.7460422659940363,0.68948317519799,0.8058434288573746,dlbcl,males,subtype
cohort,1923.5,0.7551945268897295,0.6985805919189532,0.8138205457008064,dlbcl,males,subtype
cohort,1924,0.7644933018325257,0.7081307934985266,0.8213640884979252,dlbcl,males,subtype
cohort,1924.5,0.7738560368596639,0.71707459226592285,0.8292048343312105,dlbcl,males,subtype
cohort,1925,0.7833723664993102,0.7258896639351458,0.8361859979387171,dlbcl,males,subtype
cohort,1925.5,0.7923384602569934,0.735453579580746,0.8449010940241347,dlbcl,males,subtype
cohort,1926,0.8017943095846081,0.7458095933379132,0.8537777438318288,dlbcl,males,subtype
cohort,1926.5,0.8114052188547164,0.7562802089535176,0.8623816380140942,dlbcl,males,subtype
cohort,1927,0.8209023063980017,0.7664495061974429,0.8712331204191652,dlbcl,males,subtype
cohort,1927.5,0.8305754449517873,0.7764490336153524,0.8805610294579731,dlbcl,males,subtype
cohort,1928,0.8403495313588836,0.7877433374054899,0.8897610394799413,dlbcl,males,subtype
cohort,1928.5,0.8500723791196448,0.7978751407657451,0.8994591295298531,dlbcl,males,subtype
cohort,1929,0.8601371285197058,0.8072796534682298,0.9091901186120566,dlbcl,males,subtype
cohort,1929.5,0.8700740145392938,0.8164834415127353,0.9181208310416655,dlbcl,males,subtype
cohort,1930,0.8801965621591077,0.8265299040540688,0.9279199767309414,dlbcl,males,subtype
cohort,1930.5,0.889631086171141,0.8374415725013181,0.9367996993846669,dlbcl,males,subtype
cohort,1931,0.8990817663660103,0.8475505938491475,0.9462868760394916,dlbcl,males,subtype
cohort,1931.5,0.9082568471280428,0.8557393136509172,0.9556295994548255,dlbcl,males,subtype
cohort,1932.5,0.9256049521446224,0.8716341439166082,0.9735478942904502,dlbcl,males,subtype
cohort,1933.5,0.9411070427687518,0.8873754207270074,0.9896059169367202,dlbcl,males,subtype
cohort,1934.5,0.9550778841363454,0.9028316986583856,1.0035916930074833,dlbcl,males,subtype
cohort,1935.5,0.9667411465894524,0.9150696573484575,1.015561642809666,dlbcl,males,subtype
cohort,1936.5,0.9744948289178041,0.924990135219105,1.0228557326709642,dlbcl,males,subtype
cohort,1937.5,0.9792941078830246,0.9315407484115775,1.0264058190628207,dlbcl,males,subtype
cohort,1938.5,0.980583778710537,0.93509374710149,1.0245312924055148,dlbcl,males,subtype
cohort,1939.5,0.9784023843716321,0.9344882847782304,1.0210271604493073,dlbcl,males,subtype
cohort,1940.5,0.9743253790939204,0.9314337062590551,1.0168353991921015,dlbcl,males,subtype
cohort,1941.5,0.9685465156701796,0.9271722191305124,1.013082209000192,dlbcl,males,subtype
cohort,1942.5,0.9633486258073034,0.9222380549221932,1.0094684821608713,dlbcl,males,subtype
cohort,1943.5,0.9582624277857578,0.9180779568659287,1.005134231719843,dlbcl,males,subtype
cohort,1944.5,0.9561743167609676,0.9167281391845906,1.0017642304664895,dlbcl,males,subtype
cohort,1945.5,0.9563904370787233,0.9182374926439262,0.9983593056957313,dlbcl,males,subtype
cohort,1946.5,0.959792144467699,0.9253643976098522,1.0012756300244396,dlbcl,males,subtype
cohort,1947.5,0.9661841128098376,0.933786471280523,1.003199461065711,dlbcl,males,subtype
cohort,1948.5,0.9747613104518572,0.9463005471421079,1.0064563708682692,dlbcl,males,subtype
cohort,1949.5,0.9835521590110559,0.9580393207687493,1.0114473797611143,dlbcl,males,subtype
cohort,1950.5,0.9928828968505519,0.9697755974559058,1.016157968027549,dlbcl,males,subtype
cohort,1951.5,1.0012846941051952,0.9815804894517859,1.0225303233880725,dlbcl,males,subtype
cohort,1952.5,1.0082025491612043,0.9879893113039973,1.0314185739132806,dlbcl,males,subtype
cohort,1953.5,1.0118999698358908,0.9889382192071398,1.039397951894727,dlbcl,males,subtype
cohort,1954.5,1.013369474431636,0.9873598110963326,1.0450807537454774,dlbcl,males,subtype
cohort,1955.5,1.0124832830346318,0.9842131117498635,1.0480858150199843,dlbcl,males,subtype
cohort,1956.5,1.0097919917832245,0.9774855016927791,1.0482324318385479,dlbcl,males,subtype
cohort,1957.5,1.00484813105308,0.9689273723755301,1.0472542688333337,dlbcl,males,subtype
cohort,1958.5,0.9979528504609219,0.95832462238979,1.0446112520065374,dlbcl,males,subtype
cohort,1959.5,0.9894408149504719,0.9469811868280589,1.0393328826390191,dlbcl,males,subtype
cohort,1960.5,0.9794132482224505,0.9340351548366913,1.0336099457381822,dlbcl,males,subtype
cohort,1961.5,0.9685657610582489,0.9209086049780972,1.0249077647998521,dlbcl,males,subtype
cohort,1962.5,0.9570000452104794,0.9054750494399693,1.0161590848765143,dlbcl,males,subtype
cohort,1963.5,0.9443089136611353,0.88914087141331,1.0066486132519072,dlbcl,males,subtype
cohort,1964.5,0.9313661538898377,0.8723550935464172,0.9965782033770587,dlbcl,males,subtype
cohort,1965.5,0.9179426441843647,0.85583447384269,0.9872842490626499,dlbcl,males,subtype
cohort,1966.5,0.9045840046092026,0.839092202886122,0.9788671780242202,dlbcl,males,subtype
cohort,1967.5,0.8906369901609942,0.822301368943087,0.9690938404699653,dlbcl,males,subtype
cohort,1968.5,0.8769924195245242,0.8053697633260736,0.961930250471641,dlbcl,males,subtype
cohort,1969.5,0.8639276339623936,0.7893101997260359,0.9540675779397524,dlbcl,males,subtype
cohort,1970.5,0.8510210018415153,0.7745570489836203,0.9445756163032056,dlbcl,males,subtype
cohort,1971.5,0.8386751040125524,0.7587738231459847,0.9356163306915082,dlbcl,males,subtype
cohort,1972.5,0.8259812897149574,0.742895563689792,0.9270874963933237,dlbcl,males,subtype
cohort,1973.5,0.813522066779439,0.7274688844709019,0.9185740192898452,dlbcl,males,subtype
cohort,1974.5,0.80088248708032,0.7134957373693052,0.9102516755960453,dlbcl,males,subtype
cohort,1975.5,0.7887273167079702,0.6991321353910985,0.9022773007716257,dlbcl,males,subtype
cohort,1976.5,0.7770120514908473,0.6846735296833005,0.8933613956983009,dlbcl,males,subtype
cohort,1977.5,0.7653657453723725,0.6705434255572195,0.8853943304072238,dlbcl,males,subtype
cohort,1978.5,0.754002395153855,0.6569282798364278,0.8776316958869353,dlbcl,males,subtype
cohort,1979.5,0.7427124718323306,0.6446192035166513,0.869893186931688,dlbcl,males,subtype
cohort,1980.5,0.7314910574970144,0.6320388117865882,0.8622151814343725,dlbcl,males,subtype
cohort,1981.5,0.7202491726488727,0.6192645677045308,0.8546189268944648,dlbcl,males,subtype
cohort,1982.5,0.7089094954931092,0.6065896815472703,0.8469316133616424,dlbcl,males,subtype
cohort,1983.5,0.6985600664440342,0.5941267641702774,0.83951346515175,dlbcl,males,subtype
cohort,1984.5,0.6881605733709201,0.5821122206877718,0.8323264480343762,dlbcl,males,subtype
cohort,1985.5,0.6781593789162774,0.5706663326122401,0.8252068984801553,dlbcl,males,subtype
cohort,1986.5,0.6682438589731347,0.559168827979135,0.8181438824882653,dlbcl,males,subtype
cohort,1987.5,0.6577301005052335,0.5477045752265616,0.811140683694958,dlbcl,males,subtype
cohort,1988.5,0.6477466890274857,0.5361057366737028,0.8041214819365688,dlbcl,males,subtype
cohort,1989.5,0.6382589826994403,0.5247525352704101,0.7972992718261963,dlbcl,males,subtype
cohort,1990.5,0.6285709756499317,0.5140229325486055,0.7905426831170501,dlbcl,males,subtype
cohort,1991.5,0.619325777676442,0.5039436921734993,0.7838482428319901,dlbcl,males,subtype
cohort,1992.5,0.6102821703562769,0.4940621014520747,0.7772068883496321,dlbcl,males,subtype
cohort,1993.5,0.6009981233004444,0.48437428434414076,0.7706069701569925,dlbcl,males,subtype
cohort,1994.5,0.5917972980838553,0.474360526439,0.7637762458135569,dlbcl,males,subtype
cohort,1995.5,0.5825980533567892,0.46420069909990086,0.7572199566436048,dlbcl,males,subtype
cohort,1996,0.5782235457067928,0.4592026839482546,0.7539723886310102,dlbcl,males,subtype
cohort,1996.5,0.5737139578837029,0.45425848462535556,0.750738748832389,dlbcl,males,subtype
cohort,1997,0.5694141611440553,0.44936752164605437,0.7475189775120948,dlbcl,males,subtype
cohort,1997.5,0.5652302681219596,0.444721338069786,0.7443130151906773,dlbcl,males,subtype
cohort,1998,0.5610996915694169,0.44019640582806896,0.7411208026437842,dlbcl,males,subtype
cohort,1998.5,0.556850916291936,0.4354992868095665,0.7379422809010654,dlbcl,males,subtype
cohort,1999,0.5525241327494947,0.43097898911222804,0.734771759826537,dlbcl,males,subtype
cohort,1999.5,0.5483983272763415,0.42653478525362704,0.7316129908864553,dlbcl,males,subtype
cohort,2000,0.5442620803349634,0.42209907976293626,0.7282914608098757,dlbcl,males,subtype
cohort,2000.5,0.5400646425902339,0.41761695162308354,0.7249074881497536,dlbcl,males,subtype
cohort,2001,0.5360077059751946,0.41318241773482334,0.7215392413379944,dlbcl,males,subtype
cohort,2001.5,0.5319592720385666,0.40879497270994253,0.7181866472839178,dlbcl,males,subtype
cohort,2002,0.5279744130671076,0.4044541165267906,0.7148496332366003,dlbcl,males,subtype
cohort,2003,0.5201834119960009,0.3959101970905641,0.7082220558478518,dlbcl,males,subtype
cohort,2004,0.5125044059403203,0.387546764433773,0.7016559338996218,dlbcl,males,subtype
cohort,2005,0.5048553512522793,0.3793600058442964,0.6951506974555347,dlbcl,males,subtype
cohort,2006,0.4973204918833943,0.37134618915212486,0.6891758491222825,dlbcl,males,subtype
cohort,2007,0.48989812246180453,0.3635016610279357,0.683369524984204,dlbcl,males,subtype
cohort,2008,0.48258656309098735,0.3558228453176123,0.6776121196046233,dlbcl,males,subtype
cohort,2009,0.4754559376636034,0.34830624141194483,0.6719032208361579,dlbcl,males,subtype
cohort,2010,0.4684030458155102,0.3409496013026623,0.6662424200038488,dlbcl,males,subtype
cohort,2011,0.4613941407904583,0.3337509359983757,0.6606293118759046,dlbcl,males,subtype
cohort,2012,0.45440483059028225,0.326704261090138,0.6550634946346917,dlbcl,males,subtype
cohort,2013,0.4476695743661516,0.3197959803789423,0.6495445698479693,dlbcl,males,subtype
cohort,2014,0.4409968309900033,0.3130205608255841,0.6440721424403659,dlbcl,males,subtype
age,7,0.1333739165642745,0.09648643637334263,0.1880136097721425,dlbcl,females,subtype
age,19.5,0.38417711062955373,0.2991117651022748,0.49943875432458296,dlbcl,females,subtype
age,29.5,0.8960435696861256,0.7355345847925068,1.1029516395085412,dlbcl,females,subtype
age,39.5,2.086640590797148,1.8049280795865859,2.421533007909224,dlbcl,females,subtype
age,49.5,4.861807062796467,4.450768200185245,5.321386756462607,dlbcl,females,subtype
age,59.5,11.000206612131173,10.516880354882261,11.491449458310997,dlbcl,females,subtype
age,69.5,20.613613656574433,20.08880922192631,21.170126245704175,dlbcl,females,subtype
age,79.5,29.236596593164805,27.99268280593608,30.43441884257857,dlbcl,females,subtype
age,90,39.52005566079134,36.29407330210032,42.88400986183103,dlbcl,females,subtype
period,2003,0.9921525555365748,0.9464420412246355,1.035307624865835,dlbcl,females,subtype
period,2004,0.9959798941405813,0.965797346380498,1.0252082539434966,dlbcl,females,subtype
period,2005,0.9998025280147584,0.9834227838699552,1.0157741652906105,dlbcl,females,subtype
period,2006,1.0034634144136518,0.9889663680034247,1.018269339727959,dlbcl,females,subtype
period,2007,1.0071795000752937,0.9854368123926088,1.03116666797799,dlbcl,females,subtype
period,2008,1.0107920365905991,0.9812591985680659,1.0435473073266865,dlbcl,females,subtype
period,2009,1.0125796032739003,0.9836849600490596,1.0469650643722015,dlbcl,females,subtype
period,2010,1.0137029827492796,0.9878483284987379,1.0425610598504154,dlbcl,females,subtype
period,2011,1.0125885688596894,0.9853603056592654,1.038585520203051,dlbcl,females,subtype
period,2012,1.0082804483700754,0.977521071270841,1.0401382977861136,dlbcl,females,subtype
period,2013,1.0011097109007303,0.9663529915643482,1.0353453875138872,dlbcl,females,subtype
period,2014,0.9900364045459432,0.9603546976561339,1.0200217114205254,dlbcl,females,subtype
period,2015,0.9776983942080366,0.9553635266445933,1.0011524406305472,dlbcl,females,subtype
period,2016,0.969798249833352,0.9446488064880252,0.9964575879014079,dlbcl,females,subtype
period,2017,0.9700092181214777,0.9388092085636516,0.9996450554925986,dlbcl,females,subtype
period,2018,0.979746297980234,0.9547768257402982,1.0048200998724386,dlbcl,females,subtype
period,2019,0.9975567835629169,0.9823007676426703,1.0130935622953814,dlbcl,females,subtype
period,2020,1.0198803996581929,0.995093750414308,1.044115305700163,dlbcl,females,subtype
period,2021,1.0428557827860363,0.9996617551069671,1.0881863312917672,dlbcl,females,subtype
cohort,1913,0.7531366692059018,0.6575941408898678,0.8560626172240997,dlbcl,females,subtype
cohort,1914,0.7701666523915964,0.6774137569344377,0.8710063817250361,dlbcl,females,subtype
cohort,1915,0.7877861132626001,0.6978307312786625,0.8851869622328895,dlbcl,females,subtype
cohort,1916,0.8057235385869733,0.7182066082240811,0.9002096215180494,dlbcl,females,subtype
cohort,1917,0.824507520863027,0.7387875438813507,0.9161708424814463,dlbcl,females,subtype
cohort,1918,0.8436009693510562,0.7600910521586285,0.9312480609945435,dlbcl,females,subtype
cohort,1919,0.8636888008448911,0.7828111387993613,0.9471718792828023,dlbcl,females,subtype
cohort,1920,0.8832136825000485,0.806097457860658,0.9645124955568404,dlbcl,females,subtype
cohort,1921,0.9035941505565374,0.8298474908719218,0.9811294250825239,dlbcl,females,subtype
cohort,1922,0.9247548164672355,0.8525646624898576,1.0008274374882953,dlbcl,females,subtype
cohort,1923,0.9460459528394523,0.8757837942604937,1.0193368357078614,dlbcl,females,subtype
cohort,1923.5,0.9572222513767628,0.8880464564132796,1.0275539726694864,dlbcl,females,subtype
cohort,1924,0.9680425902681324,0.9002085368737883,1.037824043402387,dlbcl,females,subtype
cohort,1924.5,0.9792012535423615,0.9127891765668746,1.0461325777263617,dlbcl,females,subtype
cohort,1925,0.9904769931417396,0.9252558019685955,1.0562478139113394,dlbcl,females,subtype
cohort,1925.5,1.0017134860583568,0.937861865245498,1.066401019511923,dlbcl,females,subtype
cohort,1926,1.0133104193798452,0.9506140608890746,1.0782508578848233,dlbcl,females,subtype
cohort,1926.5,1.024514901887407,0.9635994982086902,1.086944398939815,dlbcl,females,subtype
cohort,1927,1.0354832932736744,0.9762051455354549,1.095979718773817,dlbcl,females,subtype
cohort,1927.5,1.0466946928247347,0.9878697371565699,1.1059923878549667,dlbcl,females,subtype
cohort,1928,1.0573013927506496,0.9994086672681508,1.1164120958344228,dlbcl,females,subtype
cohort,1928.5,1.068218914224509,1.010054019634997,1.1269467132731017,dlbcl,females,subtype
cohort,1929,1.0789920941888673,1.0202540491048342,1.1364338489704666,dlbcl,females,subtype
cohort,1929.5,1.0890581224965818,1.0299959849398714,1.1467272931175603,dlbcl,females,subtype
cohort,1930,1.0985208323053555,1.0399240289650917,1.1560755097794015,dlbcl,females,subtype
cohort,1930.5,1.107700858630304,1.0491922033765793,1.164708669368395,dlbcl,females,subtype
cohort,1931,1.1164682244408428,1.0573936030969595,1.1721905934260155,dlbcl,females,subtype
cohort,1931.5,1.123996329162933,1.0656774781401075,1.179665562723852,dlbcl,females,subtype
cohort,1932.5,1.1361952202790453,1.0784991830074107,1.1901449409355156,dlbcl,females,subtype
cohort,1933.5,1.143844150010363,1.0879464690748912,1.1970477392463532,dlbcl,females,subtype
cohort,1934.5,1.146124310201943,1.0933093663370708,1.1967659860571207,dlbcl,females,subtype
cohort,1935.5,1.1437269065438445,1.0965290625957065,1.19195709813859,dlbcl,females,subtype
cohort,1936.5,1.1366225095790832,1.0937678580389576,1.1809032478747963,dlbcl,females,subtype
cohort,1937.5,1.1248937219011936,1.0858175340769372,1.1698241552180493,dlbcl,females,subtype
cohort,1938.5,1.1112626086396729,1.0740009561217978,1.1537047528280002,dlbcl,females,subtype
cohort,1939.5,1.0958762121446575,1.0578144024994836,1.1386928553795757,dlbcl,females,subtype
cohort,1940.5,1.079984091338436,1.039838019444394,1.1236760919242244,dlbcl,females,subtype
cohort,1941.5,1.0643599511687314,1.021168374637981,1.1082566724362863,dlbcl,females,subtype
cohort,1942.5,1.0488367543162433,1.004721320891796,1.0922476810810564,dlbcl,females,subtype
cohort,1943.5,1.0343241320303198,0.9911265955522982,1.0774209125838934,dlbcl,females,subtype
cohort,1944.5,1.022181948454424,0.9814150860735628,1.0615547217944021,dlbcl,females,subtype
cohort,1945.5,1.011385927854624,0.9758984152144596,1.047735895497914,dlbcl,females,subtype
cohort,1946.5,1.0017164254109914,0.9699546743371846,1.0357800312715135,dlbcl,females,subtype
cohort,1947.5,0.9935684170162511,0.9658394101367336,1.0223355284282867,dlbcl,females,subtype
cohort,1948.5,0.9862333688003282,0.9618064204371427,1.0123096548634867,dlbcl,females,subtype
cohort,1949.5,0.9798140597332963,0.9569915048768559,1.0054425201813242,dlbcl,females,subtype
cohort,1950.5,0.9736500994670494,0.9506328924067037,1.0001847112961482,dlbcl,females,subtype
cohort,1951.5,0.9683395919037796,0.9428582462678181,0.9965242953530619,dlbcl,females,subtype
cohort,1952.5,0.9633742728755101,0.9355836685748448,0.9941936542573543,dlbcl,females,subtype
cohort,1953.5,0.9589258627390269,0.9280199312560888,0.9944459574388042,dlbcl,females,subtype
cohort,1954.5,0.9548799844887714,0.9197538684775082,0.99510349068677,dlbcl,females,subtype
cohort,1955.5,0.9513686542445414,0.9117641016737931,0.9944964732550222,dlbcl,females,subtype
cohort,1956.5,0.9479262375752439,0.9050793600981606,0.9948889457257145,dlbcl,females,subtype
cohort,1957.5,0.9447662029351518,0.8978466899950338,0.9950428211936388,dlbcl,females,subtype
cohort,1958.5,0.9417983698449,0.8907871486104753,0.9960876074722296,dlbcl,females,subtype
cohort,1959.5,0.9395941474271192,0.8840827996935603,0.9978714684731007,dlbcl,females,subtype
cohort,1960.5,0.9374050906466742,0.8775575696480988,1.0015283428102566,dlbcl,females,subtype
cohort,1961.5,0.9348389052439,0.8714899792770028,1.005195118377465,dlbcl,females,subtype
cohort,1962.5,0.9330018634500998,0.8647235011394606,1.0079486361016763,dlbcl,females,subtype
cohort,1963.5,0.9311233776067057,0.8590804416102653,1.0125410282959786,dlbcl,females,subtype
cohort,1964.5,0.9290493608934705,0.8535687048288637,1.0160809932609025,dlbcl,females,subtype
cohort,1965.5,0.9272870058891703,0.8455324106993172,1.0189987894350439,dlbcl,females,subtype
cohort,1966.5,0.9252560672741745,0.8396735972805618,1.0217896966629634,dlbcl,females,subtype
cohort,1967.5,0.9239487984444064,0.833250396869259,1.0247356487118948,dlbcl,females,subtype
cohort,1968.5,0.9225152047148171,0.8256815211923393,1.0282877836033615,dlbcl,females,subtype
cohort,1969.5,0.9208259461615274,0.8204895611069855,1.0329446145977546,dlbcl,females,subtype
cohort,1970.5,0.9192449405497195,0.8136370677063034,1.0379268713679182,dlbcl,females,subtype
cohort,1971.5,0.9174550370964241,0.8076056803840398,1.0427472169763488,dlbcl,females,subtype
cohort,1972.5,0.9158203241889477,0.8016399593730579,1.0463568032652577,dlbcl,females,subtype
cohort,1973.5,0.9149584710213132,0.7944553658832252,1.0511211236707043,dlbcl,females,subtype
cohort,1974.5,0.9133782022055428,0.7874207509096962,1.055338615161037,dlbcl,females,subtype
cohort,1975.5,0.9114895199614521,0.781765565591961,1.0593066987769055,dlbcl,females,subtype
cohort,1976.5,0.9092040294239649,0.7751173903193562,1.0632572247167364,dlbcl,females,subtype
cohort,1977.5,0.9072613265056517,0.7688699122005294,1.0672223916725088,dlbcl,females,subtype
cohort,1978.5,0.9053302966635624,0.763075222784914,1.0712023458051865,dlbcl,females,subtype
cohort,1979.5,0.9037547951848492,0.7573242100127717,1.0751971422602247,dlbcl,females,subtype
cohort,1980.5,0.9014586036742144,0.7518509413789501,1.0792068363887293,dlbcl,females,subtype
cohort,1981.5,0.8998733655150686,0.7463796192211588,1.0832314837482275,dlbcl,females,subtype
cohort,1982.5,0.8982151699149035,0.7402893482398878,1.0872711401034365,dlbcl,females,subtype
cohort,1983.5,0.8968362522783144,0.7346734423077482,1.0913258614270347,dlbcl,females,subtype
cohort,1984.5,0.8949440759600098,0.728653442104106,1.0953957039004392,dlbcl,females,subtype
cohort,1985.5,0.8931714799759464,0.7226059566930889,1.0995727813064506,dlbcl,females,subtype
cohort,1986.5,0.8912216601322184,0.7173932955258506,1.1041920096408757,dlbcl,females,subtype
cohort,1987.5,0.88925249722363775,0.7119847035736193,1.1088306485798134,dlbcl,females,subtype
cohort,1988.5,0.8877166784584727,0.7058641691242857,1.1134887797100836,dlbcl,females,subtype
cohort,1989.5,0.8858337511409177,0.6998123396730257,1.118166484961514,dlbcl,females,subtype
cohort,1990.5,0.8840551098910684,0.6943331652547727,1.1228638466083785,dlbcl,females,subtype
cohort,1991.5,0.8823539375144259,0.6883916680539508,1.1272955745784605,dlbcl,females,subtype
cohort,1992.5,0.8804324823862675,0.6825010130401621,1.1315445602875471,dlbcl,females,subtype
cohort,1993.5,0.8784133026631593,0.6766607651496623,1.1358095668878971,dlbcl,females,subtype
cohort,1994.5,0.8761369222202584,0.670870493041612,1.1400906548104663,dlbcl,females,subtype
cohort,1995.5,0.8743563427091785,0.6651326304663634,1.1461578302249074,dlbcl,females,subtype
cohort,1996,0.8734877787086861,0.6622829269927197,1.14912653706443,dlbcl,females,subtype
cohort,1996.5,0.8726114558376223,0.6594454330221523,1.1515644612400484,dlbcl,females,subtype
cohort,1997,0.8718124953678781,0.6566200962424537,1.154007571460121,dlbcl,females,subtype
cohort,1997.5,0.8708882626399481,0.6538084492590042,1.1564558787952381,dlbcl,females,subtype
cohort,1998,0.8699650458083363,0.6513098641322446,1.1589093943397313,dlbcl,females,subtype
cohort,1998.5,0.8690679401302961,0.6490223745944423,1.1613681292117217,dlbcl,females,subtype
cohort,1999,0.8683524806507206,0.6467429290596387,1.1638320945531735,dlbcl,females,subtype
cohort,1999.5,0.867599723780687,0.6444717505996927,1.166301301529943,dlbcl,females,subtype
cohort,2000,0.8667140452843748,0.6422100652134072,1.1687757613318341,dlbcl,females,subtype
cohort,2000.5,0.8657306645024253,0.6399563242631648,1.1712554851726449,dlbcl,females,subtype
cohort,2001,0.8645886707241808,0.6377104998125972,1.1737404842902215,dlbcl,females,subtype
cohort,2001.5,0.8634481872927453,0.6354725640237018,1.1765491139210589,dlbcl,females,subtype
cohort,2002,0.8624746689041598,0.6332334323148266,1.1794197804897435,dlbcl,females,subtype
cohort,2003,0.8609888282629746,0.627685956548519,1.1851821555391169,dlbcl,females,subtype
cohort,2004,0.8595055921016317,0.6221870826250343,1.1909727008208009,dlbcl,females,subtype
cohort,2005,0.857793499211307,0.6167363847160043,1.1967587277567084,dlbcl,females,subtype
cohort,2006,0.8559807245501555,0.6113334407241869,1.202567387983965,dlbcl,females,subtype
cohort,2007,0.8542225198285378,0.6059778322507701,1.2084042493438139,dlbcl,females,subtype
cohort,2008,0.8526546205256333,0.6006691445629662,1.2142694487874992,dlbcl,females,subtype
cohort,2009,0.8507809078907955,0.5954069665618875,1.2201631239314799,dlbcl,females,subtype
cohort,2010,0.8487711095591355,0.5901908907507049,1.2260854130606647,dlbcl,females,subtype
cohort,2011,0.846766203229296,0.585020513203084,1.2320364551316574,dlbcl,females,subtype
cohort,2012,0.8447661766633532,0.5798954335319005,1.2380163897760224,dlbcl,females,subtype
cohort,2013,0.84290030236572,0.5748152548582266,1.2440105434658364,dlbcl,females,subtype
cohort,2014,0.8410571395965639,0.5697795837805897,1.2500259017121442,dlbcl,females,subtype
age,7,0.2022955745249097,0.1481705717286285,0.2798336072237245,follicular,males,subtype
age,19.5,0.547566423594912,0.43500299410653953,0.6958488593149871,follicular,males,subtype
age,29.5,1.2136975434160235,1.0292445521995415,1.444776396384293,follicular,males,subtype
age,39.5,2.6867836271664673,2.4190394401746977,3.002278916826919,follicular,males,subtype
age,49.5,5.951973623727438,5.628199704482061,6.286513121403876,follicular,males,subtype
age,59.5,12.482774967171077,12.036459717193383,12.933627349152603,follicular,males,subtype
age,69.5,19.921811374220482,18.88182273930179,20.93762139179566,follicular,males,subtype
age,79.5,24.237615350645,22.700860849692084,25.93192993835932,follicular,males,subtype
age,90,28.251114321623394,24.793895841093335,32.08164228259051,follicular,males,subtype
period,2003,1.0212281088618151,0.968643446555725,1.07377260964825,follicular,males,subtype
period,2004,1.0210682826809325,0.9866337008722135,1.055322718039487,follicular,males,subtype
period,2005,1.0205050158897264,1.002405690879454,1.0387821098119725,follicular,males,subtype
period,2006,1.019384946658942,1.0025479404257587,1.0364864350542236,follicular,males,subtype
period,2007,1.0166252046832105,0.9903332844816609,1.0440520567663987,follicular,males,subtype
period,2008,1.011697952695782,0.976242085443802,1.0465858520467206,follicular,males,subtype
period,2009,1.0015070896270553,0.9654185943090736,1.0385919710681786,follicular,males,subtype
period,2010,0.9871709936649032,0.9563788311526272,1.0184844675052194,follicular,males,subtype
period,2011,0.970926346803423,0.9425702905367337,1.0003214255369957,follicular,males,subtype
period,2012,0.9587091591337242,0.9254764858114026,0.9940162384727184,follicular,males,subtype
period,2013,0.95448803683313,0.9174739594304729,0.9934435932968658,follicular,males,subtype
period,2014,0.9602882678890213,0.9283460536206787,0.9925026411071916,follicular,males,subtype
period,2015,0.9736263389224546,0.9484164009434553,0.9994426575292369,follicular,males,subtype
period,2016,0.9903077435559775,0.9617821665012047,1.0194877049968387,follicular,males,subtype
period,2017,1.0058145723397096,0.9741245337071183,1.039997107350834,follicular,males,subtype
period,2018,1.0165555932497623,0.9881374892250909,1.045654722268232,follicular,males,subtype
period,2019,1.0229014962668166,1.005023989819115,1.0412721509766072,follicular,males,subtype
period,2020,1.02700753699552,1.002008496122692,1.0520770325657132,follicular,males,subtype
period,2021,1.0307324500106354,0.9846573124998526,1.0745410544227827,follicular,males,subtype
cohort,1913,0.41546347447609633,0.34414200612280443,0.5112612451514204,follicular,males,subtype
cohort,1914,0.42838111032106296,0.3575987462059741,0.5237730414382928,follicular,males,subtype
cohort,1915,0.4418623909923265,0.37158167986208007,0.5363982542759088,follicular,males,subtype
cohort,1916,0.4556934759541529,0.38610825827533934,0.5488360442616085,follicular,males,subtype
cohort,1917,0.4700353043572186,0.40119606153343734,0.5621736663942445,follicular,males,subtype
cohort,1918,0.4851124503049199,0.4168803361961001,0.5747814055352327,follicular,males,subtype
cohort,1919,0.5006176251982468,0.4332176105784017,0.5876676063424752,follicular,males,subtype
cohort,1920,0.5161210267157756,0.4503061152085604,0.6020840552299003,follicular,males,subtype
cohort,1921,0.5327641449937213,0.4680100834182283,0.6168997671354264,follicular,males,subtype
cohort,1922,0.5496184940635662,0.4859788090795994,0.6294646751160404,follicular,males,subtype
cohort,1923,0.5670845894643353,0.5053092530160034,0.6429055802015444,follicular,males,subtype
cohort,1923.5,0.5761868388713232,0.5147458759403934,0.6505330526476283,follicular,males,subtype
cohort,1924,0.5851892906833726,0.52421500683465,0.6582510303708455,follicular,males,subtype
cohort,1924.5,0.5945038251899144,0.5343658855379874,0.6671680634690687,follicular,males,subtype
cohort,1925,0.6037626071921751,0.5442990340330631,0.6753339527622887,follicular,males,subtype
cohort,1925.5,0.6133640080793139,0.5551907003912123,0.6824391917031185,follicular,males,subtype
cohort,1926,0.6227887006279951,0.5664715716145442,0.6905332247921748,follicular,males,subtype
cohort,1926.5,0.632659847743618,0.5759663793886546,0.698122728022386,follicular,males,subtype
cohort,1927,0.6424761275694358,0.5871098527013375,0.7063766940985395,follicular,males,subtype
cohort,1927.5,0.6522140252241118,0.597657353876098,0.7148911792969612,follicular,males,subtype
cohort,1928,0.6624236458539605,0.6084533988412476,0.7234065406270364,follicular,males,subtype
cohort,1928.5,0.6723855737935296,0.620151056653498,0.7315300147754772,follicular,males,subtype
cohort,1929,0.6826437383160677,0.6314499154714954,0.7397937404054341,follicular,males,subtype
cohort,1929.5,0.693296631490818,0.6434552063740545,0.7490214111869348,follicular,males,subtype
cohort,1930,0.7038934585985169,0.6547972410289618,0.7584563677756215,follicular,males,subtype
cohort,1930.5,0.7148602262300573,0.6664956994484555,0.7684129453327643,follicular,males,subtype
cohort,1931,0.7256749228773467,0.6785254887180712,0.7784751632945305,follicular,males,subtype
cohort,1931.5,0.7374452657415045,0.6900416770381415,0.7883178970280615,follicular,males,subtype
cohort,1932.5,0.7602247653166507,0.7143631426861611,0.8101142291976426,follicular,males,subtype
cohort,1933.5,0.7836343809459017,0.7384774201031975,0.8320936570749815,follicular,males,subtype
cohort,1934.5,0.807601893524426,0.7621759633592825,0.8561053131201348,follicular,males,subtype
cohort,1935.5,0.8322112469266243,0.7867265059855596,0.880688773171451,follicular,males,subtype
cohort,1936.5,0.8557278421863286,0.8091018108561996,0.9048273592590673,follicular,males,subtype
cohort,1937.5,0.8778844418704372,0.8310707421290254,0.9280571596046778,follicular,males,subtype
cohort,1938.5,0.8985628863772614,0.8516649936574372,0.9521416827103955,follicular,males,subtype
cohort,1939.5,0.9175827473604721,0.8705134020805841,0.9727059605982421,follicular,males,subtype
cohort,1940.5,0.9335593905658727,0.8872916349867473,0.9891772137410927,follicular,males,subtype
cohort,1941.5,0.9470687737205674,0.9005237308214135,1.0003357663538255,follicular,males,subtype
cohort,1942.5,0.9568844677669468,0.9104959084474229,1.0081585520042333,follicular,males,subtype
cohort,1943.5,0.9620255265329554,0.915399389377892,1.0097131318823136,follicular,males,subtype
cohort,1944.5,0.9644421492350198,0.9204550786585822,1.0077727629555147,follicular,males,subtype
cohort,1945.5,0.9645154180171964,0.923044555322961,1.0063797355962407,follicular,males,subtype
cohort,1946.5,0.9655081572457509,0.9230025779387961,1.0076260138729858,follicular,males,subtype
cohort,1947.5,0.9679552367572599,0.9256277073689373,1.0095699642584697,follicular,males,subtype
cohort,1948.5,0.9730681574749938,0.9291961911174627,1.0162399597992453,follicular,males,subtype
cohort,1949.5,0.982099471111685,0.937921253903285,1.0258804959163437,follicular,males,subtype
cohort,1950.5,0.9959163514667502,0.9542230490035558,1.0409387551866514,follicular,males,subtype
cohort,1951.5,1.0149407699325854,0.9756908951306357,1.059041238781221,follicular,males,subtype
cohort,1952.5,1.0371288723205532,1.000317069764812,1.0786874965103472,follicular,males,subtype
cohort,1953.5,1.062117249550338,1.026083383211062,1.097502187055412,follicular,males,subtype
cohort,1954.5,1.0869410711976824,1.0527410720261814,1.1190647339454243,follicular,males,subtype
cohort,1955.5,1.1101121457682597,1.076575867693598,1.1426368264824807,follicular,males,subtype
cohort,1956.5,1.1305407468040651,1.0961116330914737,1.163153877134855,follicular,males,subtype
cohort,1957.5,1.1449362479163407,1.108135354078547,1.1813798245623048,follicular,males,subtype
cohort,1958.5,1.1536781671042644,1.1136510255714238,1.1945357472324112,follicular,males,subtype
cohort,1959.5,1.1556374911210954,1.1114619998339095,1.2017915040906337,follicular,males,subtype
cohort,1960.5,1.1514311145811988,1.1045761143278934,1.2003387595361554,follicular,males,subtype
cohort,1961.5,1.1419597794235088,1.0916497399749545,1.193460104395272,follicular,males,subtype
cohort,1962.5,1.1275141746874995,1.074351531541499,1.1830491963328844,follicular,males,subtype
cohort,1963.5,1.109311494663137,1.0521813528060842,1.167756804832967,follicular,males,subtype
cohort,1964.5,1.0885978980850406,1.0265107365585546,1.1504300905350235,follicular,males,subtype
cohort,1965.5,1.0650084868201515,1.0000827442435658,1.1318365997066766,follicular,males,subtype
cohort,1966.5,1.0395419994511004,0.9724226640900581,1.1103445684490856,follicular,males,subtype
cohort,1967.5,1.012632034052813,0.9431502656702716,1.0853326004932144,follicular,males,subtype
cohort,1968.5,0.9855993384554933,0.9142224880369115,1.0623870548100638,follicular,males,subtype
cohort,1969.5,0.9589101361084948,0.88569413007779485,1.0381324692898721,follicular,males,subtype
cohort,1970.5,0.9328910305777691,0.8584048174036272,1.017602768133859,follicular,males,subtype
cohort,1971.5,0.9079565072996534,0.830745428649514,0.9976856254103528,follicular,males,subtype
cohort,1972.5,0.8837968408817811,0.8035426432479457,0.975956322588732,follicular,males,subtype
cohort,1973.5,0.859799093054081,0.7764507042004968,0.9548586735652649,follicular,males,subtype
cohort,1974.5,0.8366970698363887,0.7502521660212561,0.93481897044624,follicular,males,subtype
cohort,1975.5,0.8141896118051126,0.7249507722956258,0.91691851390435,follicular,males,subtype
cohort,1976.5,0.7924311256647905,0.700446864295522,0.8984470296824086,follicular,males,subtype
cohort,1977.5,0.7712541086994376,0.676156359110284,0.880659302026991,follicular,males,subtype
cohort,1978.5,0.7503093790808306,0.6540101794300431,0.8608288542137961,follicular,males,subtype
cohort,1979.5,0.7301691745675177,0.6320217194227662,0.843728045376118,follicular,males,subtype
cohort,1980.5,0.7106157690464887,0.6114014229554985,0.8271902615263306,follicular,males,subtype
cohort,1981.5,0.691436521102638,0.5908997853140524,0.8111736189094441,follicular,males,subtype
cohort,1982.5,0.6728235961883655,0.5703503856634985,0.7950382042921277,follicular,males,subtype
cohort,1983.5,0.6543660176471857,0.5510717716606893,0.7794754584293666,follicular,males,subtype
cohort,1984.5,0.636513701176914,0.5325972635575176,0.7641901976209922,follicular,males,subtype
cohort,1985.5,0.6190858183456324,0.5147421080767554,0.74985820091548006,follicular,males,subtype
cohort,1986.5,0.6020774973493475,0.49748554157994823,0.7356333291811108,follicular,males,subtype
cohort,1987.5,0.5859498826090213,0.4808074965249305,0.7222396340113981,follicular,males,subtype
cohort,1988.5,0.5702084375226966,0.46440454359905015,0.7076548085118405,follicular,males,subtype
cohort,1989.5,0.5550673110815596,0.44818433089158255,0.6930489809212809,follicular,males,subtype
cohort,1990.5,0.540363940865014,0.43248172966097626,0.6787446180288225,follicular,males,subtype
cohort,1991.5,0.5259375224143283,0.41736722606038734,0.6656914918711472,follicular,males,subtype
cohort,1992.5,0.511908806003189,0.4027809735983965,0.6523002315673869,follicular,males,subtype
cohort,1993.5,0.49829426469282156,0.38899469102046874,0.6400858074348456,follicular,males,subtype
cohort,1994.5,0.4849833647222527,0.37602670984488856,0.6281001003381889,follicular,males,subtype
cohort,1995.5,0.4720451007104989,0.3631993103963109,0.61633882751398406,follicular,males,subtype
cohort,1996,0.46570393634958435,0.3566998758848446,0.6105410375601751,follicular,males,subtype
cohort,1996.5,0.45939497816368996,0.35031674936385754,0.6047977863942441,follicular,males,subtype
cohort,1997,0.4532156338578588,0.344047849474821,0.5991085609793638,follicular,males,subtype
cohort,1997.5,0.44709769051151793,0.33789113210588523,0.5934728531047567,follicular,males,subtype
cohort,1998,0.4410552627017529,0.3318498416905783,0.5878901593402946,follicular,males,subtype
cohort,1998.5,0.43507645368755005,0.326272125516923,0.5823557684307576,follicular,males,subtype
cohort,1999,0.42917869178345947,0.3208829510070931,0.5768725573972271,follicular,males,subtype
cohort,1999.5,0.423311023215065,0.31558463974708234,0.5714409758704946,follicular,males,subtype
cohort,2000,0.41749221781947415,0.31037381431687744,0.5660605376918847,follicular,males,subtype
cohort,2000.5,0.4118024504996467,0.305249030116342,0.5606213707155738,follicular,males,subtype
cohort,2001,0.40609349759364155,0.30020886639968797,0.5551453341558196,follicular,males,subtype
cohort,2001.5,0.4005329550606846,0.2952519258815649,0.5497227882965635,follicular,males,subtype
cohort,2002,0.3950942688006083,0.2903768343496532,0.5443532106153776,follicular,males,subtype
cohort,2003,0.3847495516210123,0.28086681448058726,0.5337592572219977,follicular,males,subtype
cohort,2004,0.3745014297002164,0.2716682602327179,0.5233631811119981,follicular,males,subtype
cohort,2005,0.3644851158817042,0.26277097047552,0.5130209786595052,follicular,males,subtype
cohort,2006,0.35455569669765974,0.25416507819368156,0.502667838250046,follicular,males,subtype
cohort,2007,0.3449842982568488,0.2457248012464276,0.49252363868620247,follicular,males,subtype
cohort,2008,0.3358025571613509,0.2375041761221528,0.4835138930542228,follicular,males,subtype
cohort,2009,0.32692823912438596,0.22955856909339445,0.4740514201031721,follicular,males,subtype
cohort,2010,0.31809463992864473,0.2218787795151279,0.4642940632025415,follicular,males,subtype
cohort,2011,0.30948763079001923,0.21445591454746457,0.4547375564614229,follicular,males,subtype
cohort,2012,0.3012081504606209,0.20723627877924655,0.44546124312797736,follicular,males,subtype
cohort,2013,0.2931501699265603,0.20024837679263838,0.4371748137518527,follicular,males,subtype
cohort,2014,0.2853439241704898,0.1934961033121005,0.4290425361943985,follicular,males,subtype
age,7,0.21949848359230778,0.15470181079406117,0.31015552626660353,follicular,females,subtype
age,19.5,0.556252672526177,0.4291687831483432,0.7197936634115412,follicular,females,subtype
age,29.5,1.1731593146045454,0.9714247950666604,1.412409200778758,follicular,females,subtype
age,39.5,2.460375878507305,2.196077985919498,2.7729134416747216,follicular,females,subtype
age,49.5,5.186110244553737,4.8778157944592735,5.521714027872252,follicular,females,subtype
age,59.5,10.285670801945365,9.85724874826817,10.755530816972684,follicular,females,subtype
age,69.5,15.041223748362706,14.267036246971267,15.845337141388539,follicular,females,subtype
age,79.5,15.823708672981702,14.856850239320318,17.077100194445453,follicular,females,subtype
age,90,15.58570810737468,13.778166046066973,17.817457048710015,follicular,females,subtype
period,2003,1.002158462879517,0.9470744425617734,1.0565388204845154,follicular,females,subtype
period,2004,1.0081652028188572,0.974008001629753,1.0421171373874807,follicular,females,subtype
period,2005,1.013796871465464,0.9959909574037228,1.0332528028447279,follicular,females,subtype
period,2006,1.0189918456135139,1.0021330520778307,1.0379003237959246,follicular,females,subtype
period,2007,1.0222111458312666,0.9932808223243782,1.0517744054836264,follicular,females,subtype
period,2008,1.020409742123337,0.983708193958413,1.060553989257787,follicular,females,subtype
period,2009,1.0110579424900357,0.9746937825915233,1.0507693029250447,follicular,females,subtype
period,2010,0.9935934838383284,0.9638471032082885,1.0260109005203053,follicular,females,subtype
period,2011,0.9746290919995929,0.9434408852742456,1.0040988621215696,follicular,females,subtype
period,2012,0.9589690224709064,0.9186880714584146,0.9945846782156598,follicular,females,subtype
period,2013,0.9534203026897647,0.9112194507634785,0.9913875528606997,follicular,females,subtype
period,2014,0.9627230806977893,0.9276269161836267,0.9957686712129408,follicular,females,subtype
period,2015,0.981034179319137,0.9522427120468964,1.0083430123203507,follicular,females,subtype
period,2016,1.0020488641918313,0.9718812866269553,1.0354517533498597,follicular,females,subtype
period,2017,1.0179592845251375,0.9837179500354998,1.0574279281391379,follicular,females,subtype
period,2018,1.02376429928978,0.9946955640849958,1.0553953813986006,follicular,females,subtype
period,2019,1.0210425617008434,1.0032637602734007,1.0419223227458827,follicular,females,subtype
period,2020,1.0141950157502553,0.9861066090807874,1.0415698728611624,follicular,females,subtype
period,2021,1.0059063644850297,0.9542556327183045,1.0578808317583168,follicular,females,subtype
cohort,1913,0.5739515053823195,0.4754835834572533,0.6918351386027616,follicular,females,subtype
cohort,1914,0.5878258514544,0.49037685877583037,0.7024862902961416,follicular,females,subtype
cohort,1915,0.6019552432575356,0.5057374815578356,0.7134461165851405,follicular,females,subtype
cohort,1916,0.6159635867085977,0.5215724731623432,0.7245769325207422,follicular,females,subtype
cohort,1917,0.6309041686492443,0.537889466533399,0.7358814057986133,follicular,females,subtype
cohort,1918,0.6453282357641819,0.5547309773762128,0.7475089160938233,follicular,females,subtype
cohort,1919,0.6602564248867782,0.5715427468686105,0.7603217776375105,follicular,females,subtype
cohort,1920,0.6759187650723192,0.5879872457946355,0.7731869456833916,follicular,females,subtype
cohort,1921,0.6922881323022149,0.6076406390317852,0.785522550613596,follicular,females,subtype
cohort,1922,0.7087564065184382,0.6258589475742238,0.7981049694535002,follicular,females,subtype
cohort,1923,0.7252934946107595,0.6448201539346864,0.8117200994744327,follicular,females,subtype
cohort,1923.5,0.733967402097448,0.6540244589824911,0.8185001773821333,follicular,females,subtype
cohort,1924,0.7424880969582259,0.6650062552415225,0.8254587132114957,follicular,females,subtype
cohort,1924.5,0.7510968039882676,0.6745780495057015,0.832352131628157,follicular,females,subtype
cohort,1925,0.7599381194329713,0.6835887722135316,0.8392713935497422,follicular,females,subtype
cohort,1925.5,0.7689597007680191,0.6933642117593665,0.8458647320378373,follicular,females,subtype
cohort,1926,0.7781128110593648,0.7029518763202948,0.8521922449520197,follicular,females,subtype
cohort,1926.5,0.7871930927816724,0.7124207417375148,0.8594267560391846,follicular,females,subtype
cohort,1927,0.796276840814619,0.7225176115726848,0.8658822193840632,follicular,females,subtype
cohort,1927.5,0.8056964806410432,0.7325079635193424,0.8738149018623241,follicular,females,subtype
cohort,1928,0.8146109129585801,0.7435876692966793,0.8811352711088029,follicular,females,subtype
cohort,1928.5,0.8243114763911727,0.7529212338154544,0.889370019425441,follicular,females,subtype
cohort,1929,0.8344311790734558,0.763720415078513,0.8991511821365079,follicular,females,subtype
cohort,1929.5,0.8445505620680501,0.77445958107466,0.9069410618893554,follicular,females,subtype
cohort,1930,0.8540599550646506,0.7845672216739005,0.9151565070465846,follicular,females,subtype
cohort,1930.5,0.863924438954818,0.7941198687692954,0.9230731255796154,follicular,females,subtype
cohort,1931,0.8738021656976074,0.8041542582961939,0.9327042392024437,follicular,females,subtype
cohort,1931.5,0.8837215961442376,0.8160367717908452,0.942745885375908,follicular,females,subtype
cohort,1932.5,0.9033193356107432,0.8364872017761659,0.9634636711337935,follicular,females,subtype
cohort,1933.5,0.922307271892616,0.858814690032119,0.9830820328759092,follicular,females,subtype
cohort,1934.5,0.9406083438068626,0.8779518306557869,1.0031981018036435,follicular,females,subtype
cohort,1935.5,0.9573301758180099,0.8970004268570122,1.021323020872398,follicular,females,subtype
cohort,1936.5,0.9728598213973303,0.9151222741582615,1.03810427523097,follicular,females,subtype
cohort,1937.5,0.986461942128684,0.9298328074507556,1.0505250866008033,follicular,females,subtype
cohort,1938.5,0.9973403986976995,0.9410156779211657,1.0619534272947082,follicular,females,subtype
cohort,1939.5,1.005675996776434,0.9508441741359829,1.070926418375643,follicular,females,subtype
cohort,1940.5,1.010993742689148,0.9557355013240384,1.0740953958616548,follicular,females,subtype
cohort,1941.5,1.012560130949361,0.9597306291210829,1.07154399630423,follicular,females,subtype
cohort,1942.5,1.010350230984577,0.9595693954616646,1.0654435245704073,follicular,females,subtype
cohort,1943.5,1.0052484714598526,0.9586294986471121,1.0552272774898035,follicular,females,subtype
cohort,1944.5,0.9992471087263172,0.9536703278966236,1.0475072269330283,follicular,females,subtype
cohort,1945.5,0.9939566024860836,0.9477952015670692,1.0427157341056315,follicular,females,subtype
cohort,1946.5,0.9913369793685629,0.9434856784465886,1.0418186617797975,follicular,females,subtype
cohort,1947.5,0.9920413339968509,0.9431095793152624,1.0444805134505284,follicular,females,subtype
cohort,1948.5,0.9984941669810085,0.9485545242339342,1.051639781887472,follicular,females,subtype
cohort,1949.5,1.0102551908077566,0.9631168989290699,1.0630312526714092,follicular,females,subtype
cohort,1950.5,1.027232702166363,0.9845943266828096,1.0763349555166106,follicular,females,subtype
cohort,1951.5,1.047888417669839,1.0084989044795398,1.0939449565053019,follicular,females,subtype
cohort,1952.5,1.0706528241072233,1.0336793587166802,1.1161888821008665,follicular,females,subtype
cohort,1953.5,1.0940441732907447,1.057390300670999,1.1367672635523962,follicular,females,subtype
cohort,1954.5,1.1141453887349426,1.0773577463196806,1.1588044720038597,follicular,females,subtype
cohort,1955.5,1.129978424005023,1.0916495262047345,1.1760290969575764,follicular,females,subtype
cohort,1956.5,1.1393860641114912,1.097789640408351,1.1899980878857292,follicular,females,subtype
cohort,1957.5,1.1404932803542709,1.0928970448987403,1.1971671815734815,follicular,females,subtype
cohort,1958.5,1.1327821671906035,1.081860179135573,1.1917331663269832,follicular,females,subtype
cohort,1959.5,1.1187706341765518,1.0626688248564584,1.179676044251092,follicular,females,subtype
cohort,1960.5,1.0984734376108771,1.0414454245749079,1.160730506682868,follicular,females,subtype
cohort,1961.5,1.0730753175880454,1.0143418338543109,1.1333800016623248,follicular,females,subtype
cohort,1962.5,1.0424146144905357,0.9840820631717708,1.1027254728538765,follicular,females,subtype
cohort,1963.5,1.00980163048272,0.9511602659209089,1.0719383601813364,follicular,females,subtype
cohort,1964.5,0.9764581793687825,0.9160510722360001,1.0391882910501558,follicular,females,subtype
cohort,1965.5,0.942231570758975,0.8779180707492857,1.0060170206568892,follicular,females,subtype
cohort,1966.5,0.9067706379342597,0.8403664886064295,0.9719426299867668,follicular,females,subtype
cohort,1967.5,0.8721760596465216,0.8052732869402386,0.9390637639525469,follicular,females,subtype
cohort,1968.5,0.8391243746322552,0.7692124077574463,0.9061596956806118,follicular,females,subtype
cohort,1969.5,0.8076287042199409,0.7359284683677626,0.8771121854219235,follicular,females,subtype
cohort,1970.5,0.7770009336679713,0.7033830076896981,0.8499492519066868,follicular,females,subtype
cohort,1971.5,0.7473141174433383,0.6720357743790322,0.823132899646441,follicular,females,subtype
cohort,1972.5,0.7190461911091108,0.6425462177271741,0.7965797014629564,follicular,females,subtype
cohort,1973.5,0.6917238932929639,0.6130218910104726,0.7710371071949258,follicular,females,subtype
cohort,1974.5,0.6655728379391631,0.5855957365795333,0.7472207703266229,follicular,females,subtype
cohort,1975.5,0.6397017544849811,0.5591422991599307,0.7240548199448019,follicular,females,subtype
cohort,1976.5,0.6151703309016381,0.533657207046273,0.7019988114539503,follicular,females,subtype
cohort,1977.5,0.5917939327088961,0.5086918403076297,0.6792666090495368,follicular,females,subtype
cohort,1978.5,0.5701618729522533,0.4856849782675608,0.6577192508146414,follicular,females,subtype
cohort,1979.5,0.5485415946888028,0.46317632295352523,0.6378737843112351,follicular,females,subtype
cohort,1980.5,0.5272891291398498,0.44318831921033286,0.617850952971275,follicular,females,subtype
cohort,1981.5,0.5070676258140102,0.42248142980911213,0.5982538413388435,follicular,females,subtype
cohort,1982.5,0.4876662895460676,0.4028894473517386,0.5802769889570858,follicular,females,subtype
cohort,1983.5,0.46909317572616105,0.38480202979218775,0.5622976251618712,follicular,females,subtype
cohort,1984.5,0.45093573005606413,0.367539730078327,0.5447321782776664,follicular,females,subtype
cohort,1985.5,0.4335931039812892,0.3497985417292382,0.5279202094508899,follicular,females,subtype
cohort,1986.5,0.4169474619913958,0.33331170976819213,0.5119452603171639,follicular,females,subtype
cohort,1987.5,0.40097508064647147,0.31834635257937094,0.4964537157308221,follicular,females,subtype
cohort,1988.5,0.3857996655547842,0.3040545352558729,0.48154586886496087,follicular,females,subtype
cohort,1989.5,0.371064327017806,0.2902961658893739,0.46742991647402693,follicular,females,subtype
cohort,1990.5,0.35695641961924274,0.27688956264962145,0.45279265779689803,follicular,females,subtype
cohort,1991.5,0.34322911727408345,0.2641021155477831,0.43891795881854456,follicular,females,subtype
cohort,1992.5,0.3302429388811666,0.2519940186302997,0.4249281387434418,follicular,females,subtype
cohort,1993.5,0.31777808522542017,0.2405722741037393,0.41153966933578895,follicular,females,subtype
cohort,1994.5,0.30576582378409656,0.22967124183085236,0.3984942369980413,follicular,females,subtype
cohort,1995.5,0.29404452391710556,0.21926416726865466,0.38624526686404825,follicular,females,subtype
cohort,1996,0.2884151581683005,0.21420622837404912,0.3802858956639993,follicular,females,subtype
cohort,1996.5,0.2828439549068968,0.20914729587651365,0.37442781736046493,follicular,females,subtype
cohort,1997,0.27738037519517084,0.20422638046464334,0.36874482035914696,follicular,females,subtype
cohort,1997.5,0.27203572140447196,0.19952877469487557,0.36314808048307856,follicular,females,subtype
cohort,1998,0.26688266116841847,0.19493922512299014,0.3576362884870817,follicular,females,subtype
cohort,1998.5,0.261724563423872,0.19045524614802306,0.35220815499862307,follicular,females,subtype
cohort,1999,0.2565925984792802,0.18607440934609007,0.34686241021616593,follicular,females,subtype
cohort,1999.5,0.25156126340989166,0.18179434215509765,0.34159780361210246,follicular,females,subtype
cohort,2000,0.24662858500145834,0.17761272658970967,0.3363292450740301,follicular,females,subtype
cohort,2000.5,0.2418519862598631,0.17352729798587488,0.33108944863318884,follicular,females,subtype
cohort,2001,0.23717213851298347,0.1695358437742376,0.3259312863646733,follicular,females,subtype
cohort,2001.5,0.2325566207512353,0.16563620228176346,0.32092890162149035,follicular,females,subtype
cohort,2002,0.2279465412025884,0.16182626156093297,0.3160210333104795,follicular,females,subtype
cohort,2003,0.21904771730207032,0.15446802563462314,0.30642504792048214,follicular,females,subtype
cohort,2004,0.2106634277579434,0.14743992123791955,0.29711942543273645,follicular,females,subtype
cohort,2005,0.20259561628095013,0.14060849164481665,0.2880964006372107,follicular,females,subtype
cohort,2006,0.19505610819866379,0.1340935871764157,0.279307587457863,follicular,females,subtype
cohort,2007,0.18772005736967018,0.12788054206286079,0.2707144066758975,follicular,females,subtype
cohort,2008,0.1806547531537332,0.12195537005333112,0.2623853257911647,follicular,females,subtype
cohort,2009,0.17385537067450008,0.11630473293142064,0.2543103382112837,follicular,females,subtype
cohort,2010,0.16719047681246238,0.11091591048931534,0.2464838608250993,follicular,females,subtype
cohort,2011,0.16073347221650874,0.1057767718931776,0.23889824565553636,follicular,females,subtype
cohort,2012,0.15464052790331564,0.10087574837527909,0.23154608009436314,follicular,females,subtype
cohort,2013,0.1488671679616284,0.09620180719140718,0.22442017965864156,follicular,females,subtype
cohort,2014,0.14320243065226151,0.0917444267849208,0.21751358097009976,follicular,females,subtype
age,7,0.006456120645252521,0.0032211712048894657,0.01317927224367738,mantle_cell,males,subtype
age,19.5,0.027054100104389342,0.015557669848298799,0.047307415346127216,mantle_cell,males,subtype
age,29.5,0.08511979324861099,0.05484104108904495,0.1318162367407602,mantle_cell,males,subtype
age,39.5,0.2688385491335754,0.1955981549712294,0.3667123647561558,mantle_cell,males,subtype
age,49.5,0.84712814756309,0.6914701275276365,1.021518193275093,mantle_cell,males,subtype
age,59.5,2.6744105147010413,2.4352357158371074,2.91769049201812,mantle_cell,males,subtype
age,69.5,7.34233060143087,6.9105661089115,7.789960601947794,mantle_cell,males,subtype
age,79.5,11.66108619137064,10.627664086527199,12.78966966827337,mantle_cell,males,subtype
age,90,16.43363616092318,13.36009168032134,19.82074757220542,mantle_cell,males,subtype
period,2003,0.9397876840778819,0.8540091378462377,1.0341704629952637,mantle_cell,males,subtype
period,2004,0.9607845296647188,0.9007803270157736,1.0242467039148002,mantle_cell,males,subtype
period,2005,0.9810681893793409,0.9474398171199029,1.0142135174527571,mantle_cell,males,subtype
period,2006,1.0022984964510615,0.977162661517656,1.027230519842313,mantle_cell,males,subtype
period,2007,1.0207727049460444,0.9792858034899177,1.0628316428239488,mantle_cell,males,subtype
period,2008,1.0330845780551634,0.9748845243948955,1.0951717732368702,mantle_cell,males,subtype
period,2009,1.0371716246295994,0.9696344493520234,1.1070209038500274,mantle_cell,males,subtype
period,2010,1.0288476819246264,0.9633344389558149,1.0947695291260295,mantle_cell,males,subtype
period,2011,1.0073437164963992,0.9542861115613408,1.0642560398715863,mantle_cell,males,subtype
period,2012,0.9848517740015302,0.9290299834622964,1.0471078972084542,mantle_cell,males,subtype
period,2013,0.9718491064750248,0.9063423495779379,1.044942669963795,mantle_cell,males,subtype
period,2014,0.9782227174672968,0.9120980000369318,1.0496415384094253,mantle_cell,males,subtype
period,2015,1.0127714258107368,0.9572421069494613,1.0706329919853508,mantle_cell,males,subtype
period,2016,1.0574423847786838,1.0008039394725161,1.1130299417292753,mantle_cell,males,subtype
period,2017,1.0806878539941056,1.009284063635165,1.1573077138974768,mantle_cell,males,subtype
period,2018,1.0619742238184104,1.0016949310697152,1.1261440679050405,mantle_cell,males,subtype
period,2019,1.013546545640292,0.9752265260786993,1.0504247274727905,mantle_cell,males,subtype
period,2020,0.9516025357743936,0.9073780214470358,1.000325293147315,mantle_cell,males,subtype
period,2021,0.8909040340958467,0.8184266329357531,0.9782781288099344,mantle_cell,males,subtype
cohort,1913,0.34167126196567044,0.24630455188284137,0.4608066816485812,mantle_cell,males,subtype
cohort,1914,0.35644751018585114,0.26143524182956995,0.4735388582973533,mantle_cell,males,subtype
cohort,1915,0.37248464864673425,0.2772619341295721,0.48886232491995774,mantle_cell,males,subtype
cohort,1916,0.38904034006201793,0.2937754365686158,0.5062027096983599,mantle_cell,males,subtype
cohort,1917,0.40690670189706973,0.3111080274880532,0.5240179569037224,mantle_cell,males,subtype
cohort,1918,0.4249783452062138,0.3296516053486404,0.5405443116635329,mantle_cell,males,subtype
cohort,1919,0.4441394328900111,0.3492119006067516,0.5565908895238632,mantle_cell,males,subtype
cohort,1920,0.46382577356728305,0.37101124434478006,0.5751334612366998,mantle_cell,males,subtype
cohort,1921,0.4849210225432362,0.3932897450448113,0.5931301746865446,mantle_cell,males,subtype
cohort,1922,0.50614744503801945,0.4150458153526776,0.6124348527049606,mantle_cell,males,subtype
cohort,1923,0.5291270607417127,0.4396203782091323,0.6311588206454203,mantle_cell,males,subtype
cohort,1923.5,0.5410005752691942,0.45226399498471576,0.6424222147855285,mantle_cell,males,subtype
cohort,1924,0.5531597264987511,0.4657039129544077,0.6529110384488555,mantle_cell,males,subtype
cohort,1924.5,0.5656162667299536,0.4799710789113954,0.6644775103249323,mantle_cell,males,subtype
cohort,1925,0.5785690742783545,0.49355199666029315,0.6774940542664395,mantle_cell,males,subtype
cohort,1925.5,0.5917479879168482,0.5074971515703705,0.6885191938419749,mantle_cell,males,subtype
cohort,1926,0.6044509595156513,0.5211352680737796,0.7014457821454553,mantle_cell,males,subtype
cohort,1926.5,0.6176421072556744,0.5339245432538279,0.7147791014897704,mantle_cell,males,subtype
cohort,1927,0.6315321582041505,0.5488219557212256,0.7285240488377648,mantle_cell,males,subtype
cohort,1927.5,0.6448919710248373,0.5633051253606863,0.741392071538464,mantle_cell,males,subtype
cohort,1928,0.6596257698851012,0.5798896136797338,0.7538206492669915,mantle_cell,males,subtype
cohort,1928.5,0.674519813082224,0.5953940338947519,0.766984540727708,mantle_cell,males,subtype
cohort,1929,0.6886428717307226,0.6110250817980445,0.7802309039201475,mantle_cell,males,subtype
cohort,1929.5,0.7038321620430432,0.6266553940949671,0.7933303817306847,mantle_cell,males,subtype
cohort,1930,0.719032798277488,0.6426713114270204,0.8063045995704704,mantle_cell,males,subtype
cohort,1930.5,0.7346840817164786,0.6573927868795699,0.81953749162716,mantle_cell,males,subtype
cohort,1931,0.7495634506412494,0.6728845803053997,0.8333380614695656,mantle_cell,males,subtype
cohort,1931.5,0.7638138715024188,0.6865746441826523,0.8471254893324018,mantle_cell,males,subtype
cohort,1932.5,0.7898569869294274,0.7129995403570542,0.8718212738505524,mantle_cell,males,subtype
cohort,1933.5,0.8123278269499061,0.735691875516012,0.8949818225039063,mantle_cell,males,subtype
cohort,1934.5,0.830607095300002,0.7523200875012864,0.9124141039200144,mantle_cell,males,subtype
cohort,1935.5,0.842030556174852,0.7664813577045778,0.9208187543305909,mantle_cell,males,subtype
cohort,1936.5,0.8458878809302253,0.7724525436042579,0.922704493741169,mantle_cell,males,subtype
cohort,1937.5,0.8415295157920464,0.7750016050813426,0.9170200045608318,mantle_cell,males,subtype
cohort,1938.5,0.8278392566427006,0.7637185507263421,0.898614511604894,mantle_cell,males,subtype
cohort,1939.5,0.809388979539428,0.7456935992619755,0.878760400070732,mantle_cell,males,subtype
cohort,1940.5,0.7902758913637682,0.7247780158651993,0.8596981643963248,mantle_cell,males,subtype
cohort,1941.5,0.7734693221095978,0.7059424473267104,0.8445165782860394,mantle_cell,males,subtype
cohort,1942.5,0.7622019200241189,0.692627405046659,0.8335334547534838,mantle_cell,males,subtype
cohort,1943.5,0.7601111720542044,0.6878466940266283,0.8348927316833482,mantle_cell,males,subtype
cohort,1944.5,0.7705377006580014,0.6987388153026559,0.8453086667858851,mantle_cell,males,subtype
cohort,1945.5,0.7988010680218436,0.7282927758908591,0.8713687871481344,mantle_cell,males,subtype
cohort,1946.5,0.8401933224278355,0.776227213523789,0.9093167040068734,mantle_cell,males,subtype
cohort,1947.5,0.8929177297282661,0.8352003085184144,0.9543233589452041,mantle_cell,males,subtype
cohort,1948.5,0.9527134328689716,0.9038394761008862,1.0052153177556074,mantle_cell,males,subtype
cohort,1949.5,1.0145093064993556,0.9724164571761634,1.0644567785849637,mantle_cell,males,subtype
cohort,1950.5,1.0736270221954467,1.0302331618155876,1.1227614650370163,mantle_cell,males,subtype
cohort,1951.5,1.1202335631628881,1.0698173737419854,1.178410964875856,mantle_cell,males,subtype
cohort,1952.5,1.155725016842609,1.0940338189567724,1.2256023553435977,mantle_cell,males,subtype
cohort,1953.5,1.1784801530759172,1.105673628508724,1.265018432899427,mantle_cell,males,subtype
cohort,1954.5,1.1904831114974743,1.1071964561652663,1.2901958001437057,mantle_cell,males,subtype
cohort,1955.5,1.1927611939029454,1.0991854871436768,1.3046758399737854,mantle_cell,males,subtype
cohort,1956.5,1.1871827540991124,1.081126660512196,1.3149738666784259,mantle_cell,males,subtype
cohort,1957.5,1.1741154498602309,1.0604213451107303,1.315423859711665,mantle_cell,males,subtype
cohort,1958.5,1.1582764685048368,1.0334317994076236,1.3127681802479632,mantle_cell,males,subtype
cohort,1959.5,1.139062341374775,1.0059115137952077,1.3045139013107965,mantle_cell,males,subtype
cohort,1960.5,1.1182190093643984,0.975678754049715,1.2944300211110722,mantle_cell,males,subtype
cohort,1961.5,1.097651842419216,0.9453395749800912,1.2841294351321746,mantle_cell,males,subtype
cohort,1962.5,1.077448672469267,0.9158205502834322,1.2743191025900606,mantle_cell,males,subtype
cohort,1963.5,1.0569229065274823,0.8880636286726228,1.2637754362085714,mantle_cell,males,subtype
cohort,1964.5,1.0381233965326038,0.8593518318434539,1.2504632799963529,mantle_cell,males,subtype
cohort,1965.5,1.018043357376599,0.831115837524334,1.242228058220594,mantle_cell,males,subtype
cohort,1966.5,0.9990569293577446,0.804028093853157,1.233991390937306,mantle_cell,males,subtype
cohort,1967.5,0.9808572802292743,0.780183146404317,1.226278313737966,mantle_cell,males,subtype
cohort,1968.5,0.9630405346324553,0.7572377640050468,1.21874014161533,mantle_cell,males,subtype
cohort,1969.5,0.9458556153096149,0.7358665901597534,1.2136553312415248,mantle_cell,males,subtype
cohort,1970.5,0.9276725815362867,0.7150986036709814,1.2104980832916106,mantle_cell,males,subtype
cohort,1971.5,0.9095815975027666,0.6932443675635468,1.205908622801815,mantle_cell,males,subtype
cohort,1972.5,0.8919925575238183,0.6708316580235886,1.2000836170311264,mantle_cell,males,subtype
cohort,1973.5,0.8751900969587175,0.648761132770134,1.1942435205430784,mantle_cell,males,subtype
cohort,1974.5,0.8590488227957103,0.627416733435969,1.18748080771798,mantle_cell,males,subtype
cohort,1975.5,0.8432189975637538,0.6067745702845628,1.1782910745815363,mantle_cell,males,subtype
cohort,1976.5,0.8269280750576204,0.5868641527459217,1.169172715394796,mantle_cell,males,subtype
cohort,1977.5,0.8107696556167252,0.5676254789219293,1.1602487268141584,mantle_cell,males,subtype
cohort,1978.5,0.7959127342928327,0.5490174905784966,1.152889398324548,mantle_cell,males,subtype
cohort,1979.5,0.78106188261187,0.5310195124695595,1.1478454590953902,mantle_cell,males,subtype
cohort,1980.5,0.7662586542700865,0.5136115471289676,1.1427293848747107,mantle_cell,males,subtype
cohort,1981.5,0.7517490277410555,0.4967742526513635,1.1361413958477726,mantle_cell,males,subtype
cohort,1982.5,0.7383511491459372,0.4804889212014565,1.1330342012596293,mantle_cell,males,subtype
cohort,1983.5,0.7253728837493731,0.46473745822780654,1.1282196639889412,mantle_cell,males,subtype
cohort,1984.5,0.7121232642512352,0.44950236235802926,1.1233107671484468,mantle_cell,males,subtype
cohort,1985.5,0.6990243533626916,0.4346602500743336,1.1163260615892834,mantle_cell,males,subtype
cohort,1986.5,0.6861670923404937,0.42014176878352566,1.1101396878380687,mantle_cell,males,subtype
cohort,1987.5,0.6732415494452781,0.40613055046812796,1.1070797748053371,mantle_cell,males,subtype
cohort,1988.5,0.6602415571620984,0.39277142606191484,1.1040283637614632,mantle_cell,males,subtype
cohort,1989.5,0.6483845127957579,0.3802739558616343,1.0994156372656285,mantle_cell,males,subtype
cohort,1990.5,0.6367639957633269,0.36802539109992183,1.0947341308476877,mantle_cell,males,subtype
cohort,1991.5,0.6253517457032105,0.3559607263067086,1.0900558347168983,mantle_cell,males,subtype
cohort,1992.5,0.6141440299635248,0.34429156734273525,1.0853561859140333,mantle_cell,males,subtype
cohort,1993.5,0.6031371827909348,0.33300494866618546,1.0806768069557227,mantle_cell,males,subtype
cohort,1994.5,0.5923276041316594,0.32208832977407004,1.0760176103791026,mantle_cell,males,subtype
cohort,1995.5,0.5814940052271556,0.31152958126851904,1.0713785090988865,mantle_cell,males,subtype
cohort,1996,0.5761708185110614,0.3063807270597145,1.069066467083621,mantle_cell,males,subtype
cohort,1996.5,0.5708759651400896,0.3013169713798534,1.066759416405737,mantle_cell,males,subtype
cohort,1997,0.5656297859130226,0.2963369077485968,1.0644573462850424,mantle_cell,males,subtype
cohort,1997.5,0.5604318332358441,0.2914391529314558,1.0621602459646395,mantle_cell,males,subtype
cohort,1998,0.5552972745372522,0.28662234655559227,1.0598681047108742,mantle_cell,males,subtype
cohort,1998.5,0.5502884012568963,0.281885150731968,1.0575809118132868,mantle_cell,males,subtype
cohort,1999,0.545280220815478,0.27722624968373927,1.0552712716655412,mantle_cell,males,subtype
cohort,1999.5,0.5402842835953809,0.27264434938079435,1.0527213447950692,mantle_cell,males,subtype
cohort,2000,0.5352749988691325,0.2681381771803303,1.0501775813966157,mantle_cell,males,subtype
cohort,2000.5,0.5303337990068597,0.2637064814733701,1.0476399665682423,mantle_cell,males,subtype
cohort,2001,0.5253494546509703,0.2593480313371225,1.0451084854440489,mantle_cell,males,subtype
cohort,2001.5,0.5203848078570623,0.2550616161930876,1.0425831231940867,mantle_cell,males,subtype
cohort,2002,0.5154670780991559,0.25084604547081196,1.0401540525948751,mantle_cell,males,subtype
cohort,2003,0.5057706003662349,0.24263378373432506,1.0365737299912696,mantle_cell,males,subtype
cohort,2004,0.49657093534873015,0.23478076682309257,1.0328211918939845,mantle_cell,males,subtype
cohort,2005,0.48735648132710996,0.22754488249149696,1.0284050371665163,mantle_cell,males,subtype
cohort,2006,0.478126595788397,0.22053202940057848,1.024007784503922,mantle_cell,males,subtype
cohort,2007,0.469071515650623,0.21373533231542344,1.0196293529347447,mantle_cell,males,subtype
cohort,2008,0.46024046793568874,0.20714812796412482,1.0152696618346169,mantle_cell,males,subtype
cohort,2009,0.4516845992662142,0.20076427623568865,1.0109286309247703,mantle_cell,males,subtype
cohort,2010,0.4431633922393067,0.19441164649328052,1.0066061802705562,mantle_cell,males,subtype
cohort,2011,0.4349300461021173,0.1880817299553486,1.0023022302799682,mantle_cell,males,subtype
cohort,2012,0.42697836745865136,0.1819579118501118,0.998016701702173,mantle_cell,males,subtype
cohort,2013,0.4191721172424224,0.17603348171612754,0.9937495156260475,mantle_cell,males,subtype
cohort,2014,0.4114484602305178,0.17030194758170178,0.9895005934787212,mantle_cell,males,subtype
age,7,9.439239626370007e-4,2.742554787818862e-4,0.003366119031304939,mantle_cell,females,subtype
age,19.5,0.004615420399588177,0.0017180676686252168,0.01268253013501604,mantle_cell,females,subtype
age,29.5,0.016347957655040074,0.007429495972841886,0.03619996970289245,mantle_cell,females,subtype
age,39.5,0.05797779461646817,0.032704921475962524,0.10398947256006182,mantle_cell,females,subtype
age,49.5,0.20684638753395237,0.14108532427157247,0.2993283503619479,mantle_cell,females,subtype
age,59.5,0.7326146215952931,0.6003312064233115,0.8884534336170292,mantle_cell,females,subtype
age,69.5,2.2777144766977138,2.035252238583782,2.533874524725345,mantle_cell,females,subtype
age,79.5,3.9803327015113856,3.2887708801639475,4.913976369244887,mantle_cell,females,subtype
age,90,4.7274971197424716,3.4937513309147405,6.29630413548428,mantle_cell,females,subtype
period,2003,0.8899944441992226,0.7683857821747646,1.0280367417697018,mantle_cell,females,subtype
period,2004,0.906202591448848,0.820251699949735,1.0008830136623308,mantle_cell,females,subtype
period,2005,0.922503489152078,0.8702481185888259,0.9818296286064055,mantle_cell,females,subtype
period,2006,0.941605909352319,0.9087556296510864,0.9764955828765295,mantle_cell,females,subtype
period,2007,0.960028128732816,0.9085130813161554,1.0203842164705001,mantle_cell,females,subtype
period,2008,0.9825184127466517,0.9005234270221454,1.0822029134150968,mantle_cell,females,subtype
period,2009,1.0103142837044086,0.9088231414628781,1.1326804331482072,mantle_cell,females,subtype
period,2010,1.0480344794363798,0.944810481102132,1.1661115412900938,mantle_cell,females,subtype
period,2011,1.0958173707643164,1.000592935619919,1.2007004049207906,mantle_cell,females,subtype
period,2012,1.1460345879804819,1.0414251886951613,1.2547562928453029,mantle_cell,females,subtype
period,2013,1.1770566100132966,1.0508228339243753,1.3182333421985837,mantle_cell,females,subtype
period,2014,1.1782144195287223,1.0481257008156943,1.3165345098736392,mantle_cell,females,subtype
period,2015,1.1369858176782444,1.028342312620315,1.2416457066284756,mantle_cell,females,subtype
period,2016,1.0751487126760462,0.9744659583166883,1.1779903048028422,mantle_cell,females,subtype
period,2017,1.0108424385113381,0.9020472291913711,1.1306381205434766,mantle_cell,females,subtype
period,2018,0.9590606561926366,0.8667551388929257,1.0545578859787461,mantle_cell,females,subtype
period,2019,0.9165472835620072,0.866483757213108,0.9738628225201473,mantle_cell,females,subtype
period,2020,0.8822766613698427,0.8153878946799635,0.9619664359151845,mantle_cell,females,subtype
period,2021,0.8487853434121662,0.7257072257343493,0.9942879622970242,mantle_cell,females,subtype
cohort,1913,0.44050570417105583,0.28074224161425615,0.723138489270773,mantle_cell,females,subtype
cohort,1914,0.45597184911518884,0.2967175570004325,0.7339760561703718,mantle_cell,females,subtype
cohort,1915,0.471980181384249,0.31108028598322524,0.7443453049740351,mantle_cell,females,subtype
cohort,1916,0.4884609438670542,0.33274548238507246,0.7523216893974835,mantle_cell,females,subtype
cohort,1917,0.5069184599700429,0.35279471831040854,0.7630518855737871,mantle_cell,females,subtype
cohort,1918,0.5254193658656194,0.3731168798745443,0.7781410830881212,mantle_cell,females,subtype
cohort,1919,0.5457132787953691,0.39717093814281274,0.7888604964265827,mantle_cell,females,subtype
cohort,1920,0.5671523577417785,0.42182777455875903,0.8017054438302736,mantle_cell,females,subtype
cohort,1921,0.5895654991802761,0.4414596307390881,0.8160574561440755,mantle_cell,females,subtype
cohort,1922,0.611340667669146,0.46569925016206415,0.8267755510752577,mantle_cell,females,subtype
cohort,1923,0.6340755234977054,0.4908514232687234,0.8442100456292501,mantle_cell,females,subtype
cohort,1923.5,0.6455534060102084,0.5032976071912355,0.8504876255476338,mantle_cell,females,subtype
cohort,1924,0.6582922910816971,0.5160439424024056,0.8601302868401252,mantle_cell,females,subtype
cohort,1924.5,0.6707795538265808,0.5290882085972024,0.8692623660233552,mantle_cell,females,subtype
cohort,1925,0.682414777805135,0.5401935804453898,0.8777555296090103,mantle_cell,females,subtype
cohort,1925.5,0.6938522517529782,0.5526309541719951,0.8886052241572228,mantle_cell,females,subtype
cohort,1926,0.7058017416087528,0.5662708844748332,0.8937615981644067,mantle_cell,females,subtype
cohort,1926.5,0.7178877434564559,0.5799823911054969,0.9025115784006187,mantle_cell,females,subtype
cohort,1927,0.7293536100702953,0.5920180520156411,0.9138408111179577,mantle_cell,females,subtype
cohort,1927.5,0.7413248762957029,0.6036559860011844,0.92367504671221,mantle_cell,females,subtype
cohort,1928,0.7531743613476001,0.6161194453862833,0.9383105025071694,mantle_cell,females,subtype
cohort,1928.5,0.7652301786517663,0.628962833697875,0.9524790455615386,mantle_cell,females,subtype
cohort,1929,0.7774885650379507,0.639286460203871,0.9650699372034044,mantle_cell,females,subtype
cohort,1929.5,0.7887160060859151,0.649394649820215,0.9790091904307678,mantle_cell,females,subtype
cohort,1930,0.7975780881599839,0.6583831997518045,0.9901437960337136,mantle_cell,females,subtype
cohort,1930.5,0.8078107462534215,0.6676595658231829,0.9958628070514377,mantle_cell,females,subtype
cohort,1931,0.815622263558744,0.6747187464669164,1.0037476958781393,mantle_cell,females,subtype
cohort,1931.5,0.8236891512409947,0.681663121769239,1.015880501070579,mantle_cell,females,subtype
cohort,1932.5,0.8341756659774227,0.6922874599364787,1.022259941979883,mantle_cell,females,subtype
cohort,1933.5,0.8382311199973681,0.7013505608087378,1.0188892874926148,mantle_cell,females,subtype
cohort,1934.5,0.8383122729125818,0.7043053772486733,1.0067337941350372,mantle_cell,females,subtype
cohort,1935.5,0.827502995305912,0.7016914812975065,0.9820661395161893,mantle_cell,females,subtype
cohort,1936.5,0.8168307128629797,0.6950968392226936,0.9542275808287753,mantle_cell,females,subtype
cohort,1937.5,0.799281670089552,0.6847315026872219,0.9299650747455821,mantle_cell,females,subtype
cohort,1938.5,0.7858631927962999,0.670884394225971,0.9105556475402473,mantle_cell,females,subtype
cohort,1939.5,0.7748789033203778,0.6621968557229421,0.903747923038629,mantle_cell,females,subtype
cohort,1940.5,0.7691043879320835,0.6610631314965931,0.9043888057529681,mantle_cell,females,subtype
cohort,1941.5,0.7759641443180392,0.6626419030994499,0.9149397240569922,mantle_cell,females,subtype
cohort,1942.5,0.7955979656867838,0.678066273082591,0.9335888480730528,mantle_cell,females,subtype
cohort,1943.5,0.823854167787689,0.7135797089121685,0.9510200060641133,mantle_cell,females,subtype
cohort,1944.5,0.8631071257311573,0.7618335599482472,0.9827220529579299,mantle_cell,females,subtype
cohort,1945.5,0.9108473447902563,0.8137292413513632,1.0224533103561588,mantle_cell,females,subtype
cohort,1946.5,0.9649671138075835,0.8748959769272757,1.0668125231601069,mantle_cell,females,subtype
cohort,1947.5,1.0228812777002338,0.9359581507713034,1.1178343830718374,mantle_cell,females,subtype
cohort,1948.5,1.0815907132207738,0.9884062227459349,1.172621746440089,mantle_cell,females,subtype
cohort,1949.5,1.1377137448085115,1.0333602265200708,1.243849888241203,mantle_cell,females,subtype
cohort,1950.5,1.1833053421296569,1.0597019151789184,1.314762383102274,mantle_cell,females,subtype
cohort,1951.5,1.2231163112611334,1.0829301890493737,1.3762361188221792,mantle_cell,females,subtype
cohort,1952.5,1.2537725109131497,1.0961353700221759,1.4267131122984862,mantle_cell,females,subtype
cohort,1953.5,1.276881146787348,1.1012704966931843,1.4766044173940713,mantle_cell,females,subtype
cohort,1954.5,1.2942172927874311,1.0959233868174627,1.51893037484461,mantle_cell,females,subtype
cohort,1955.5,1.3029389290007278,1.0861924276334627,1.5624005630755193,mantle_cell,females,subtype
cohort,1956.5,1.3092359882206606,1.0716079759754316,1.611000202212171,mantle_cell,females,subtype
cohort,1957.5,1.3102304635499917,1.0525117313838726,1.6395430096024928,mantle_cell,females,subtype
cohort,1958.5,1.312073100849264,1.0343705814638353,1.6654423381373966,mantle_cell,females,subtype
cohort,1959.5,1.312377881350232,1.014987637184896,1.700479387562588,mantle_cell,females,subtype
cohort,1960.5,1.31229855735101,0.9917179110184957,1.7382561800886913,mantle_cell,females,subtype
cohort,1961.5,1.3142393874903537,0.9679963555424184,1.7782433147208094,mantle_cell,females,subtype
cohort,1962.5,1.313402002974923,0.9427497843503372,1.8192641556101712,mantle_cell,females,subtype
cohort,1963.5,1.3126428327081927,0.92170991609345,1.8611843756688682,mantle_cell,females,subtype
cohort,1964.5,1.3137338464504213,0.9010974761123386,1.9025002659547947,mantle_cell,females,subtype
cohort,1965.5,1.316423492131431,0.8761212379428434,1.9458746760347727,mantle_cell,females,subtype
cohort,1966.5,1.3183299245081015,0.8568380465033195,1.9911734369275331,mantle_cell,females,subtype
cohort,1967.5,1.3169058909174702,0.8378924373395333,2.0375267273904045,mantle_cell,females,subtype
cohort,1968.5,1.3165254797592572,0.8189844620660928,2.084959096331299,mantle_cell,females,subtype
cohort,1969.5,1.3179347111510191,0.7994219338421954,2.1370021719858006,mantle_cell,females,subtype
cohort,1970.5,1.3180883960537884,0.7803267118758094,2.1894658841024817,mantle_cell,females,subtype
cohort,1971.5,1.3181628490907724,0.7581642574551237,2.2455104731095243,mantle_cell,females,subtype
cohort,1972.5,1.3172735161746343,0.7407889603522648,2.299010518544018,mantle_cell,females,subtype
cohort,1973.5,1.3176987776669806,0.7238132821624311,2.3590173998154302,mantle_cell,females,subtype
cohort,1974.5,1.3171515807264191,0.7073498270140162,2.418700220003709,mantle_cell,females,subtype
cohort,1975.5,1.3187994660454447,0.6895538815348551,2.479402058328742,mantle_cell,females,subtype
cohort,1976.5,1.3190759695333734,0.6707715252187281,2.5416273895812145,mantle_cell,females,subtype
cohort,1977.5,1.3153198259312249,0.6525010037274509,2.605414452062357,mantle_cell,females,subtype
cohort,1978.5,1.3170056434803836,0.634728363622003,2.670802443865268,mantle_cell,females,subtype
cohort,1979.5,1.317156334800761,0.6174400319868735,2.7378315469671213,mantle_cell,females,subtype
cohort,1980.5,1.3163999238822233,0.6006228060497444,2.8063341515225306,mantle_cell,females,subtype
cohort,1981.5,1.3156529095752925,0.5860854786839099,2.876498606052111,mantle_cell,females,subtype
cohort,1982.5,1.316273757745609,0.5722643290939604,2.944874103758503,mantle_cell,females,subtype
cohort,1983.5,1.31572119815092,0.5587964827021128,3.0224396658947432,mantle_cell,females,subtype
cohort,1984.5,1.313766743754691,0.5456456224359097,3.0983447429795667,mantle_cell,females,subtype
cohort,1985.5,1.3128428013722329,0.5331771279548391,3.1761563104150343,mantle_cell,females,subtype
cohort,1986.5,1.3134571272763482,0.5213690156926966,3.255922259024377,mantle_cell,females,subtype
cohort,1987.5,1.3144119664751992,0.5098224418155684,3.337662277507044,mantle_cell,females,subtype
cohort,1988.5,1.3152791066782639,0.498531612846679,3.4242413302277646,mantle_cell,females,subtype
cohort,1989.5,1.3148644765272337,0.48689645508036905,3.515203319312219,mantle_cell,females,subtype
cohort,1990.5,1.3134751102484579,0.4744653586030099,3.606744180156796,mantle_cell,females,subtype
cohort,1991.5,1.314532455935586,0.4623516918315579,3.6935536210373354,mantle_cell,females,subtype
cohort,1992.5,1.3145647748175433,0.45085854523455043,3.7824530545248516,mantle_cell,females,subtype
cohort,1993.5,1.3143618956791467,0.4410359982479656,3.873492814646101,mantle_cell,females,subtype
cohort,1994.5,1.3144697115501005,0.431618659415519,3.969689676058668,mantle_cell,females,subtype
cohort,1995.5,1.314872206333055,0.42240246234898854,4.069367817181114,mantle_cell,females,subtype
cohort,1996,1.313993613062924,0.41764205421122363,4.119994520742207,mantle_cell,females,subtype
cohort,1996.5,1.3137543648654884,0.4125496574487035,4.171184930497223,mantle_cell,females,subtype
cohort,1997,1.3136532710100366,0.40751935455485977,4.223011545045275,mantle_cell,females,subtype
cohort,1997.5,1.3127337278830293,0.4025503883770375,4.275482273175929,mantle_cell,females,subtype
cohort,1998,1.3122616129037952,0.39764201099522517,4.328605122015852,mantle_cell,females,subtype
cohort,1998.5,1.3126248909245193,0.3927934836094753,4.382388198251743,mantle_cell,females,subtype
cohort,1999,1.3129886306131953,0.3880040764286924,4.436839709368516,mantle_cell,females,subtype
cohort,1999.5,1.3131484923669579,0.38327306856077487,4.491967964902855,mantle_cell,females,subtype
cohort,2000,1.3130476746991417,0.3785997479041044,4.547781377712379,mantle_cell,females,subtype
cohort,2000.5,1.3130405046975073,0.37398341104035115,4.601484004603808,mantle_cell,females,subtype
cohort,2001,1.3133676765107132,0.3694241618247821,4.652993008263216,mantle_cell,females,subtype
cohort,2001.5,1.3136656890825376,0.36492722058018434,4.70507879213189,mantle_cell,females,subtype
cohort,2002,1.3137947156957994,0.3604850320110911,4.757747817139034,mantle_cell,females,subtype
cohort,2003,1.313217238690741,0.35215460189726955,4.864861797110149,mantle_cell,females,subtype
cohort,2004,1.3122285663678055,0.34440224634881,4.9743880983366235,mantle_cell,females,subtype
cohort,2005,1.3106998759533743,0.3368205969671178,5.08867530429579,mantle_cell,females,subtype
cohort,2006,1.309172966530856,0.3294058937224696,5.2155435422431315,mantle_cell,females,subtype
cohort,2007,1.3076478360251622,0.3221591367398698,5.346353101465255,mantle_cell,females,subtype
cohort,2008,1.3068337399343086,0.3147654881041817,5.4804434579273815,mantle_cell,females,subtype
cohort,2009,1.3063043042478704,0.3072400863976406,5.617896896369569,mantle_cell,females,subtype
cohort,2010,1.3060298889489765,0.299894602626544,5.758797765291969,mantle_cell,females,subtype
cohort,2011,1.3059323064767416,0.2927247352763763,5.903127605921479,mantle_cell,females,subtype
cohort,2012,1.305834961835891,0.2857262856746097,6.050978913843329,mantle_cell,females,subtype
cohort,2013,1.3058739541115976,0.27889515553190997,6.202533619427969,mantle_cell,females,subtype
cohort,2014,1.3068463507009347,0.27222734454213665,6.357884492347416,mantle_cell,females,subtype
