year,prev_mid,prev_p025,prev_p975,prev_mean,duration,subtype,sex
2012,1604.1658526232068,1591.185237777533,1615.3598546451906,1604.030107439057,2,dlbcl,males
2013,1658.6184876248058,1640.9754650191064,1675.426973084121,1658.2031936657067,2,dlbcl,males
2014,1662.8660448603077,1645.9613585745647,1678.004140084818,1662.3017543697417,2,dlbcl,males
2015,1683.3253450872048,1666.3555595964513,1698.524857151584,1682.8944483026298,2,dlbcl,males
2016,1729.8275225265616,1710.5498795126355,1747.5936440857872,1729.499653421054,2,dlbcl,males
2017,1775.465676394129,1760.3472345890475,1788.2259328877633,1775.1001322708933,2,dlbcl,males
2018,1857.9227919864245,1842.454693150264,1873.451561052804,1857.7975703786599,2,dlbcl,males
2019,1918.888133865842,1901.3150750433829,1936.52176637857,1918.7696185100162,2,dlbcl,males
2020,1984.7983742780555,1965.3003636906162,2005.4874698906033,1984.6662534216077,2,dlbcl,males
2021,2032.1040668070727,2009.5058332044232,2055.605592962457,2032.1670284425809,2,dlbcl,males
2022,2062.613435345341,2006.9174243685818,2118.217893901635,2061.9630220335034,2,dlbcl,males
2023,2137.5347697032603,2038.22512456151,2236.565918354426,2137.272796344901,2,dlbcl,males
2024,2199.2142355936403,2098.9836644761776,2302.8985438417067,2199.5270155867693,2,dlbcl,males
2025,2259.983512919092,2157.7149802893655,2365.349751260234,2260.7751462687615,2,dlbcl,males
2026,2322.8461547175366,2215.8371427650877,2437.0978604768056,2324.035293271926,2,dlbcl,males
2027,2386.285708008286,2274.3818756631345,2513.1065301222284,2388.600997783277,2,dlbcl,males
2028,2447.255704311271,2330.029894396541,2589.042375055183,2451.611482629185,2,dlbcl,males
2029,2508.1959219443697,2382.5521299802585,2657.9043748509803,2512.1246926200806,2,dlbcl,males
2030,2565.054245919673,2432.069413375163,2723.1948340374415,2568.7757221182233,2,dlbcl,males
2031,2619.1609810040545,2475.018855164017,2786.504298803595,2621.689595395139,2,dlbcl,males
2032,2665.0240470338895,2508.0884603627455,2843.6630100218767,2667.3396736039135,2,dlbcl,males
2033,2699.585806474495,2535.7959844272614,2890.19868060487,2701.566998787431,2,dlbcl,males
2034,2732.3566347919827,2557.547580760189,2934.1598146700726,2733.674851410979,2,dlbcl,males
2035,2764.9041397600286,2579.850269310293,2980.9287854081904,2765.0573478146107,2,dlbcl,males
2036,2795.821846163279,2601.48725408049,3026.0828081878,2796.9967812537575,2,dlbcl,males
2037,2826.245719573012,2617.0862079824483,3069.801172881466,2828.297919839096,2,dlbcl,males
2038,2851.70945839585,2635.239023630836,3109.933081733376,2856.322074605208,2,dlbcl,males
2039,2874.378770715024,2649.603950763196,3145.885427256646,2880.0711255746255,2,dlbcl,males
2040,2893.1069775201368,2654.2146825114587,3178.232903682531,2899.1380823390696,2,dlbcl,males
2041,2906.569489271938,2653.994465298064,3204.7291943359105,2913.8657693986443,2,dlbcl,males
2042,2915.804859347293,2653.2313318098268,3230.410462597562,2924.487117373945,2,dlbcl,males
2043,2922.0737577524606,2649.438678143809,3257.806901330318,2931.7635618393288,2,dlbcl,males
2044,2929.063694911396,2649.1709003201513,3282.86701082229,2938.5882376102627,2,dlbcl,males
2045,2932.613907296146,2648.5563956400306,3304.6666256148183,2946.542939883379,2,dlbcl,males
2012,2212.6883729397578,2197.3224479284327,2230.520867854248,2213.0339794318534,3,dlbcl,males
2013,2304.399755207587,2283.999092388942,2325.2039901010917,2304.425282243998,3,dlbcl,males
2014,2361.8401465212983,2338.1682239702964,2381.4331615775072,2361.0312532052258,3,dlbcl,males
2015,2380.5227439061255,2356.4674032571174,2399.679969835142,2379.6537280608454,3,dlbcl,males
2016,2445.2716974491495,2420.737872697793,2465.610661753586,2444.5709400227233,3,dlbcl,males
2017,2487.6453790843852,2465.443620827237,2505.2897179404385,2487.184472081159,3,dlbcl,males
2018,2603.3507061268438,2581.5789438914435,2623.5791983463905,2603.1533187017376,3,dlbcl,males
2019,2672.8931818633355,2653.640355545568,2692.794221839528,2672.6127673280325,3,dlbcl,males
2020,2803.865616280812,2781.5402194474086,2826.566754483479,2803.6802529666597,3,dlbcl,males
2021,2844.954410403896,2819.987152878928,2870.7911505590123,2844.9940227918732,3,dlbcl,males
2022,2939.037881518101,2879.711007589107,2997.4013629436877,2938.1934829221914,3,dlbcl,males
2023,2996.6845981117826,2897.8298159629076,3099.4245143780545,2997.2353535747225,3,dlbcl,males
2024,3097.706979973261,2953.582302374979,3240.8484816894133,3098.4245503721545,3,dlbcl,males
2025,3187.3897007096116,3041.0142310153055,3339.411195887353,3188.7828967573755,3,dlbcl,males
2026,3276.8935404579606,3130.6284921491842,3439.566643414284,3280.133712836669,3,dlbcl,males
2027,3368.2358693903075,3220.060524591335,3543.45104317608,3373.0992628727477,3,dlbcl,males
2028,3462.170600473975,3302.2341554150403,3650.549612624161,3466.1991725606113,3,dlbcl,males
2029,3549.593098459411,3379.3148430035817,3755.930308500922,3556.544031816427,3,dlbcl,males
2030,3636.456278507463,3453.091451207821,3858.2199438898056,3642.4948484059014,3,dlbcl,males
2031,3716.4195467286954,3521.913342278987,3955.569145993228,3723.278476248361,3,dlbcl,males
2032,3788.3637185136154,3581.1466044921594,4044.2347781337353,3795.185144617049,3,dlbcl,males
2033,3846.0572581960782,3622.661276940605,4125.621414992702,3854.3004946608266,3,dlbcl,males
2034,3893.530593558688,3652.2049274246683,4188.823553560745,3900.242951546472,3,dlbcl,males
2035,3935.28533776978,3682.958716791259,4249.909062456019,3944.019203040018,3,dlbcl,males
2036,3980.5338509688395,3716.8019788299985,4314.17232941357,3988.3163969828474,3,dlbcl,males
2037,4022.582975583515,3740.668517384439,4367.956402258513,4031.551642152696,3,dlbcl,males
2038,4063.7610690306155,3766.5942196841456,4427.670667403334,4072.303833384981,3,dlbcl,males
2039,4098.503383209538,3790.02153723911,4482.285151220552,4107.519237902897,3,dlbcl,males
2040,4125.798433405297,3805.7478663615016,4536.459984627206,4136.4613924585055,3,dlbcl,males
2041,4147.843784288551,3811.733948722884,4582.706847489206,4159.16103932825,3,dlbcl,males
2042,4161.783760966539,3813.5174760798745,4621.409128712496,4175.724414918918,3,dlbcl,males
2043,4172.096077177423,3812.8934916538383,4652.083376021496,4187.192773760615,3,dlbcl,males
2044,4178.999408209405,3811.663969875641,4679.702273127466,4196.524626830337,3,dlbcl,males
2045,4186.874349058143,3806.6168890147446,4707.042423256809,4205.8202977506135,3,dlbcl,males
2012,3246.21765710879,3222.3970191229587,3270.5445389182555,3246.103679640245,5,dlbcl,males
2013,3377.728208633487,3351.280501808788,3403.8969946296406,3377.7225327580522,5,dlbcl,males
2014,3513.506807853383,3484.5337915103405,3536.869194989044,3512.848210723981,5,dlbcl,males
2015,3612.1103534077783,3581.7735883547775,3635.4599669167674,3611.4911534008297,5,dlbcl,males
2016,3727.548095600841,3696.8759221617456,3754.4086501868333,3726.9603076680232,5,dlbcl,males
2017,3788.429628941787,3760.2972525470555,3812.855709101767,3787.7372156677134,5,dlbcl,males
2018,3920.174283184775,3890.3834866113693,3947.6474104465756,3919.7961410250196,5,dlbcl,males
2019,4010.7403622757183,3981.6499011013084,4037.165356281061,4010.5584080093868,5,dlbcl,males
2020,4176.547307852989,4149.341202947187,4206.3614326935385,4176.535635977433,5,dlbcl,males
2021,4282.510222393296,4251.688110259006,4313.121477977438,4282.477677997018,5,dlbcl,males
2022,4428.751225049684,4365.809952819203,4488.245876028387,4428.231640204921,5,dlbcl,males
2023,4540.241933197602,4435.447890320912,4645.2653914131,4540.310746515587,5,dlbcl,males
2024,4682.152201636177,4534.674952080371,4826.604191454195,4682.331278971794,5,dlbcl,males
2025,4791.156773994708,4606.889520281929,4976.18886006281,4791.810349375437,5,dlbcl,males
2026,4940.750256854497,4717.8316746740575,5170.69538088901,4943.210169058499,5,dlbcl,males
2027,5084.252718093441,4857.776890384776,5333.678129817837,5087.0819351332375,5,dlbcl,males
2028,5225.244902394121,4985.046929224627,5494.728343986245,5230.392256141946,5,dlbcl,males
2029,5366.5736490526,5112.872692222759,5654.335189664172,5372.669932373607,5,dlbcl,males
2030,5506.450975023538,5231.776465629308,5813.9025424075835,5511.645062443544,5,dlbcl,males
2031,5639.619664142336,5350.00913095255,5977.651919025232,5644.626822363961,5,dlbcl,males
2032,5761.432411677189,5452.7354537419205,6125.784140077005,5766.796197858719,5,dlbcl,males
2033,5864.595596482062,5541.21018933957,6260.7741605163565,5873.118511956539,5,dlbcl,males
2034,5954.6298115436875,5608.510354613897,6376.50331082611,5963.379543536423,5,dlbcl,males
2035,6028.967656186441,5656.964575189075,6471.805348638358,6038.3895391401375,5,dlbcl,males
2036,6091.231864814373,5692.3447755329935,6558.8869868539805,6102.091995930393,5,dlbcl,males
2037,6151.2630412985545,5733.165254018682,6653.692977726417,6163.959382648997,5,dlbcl,males
2038,6209.553319575931,5769.403747590714,6735.036669486903,6223.178406750753,5,dlbcl,males
2039,6263.8865929792655,5810.94024817148,6807.274224279829,6277.295788040033,5,dlbcl,males
2040,6308.54438322777,5843.409299102834,6882.816558462084,6324.592921268107,5,dlbcl,males
2041,6342.653134624051,5865.482965020939,6949.202987749912,6363.039746865192,5,dlbcl,males
2042,6371.896262414411,5873.223939713811,7006.132130309562,6392.2315951754235,5,dlbcl,males
2043,6388.916656232829,5866.702477752094,7055.127658927746,6412.939811404788,5,dlbcl,males
2044,6404.594126946995,5858.001120835121,7100.3602636106125,6428.192698149136,5,dlbcl,males
2045,6412.012168908253,5859.102371809378,7151.435455569684,6440.387898203931,5,dlbcl,males
2012,5170.4475435579625,5035.365505475365,5309.791289255752,5170.187572719949,10,dlbcl,males
2013,5369.1498791364265,5240.661699578524,5509.407023347944,5369.724591862197,10,dlbcl,males
2014,5561.159254464124,5441.126615219902,5696.501947458574,5562.887662184037,10,dlbcl,males
2015,5748.749213389407,5630.150711627565,5876.51657756165,5748.607120238842,10,dlbcl,males
2016,5965.889386544086,5853.837728230927,6091.815132566831,5965.769346264079,10,dlbcl,males
2017,6161.21384444843,6061.397449619533,6270.962050298844,6160.97631928612,10,dlbcl,males
2018,6396.946876828131,6309.705773288252,6492.775862987503,6398.572962382959,10,dlbcl,males
2019,6618.45793313373,6533.741861008785,6711.346872897306,6619.110912374658,10,dlbcl,males
2020,6863.9616485240595,6771.566241590559,6966.051655856464,6864.139581570675,10,dlbcl,males
2021,7050.118752127807,6929.012926296247,7177.8781054074825,7049.255116573081,10,dlbcl,males
2022,7228.932120997482,7113.396046828284,7364.7253668594285,7231.942818245527,10,dlbcl,males
2023,7433.123147128463,7303.531107217813,7575.661899337603,7434.89211868667,10,dlbcl,males
2024,7624.2501077768065,7465.810105395445,7793.120749172473,7627.213867914032,10,dlbcl,males
2025,7846.599206311985,7654.65869399482,8055.372418614556,7849.120308531629,10,dlbcl,males
2026,8076.334415102654,7834.815508252115,8342.839943065495,8078.70966274832,10,dlbcl,males
2027,8324.989844221012,8040.360611216792,8632.776163764061,8326.504200672127,10,dlbcl,males
2028,8538.14856432332,8217.818830035267,8904.202285479374,8543.238908812344,10,dlbcl,males
2029,8775.545073005565,8415.325644238015,9192.584086031284,8785.553112915382,10,dlbcl,males
2030,8984.310079790976,8575.003240105207,9466.932558089984,8998.00555790326,10,dlbcl,males
2031,9222.520975909021,8759.470014764167,9772.533129713926,9241.382000042897,10,dlbcl,males
2032,9447.847845638178,8946.384796296701,10038.698282519876,9464.729341383358,10,dlbcl,males
2033,9652.67691384584,9110.910415254797,10289.435801081472,9671.796172014387,10,dlbcl,males
2034,9839.081791385026,9251.28333217979,10544.19536432754,9861.523791963136,10,dlbcl,males
2035,10011.333917375303,9366.609685427295,10767.172472453156,10033.274935407364,10,dlbcl,males
2036,10161.400041807934,9477.614752376592,10989.358501895567,10188.862179927493,10,dlbcl,males
2037,10302.24160611441,9569.901920558597,11190.334186929249,10327.351499509345,10,dlbcl,males
2038,10423.247344465542,9642.293605671775,11374.482584562624,10448.249253793467,10,dlbcl,males
2039,10524.016883534328,9709.626149787524,11541.120775334031,10551.014047119828,10,dlbcl,males
2040,10602.11915201652,9748.95376721419,11676.53573563957,10635.342361769875,10,dlbcl,males
2041,10660.081490201308,9777.752516894607,11789.455082833285,10701.2698812559,10,dlbcl,males
2042,10711.31640474436,9798.859725325412,11901.920461154976,10756.955743025368,10,dlbcl,males
2043,10755.259456196247,9810.23275423415,11985.330411749454,10802.6292475574,10,dlbcl,males
2044,10792.41130954227,9802.878452553286,12070.612702469472,10839.91889581412,10,dlbcl,males
2045,10819.337601441028,9804.955171581636,12172.210908285944,10870.143049490453,10,dlbcl,males
2012,8293.111453731652,6951.867240322022,9897.409168031,8328.215900766241,40,dlbcl,males
2013,8707.439483620616,7318.255497266922,10398.53104617152,8745.731806628208,40,dlbcl,males
2014,9110.629073910273,7644.07504729227,10908.263990274723,9151.586442930922,40,dlbcl,males
2015,9501.655149607202,7988.022170976871,11397.726854516111,9555.62980223949,40,dlbcl,males
2016,9931.556208491282,8364.008786564349,11915.149358741091,9994.880228815327,40,dlbcl,males
2017,10342.629348316146,8728.28564333494,12417.24305018495,10415.617513533507,40,dlbcl,males
2018,10811.254600661956,9164.769306526407,12978.803741721293,10893.796339327218,40,dlbcl,males
2019,11246.68093014852,9583.017616897188,13492.801951975009,11342.943821303417,40,dlbcl,males
2020,11733.415535027882,10061.835129427544,14056.031675960852,11848.284760559503,40,dlbcl,males
2021,12177.987493427694,10466.826996122212,14562.214724441783,12304.440957534656,40,dlbcl,males
2022,12610.264178756817,10952.249606128524,14994.446511117794,12741.695781764787,40,dlbcl,males
2023,13064.488291908787,11388.649898803438,15426.500254717654,13187.776046343759,40,dlbcl,males
2024,13516.81274075947,11878.30881221983,15873.409142971077,13638.076299859107,40,dlbcl,males
2025,13974.961039860129,12382.423194431927,16294.930122980224,14089.44561920545,40,dlbcl,males
2026,14445.021077760659,12855.984257652064,16665.785943993385,14550.453658706909,40,dlbcl,males
2027,14900.707247593215,13347.364898287029,17044.57902342326,15008.052688039013,40,dlbcl,males
2028,15365.102155985056,13910.388479165596,17414.113302487825,15471.547052631204,40,dlbcl,males
2029,15852.679360637252,14408.361914018244,17788.466726376224,15939.932213087197,40,dlbcl,males
2030,16339.468292206599,14933.491426695342,18177.55727524179,16398.402950342486,40,dlbcl,males
2031,16781.92929925725,15412.012612077831,18571.83959442373,16853.767989592616,40,dlbcl,males
2032,17250.67102954971,15904.79688225499,18939.648014213966,17300.259773149774,40,dlbcl,males
2033,17676.26213994641,16413.769923269752,19294.967769276413,17733.48237030831,40,dlbcl,males
2034,18120.774427236698,16854.41425553151,19639.10612593576,18161.728403931884,40,dlbcl,males
2035,18541.218965999196,17265.686288059398,20055.383122321986,18573.23991149862,40,dlbcl,males
2036,18933.957061352834,17680.86936668297,20464.130562622315,18969.61904918667,40,dlbcl,males
2037,19337.854565809313,18017.58245981909,20912.389332456565,19362.408513252693,40,dlbcl,males
2038,19707.12622247179,18320.585695175578,21355.98571758619,19744.079282579263,40,dlbcl,males
2039,20076.35256618554,18581.878016609186,21875.759968461105,20114.454966939415,40,dlbcl,males
2040,20406.955058087035,18779.213679548215,22354.06706379673,20461.279628941422,40,dlbcl,males
2041,20729.36123589388,18933.50848661487,22929.48723676884,20791.359079900936,40,dlbcl,males
2042,21040.239244153017,19083.796823031767,23482.225943575108,21107.25529069511,40,dlbcl,males
2043,21293.43183175363,19175.444999026386,23998.016924737898,21397.611495260175,40,dlbcl,males
2044,21564.595689081976,19201.711749192043,24547.23155794194,21681.262201459667,40,dlbcl,males
2045,21815.972048452124,19213.422699380713,25068.456053503724,21951.229776027267,40,dlbcl,males
2012,1199.7498542630838,1187.7145712112915,1210.3080771472987,1199.6114794950824,2,dlbcl,females
2013,1212.2881804055512,1197.0998756403121,1227.1039616417281,1212.3330776171513,2,dlbcl,females
2014,1275.243187266347,1260.1460633253187,1289.419529316732,1275.126020697224,2,dlbcl,females
2015,1312.1676554202554,1295.7459857749152,1327.6637204585757,1312.0214324083238,2,dlbcl,females
2016,1297.1046793177907,1281.0642611481994,1312.6514079745734,1297.180017894184,2,dlbcl,females
2017,1317.9923398544506,1306.6428447484961,1329.6962861987645,1317.991782053921,2,dlbcl,females
2018,1312.8762174029625,1300.1018558607398,1325.9993770414376,1313.027618284505,2,dlbcl,females
2019,1380.128517774877,1365.0707441478278,1395.3791233420075,1380.3084309460633,2,dlbcl,females
2020,1478.7995852018496,1461.235657012431,1497.260657346562,1478.7382104722901,2,dlbcl,females
2021,1539.2191363627257,1518.6411442476053,1560.1499347563852,1539.087706172705,2,dlbcl,females
2022,1577.086669884999,1527.0843888777438,1626.617463741955,1577.5888792498477,2,dlbcl,females
2023,1608.2819389516822,1523.3837640495838,1694.35136887598,1608.9248920323892,2,dlbcl,females
2024,1650.1462420290675,1561.5239243403369,1739.4836628044086,1649.91004239943,2,dlbcl,females
2025,1689.79011890651,1596.3388136429737,1784.0326423471354,1690.6181227741213,2,dlbcl,females
2026,1732.1056769692627,1634.9553297458442,1832.7282654049914,1732.5364717634943,2,dlbcl,females
2027,1774.7352654363797,1670.3295144255783,1882.2133229447904,1774.9476578669442,2,dlbcl,females
2028,1815.6800415889957,1705.3103628400338,1931.271931940461,1816.341647749517,2,dlbcl,females
2029,1855.4423660050988,1738.4773839952231,1977.3385730501154,1856.6836423787772,2,dlbcl,females
2030,1892.8560021741705,1771.5082277952404,2025.3779944200178,1895.6616255172437,2,dlbcl,females
2031,1929.7721540264454,1799.6379069347324,2072.8245797949644,1933.2879946712233,2,dlbcl,females
2032,1965.3609214078742,1825.8923085281413,2115.6902182668605,1967.889104805382,2,dlbcl,females
2033,1995.2707992600945,1847.8613506534846,2151.5533292781865,1997.0846344099343,2,dlbcl,females
2034,2024.014839289973,1869.621092724009,2189.6072362060145,2026.4380094947014,2,dlbcl,females
2035,2053.7362590775433,1889.2208778720874,2228.290635837692,2056.2901538413994,2,dlbcl,females
2036,2084.9424881348104,1909.675403385816,2269.4653904010383,2087.268025206443,2,dlbcl,females
2037,2115.9941553429853,1932.3026284825685,2312.7065861402025,2118.4743627738776,2,dlbcl,females
2038,2144.5300530848726,1951.368148194072,2353.9751028134965,2148.3266364247656,2,dlbcl,females
2039,2172.8233265711324,1967.870032639219,2393.443247658959,2176.4418027106226,2,dlbcl,females
2040,2199.879481061614,1983.3418941027012,2431.2877695008006,2202.766847188626,2,dlbcl,females
2041,2224.1680526565824,1993.477327927025,2470.363007971958,2227.4524612279283,2,dlbcl,females
2042,2245.0354862915606,2002.9952615717098,2512.184558182141,2250.889501936471,2,dlbcl,females
2043,2268.02304704742,2012.3363619959507,2553.6308981634406,2273.6780835963777,2,dlbcl,females
2044,2292.6405284227308,2026.644038379746,2593.063449236576,2296.6860023108934,2,dlbcl,females
2045,2314.5976946120354,2042.352691889942,2628.015497290019,2320.325290231949,2,dlbcl,females
2012,1674.5404793020289,1660.0143506609459,1688.7211236133116,1674.5380372172142,3,dlbcl,females
2013,1713.772944164012,1696.2104290696968,1731.4674596865284,1714.054526274958,3,dlbcl,females
2014,1788.0248456506579,1768.1554689195073,1806.028968264404,1787.7086070835612,3,dlbcl,females
2015,1821.2112567641507,1801.6725815189643,1839.042611655396,1821.0276193189716,3,dlbcl,females
2016,1862.6670510594122,1843.570956134461,1880.64230922043,1862.272596571031,3,dlbcl,females
2017,1866.362672594879,1850.7297639456274,1881.7907667627535,1865.967574983011,3,dlbcl,females
2018,1867.7354080889945,1850.430362847966,1884.7091357593463,1867.890465304221,3,dlbcl,females
2019,1949.3877502601717,1931.0793921951101,1966.625349611094,1949.1661096890507,3,dlbcl,females
2020,2033.9339019117447,2013.4188633111883,2054.5224438116215,2033.7974278235877,3,dlbcl,females
2021,2165.495395570331,2142.8818089135602,2189.43744422107,2165.534281614873,3,dlbcl,females
2022,2233.5952165683275,2182.6328976872805,2285.918159559328,2232.9384732152007,3,dlbcl,females
2023,2288.4177332754293,2204.136606697553,2378.0103641226324,2287.9920770877216,3,dlbcl,females
2024,2337.032367234011,2219.324035648762,2460.5255678950552,2338.640424500497,3,dlbcl,females
2025,2397.635851928786,2272.6590823872975,2527.6310849194547,2399.2278781714926,3,dlbcl,females
2026,2460.5154775056762,2328.7637241743123,2593.7885592209727,2460.6575906156518,3,dlbcl,females
2027,2521.873430370867,2383.1831226426107,2667.08732993927,2522.939131246462,3,dlbcl,females
2028,2583.3685302236822,2436.621581797907,2743.5353461511077,2585.23225248926,3,dlbcl,females
2029,2645.254689675884,2487.5294002676455,2816.5310281272536,2646.169769220282,3,dlbcl,females
2030,2702.7830594522693,2537.411837443863,2886.3553297149583,2705.3902307523617,3,dlbcl,females
2031,2759.193697421802,2582.532515326957,2956.8911080053504,2762.70174358373,3,dlbcl,females
2032,2813.0441915715387,2623.145859587368,3023.3537835438456,2816.4000848503015,3,dlbcl,females
2033,2858.4056340541565,2659.7323070824673,3085.077720351306,2864.237401159512,3,dlbcl,females
2034,2899.9970220075857,2687.9863275511125,3139.820609145977,2905.665606835552,3,dlbcl,females
2035,2942.4633493558617,2714.7492778128403,3201.924369942027,2947.510279893306,3,dlbcl,females
2036,2984.9500860104845,2746.8183477616303,3260.53149686696,2990.877718560201,3,dlbcl,females
2037,3028.9440593511995,2778.515880802058,3319.468346896275,3034.5730911452047,3,dlbcl,females
2038,3071.380184458594,2806.4995899767923,3376.196830964584,3077.784853588631,3,dlbcl,females
2039,3113.2999575054864,2833.9368340529186,3434.353545873866,3118.766411446224,3,dlbcl,females
2040,3152.1106256991134,2859.0166155218667,3489.9605429195526,3157.365575275978,3,dlbcl,females
2041,3188.026154708445,2880.9685589600067,3543.5957324773503,3193.573237791112,3,dlbcl,females
2042,3221.7655022381996,2903.5396583431398,3598.452303974874,3227.8566385707613,3,dlbcl,females
2043,3253.0409386219726,2921.5682320682913,3646.2354655632967,3260.828114073874,3,dlbcl,females
2044,3283.556561583302,2937.803790711828,3701.3443663509493,3293.5988300213166,3,dlbcl,females
2045,3316.9204639526397,2952.730127818413,3755.509136790159,3326.7803104882514,3,dlbcl,females
2012,2529.671336896605,2509.090381272493,2551.7381239590572,2529.9385713281426,5,dlbcl,females
2013,2603.666477060544,2580.9532729896946,2626.3954590680864,2603.6523867105802,5,dlbcl,females
2014,2692.1465881807862,2669.105032534894,2715.3396850606764,2692.1410566123623,5,dlbcl,females
2015,2760.066562035919,2736.137524005282,2784.186202549101,2760.450673483391,5,dlbcl,females
2016,2810.1081929594257,2784.692426912146,2834.1723775444,2809.690702660541,5,dlbcl,females
2017,2863.9098624912895,2841.819206711473,2885.1821921458313,2863.6536577202933,5,dlbcl,females
2018,2899.5763670755996,2874.9459851546876,2924.050212185997,2899.6549050570334,5,dlbcl,females
2019,2972.3738919289517,2948.211063892181,2998.4353388257077,2972.413960880749,5,dlbcl,females
2020,3073.845071931348,3048.7735410139885,3100.126034276751,3074.0023884048287,5,dlbcl,females
2021,3198.547861964964,3172.5759440356182,3226.3255307872037,3199.054744427021,5,dlbcl,females
2022,3319.5556178369534,3269.908516004596,3375.1119476556346,3319.41113454258,5,dlbcl,females
2023,3467.8571975419577,3383.7259210692573,3559.7519620075163,3467.848527177094,5,dlbcl,females
2024,3568.4592269621126,3449.608916305462,3698.5758182412533,3568.81146045541,5,dlbcl,females
2025,3656.227660364373,3501.871970610186,3822.351990559596,3657.35959699512,5,dlbcl,females
2026,3742.9971302492613,3555.2534677645262,3947.099229360838,3745.6921119701665,5,dlbcl,females
2027,3840.4185088537074,3648.2465243394176,4062.757876530001,3843.8423547741486,5,dlbcl,females
2028,3938.9309693687683,3732.373009190882,4179.4176150502435,3942.040964849562,5,dlbcl,females
2029,4035.705016822244,3813.511691589154,4284.888211243295,4040.2246486494337,5,dlbcl,females
2030,4133.331508182306,3899.5810486644114,4399.8556366135035,4137.409737816225,5,dlbcl,females
2031,4227.781278430435,3976.8206455612467,4513.109740617895,4232.11006267897,5,dlbcl,females
2032,4316.762627932918,4045.384423499944,4621.974916529859,4322.336007507375,5,dlbcl,females
2033,4398.753324028003,4108.8119372984065,4729.897885480358,4405.627110263196,5,dlbcl,females
2034,4474.889460989133,4166.1065494554305,4827.453258113775,4481.540447537568,5,dlbcl,females
2035,4544.087929289659,4221.542048029693,4918.9584452331155,4551.4983366903825,5,dlbcl,females
2036,4610.447759426025,4268.12090934238,5006.3136402856535,4616.201010303175,5,dlbcl,females
2037,4674.500923964785,4307.621658252633,5096.498461056381,4681.55608783964,5,dlbcl,females
2038,4738.51156758415,4351.548554035843,5190.920429078664,4746.894774229325,5,dlbcl,females
2039,4801.764410486958,4394.45212637495,5272.517171032349,4810.902492021781,5,dlbcl,females
2040,4864.687563416033,4431.725292698381,5362.052807278418,4872.8662329379295,5,dlbcl,females
2041,4920.287800723398,4469.048646164723,5452.8358441028495,4931.503259687038,5,dlbcl,females
2042,4974.9363757971805,4503.33319041719,5547.6522452472855,4987.054409038108,5,dlbcl,females
2043,5027.601279213648,4529.376796141786,5630.401244420096,5040.100981522126,5,dlbcl,females
2044,5077.246718841112,4557.350403452747,5710.123561227735,5091.842890562182,5,dlbcl,females
2045,5126.6646561451935,4581.1737950785055,5796.267423894514,5143.063646055436,5,dlbcl,females
2012,4109.896679808333,3990.196583979769,4232.679739432252,4108.535581976842,10,dlbcl,females
2013,4251.003946394219,4136.572819774836,4370.038588176409,4250.278688221922,10,dlbcl,females
2014,4427.354635012225,4315.585984002285,4542.124336529976,4427.710952162565,10,dlbcl,females
2015,4514.4802510024465,4408.63280865639,4620.081829986408,4512.892509880506,10,dlbcl,females
2016,4622.01213674298,4523.7203049456775,4728.051452572776,4621.691720437776,10,dlbcl,females
2017,4760.471343342097,4671.324471375886,4859.164623605322,4761.008832031998,10,dlbcl,females
2018,4855.387852933549,4779.019585560895,4939.121871154138,4855.5080877305145,10,dlbcl,females
2019,4993.908440602408,4924.294464296063,5066.020235256073,4994.73577694375,10,dlbcl,females
2020,5153.288936158591,5078.192439374739,5227.888797104353,5152.082799597099,10,dlbcl,females
2021,5321.715407922574,5221.130952425418,5421.848990714468,5321.601532623393,10,dlbcl,females
2022,5485.669367744773,5385.358155114173,5590.635206101551,5486.353804939615,10,dlbcl,females
2023,5662.806488080101,5555.145736750275,5778.587952580533,5662.276913933733,10,dlbcl,females
2024,5815.256897465208,5678.968299949994,5950.960201447266,5813.913842758692,10,dlbcl,females
2025,5988.858092214477,5821.140023816783,6166.473904459955,5987.317617389192,10,dlbcl,females
2026,6168.093250016994,5955.090747787397,6395.425465887661,6168.243435315479,10,dlbcl,females
2027,6359.736109214323,6108.097018456703,6632.626701966755,6361.705811183134,10,dlbcl,females
2028,6580.134445277405,6293.538787678475,6903.551855418186,6583.87205492495,10,dlbcl,females
2029,6764.66914641483,6429.851067733206,7141.661395344436,6768.233625489335,10,dlbcl,females
2030,6929.955996263929,6545.804126630705,7362.769712721497,6936.12470588601,10,dlbcl,females
2031,7094.6491206618875,6666.556763455552,7589.00875115254,7106.142491685421,10,dlbcl,females
2032,7262.057059938858,6810.278296045363,7802.081950370266,7279.104911865519,10,dlbcl,females
2033,7432.271893120557,6929.530333115536,8015.9660274247735,7445.688201019958,10,dlbcl,females
2034,7587.25836491743,7043.668505380059,8216.409261079994,7605.113991545725,10,dlbcl,females
2035,7737.833932426507,7158.676716410758,8414.612202131255,7758.00482245951,10,dlbcl,females
2036,7885.35963803276,7266.436120423929,8607.801228463073,7903.865077103695,10,dlbcl,females
2037,8025.492486903051,7378.934948982527,8789.044340794364,8042.112651575443,10,dlbcl,females
2038,8153.504475339852,7463.34175741523,8956.046962065378,8172.326792906728,10,dlbcl,females
2039,8272.92536109693,7541.6747290603325,9122.227111390881,8294.011861480212,10,dlbcl,females
2040,8384.509479326305,7629.910542285475,9284.757688690697,8406.937552122907,10,dlbcl,females
2041,8481.80388429428,7708.741984698303,9441.736299152713,8510.77874269141,10,dlbcl,females
2042,8581.595563528976,7754.311007442098,9607.224659426185,8612.267426872588,10,dlbcl,females
2043,8678.855695422988,7811.549296723422,9755.008014732737,8711.510072388834,10,dlbcl,females
2044,8773.317582757329,7870.191005354496,9905.65455942071,8808.871706925322,10,dlbcl,females
2045,8865.571558385283,7925.991405715879,10053.405559640385,8904.646540295302,10,dlbcl,females
2012,6948.597430289699,5681.097333718843,8490.9628891277,6969.995087861965,40,dlbcl,females
2013,7253.07963012284,5927.9607913519185,8880.198767197951,7266.641782756098,40,dlbcl,females
2014,7594.46310014027,6223.133042364682,9302.544080312106,7616.056654422609,40,dlbcl,females
2015,7907.34031360124,6475.7987473874655,9673.524787193484,7929.113201153236,40,dlbcl,females
2016,8209.466446108729,6745.366917102779,10043.607250739151,8238.815821744634,40,dlbcl,females
2017,8524.103524980581,7013.298555282383,10430.599168769762,8555.145654992342,40,dlbcl,females
2018,8808.262996802543,7267.272687387007,10799.028331432337,8843.867455602232,40,dlbcl,females
2019,9167.017380127574,7599.142787510765,11210.85658646161,9210.319733889086,40,dlbcl,females
2020,9536.941271478932,7938.234179409595,11586.223478178803,9583.75797718385,40,dlbcl,females
2021,9927.58407869558,8313.29060165734,12033.073902051528,9980.0759844866825,40,dlbcl,females
2022,10269.126774795712,8628.616875624824,12353.166231209469,10316.413310892674,40,dlbcl,females
2023,10615.204240787265,9025.846240027722,12698.161545821971,10660.131775612048,40,dlbcl,females
2024,10963.569947511744,9406.328640942467,13028.895465123043,11004.82634433068,40,dlbcl,females
2025,11319.730894079139,9790.338482100951,13360.92498024529,11356.59853135545,40,dlbcl,females
2026,11665.848567594034,10177.841727147601,13690.179493713107,11714.65234312844,40,dlbcl,females
2027,12044.498102287911,10566.32545473621,13957.88418354519,12074.685193661717,40,dlbcl,females
2028,12423.370685103422,11000.142544590819,14218.851924647177,12441.397491055535,40,dlbcl,females
2029,12793.409824512792,11419.349538979845,14484.36828499842,12813.068059810199,40,dlbcl,females
2030,13190.930798562451,11842.047284598813,14791.183974650414,13188.263453391395,40,dlbcl,females
2031,13566.411428654075,12255.186115084174,15109.343415170813,13563.750986430785,40,dlbcl,females
2032,13943.391142133174,12651.002663110165,15322.175466615825,13936.445593942812,40,dlbcl,females
2033,14302.072125342213,13065.468369106013,15664.553995768096,14312.066853565408,40,dlbcl,females
2034,14673.166727225902,13446.803763958762,16029.927032776359,14680.794351021656,40,dlbcl,females
2035,15026.785088704286,13802.050738897418,16342.262860824792,15045.479354275418,40,dlbcl,females
2036,15400.7171289411,14153.575763993362,16723.161887895152,15412.87996339978,40,dlbcl,females
2037,15758.822675684314,14512.800573102857,17156.51645215154,15779.365569732352,40,dlbcl,females
2038,16125.730126436221,14811.435984745123,17629.37035075192,16148.282441881334,40,dlbcl,females
2039,16484.402005531963,15035.034765161445,18147.482948305948,16515.229475350505,40,dlbcl,females
2040,16845.28117909829,15260.00757022167,18604.015906890952,16876.050911060727,40,dlbcl,females
2041,17199.711430298637,15439.84968849367,19166.95163645341,17236.281384500926,40,dlbcl,females
2042,17541.04002482658,15603.127871796596,19691.013589194532,17585.19207602952,40,dlbcl,females
2043,17930.865449709243,15806.820258396601,20330.52890633756,17950.413976295855,40,dlbcl,females
2044,18286.168860789283,15999.183243729738,20952.366099610466,18302.08981524272,40,dlbcl,females
2045,18633.62480429453,16054.116579011756,21527.092426812953,18636.192853244887,40,dlbcl,females
2012,1135.4699669663773,1130.0577699500811,1140.425397444216,1135.3525081354737,2,follicular,males
2013,1120.13992182494,1112.6849280710246,1126.7216367936599,1120.050780634325,2,follicular,males
2014,1131.3172838045048,1124.0873778759974,1137.6604639193893,1131.20610603495,2,follicular,males
2015,1190.499235936202,1182.6541410776063,1197.0735139466472,1190.297745338441,2,follicular,males
2016,1231.3316577980863,1222.8765915435722,1238.4088461555389,1231.1337676214664,2,follicular,males
2017,1333.2946220145607,1327.30232369115,1338.505964300198,1333.1884110954259,2,follicular,males
2018,1391.2257661614337,1385.418528577901,1396.5844564408474,1391.1530854089608,2,follicular,males
2019,1423.4207038174573,1416.8450045346194,1429.1891937132896,1423.2558392026085,2,follicular,males
2020,1543.3487811064356,1535.9748780306263,1549.7525185111776,1543.2358404133781,2,follicular,males
2021,1543.3892798456045,1535.1101188362943,1551.0499377372942,1543.3410056664216,2,follicular,males
2022,1528.2386963522836,1484.5445709473177,1573.3469234273512,1527.9908736012885,2,follicular,males
2023,1603.2906582851783,1515.8988079968378,1691.111012691127,1602.7734526083218,2,follicular,males
2024,1644.8681184398865,1555.2190393105338,1738.252311679267,1644.0629641898558,2,follicular,males
2025,1683.898824379594,1590.210819468585,1783.1887267329544,1683.9462635398834,2,follicular,males
2026,1723.874034966649,1627.3793889082608,1828.3814463412666,1724.04600057229,2,follicular,males
2027,1763.3024381626037,1662.6714609582507,1872.0912492124771,1763.416167073928,2,follicular,males
2028,1800.022446422626,1695.7094919428932,1914.9420855662179,1799.624483887861,2,follicular,males
2029,1832.6586305739404,1722.6373730784208,1955.8047340025487,1832.2763729983756,2,follicular,males
2030,1861.5015728498665,1743.8509586361317,1993.255448008705,1861.6128741419134,2,follicular,males
2031,1887.2454113951198,1766.6763875410104,2026.3667780112248,1888.1025801055102,2,follicular,males
2032,1909.3282781779733,1781.3608848239178,2055.9321420813085,1911.1957327643304,2,follicular,males
2033,1929.2203052183795,1795.6863520143881,2083.52915653903,1930.3077394965358,2,follicular,males
2034,1946.901072053121,1808.920065760162,2108.854692776906,1948.210880107582,2,follicular,males
2035,1963.3811676133091,1817.002572495266,2133.454737637819,1965.351258305788,2,follicular,males
2036,1980.194867527561,1824.9905590247902,2160.447022565751,1981.890998307578,2,follicular,males
2037,1994.796494887265,1830.90323311811,2182.087962326521,1996.516695583108,2,follicular,males
2038,2005.0600740279247,1833.7800472144836,2199.8811660561532,2006.8985759829181,2,follicular,males
2039,2010.17457509631,1832.6560040347933,2215.3842557297867,2012.6746389519747,2,follicular,males
2040,2011.4483880851076,1827.6107921542311,2226.8166156250277,2014.2710626110118,2,follicular,males
2041,2008.888348833647,1819.1986684706058,2231.6618472021996,2012.4951019996122,2,follicular,males
2042,2003.740248896408,1806.1933832786253,2235.9265839458494,2007.8892955200497,2,follicular,males
2043,1996.1284944844792,1790.7968558774396,2236.379900593327,2001.1216494801447,2,follicular,males
2044,1988.140917608744,1778.949355323107,2236.30762675486,1994.462845110238,2,follicular,males
2045,1982.4332493486627,1765.7001172768582,2238.5029555020715,1989.3135295439013,2,follicular,males
2012,1659.2351017397448,1651.6795498582128,1666.3195420386478,1659.2237230750495,3,follicular,males
2013,1648.01229968642,1638.946175949377,1656.0385411060904,1647.802499147758,3,follicular,males
2014,1683.2446086818952,1673.8960291925855,1691.8632044449826,1683.3083508539135,3,follicular,males
2015,1707.2196279879452,1697.5635904016626,1716.0529536137296,1707.1709942007346,3,follicular,males
2016,1793.3325223915513,1783.1717683913323,1802.7125364673482,1793.2587173482975,3,follicular,males
2017,1906.787462886924,1898.298163016862,1915.4686706535674,1906.9159781323056,3,follicular,males
2018,1994.863902965214,1985.6800526786237,2002.9401003317917,1994.6844078754448,3,follicular,males
2019,2094.4711183066693,2085.9434607831486,2101.981043742218,2094.3543080686864,3,follicular,males
2020,2199.3515021510448,2189.709673213401,2208.101782694332,2199.329128905228,3,follicular,males
2021,2247.9529649986257,2237.3555283453434,2257.96159876824,2247.936854630796,3,follicular,males
2022,2302.1659524051365,2258.1252783389773,2348.0555966179654,2302.1730942398917,3,follicular,males
2023,2309.277502018399,2222.619897219733,2398.672714994222,2309.125819062752,3,follicular,males
2024,2400.13088668178,2271.3831263677152,2536.300475944359,2400.9242490438,3,follicular,males
2025,2461.85361666404,2327.008198087971,2602.1654855127313,2461.350596488829,3,follicular,males
2026,2521.82461632746,2382.5324321975895,2670.920167657887,2521.034422172941,3,follicular,males
2027,2578.946105077942,2431.510507701091,2736.781635240837,2579.5777687287364,3,follicular,males
2028,2635.761952992285,2482.994438353353,2803.869852671185,2635.6028659282397,3,follicular,males
2029,2687.464072168108,2531.0028333900714,2861.274074815259,2686.7781841209285,3,follicular,males
2030,2731.7088538439893,2564.718345493771,2916.34531140676,2733.018454955664,3,follicular,males
2031,2773.1950245847556,2604.1892891643224,2969.444876236179,2774.690033807148,3,follicular,males
2032,2809.2548545187105,2627.9651412523954,3016.964063017677,2811.5439229401436,3,follicular,males
2033,2840.0888913918916,2651.221710694807,3062.268454811011,2843.2403492478697,3,follicular,males
2034,2865.254882800538,2666.053189410538,3100.4784568275218,2869.529790203496,3,follicular,males
2035,2889.665819581446,2682.2138658853564,3137.5482598738945,2894.213307372707,3,follicular,males
2036,2914.2122495466483,2695.163663707304,3174.2486982640285,2918.346203818763,3,follicular,males
2037,2935.607567830824,2705.2754102849003,3209.4210169193743,2940.0365347989386,3,follicular,males
2038,2953.828673536986,2711.355906735044,3238.9794078707932,2957.5490641621973,3,follicular,males
2039,2964.1407790625863,2711.059875659897,3261.362306064266,2968.6693254163597,3,follicular,males
2040,2967.945530535332,2706.65588455056,3278.8011252915685,2973.3851387424215,3,follicular,males
2041,2965.6968656459785,2694.632136653198,3289.404440463952,2972.541526801424,3,follicular,males
2042,2958.9958011320214,2679.0939510740036,3298.7393860491966,2966.9525870429593,3,follicular,males
2043,2948.261049416302,2661.9572709704844,3300.9272191066325,2957.6382374049,3,follicular,males
2044,2937.4018188702667,2638.7584019854903,3301.58692613569,2947.0588757421942,3,follicular,males
2045,2927.5684923466333,2619.6080143238787,3302.5821416339872,2937.11119046432,3,follicular,males
2012,2551.662371978297,2538.7692651073785,2563.5016897204887,2551.4051262033804,5,follicular,males
2013,2619.130873847309,2605.7652473630164,2632.4899516630535,2619.1199358620634,5,follicular,males
2014,2673.3675641173736,2660.097360387026,2686.740394973768,2673.3951830346073,5,follicular,males
2015,2725.5381027251824,2711.541862155888,2738.796088159963,2725.3564137893504,5,follicular,males
2016,2803.4468189691634,2789.7744243138004,2817.177568551103,2803.6043266735423,5,follicular,males
2017,2927.5737651165173,2914.936841846437,2939.9499262321165,2927.743823276468,5,follicular,males
2018,3068.7596441388223,3055.0810321774566,3082.0011900535847,3068.649322850832,5,follicular,males
2019,3208.110809389938,3195.552680390587,3221.747958687506,3208.3369231019756,5,follicular,males
2020,3406.325868850866,3393.1429871810196,3419.4056848962387,3406.496035521063,5,follicular,males
2021,3496.9558643499413,3483.0013188739586,3511.110161895296,3497.023199459716,5,follicular,males
2022,3583.2156820547043,3538.193992903276,3631.200953756092,3583.9043600307423,5,follicular,males
2023,3707.772776528106,3618.491530151607,3797.7521865408066,3707.062452112555,5,follicular,males
2024,3798.4320261881085,3665.6002875123345,3933.1978954123265,3797.7532429271764,5,follicular,males
2025,3841.5367062933315,3665.7565269246006,4020.7627479635184,3840.8756390546664,5,follicular,males
2026,3962.358552591445,3746.19080754203,4191.637720732722,3963.025540987074,5,follicular,males
2027,4055.8486131117265,3834.4788993321754,4294.694305203065,4058.433588245126,5,follicular,males
2028,4146.654835391797,3917.1295729200856,4402.828559840236,4149.976766704344,5,follicular,males
2029,4233.752267458501,3999.3082340649894,4507.400142353432,4236.761012663214,5,follicular,males
2030,4311.598551830479,4060.1878580852667,4601.203322253491,4317.821391292207,5,follicular,males
2031,4384.517041432933,4119.612746996381,4693.027333058356,4391.375781913526,5,follicular,males
2032,4447.489695016309,4167.434603954877,4775.762124553527,4456.7944939747795,5,follicular,males
2033,4504.600728318587,4209.690858980805,4852.373068866797,4513.699248687906,5,follicular,males
2034,4550.885976232285,4240.997391821627,4922.322591359524,4562.527012669086,5,follicular,males
2035,4592.499582649333,4269.5593661685,4979.606370413946,4603.539606576562,5,follicular,males
2036,4628.681121343923,4287.729780531276,5030.154469835948,4637.660281715158,5,follicular,males
2037,4659.575987912071,4301.36051333764,5082.767516750677,4669.1199327031945,5,follicular,males
2038,4687.853161166624,4313.545987601411,5130.338996713735,4696.344943450004,5,follicular,males
2039,4709.401895260427,4318.960175812237,5170.675387412912,4716.953094282285,5,follicular,males
2040,4722.2161483726795,4316.1869333331315,5200.730400781283,4729.657350789584,5,follicular,males
2041,4724.6424510188435,4303.900856007249,5217.570832987796,4733.16432837703,5,follicular,males
2042,4718.452392763635,4282.838104594715,5230.316750050022,4727.867357382155,5,follicular,males
2043,4705.214262350191,4254.702258170698,5224.616021977089,4715.087100495931,5,follicular,males
2044,4687.273167745671,4222.4575393491805,5227.0056990640005,4697.616827654475,5,follicular,males
2045,4666.3043260633285,4186.5683674316315,5220.199901355736,4677.756316726415,5,follicular,males
2012,4331.55379258187,4242.847075604806,4414.793787088901,4331.270021132262,10,follicular,males
2013,4432.613475839803,4346.097783262704,4514.476278325145,4432.213147527168,10,follicular,males
2014,4569.353719542369,4486.545532464325,4649.682164332877,4569.1798585044735,10,follicular,males
2015,4690.2583355241295,4613.231220618838,4765.851403969855,4690.45104781727,10,follicular,males
2016,4814.467044654391,4743.805333130423,4885.141860351756,4814.300873013772,10,follicular,males
2017,5038.343670168168,4973.788072966493,5104.515220967158,5038.970265299505,10,follicular,males
2018,5240.791892777514,5181.216954687405,5302.468606467182,5241.326541047792,10,follicular,males
2019,5437.051852053895,5383.658532163527,5493.921006863993,5437.212347773888,10,follicular,males
2020,5684.126747088569,5623.525402983032,5742.355066952861,5683.277989054995,10,follicular,males
2021,5851.707417613839,5780.085198514145,5926.833594325789,5851.592489641318,10,follicular,males
2022,6038.501670640812,5959.764624300044,6118.492567051562,6039.549199458113,10,follicular,males
2023,6268.247719929998,6168.151833780563,6382.180316034108,6270.948329924982,10,follicular,males
2024,6479.064218419135,6339.704022867261,6625.945580061657,6480.556424518154,10,follicular,males
2025,6691.63956330218,6507.1329562505625,6889.189652986026,6695.05147542867,10,follicular,males
2026,6886.929953582223,6650.371744806613,7127.651044745084,6889.2252284906235,10,follicular,males
2027,7056.105658414408,6775.280771752346,7343.640583566577,7058.577211561663,10,follicular,males
2028,7255.056746236853,6928.514469712915,7597.40135956567,7257.469425544622,10,follicular,males
2029,7415.607369410804,7040.152854461234,7810.8897563902165,7417.706438989665,10,follicular,males
2030,7529.603021387263,7107.690000855159,7984.269355187852,7531.980332027945,10,follicular,males
2031,7704.431982377868,7239.145710825734,8221.897604860847,7709.29091261693,10,follicular,males
2032,7854.568194477753,7361.911223455894,8413.771552117218,7858.930880762906,10,follicular,males
2033,7992.101879373469,7475.537479734594,8600.412604270474,7997.458506429652,10,follicular,males
2034,8115.04050793289,7572.069155287345,8773.3958426196,8123.901053771662,10,follicular,males
2035,8225.493280451503,7640.398320187266,8915.845124336867,8237.277340514178,10,follicular,males
2036,8326.136752238534,7702.105534202548,9061.331627658488,8336.686174531831,10,follicular,males
2037,8408.782425937676,7747.329716935659,9176.146312810293,8420.457611540902,10,follicular,males
2038,8472.581042754773,7774.1172096484515,9283.462192200694,8487.393355079992,10,follicular,males
2039,8523.440673657355,7788.168117391314,9366.454902461723,8536.720290181149,10,follicular,males
2040,8552.826386863573,7784.921107747925,9435.709386230272,8567.90093554756,10,follicular,males
2041,8565.817345658033,7768.402517889128,9474.492769088085,8580.655914661998,10,follicular,males
2042,8569.425160889969,7740.984546781942,9513.011619197323,8583.0480896007,10,follicular,males
2043,8558.337252680649,7703.071891017066,9546.684141307367,8575.013679320007,10,follicular,males
2044,8539.104275992442,7655.209747460279,9581.073316150845,8557.400272700765,10,follicular,males
2045,8506.34912367434,7598.9293075529,9596.330940122023,8531.325892908917,10,follicular,males
2012,7572.787331281631,6625.034762581983,8653.03785066358,7586.369727524591,40,follicular,males
2013,7879.60961703085,6887.655112444303,9008.29615835254,7895.588930246,40,follicular,males
2014,8230.023740344666,7196.069907274953,9428.87009023969,8246.953926292414,40,follicular,males
2015,8587.61045692565,7508.802590791151,9839.666159631497,8604.337804338613,40,follicular,males
2016,8971.08325088104,7844.983694538566,10277.11462939312,8983.313148848094,40,follicular,males
2017,9414.750736977085,8251.800071540785,10754.543960160889,9429.168373288328,40,follicular,males
2018,9839.031580430543,8639.96446197532,11242.028186385793,9853.251927488485,40,follicular,males
2019,10290.240775773402,9071.200088728348,11765.252898634932,10311.667745398894,40,follicular,males
2020,10809.017358539768,9558.435117397474,12347.183233072858,10831.447418321583,40,follicular,males
2021,11242.881287622527,9964.545984762204,12829.024116016064,11267.735086389472,40,follicular,males
2022,11681.726403673696,10382.230613256508,13258.209362600352,11695.885429426837,40,follicular,males
2023,12118.140124385347,10797.270271576968,13681.598654603034,12130.25546370802,40,follicular,males
2024,12561.212113882604,11243.496826608702,14103.887950878472,12567.147498963448,40,follicular,males
2025,12989.85898819927,11731.24724299182,14526.447116262048,13008.485873106698,40,follicular,males
2026,13436.0967024396,12197.942791954161,14920.181461742657,13452.818983455423,40,follicular,males
2027,13874.295595184436,12646.295797087101,15343.202906538125,13897.362987275523,40,follicular,males
2028,14322.156130338772,13135.634381364645,15754.464810728963,14346.605203578487,40,follicular,males
2029,14762.526139722297,13610.696886471007,16208.951180155214,14794.145881960801,40,follicular,males
2030,15186.554346531837,14052.272046322872,16605.69773494321,15228.823767382031,40,follicular,males
2031,15624.741033724918,14501.96633002462,16995.357326316538,15664.35485741022,40,follicular,males
2032,16057.382918625804,14930.852758239285,17393.334364859933,16090.095164745328,40,follicular,males
2033,16467.833873507552,15383.651255950099,17805.740760618824,16508.457111635966,40,follicular,males
2034,16887.4768309295,15812.734867506017,18235.29530725915,16926.760933383026,40,follicular,males
2035,17280.919911976038,16160.911630917504,18672.823711607307,17338.61466481442,40,follicular,males
2036,17683.91358795843,16555.078158339333,19096.493005696935,17741.33019314477,40,follicular,males
2037,18084.43836658775,16916.136391479024,19540.713903941436,18140.84003876546,40,follicular,males
2038,18491.047869906215,17235.35993501718,20012.794561895156,18532.47379063573,40,follicular,males
2039,18872.518311431828,17499.553524933825,20577.355281786768,18908.66336559041,40,follicular,males
2040,19218.190162205057,17726.729695266404,21094.383613352216,19262.448865984108,40,follicular,males
2041,19546.087283810833,17875.27584739641,21613.42406613093,19594.294616090785,40,follicular,males
2042,19862.050253590038,18079.680472307537,22136.375532150854,19912.58895354364,40,follicular,males
2043,20155.70572663486,18181.706420912597,22579.937847850553,20216.219989945977,40,follicular,males
2044,20452.442816643656,18279.858242200615,23089.95159616497,20500.996638738932,40,follicular,males
2045,20698.80755553441,18370.148651962914,23566.655139834962,20761.378854219634,40,follicular,males
2012,913.3229196654758,909.4983660613372,916.8092217578973,913.2469761473536,2,follicular,females
2013,992.0423004464492,985.4950937041367,996.5895143130134,991.8390793391908,2,follicular,females
2014,1029.4774992475132,1022.7501359522427,1034.3632649081817,1029.3155498309595,2,follicular,females
2015,1031.6678156257592,1024.6414428040146,1036.6221761013269,1031.3764200684686,2,follicular,females
2016,1051.6973637786914,1044.783094310941,1056.5759804291486,1051.3862914612891,2,follicular,females
2017,1158.8534083396119,1153.547196420529,1163.0033055176095,1158.623336188906,2,follicular,females
2018,1166.0968544964535,1160.29271097703,1170.5278501556768,1165.8386491976805,2,follicular,females
2019,1120.3267345661393,1114.3658015106232,1124.718735535415,1120.0225136695622,2,follicular,females
2020,1239.2510507240497,1232.6271333157815,1244.14356100523,1239.002001476237,2,follicular,females
2021,1263.2858226932974,1255.5753790694446,1269.4749357066423,1263.0372351733736,2,follicular,females
2022,1213.3557722110204,1175.535750218315,1248.8949951722823,1212.9690448738886,2,follicular,females
2023,1263.131065546194,1189.7469167791787,1335.5844374757096,1262.0869019954268,2,follicular,females
2024,1290.3344528693813,1215.8584941290758,1363.0001211088932,1288.9252120215874,2,follicular,females
2025,1313.9951123394526,1238.1727182490545,1388.8624572693623,1313.6212860735375,2,follicular,females
2026,1337.43480272355,1259.0315836647692,1416.296010684391,1337.2330295189538,2,follicular,females
2027,1358.679813373704,1278.0072959537615,1442.241084635362,1358.9204885752129,2,follicular,females
2028,1377.0910046464423,1293.7514080181134,1464.3892114597293,1377.2661010758527,2,follicular,females
2029,1391.6608938901813,1306.6676457756803,1483.2669376655224,1392.591096091863,2,follicular,females
2030,1404.2459251410419,1314.5685250136296,1502.2292636189409,1404.9328705115252,2,follicular,females
2031,1413.8831288881374,1317.7276872015968,1517.9242582698869,1414.4144424919216,2,follicular,females
2032,1420.74165545342,1320.1204512104302,1529.5264773058318,1420.961790327958,2,follicular,females
2033,1424.9121769473695,1317.6395067880478,1538.78793615634,1424.8461334172898,2,follicular,females
2034,1429.072221548614,1315.7021780316525,1547.8587312363957,1428.0229236406653,2,follicular,females
2035,1430.5907365819608,1316.114109550545,1555.471328720165,1430.5177917666417,2,follicular,females
2036,1431.502835191337,1311.527497818363,1563.0384704765538,1432.046910552464,2,follicular,females
2037,1429.7750475638413,1306.4228775042034,1567.9387896108453,1431.4510825196967,2,follicular,females
2038,1425.5044369358468,1297.086028474067,1569.1741649159146,1427.259853490292,2,follicular,females
2039,1418.0648500320942,1286.7652038890924,1567.054260319746,1419.7175226942752,2,follicular,females
2040,1407.8459710703412,1273.2781342388655,1561.7027753322232,1409.2179137336361,2,follicular,females
2041,1395.5249374996827,1257.463789397352,1550.048871710796,1396.159090275445,2,follicular,females
2042,1380.9430127507817,1239.9256828025061,1537.3552120043653,1381.1836033576274,2,follicular,females
2043,1365.0290128100014,1219.1381343193846,1524.7857214333394,1365.0063714822568,2,follicular,females
2044,1349.9014875318453,1199.0043392798084,1512.3676008698974,1349.2822363751732,2,follicular,females
2045,1335.7645903812931,1180.6250114132918,1502.778100086219,1334.9912307730062,2,follicular,females
2012,1370.4341221469244,1364.8420657843535,1376.4369509012972,1370.436832490857,3,follicular,females
2013,1393.763639377109,1386.606220619348,1399.9960350204883,1393.7037949728133,3,follicular,females
2014,1504.6568033648214,1496.2255359122407,1511.322106456317,1504.3226962699116,3,follicular,females
2015,1510.2956144164584,1501.65892500982,1516.946113659086,1509.9606936415644,3,follicular,females
2016,1560.9039520605625,1552.1025949242849,1567.8846261688345,1560.6493797968194,3,follicular,females
2017,1643.3669277325469,1635.5221891458596,1649.1219566804941,1643.108572838351,3,follicular,females
2018,1694.1872573851376,1686.1776864338278,1701.1021336642993,1694.1020824079849,3,follicular,females
2019,1704.8630575457578,1698.0651111604373,1711.191671178272,1704.7431565635354,3,follicular,females
2020,1773.1451613087163,1765.2867821661782,1780.2251953548669,1772.9206113397345,3,follicular,females
2021,1805.3390948349813,1796.094430236075,1813.5003967124944,1805.043820036832,3,follicular,females
2022,1863.0787161970388,1825.3140509924524,1899.278155260012,1862.858242206287,3,follicular,females
2023,1828.6169449679421,1754.9605831944143,1900.951575956208,1828.3796886853313,3,follicular,females
2024,1888.1204567910097,1778.2809937733396,1995.7967417897162,1888.1915220919313,3,follicular,females
2025,1925.3938686491622,1814.762386994237,2038.6308585826557,1926.5353865872387,3,follicular,females
2026,1962.7138520240658,1848.1765715175873,2081.906187541342,1962.758214956859,3,follicular,females
2027,1994.9802538011652,1879.136235779808,2119.905697998148,1996.3452500152518,3,follicular,females
2028,2024.8419222061814,1905.7140670527988,2154.7005618804055,2026.5011919850174,3,follicular,females
2029,2050.071616163803,1926.1744276331972,2185.9413976885608,2051.8591073667485,3,follicular,females
2030,2070.692420102784,1937.858968280033,2215.171679990519,2072.6518093644586,3,follicular,females
2031,2086.323768759852,1948.409692944814,2237.9981354993865,2088.9643724079597,3,follicular,females
2032,2098.176900322374,1954.545137582,2262.518947096339,2100.7930367728595,3,follicular,females
2033,2105.474282154524,1956.0626773663548,2279.5615556774364,2108.6457406070353,3,follicular,females
2034,2110.6737205249083,1955.0395217587695,2290.247709127736,2113.161267481749,3,follicular,females
2035,2113.97913080957,1950.831651977032,2300.2747985210117,2116.528446657154,3,follicular,females
2036,2115.296197826294,1947.3002893184666,2311.2655649110447,2119.029538848314,3,follicular,females
2037,2114.943400179629,1940.0061555438785,2320.313485039071,2118.7655025831186,3,follicular,females
2038,2110.1309661288446,1931.5012539339996,2324.093737623367,2114.6139210469337,3,follicular,females
2039,2101.219302292891,1916.2909165298286,2320.0445909768628,2105.3071474203493,3,follicular,females
2040,2087.9107620459768,1897.9549054168644,2311.5893079696875,2091.199959708452,3,follicular,females
2041,2070.3008978989656,1870.498256904274,2300.002605015173,2072.8783987168895,3,follicular,females
2042,2048.168589368499,1845.5944016204887,2281.6341005384,2051.1028163431174,3,follicular,females
2043,2023.1066325823735,1818.4490898826787,2261.0115353048545,2026.8460113972733,3,follicular,females
2044,1998.2184817934572,1785.5538813622284,2242.0230764835655,2002.2011728926718,3,follicular,females
2045,1974.658421734703,1757.8034540456474,2224.8647543479346,1978.469703835394,3,follicular,females
2012,2219.946571119526,2208.5149056871473,2230.8742064568037,2219.9809355734014,5,follicular,females
2013,2259.2662469645848,2248.127685288993,2269.763693738597,2259.1603810869915,5,follicular,females
2014,2315.261165979015,2304.0194867656264,2325.0870705286975,2315.1797107210054,5,follicular,females
2015,2341.4899966104276,2330.092921907024,2350.8127926827556,2341.1188638662607,5,follicular,females
2016,2467.089964505573,2454.4002571629867,2477.573219863011,2466.7551509888185,5,follicular,females
2017,2581.750105763257,2569.5397826952894,2591.410364099653,2581.3093155487754,5,follicular,females
2018,2639.691227627075,2626.59117422003,2650.030344492903,2639.2435941877984,5,follicular,females
2019,2671.637289942867,2659.7408927968836,2682.6805800159173,2671.587920264973,5,follicular,females
2020,2838.277611549199,2826.244334372049,2849.578214703853,2838.175395303197,5,follicular,females
2021,2871.4669813776604,2859.4370417585515,2881.9725324976853,2871.419129193628,5,follicular,females
2022,2889.870498646602,2852.3817836718017,2928.464772446507,2889.861048263492,5,follicular,females
2023,2972.286529450007,2897.4291456358183,3044.6112361458922,2971.8172393203163,5,follicular,females
2024,3053.6616957917468,2944.6687484450035,3161.4019558087584,3053.3397568076775,5,follicular,females
2025,3046.733803962167,2902.858681137969,3190.562621272844,3046.042934140605,5,follicular,females
2026,3129.803009802676,2949.771676356394,3310.852167150768,3128.48353269934,5,follicular,females
2027,3188.154858922484,3003.148688825302,3379.377148812231,3189.154522775156,5,follicular,females
2028,3241.371004475499,3054.12002490076,3446.1784938192545,3244.849082284557,5,follicular,females
2029,3291.4318319978474,3096.0509839766896,3507.46201257918,3295.2329077174213,5,follicular,females
2030,3334.7781849338235,3134.992466862711,3564.897339688929,3339.604823635038,5,follicular,females
2031,3372.1594895136504,3161.670273319404,3613.0161295961584,3376.6087594499922,5,follicular,females
2032,3401.333828259993,3183.997847729885,3647.387449319359,3406.3083204919235,5,follicular,females
2033,3423.4645968392992,3193.362156148759,3693.7507032718368,3429.075500774799,5,follicular,females
2034,3440.64966319049,3194.2618632460762,3719.0435161198952,3445.7351602070444,5,follicular,females
2035,3450.974090033335,3195.7047864690558,3742.986724578638,3455.750515426389,5,follicular,females
2036,3454.975627080852,3188.046007783873,3759.938936974116,3458.942232762164,5,follicular,females
2037,3455.295448685142,3177.6192799105584,3779.3644320439053,3459.133375001012,5,follicular,females
2038,3451.488188575076,3160.921117864384,3785.9045255793376,3454.984948643397,5,follicular,females
2039,3442.088082484449,3138.39584530523,3789.1642058019092,3444.8127335078557,5,follicular,females
2040,3424.4110857814862,3114.9625186579,3781.039101957096,3427.8304576833134,5,follicular,females
2041,3399.8920746720632,3084.4809575552927,3766.1221613444077,3403.086386553438,5,follicular,females
2042,3369.3889265370344,3043.80435982305,3738.451986246705,3371.452792307031,5,follicular,females
2043,3331.3505292906657,2999.641999494675,3714.9832417026655,3334.2011485043745,5,follicular,females
2044,3290.995918216663,2955.0884835017937,3681.375873211867,3293.7712161480804,5,follicular,females
2045,3249.691267672225,2909.812146994031,3645.262132185889,3252.143600700988,5,follicular,females
2012,3782.966335149913,3703.4951678079183,3859.586063267737,3782.5786047002716,10,follicular,females
2013,3898.4070385894947,3819.920333820001,3969.769524468856,3897.6567226298585,10,follicular,females
2014,4027.2029250156193,3952.0178883388626,4096.821985372932,4026.854146171238,10,follicular,females
2015,4119.497667223619,4046.7038932204473,4187.035189452797,4118.374526630033,10,follicular,females
2016,4264.692672899482,4197.362841014668,4330.225154798569,4264.11322357223,10,follicular,females
2017,4440.230569773291,4379.8051362324995,4497.811498671694,4439.485006501757,10,follicular,females
2018,4547.6117577154655,4496.99424776433,4597.703461687824,4546.7995805934115,10,follicular,females
2019,4644.383287327742,4601.275526239199,4688.254189407395,4644.42087204055,10,follicular,females
2020,4856.618116396922,4810.941769978202,4903.394615000268,4857.3338397198695,10,follicular,females
2021,5013.525038120873,4950.013995752186,5072.6959594371365,5013.130415047681,10,follicular,females
2022,5138.25619746341,5072.735135637061,5203.608029522007,5138.6341380644935,10,follicular,females
2023,5270.977874333601,5182.390002314443,5361.045767434042,5272.591793843738,10,follicular,females
2024,5389.040097848732,5269.366526968813,5505.501465297802,5390.390833276339,10,follicular,females
2025,5525.19019392011,5373.317618327701,5678.970193794466,5527.401738876433,10,follicular,females
2026,5640.863040856043,5448.954419893183,5827.5708057953325,5642.6163438782505,10,follicular,females
2027,5725.644058112297,5505.4622609680355,5952.451783523884,5729.642248686916,10,follicular,females
2028,5871.608441072905,5613.216292484314,6140.925502002441,5873.054753944829,10,follicular,females
2029,6006.123797027489,5710.7885081909535,6314.52765558303,6009.0673077147985,10,follicular,females
2030,6056.830619903637,5725.754341970136,6412.176690251309,6062.562657647249,10,follicular,females
2031,6180.773646508625,5814.02348439259,6589.101557578554,6190.377745869767,10,follicular,females
2032,6282.994218386613,5896.70634480978,6715.439915517651,6289.752135187556,10,follicular,females
2033,6373.533973737496,5955.420223678598,6826.590354076917,6377.970057863456,10,follicular,females
2034,6449.773110377029,6006.908434022771,6917.773037946188,6454.9914509880755,10,follicular,females
2035,6514.616959746896,6052.86644590954,7017.274157325929,6519.315318153929,10,follicular,females
2036,6563.326194190189,6080.413008572514,7096.8606139661215,6569.390560613981,10,follicular,females
2037,6594.023594902947,6097.0256967301075,7164.31984238292,6604.13713135617,10,follicular,females
2038,6612.020504637911,6094.2391420439835,7210.745492606038,6622.787528703245,10,follicular,females
2039,6613.191005406788,6067.510831352844,7243.956700505305,6624.874877293911,10,follicular,females
2040,6597.75358073166,6023.819190874144,7257.970164400601,6609.981834765734,10,follicular,females
2041,6567.099557894982,5965.365817046831,7252.26113495797,6577.60611659658,10,follicular,females
2042,6524.295590491984,5906.641947195292,7224.962461958401,6535.847810923413,10,follicular,females
2043,6469.900225148143,5834.215758818956,7200.710729332846,6484.647850319013,10,follicular,females
2044,6407.635020741753,5748.231592601703,7160.331812266814,6424.774563608759,10,follicular,females
2045,6342.6664414176,5664.765820090572,7108.680668862152,6357.4131901366645,10,follicular,females
2012,6313.552567421655,5588.841762155215,7230.003166008742,6347.81343006843,40,follicular,females
2013,6586.203095957888,5824.562013495382,7553.236080804128,6625.912332672329,40,follicular,females
2014,6891.941185691534,6102.147311588217,7907.538050780895,6935.2435230981555,40,follicular,females
2015,7162.970195853426,6336.72594913491,8221.684945041803,7209.553477377346,40,follicular,females
2016,7484.864109879563,6629.391996993727,8590.076622919954,7533.195134892582,40,follicular,females
2017,7863.641541080448,6983.588105669584,9012.698053150953,7914.058603024059,40,follicular,females
2018,8188.904474360021,7289.7793062591045,9370.755538271713,8239.670189745497,40,follicular,females
2019,8514.63685980663,7580.775699616223,9738.027770637524,8566.23517458384,40,follicular,females
2020,8956.066608452527,8000.1652465029865,10218.500871937958,9008.189668395986,40,follicular,females
2021,9303.644403383692,8330.400109280305,10605.645159621286,9354.697284295236,40,follicular,females
2022,9653.242913799437,8690.55873979008,10957.927987058309,9701.552503058907,40,follicular,females
2023,10011.53843530941,9056.927680424868,11313.653864515074,10060.237187195524,40,follicular,females
2024,10377.827066733556,9437.699077933954,11643.433998661336,10423.294822521548,40,follicular,females
2025,10746.637793203123,9821.189567894098,11999.931879883785,10792.884207056242,40,follicular,females
2026,11126.913801733066,10221.34893239455,12348.681543617686,11170.647349000506,40,follicular,females
2027,11517.632682029121,10634.90419927243,12697.064184103176,11551.99513690507,40,follicular,females
2028,11912.740888640972,11040.744891959306,13064.366675154475,11942.554007241662,40,follicular,females
2029,12301.907985629412,11433.207844915778,13409.969393672263,12332.801132700924,40,follicular,females
2030,12694.898283449766,11830.177232035707,13800.949647665575,12729.20412210379,40,follicular,females
2031,13096.817700911126,12230.20985330926,14171.445200694372,13127.08835438842,40,follicular,females
2032,13491.287571107627,12602.720992442015,14535.572141780025,13520.5467258461,40,follicular,females
2033,13888.769050278715,13000.54763856632,14935.50935128017,13916.52682092459,40,follicular,females
2034,14277.55292121187,13361.43245829684,15303.957178137101,14305.339761465742,40,follicular,females
2035,14675.041385910168,13747.64290151726,15677.41406908581,14692.46166125368,40,follicular,females
2036,15064.02246671827,14088.84268249088,16082.76323223885,15072.732468952638,40,follicular,females
2037,15443.798857170976,14418.630933789791,16514.578627648116,15448.34179621846,40,follicular,females
2038,15826.344420714324,14740.7228016297,16904.87955023155,15818.043116671317,40,follicular,females
2039,16192.410547739386,15057.872405815673,17371.03516673128,16178.169373478542,40,follicular,females
2040,16546.28805661614,15306.998221957945,17806.37486528216,16521.660036388654,40,follicular,females
2041,16885.141851830125,15537.2378911112,18238.420977139896,16852.571296283477,40,follicular,females
2042,17177.024700780035,15681.236546625807,18621.869015030574,17158.63656347829,40,follicular,females
2043,17483.361255343603,15894.298933481838,19036.981236673346,17459.063728022407,40,follicular,females
2044,17771.095843480005,16041.676778089291,19456.815050320918,17740.345121327715,40,follicular,females
2045,18020.966070195907,16181.259795606042,19849.887229407996,18006.385984009663,40,follicular,females
2012,267.39010834960476,263.20284070631317,271.17219468578554,267.38277745965684,2,mantle_cell,males
2013,287.7327575919109,281.29215563239904,293.3077023688513,287.6470392633275,2,mantle_cell,males
2014,312.35701997081594,304.84613776716776,318.64324902861625,312.3071902783364,2,mantle_cell,males
2015,309.3649453091971,301.5881775553137,315.79858896051013,309.2866364859463,2,mantle_cell,males
2016,317.2292274749568,309.32719492866903,323.8115756311098,317.0995045635206,2,mantle_cell,males
2017,372.050066521914,366.39115735587274,377.2474171852114,371.99688872485524,2,mantle_cell,males
2018,383.40547897287735,376.9933290953918,389.50156752585247,383.20523172731333,2,mantle_cell,males
2019,395.5560026171057,388.5494923060051,401.8197546275341,395.31995084992883,2,mantle_cell,males
2020,437.26770077800194,429.02929556324256,444.4718251525321,436.9870224562213,2,mantle_cell,males
2021,387.06694781891133,378.4052328574469,394.4255805225163,386.8360181847485,2,mantle_cell,males
2022,366.8166379212994,346.7549232364801,391.49732398910623,367.40139317026706,2,mantle_cell,males
2023,403.47081950099613,366.01815762350844,448.93919943860055,404.60117559791746,2,mantle_cell,males
2024,421.36430947995444,381.301850676372,470.1095122321316,422.8145290476088,2,mantle_cell,males
2025,440.03275594251073,396.02283555600746,490.9158215405578,441.61076292219707,2,mantle_cell,males
2026,460.2960722291988,411.9380887749002,517.5516290018929,461.8306052966365,2,mantle_cell,males
2027,482.184501305613,428.4295123472937,543.847585644605,483.27539691523657,2,mantle_cell,males
2028,504.0615971210266,445.89469275075174,572.5931973057224,505.053457122309,2,mantle_cell,males
2029,525.186147060053,461.6033685601722,600.8739252302173,526.5041368985633,2,mantle_cell,males
2030,545.6564287012262,475.25241084349625,630.301774668488,546.7031213905219,2,mantle_cell,males
2031,564.2520737537897,487.2010300753431,656.4492754933046,565.0141997094055,2,mantle_cell,males
2032,580.0142348890818,497.62995963730214,681.3070585300401,580.4971571905113,2,mantle_cell,males
2033,592.9659890115734,503.35259131959,701.9778826221878,593.0279183204111,2,mantle_cell,males
2034,604.0396779770205,509.1314577826158,718.8197670946089,604.5579273414459,2,mantle_cell,males
2035,614.2735151705558,512.9949162554191,737.0229824555428,615.5366784015526,2,mantle_cell,males
2036,625.1416164416456,517.9774294466398,756.829422547921,626.70042341445,2,mantle_cell,males
2037,636.236338980606,523.0988855838012,777.2199544414359,638.0622345144817,2,mantle_cell,males
2038,646.9660512381099,526.9466948302592,798.6245523163287,648.7944849798404,2,mantle_cell,males
2039,655.8624778948324,530.1634303286488,816.7808822975443,658.5817178633802,2,mantle_cell,males
2040,663.7218210663075,531.8556074689209,833.7341788777768,667.1693427851894,2,mantle_cell,males
2041,670.7277624072465,532.1922971617014,849.3693992572595,674.3645444526805,2,mantle_cell,males
2042,675.5742075734465,531.0761616045907,864.7985179429321,679.9615999758586,2,mantle_cell,males
2043,678.1825188434891,527.7005119110125,877.0593789063194,684.0009704827336,2,mantle_cell,males
2044,680.91722517213,523.3108761326489,890.1350748892517,687.009360510544,2,mantle_cell,males
2045,683.0660966951073,520.7166802297073,906.9231469432032,689.1960500895157,2,mantle_cell,males
2012,386.39003090120735,379.4021163611349,392.1575462925443,386.2331184529246,3,mantle_cell,males
2013,400.32857015838465,392.77907410958943,407.1899086007365,400.2087959982254,3,mantle_cell,males
2014,421.7025698583976,413.3202448944125,429.64590948800213,421.7291165043566,3,mantle_cell,males
2015,437.8150596444943,428.8001935480782,446.0545069687988,437.8904071160283,3,mantle_cell,males
2016,449.39928134492044,440.25045096861487,457.6454335328385,449.5176696588525,3,mantle_cell,males
2017,499.4472733226381,492.07550562705046,506.7421284567911,499.5601285161676,3,mantle_cell,males
2018,523.0119092009504,514.2618926125333,531.6546195033178,522.9533221116677,3,mantle_cell,males
2019,571.7194060852804,563.4653012294857,579.4230455821591,571.5401921277116,3,mantle_cell,males
2020,588.9092610478431,579.6762301188704,597.6956664272673,588.7964812356252,3,mantle_cell,males
2021,573.9011803866513,563.5565972955103,583.2342855792159,573.6806035814105,3,mantle_cell,males
2022,559.2844097766998,537.9676792701696,583.4963719796795,559.5095654666395,3,mantle_cell,males
2023,551.3647962020327,512.7130907425093,596.7214065413791,552.3848468099657,3,mantle_cell,males
2024,594.4845342292911,540.0156102729995,660.2056545235146,596.191162844567,3,mantle_cell,males
2025,622.1578134371359,563.7693192738323,691.9634608190619,624.018682082253,3,mantle_cell,males
2026,652.0848713444775,586.837002226546,727.4061009588827,653.4287312715949,3,mantle_cell,males
2027,683.1052947879348,611.6272303367758,765.7662312236355,684.6510943807334,3,mantle_cell,males
2028,715.5009535267488,635.9616772775614,809.427782030523,717.2324082348905,3,mantle_cell,males
2029,747.8794168979634,659.6960859268332,853.735612621225,749.9700161139122,3,mantle_cell,males
2030,779.6774200097684,683.680580602418,895.1186136645724,781.7920445173316,3,mantle_cell,males
2031,809.869884244258,702.5810284817185,937.7026287709367,811.5314817265446,3,mantle_cell,males
2032,835.6786887144498,719.053293879624,972.4110923130701,837.8761129443172,3,mantle_cell,males
2033,857.6275911880698,731.83461777532,1006.9657861581541,860.4003534658074,3,mantle_cell,males
2034,875.2012360746801,740.5859631275446,1035.6260990768096,877.875620899184,3,mantle_cell,males
2035,890.6215496385823,747.9970327144889,1067.1766700418445,894.0998560664311,3,mantle_cell,males
2036,905.2476694120949,755.1079291305477,1096.9731684575747,910.1825593771886,3,mantle_cell,males
2037,920.0662786609787,761.7993342490358,1123.9711319725673,925.996245997288,3,mantle_cell,males
2038,935.6375662692508,764.6589436294975,1150.9019384285923,941.4212335669623,3,mantle_cell,males
2039,951.173920430756,768.4010162777279,1181.0279712826014,955.5279030814401,3,mantle_cell,males
2040,962.8474940965317,770.2128296917656,1206.5393088585913,967.8968730145685,3,mantle_cell,males
2041,972.0018681858347,771.3799445149793,1228.936269956361,978.3080892830959,3,mantle_cell,males
2042,977.9517388853596,769.0343578630611,1250.210694180864,986.422833302694,3,mantle_cell,males
2043,983.2516374378354,765.6855187017858,1273.4105413133325,992.3314108289982,3,mantle_cell,males
2044,986.7819203661593,763.4288255501815,1289.267815692316,996.5314293178885,3,mantle_cell,males
2045,988.6324321462023,758.3331827035373,1307.8141228549684,999.3720454741346,3,mantle_cell,males
2012,556.878014848332,546.820694032927,566.114512309347,556.7446358491651,5,mantle_cell,males
2013,585.8395654427578,575.601877421563,596.1584931626547,585.957934220161,5,mantle_cell,males
2014,616.1685916609829,605.4028949641424,626.6383842049012,616.3041469612109,5,mantle_cell,males
2015,623.3581644869848,612.1574235476644,634.0651148912665,623.308478980732,5,mantle_cell,males
2016,645.0632540565639,633.4797283336598,656.6646109717384,645.1050893706264,5,mantle_cell,males
2017,713.961497964081,702.9091756837004,725.5984902010165,713.8889017439406,5,mantle_cell,males
2018,738.3524409503266,727.0088418880287,750.3132015449976,738.2906198052825,5,mantle_cell,males
2019,794.6906913596797,783.3382005946012,806.0785099658087,794.6473213339846,5,mantle_cell,males
2020,857.886961430328,845.945880665872,869.3768827840429,857.8290724189851,5,mantle_cell,males
2021,855.522821944815,843.2496223805083,866.7538282826293,855.4473801061985,5,mantle_cell,males
2022,853.9775195053298,830.2725730360963,879.506508360001,854.2410737281373,5,mantle_cell,males
2023,882.4513343767344,842.449206898082,928.0690857871876,883.2547741535459,5,mantle_cell,males
2024,891.4226849650418,834.4655250634237,957.0118221490983,892.9101766277475,5,mantle_cell,males
2025,906.4201490838083,832.0429315950412,992.9757150132064,908.216374605877,5,mantle_cell,males
2026,965.7752031368382,871.535600468603,1074.2550186857964,967.8711625616223,5,mantle_cell,males
2027,1014.7694420502646,911.0310777163946,1132.1821359085645,1016.6376638198152,5,mantle_cell,males
2028,1063.8727746522,949.1199218497773,1193.1607401838762,1067.4992979389467,5,mantle_cell,males
2029,1116.8042423644597,989.6307280607369,1260.7623968523337,1119.991014106981,5,mantle_cell,males
2030,1169.146793035935,1031.8025064672922,1329.3205141727415,1172.9158260828217,5,mantle_cell,males
2031,1220.7860348145218,1067.0534614463202,1397.7237361424814,1224.5093129163386,5,mantle_cell,males
2032,1268.623125068414,1101.3577358744856,1469.4344685106453,1272.8394959421607,5,mantle_cell,males
2033,1312.012304053214,1130.6593105567658,1529.1319622641347,1316.6961541134347,5,mantle_cell,males
2034,1348.3292220182343,1152.9535387088592,1581.8826973195307,1354.2704763102586,5,mantle_cell,males
2035,1378.0604643900588,1167.7512026861039,1632.3385891298267,1385.2287125744344,5,mantle_cell,males
2036,1402.4619348380893,1178.8800106090182,1680.2376716038866,1410.4063603380378,5,mantle_cell,males
2037,1426.1165664724726,1191.7208047167499,1728.3911033076138,1434.4247010210001,5,mantle_cell,males
2038,1448.2080159755294,1198.5324247306717,1768.3649128078093,1457.2918178807586,5,mantle_cell,males
2039,1469.220375738266,1205.636512540098,1812.4734994723299,1478.5726075057019,5,mantle_cell,males
2040,1487.242979273566,1209.2505265056593,1859.3799315931628,1497.8746697396841,5,mantle_cell,males
2041,1502.7253354153881,1208.4800191599998,1892.3525670619476,1514.3088410989076,5,mantle_cell,males
2042,1514.1204539050282,1209.620161280222,1919.7291286020036,1527.4100058125864,5,mantle_cell,males
2043,1521.518700101194,1209.2929424756062,1945.7174715041892,1537.1797990259322,5,mantle_cell,males
2044,1525.2896263548423,1206.5471994117672,1975.8108603311427,1544.1063740185473,5,mantle_cell,males
2045,1527.9858262804137,1200.3924275715465,2003.6991261620228,1548.5974939949404,5,mantle_cell,males
2012,763.8949371633552,724.8307266662067,806.7580112624125,764.929308650097,10,mantle_cell,males
2013,818.2253311107454,777.1014536588608,862.6878799756904,819.0832794391519,10,mantle_cell,males
2014,864.5776097150874,825.5043849911017,906.3877655452868,865.612476325541,10,mantle_cell,males
2015,899.6618033643861,859.5148872905124,943.5170537369783,900.704642957791,10,mantle_cell,males
2016,941.7977307172879,903.775564917796,982.105908746191,942.4738261179854,10,mantle_cell,males
2017,1017.4099347558906,983.7895356527731,1055.0871282203116,1018.0296727367461,10,mantle_cell,males
2018,1053.6674221031462,1022.7352822807433,1086.1410437733748,1053.9002984233737,10,mantle_cell,males
2019,1123.2563664963027,1092.4274117316286,1155.794171575073,1123.426290709848,10,mantle_cell,males
2020,1187.520215911659,1153.716138459824,1222.1028021763277,1187.3508093162268,10,mantle_cell,males
2021,1195.1531503338533,1152.9485355876188,1240.0596048245966,1195.3129545824522,10,mantle_cell,males
2022,1252.3662902915853,1206.2732446422026,1296.9638784779547,1251.764144189558,10,mantle_cell,males
2023,1314.1607881361451,1259.9143981498303,1367.9788140827432,1313.5706298119228,10,mantle_cell,males
2024,1380.1211710504567,1310.188771003176,1452.3111996947691,1380.180021574397,10,mantle_cell,males
2025,1456.7493250210389,1370.276202660376,1551.7745081800858,1457.8587954022755,10,mantle_cell,males
2026,1540.5518715985777,1429.0472233698606,1658.7529244588923,1540.711244245134,10,mantle_cell,males
2027,1598.6762427142987,1467.141768450629,1739.3440971147543,1599.7976149515441,10,mantle_cell,males
2028,1681.5854575918866,1527.3142675704003,1844.12291409924,1682.5004494432433,10,mantle_cell,males
2029,1750.3959169525008,1568.67451003118,1935.9686782160175,1751.2560222895206,10,mantle_cell,males
2030,1824.5707529135548,1609.2789144513001,2039.7260916616542,1825.1097680102416,10,mantle_cell,males
2031,1926.6061486965273,1682.7018064734948,2177.6405786214177,1928.8947708984801,10,mantle_cell,males
2032,2020.1017222359155,1749.7556910413364,2301.826778830857,2023.347879628812,10,mantle_cell,males
2033,2111.3719239182906,1812.5683196114203,2414.2513661592284,2114.903544438894,10,mantle_cell,males
2034,2197.406805248209,1871.0994023281326,2537.6684683089798,2201.2830002214137,10,mantle_cell,males
2035,2274.115560404626,1920.7194195865538,2659.80396022978,2281.3138046427785,10,mantle_cell,males
2036,2345.3942829624775,1962.7314871184826,2771.314578161737,2354.5746863086347,10,mantle_cell,males
2037,2410.401587148208,1996.1143143957388,2879.8604086287505,2420.123208550768,10,mantle_cell,males
2038,2469.3561382035086,2026.6784536054672,2977.2633362299835,2477.382745571926,10,mantle_cell,males
2039,2519.4369640171603,2046.7748350551317,3058.1242067080725,2525.8766062486307,10,mantle_cell,males
2040,2557.995006581371,2059.992175524769,3126.5766634921692,2565.2695890521222,10,mantle_cell,males
2041,2583.6230843435933,2069.308974669274,3188.88709728429,2595.4238540681977,10,mantle_cell,males
2042,2606.0688320002455,2063.708169766581,3247.549654494037,2621.2513245864066,10,mantle_cell,males
2043,2625.8438381767855,2054.3269070245037,3298.079796854199,2642.802649784375,10,mantle_cell,males
2044,2638.772922090344,2045.900360888439,3344.057604125682,2660.3920835383333,10,mantle_cell,males
2045,2651.975670982649,2035.247940215439,3385.9453634738607,2674.27242877653,10,mantle_cell,males
2012,913.3625664145394,778.1372800331696,1202.667517639946,936.8607442138407,40,mantle_cell,males
2013,975.8362654216583,834.5757466940422,1280.6658570192535,1001.6515560589328,40,mantle_cell,males
2014,1039.5673409088567,891.9589744110338,1356.1095232651865,1065.3510846541521,40,mantle_cell,males
2015,1090.66774376297,936.8040899437353,1421.3858197663078,1116.3784527904984,40,mantle_cell,males
2016,1148.4049225395408,989.4944540565593,1491.5282682510554,1175.9563603992665,40,mantle_cell,males
2017,1243.789160073229,1085.2345954624766,1595.2064375460293,1271.3616383177746,40,mantle_cell,males
2018,1302.3707914718161,1141.2895892628162,1662.0298668634669,1330.8466106561311,40,mantle_cell,males
2019,1393.8198466688707,1230.4906859044988,1765.2396119160023,1424.2115092963784,40,mantle_cell,males
2020,1487.91637958832,1323.0581820047087,1858.1717990767984,1518.5220402103796,40,mantle_cell,males
2021,1518.7319663477458,1358.158478849939,1902.7520770199812,1554.2716289918537,40,mantle_cell,males
2022,1588.3483922684002,1420.9508915909448,1977.571683480994,1623.6962836164373,40,mantle_cell,males
2023,1668.3771941548134,1500.974037385677,2045.5618381376987,1702.4409025762452,40,mantle_cell,males
2024,1759.1695140698155,1582.222962975421,2128.0341596612598,1790.3863315278588,40,mantle_cell,males
2025,1858.3321730993403,1667.5296160267703,2224.912812311739,1886.896692320823,40,mantle_cell,males
2026,1967.4384178134314,1762.7010367677053,2330.588312430088,1992.6544131136193,40,mantle_cell,males
2027,2088.156320207753,1860.271376421771,2450.281583491922,2107.737543186621,40,mantle_cell,males
2028,2220.35245844255,1965.1618749317777,2569.030980371788,2232.785944784607,40,mantle_cell,males
2029,2358.1572178981633,2086.807141019003,2712.6122416517464,2366.624284000241,40,mantle_cell,males
2030,2504.2864243843214,2200.000567048984,2846.2039775440294,2507.7854227015932,40,mantle_cell,males
2031,2654.1006169282023,2320.474676896909,3001.6469421971215,2656.4843724904354,40,mantle_cell,males
2032,2811.168680927874,2427.6522257746906,3187.702024860586,2809.528258804961,40,mantle_cell,males
2033,2970.0020134868446,2547.681870766944,3404.118042602891,2966.6069426724766,40,mantle_cell,males
2034,3131.6262585860504,2656.8789484975036,3627.441087976715,3125.2340462736965,40,mantle_cell,males
2035,3284.8242783311134,2767.711521164141,3856.9794679283823,3284.6613305268315,40,mantle_cell,males
2036,3443.3120799923954,2869.5679776508587,4087.174517876779,3444.7542162489035,40,mantle_cell,males
2037,3600.8670005499516,2955.8593430728297,4323.296792068537,3604.824220023869,40,mantle_cell,males
2038,3763.586008421159,3060.923563439263,4543.582809760712,3764.268904194807,40,mantle_cell,males
2039,3917.532593075529,3141.771670885097,4781.383959093882,3922.0264641003123,40,mantle_cell,males
2040,4065.235918671355,3210.330683052287,5047.294309214556,4077.5639862335433,40,mantle_cell,males
2041,4210.963805895084,3268.01113574477,5293.437970176037,4229.716857590185,40,mantle_cell,males
2042,4352.945900391576,3343.9043002776893,5527.208703086181,4378.450873077717,40,mantle_cell,males
2043,4496.285616734076,3406.3854484833064,5772.696835561664,4524.527836873899,40,mantle_cell,males
2044,4636.265355448918,3452.987993463747,6016.533289079985,4665.546734939611,40,mantle_cell,males
2045,4771.59629944522,3493.381431810152,6260.574858550983,4801.730822136743,40,mantle_cell,males
2012,116.29568861384433,112.40997536993397,119.39328348822534,116.22213394076512,2,mantle_cell,females
2013,122.1721484777925,117.70794717376437,126.0547023224183,122.05820904899817,2,mantle_cell,females
2014,134.23145556479233,129.78050275145816,137.9908763332353,134.13135375176873,2,mantle_cell,females
2015,147.6227029300631,142.8504878768174,151.79315761943127,147.5578284406199,2,mantle_cell,females
2016,136.78615266670056,132.12273151958357,140.85020781862252,136.68693214560398,2,mantle_cell,females
2017,136.09447835475848,132.75019956997374,138.76640063469026,136.00617967757807,2,mantle_cell,females
2018,139.03874542012574,134.5276597499628,142.6900321662525,138.9563475085899,2,mantle_cell,females
2019,125.67906598072943,121.71177965389488,129.03038818578986,125.58161759892806,2,mantle_cell,females
2020,136.3525291037515,131.54623752467592,140.35006073639963,136.2431063260264,2,mantle_cell,females
2021,141.14680871427316,135.16218814186604,146.34978554844557,141.00947433586782,2,mantle_cell,females
2022,138.80875300061084,124.32658715118691,155.09765847845355,139.06313769632234,2,mantle_cell,females
2023,151.04271256998652,124.45204219416648,182.73504728788532,151.58649433702945,2,mantle_cell,females
2024,160.86148027945694,131.64189378387624,195.1216853435259,161.72570911612362,2,mantle_cell,females
2025,170.9492374278091,139.0779249662556,207.58440243844473,172.17871567914804,2,mantle_cell,females
2026,181.77831784146775,147.56584761996788,221.45794307988,183.10626553782814,2,mantle_cell,females
2027,193.10572383267953,156.6945965333534,236.70239304881386,194.40496394869967,2,mantle_cell,females
2028,204.70419294716908,164.63244667888165,253.37528398564558,205.83106365058688,2,mantle_cell,females
2029,215.73446369062123,171.96482691796515,270.3875626844332,217.16917256155432,2,mantle_cell,females
2030,226.45282368066168,178.6975361387282,286.7400822942442,228.12681533985003,2,mantle_cell,females
2031,236.58005674596245,184.06672707504995,304.91740215322574,238.64579689245778,2,mantle_cell,females
2032,246.4536751897819,187.89796105672676,322.4461517461935,248.47509627238844,2,mantle_cell,females
2033,255.80857532997123,192.65611097018936,337.23705286031566,257.6881602733819,2,mantle_cell,females
2034,264.5544482151863,197.147251692228,354.46452152862923,267.10518835172155,2,mantle_cell,females
2035,273.87046860794203,202.27079325965363,371.71123186200015,276.6579974481369,2,mantle_cell,females
2036,282.75384189689555,205.9991322004951,390.9605098094251,286.5050203992487,2,mantle_cell,females
2037,292.36002969588526,209.95787119813153,409.2760462094427,296.55837697603255,2,mantle_cell,females
2038,301.57986254550195,212.72952425408818,429.15303371050067,306.3814835139163,2,mantle_cell,females
2039,310.4148968926594,215.41659037651652,450.31526096798444,315.82013027466866,2,mantle_cell,females
2040,318.7717231809016,218.13639203300835,470.6884921858443,324.7650832068364,2,mantle_cell,females
2041,326.4826626323621,219.60296961325466,488.28990009444095,333.13564945092355,2,mantle_cell,females
2042,333.3979629111749,221.48373054327055,507.1421241596486,340.9880197796177,2,mantle_cell,females
2043,340.48632890611213,222.7603797960552,526.7328227312067,348.4493746279522,2,mantle_cell,females
2044,347.0774004249439,223.92195305144236,544.4948266539118,355.69157293682065,2,mantle_cell,females
2045,352.66795625002226,224.35779439016645,566.4937658802428,362.7614938855464,2,mantle_cell,females
2012,153.4558711118685,148.77963602279837,157.35780716922412,153.32890351836824,3,mantle_cell,females
2013,171.08787781892187,165.64944324056486,176.19864008878488,171.02018859921546,3,mantle_cell,females
2014,185.06321001765036,179.54442219464218,190.06514899035062,185.0081070133119,3,mantle_cell,females
2015,201.9668877688561,196.46971950346443,207.15668928670343,201.92712243772135,3,mantle_cell,females
2016,199.5828521145597,193.7322175259524,204.54721756463732,199.51594081230246,3,mantle_cell,females
2017,202.80003666729135,197.7371468168482,207.42961579772756,202.72405617018123,3,mantle_cell,females
2018,193.97354028726426,188.0329368777873,198.79851120570433,193.81919830294757,3,mantle_cell,females
2019,190.2662096712467,184.64331349411083,194.7147052516711,190.1551701831755,3,mantle_cell,females
2020,194.94088329309244,189.14790333335003,199.59141132180085,194.79943371000556,3,mantle_cell,females
2021,194.37348391338668,187.32867509469864,200.1499130555714,194.2600088230077,3,mantle_cell,females
2022,205.57303785383442,190.8300952285735,222.81626559853277,205.88406589196617,3,mantle_cell,females
2023,208.89048962840823,182.59628608334984,241.40226852778673,209.7340617383188,3,mantle_cell,females
2024,225.4975128986465,187.65896234651305,272.70175195955596,226.8405361411894,3,mantle_cell,females
2025,240.63034888228972,198.9929046596763,291.5087668817163,241.87549092730924,3,mantle_cell,females
2026,255.7945229722801,211.09710632882764,312.8039842353738,257.5248192143154,3,mantle_cell,females
2027,272.3199071859317,222.9851516861401,333.02520681114834,273.72200575753396,3,mantle_cell,females
2028,289.3350344214831,235.62319083011732,355.7222926673191,290.32801682922013,3,mantle_cell,females
2029,305.4294596006379,246.74832689560697,379.4177781125456,306.926316981727,3,mantle_cell,females
2030,321.22870535629846,256.0393057034532,403.1892089097725,323.19029978270237,3,mantle_cell,females
2031,336.1028605311011,265.3422625779611,428.67958404420614,338.88942980094055,3,mantle_cell,females
2032,350.5921573367988,273.3431251590722,454.2251254148734,353.68142255102504,3,mantle_cell,females
2033,363.62023567112396,280.69406380076583,476.2218456876628,367.6753758906688,3,mantle_cell,females
2034,376.476213322025,287.0151957414274,499.69176107825126,381.0414947261367,3,mantle_cell,females
2035,388.78661334316735,292.94447955412426,523.7775910953798,394.5966499039582,3,mantle_cell,females
2036,401.43939095515225,299.2398613692253,550.3809109688815,408.55138844744965,3,mantle_cell,females
2037,414.5330692817918,306.2524137292058,579.2186982994418,422.703541259432,3,mantle_cell,females
2038,427.7983555690631,312.7559438146563,606.0988850400719,436.87102090324163,3,mantle_cell,females
2039,441.01488794537966,316.886315545858,636.1202341469551,450.5869756097792,3,mantle_cell,females
2040,453.282299529154,320.81733627126096,661.168437586993,463.65312640143424,3,mantle_cell,females
2041,464.99881913135675,323.5957863486618,690.6859954943931,475.96608086806214,3,mantle_cell,females
2042,475.89099192428387,323.1748859521139,718.4262904424037,487.53694757172514,3,mantle_cell,females
2043,485.4594161078094,323.6706214188214,741.7105820173414,498.47524512545823,3,mantle_cell,females
2044,495.43046644088827,323.63579385586047,769.3332752067374,509.0097947683692,3,mantle_cell,females
2045,504.7292709653177,323.2515979068383,795.9015280102506,519.2295830087003,3,mantle_cell,females
2012,218.09597534457686,210.50611928613532,224.93794451471618,218.04316599889125,5,mantle_cell,females
2013,230.39578312736546,223.72464185105395,236.63617412043558,230.31112318974363,5,mantle_cell,females
2014,259.0722171809123,252.5163677395945,265.96367356683584,259.18246077389045,5,mantle_cell,females
2015,287.2161919650839,280.34922937699974,294.200824044022,287.2399843097562,5,mantle_cell,females
2016,287.2722643217893,279.871388711312,294.74556548262757,287.38592217547466,5,mantle_cell,females
2017,302.44069273018374,295.55431298382314,309.34446037905417,302.4507862935794,5,mantle_cell,females
2018,306.2206709517506,298.40994212072434,313.634951622368,306.12798374260024,5,mantle_cell,females
2019,297.2863763901464,288.9044935850645,304.10275830465525,297.16537638176186,5,mantle_cell,females
2020,302.7310069068392,294.61536773151715,310.11234835934795,302.64159832763295,5,mantle_cell,females
2021,303.65268724147,295.73281960073444,310.65464638435566,303.58604220780086,5,mantle_cell,females
2022,305.50927478226106,290.4861161385155,323.47260842871054,305.82886216055465,5,mantle_cell,females
2023,319.059153705992,292.0067486819069,352.0438522288273,319.59779822446677,5,mantle_cell,females
2024,340.5848595729732,301.8663374761107,389.52746189668545,341.50332049091634,5,mantle_cell,females
2025,354.897015309812,303.33354679936474,418.68139862636656,356.50022007872224,5,mantle_cell,females
2026,382.0018616900868,316.11380056273305,462.9445966189094,384.09305489578753,5,mantle_cell,females
2027,408.5328006258221,336.95732471228416,495.4569137716254,410.3887286634444,5,mantle_cell,females
2028,435.86487885771066,356.43761778006075,532.2576334710914,437.6022349816625,5,mantle_cell,females
2029,463.70397848883545,377.5482443588625,571.5152845142994,465.4742118476241,5,mantle_cell,females
2030,491.719470116365,395.5514947180644,610.7124284016717,493.5891427100214,5,mantle_cell,females
2031,519.5214975341744,410.1341024500762,651.9032047192429,521.4969848922401,5,mantle_cell,females
2032,545.5657784792276,426.6543079866289,692.9229254704455,548.6032903742897,5,mantle_cell,females
2033,571.3149083843635,442.60876079171567,736.0038040195392,574.722794175992,5,mantle_cell,females
2034,595.7485673640709,457.98459330986947,777.2191596244347,599.9182173849791,5,mantle_cell,females
2035,617.7118775087516,470.8555218568925,817.2346364839985,623.5804460110745,5,mantle_cell,females
2036,638.5259457818286,483.85887659218696,859.9995639236788,645.9049448730937,5,mantle_cell,females
2037,658.1959099589516,492.45156127628553,903.7943895140261,668.5860186652645,5,mantle_cell,females
2038,678.262318981599,501.7820508035073,947.4787238903137,691.3717446838084,5,mantle_cell,females
2039,699.725144587366,506.3291393764202,989.9926514203139,713.9482227944237,5,mantle_cell,females
2040,720.2297974408486,512.1413320640676,1033.1785953815688,736.0415739371432,5,mantle_cell,females
2041,737.7621262206977,519.0868500317838,1076.0801875891193,757.1543749688506,5,mantle_cell,females
2042,754.7302114132839,521.5729814441221,1120.8897938855634,777.1704183550177,5,mantle_cell,females
2043,771.0921386614002,523.774945769159,1160.883074519498,796.1019996724364,5,mantle_cell,females
2044,787.0875356187595,524.7330596289264,1212.8027679454435,814.1183644316519,5,mantle_cell,females
2045,802.7490294927494,525.7103373429378,1264.9331256795472,831.361604032345,5,mantle_cell,females
2012,306.6265057215128,279.61240661145644,334.8835809185819,306.7259747322321,10,mantle_cell,females
2013,331.86084596178955,304.22121396946994,361.01144206641044,332.01255944102405,10,mantle_cell,females
2014,364.4967987114192,336.17777467530726,393.6084905498179,364.4201460279348,10,mantle_cell,females
2015,399.4572327714045,371.566676221001,429.4785328061889,399.6111803470691,10,mantle_cell,females
2016,412.0444052474693,385.462440860982,442.2262402696482,412.4939731129033,10,mantle_cell,females
2017,434.86905245479625,411.70857086861827,463.18836543048184,435.63573519124964,10,mantle_cell,females
2018,446.3268634080131,426.65914071720425,469.65906211918855,447.0439880205298,10,mantle_cell,females
2019,458.3063692970356,438.9735920146334,480.42834819633055,458.8400661933606,10,mantle_cell,females
2020,484.7906350989926,461.19251276453895,509.8196989875749,484.87111616259716,10,mantle_cell,females
2021,492.2125084505202,460.9411308523823,523.3994573162993,492.293097683409,10,mantle_cell,females
2022,507.2226277393562,475.34078625952765,540.066137293663,507.2494530173871,10,mantle_cell,females
2023,526.3913385524952,488.2695676367297,565.4861000068057,526.6804761454812,10,mantle_cell,females
2024,542.7781976173031,496.06819817384843,592.9574412341241,543.5693658380372,10,mantle_cell,females
2025,562.1782988558189,503.7723528514581,629.5233255821686,563.4615234314076,10,mantle_cell,females
2026,588.4712340991703,514.0240448579655,678.0410964176883,590.493192767074,10,mantle_cell,females
2027,617.3105111910209,528.1814700831342,721.5499245382887,619.7179079447362,10,mantle_cell,females
2028,654.3545598880381,549.022507905467,775.0831355291109,657.5392334670325,10,mantle_cell,females
2029,698.2817903819873,575.5090079192954,837.0547976348001,701.7108296161098,10,mantle_cell,females
2030,737.552587681482,597.5213588173747,899.1652251170062,741.6927287276476,10,mantle_cell,females
2031,786.4373518296198,629.3484937041072,975.3171661761525,791.7151710755877,10,mantle_cell,females
2032,835.0667883175763,661.6941624558958,1040.9494202161122,840.1052616874147,10,mantle_cell,females
2033,883.8795015528322,690.748345573663,1117.1994495608647,888.678246005911,10,mantle_cell,females
2034,931.2419537401113,720.0366837432672,1196.760481579466,937.3299321338689,10,mantle_cell,females
2035,979.8001088580347,752.3201812168124,1277.0103790651563,985.2015784873166,10,mantle_cell,females
2036,1025.114053903676,773.0180770036882,1352.357044756284,1032.2119689839012,10,mantle_cell,females
2037,1067.6511944939568,799.1561566446647,1428.505003016656,1078.1336140469598,10,mantle_cell,females
2038,1110.9629377848687,822.8382160054348,1507.2517793979541,1122.6040624107745,10,mantle_cell,females
2039,1150.5685430764263,838.2774019311089,1588.3148558810296,1165.2747412723747,10,mantle_cell,females
2040,1186.9239100741736,853.1442487234706,1670.8220908431858,1205.737872117216,10,mantle_cell,females
2041,1221.3656159051407,864.2872466741185,1750.464511640224,1243.5524015092185,10,mantle_cell,females
2042,1254.743384197982,875.8228810871177,1829.521249457745,1280.4693372469112,10,mantle_cell,females
2043,1287.4198844085984,888.3867436431567,1911.6920346995723,1316.3200820454674,10,mantle_cell,females
2044,1319.4250956816632,893.918297732864,1994.8785164074939,1351.0564359867221,10,mantle_cell,females
2045,1348.2051995788045,903.6499130715002,2069.089066886022,1384.6184305639035,10,mantle_cell,females
2012,417.3096868210415,295.82326910349485,651.0525373729917,433.19187489173356,40,mantle_cell,females
2013,450.57871810516025,320.8176822982368,694.7944709947949,467.12931447318533,40,mantle_cell,females
2014,490.3232458095283,357.62920760930024,745.3803922539564,507.99782712341784,40,mantle_cell,females
2015,532.7509752945025,394.3894922236368,793.2956853259889,550.5206446528305,40,mantle_cell,females
2016,555.9336972823965,412.51431538176405,828.5846013261919,574.0533778821219,40,mantle_cell,females
2017,592.6866804251724,445.8887339634966,872.0134369030557,611.0697408435514,40,mantle_cell,females
2018,619.512146038406,469.9929031629975,904.5047908108968,637.9651542357861,40,mantle_cell,females
2019,639.5968500683721,489.39623942933736,933.2099772263412,659.1013162864423,40,mantle_cell,females
2020,675.7509004329243,525.337262384606,968.9568437087223,696.2388308520921,40,mantle_cell,females
2021,698.8564092956689,548.3576695012778,996.5260925826858,720.8897734453661,40,mantle_cell,females
2022,728.467583164698,579.3995805267413,1022.2715111645555,749.8589060309686,40,mantle_cell,females
2023,763.2781687536415,609.0852421766023,1058.9061874274234,783.8603942039791,40,mantle_cell,females
2024,802.5255729481818,643.2741645362822,1099.451065787932,821.2343750499396,40,mantle_cell,females
2025,842.4684651401144,680.1421405823958,1142.1464293350032,862.2637008014616,40,mantle_cell,females
2026,889.5928380587961,721.0397616039799,1184.6477574094179,907.0382946748547,40,mantle_cell,females
2027,941.2022309362923,763.2102994796163,1232.1529639565697,955.2113327150486,40,mantle_cell,females
2028,998.3208046928378,804.5162480173119,1286.245109251694,1007.1030203388889,40,mantle_cell,females
2029,1053.964672135305,850.9243815407242,1334.9886891486171,1062.4393201369933,40,mantle_cell,females
2030,1115.3473246921185,897.311337528631,1391.099474983704,1121.0671572647184,40,mantle_cell,females
2031,1179.6412244848154,942.6479418930794,1452.1153371063208,1182.4055253422846,40,mantle_cell,females
2032,1243.3109465946077,986.9757085750424,1537.556524066952,1245.9841557207806,40,mantle_cell,females
2033,1304.7581610855,1038.4293913694253,1623.3894453991736,1312.2526468661385,40,mantle_cell,females
2034,1374.8945740949503,1079.5282447366876,1727.9485696840925,1380.5904143243058,40,mantle_cell,females
2035,1441.527722855089,1120.1007155407501,1812.9005104449664,1450.1350909066562,40,mantle_cell,females
2036,1514.7285374026005,1162.0728810027022,1928.49258893456,1521.7783447859263,40,mantle_cell,females
2037,1584.7553124323917,1184.2190159346344,2055.7328924351996,1595.2977109620306,40,mantle_cell,females
2038,1657.3880386845642,1219.4784730537506,2185.2366656513486,1670.7303445555376,40,mantle_cell,females
2039,1729.1115360874255,1250.2322164131724,2324.11175529837,1747.3192623860086,40,mantle_cell,females
2040,1801.952357288965,1276.908712940464,2485.6546220278237,1824.7757242798239,40,mantle_cell,females
2041,1875.202523858286,1304.7153251380282,2644.9224341708755,1903.624886294328,40,mantle_cell,females
2042,1955.176649910517,1325.2047726720048,2805.8853424683757,1982.8193250110712,40,mantle_cell,females
2043,2028.1603102178524,1345.5353142744086,2964.521693816804,2062.9344150931097,40,mantle_cell,females
2044,2101.4342542140075,1362.8780818680555,3126.1833907555033,2143.667168680205,40,mantle_cell,females
2045,2186.8213335329488,1378.2285643266546,3309.162119415927,2225.4048415613015,40,mantle_cell,females
2012,685.274388659976,679.9574751904543,689.9430899763856,685.2693623206661,2,hodgkin,males
2013,676.8402071353748,669.7633501208262,684.1903312505993,676.8505771084245,2,hodgkin,males
2014,647.6791190858321,641.384390671347,653.6392699696675,647.7001183347819,2,hodgkin,males
2015,692.2810248871376,685.8418404822545,698.8462689663004,692.3735075187845,2,hodgkin,males
2016,681.2054171022321,673.5300143254485,688.5843566756388,681.2476430316211,2,hodgkin,males
2017,701.6005421834882,696.09238929590515,706.7169471384628,701.5777457992613,2,hodgkin,males
2018,739.0531322703885,732.8140596094595,744.8897185902217,739.0669411377984,2,hodgkin,males
2019,729.9425008628742,723.6663162421625,735.7840516298007,729.8613211376475,2,hodgkin,males
2020,777.0766610372311,769.7814330725698,784.076538576508,777.0840714836022,2,hodgkin,males
2021,800.510561615174,791.2074572640477,808.7804367694774,800.4023570314303,2,hodgkin,males
2022,796.5750660306131,770.3348404639913,823.5006459396964,796.6083012351608,2,hodgkin,males
2023,816.2975274379164,767.6129204008466,867.7326980284392,816.3221899837055,2,hodgkin,males
2024,839.6043457341387,791.7428462892692,891.213464576641,840.1146723624821,2,hodgkin,males
2025,862.5099322889697,815.3096966916941,915.5727836406587,862.9737499060556,2,hodgkin,males
2026,885.8974710627342,835.4328887612048,939.1200194391332,885.9395062800583,2,hodgkin,males
2027,908.5460393333847,855.8199028990554,962.5755192841353,908.783526932643,2,hodgkin,males
2028,930.9279809983718,875.8805133152545,987.1483877485102,931.3872279377157,2,hodgkin,males
2029,953.9581146987587,895.533484315098,1012.7513963169947,953.8242782585995,2,hodgkin,males
2030,976.4492016467271,914.2695084155368,1036.6438857825594,976.0005404120751,2,hodgkin,males
2031,998.1559589566752,932.370308142607,1059.8459747665845,998.0009619086251,2,hodgkin,males
2032,1019.5284642051928,950.7990232291013,1086.2049850937044,1019.4624091367424,2,hodgkin,males
2033,1039.695863228509,969.3197754440268,1108.84067697734,1040.0179278441608,2,hodgkin,males
2034,1059.431130310361,987.6336722018027,1134.2611830848173,1060.0806522436626,2,hodgkin,males
2035,1078.6552948023273,1004.5690452059182,1156.2126017967207,1079.1379440547419,2,hodgkin,males
2036,1097.4768327087327,1020.5024644885533,1177.572801469572,1097.8467379095569,2,hodgkin,males
2037,1116.4148697779417,1036.7878661017044,1200.6452966970114,1116.9200882487453,2,hodgkin,males
2038,1135.7390231285458,1053.8844979164076,1222.8388453312211,1136.2274853414415,2,hodgkin,males
2039,1154.9601169645864,1069.8586644869881,1244.7746389087229,1155.414489414157,2,hodgkin,males
2040,1173.950325399605,1086.838638882734,1267.3783208308744,1174.3681221869422,2,hodgkin,males
2041,1192.899382149349,1102.641431674762,1289.109308099609,1193.1221521315788,2,hodgkin,males
2042,1211.6400089910019,1117.1581756350408,1310.5494947898637,1211.5052105124216,2,hodgkin,males
2043,1229.8157961478914,1131.2443558178722,1332.7031267555838,1229.4628573036148,2,hodgkin,males
2044,1246.478160302022,1145.2502141269401,1353.710783940232,1246.3398122502908,2,hodgkin,males
2045,1261.571520389519,1157.9753469712573,1371.5869250947908,1261.413573850527,2,hodgkin,males
2012,975.5004474325335,968.6761555601508,982.6754528531103,975.5497417718907,3,hodgkin,males
2013,983.5443015181667,975.4251609089425,992.2000978830215,983.5149777726417,3,hodgkin,males
2014,987.4485958372043,978.9776142901377,995.8217290504128,987.4529489728694,3,hodgkin,males
2015,990.4438032421318,982.0362368236479,998.529558080483,990.3149372972961,3,hodgkin,males
2016,996.2610929321163,987.0153133742385,1004.5649721819713,996.0804088910693,3,hodgkin,males
2017,1038.4591313505323,1030.6783630639823,1045.4135446117664,1038.4362972942488,3,hodgkin,males
2018,1042.6794707860731,1034.6908517449212,1050.3744406276533,1042.7569264613344,3,hodgkin,males
2019,1087.6924511892648,1079.9327604167045,1094.669148955472,1087.6296247019732,3,hodgkin,males
2020,1121.5744208257884,1113.104704043863,1129.3984004493932,1121.5618505988987,3,hodgkin,males
2021,1151.4507100143703,1141.2881523283504,1160.2351723622262,1151.2853580768965,3,hodgkin,males
2022,1183.238592132569,1157.5164833780482,1211.758721579951,1183.4251433890042,3,hodgkin,males
2023,1191.8436406419994,1144.1186118392113,1243.3198918304947,1191.982034062936,3,hodgkin,males
2024,1221.5668278289186,1151.5778770582472,1297.7976521184669,1221.839022784856,3,hodgkin,males
2025,1256.1311176750285,1184.317993603059,1333.896529633947,1256.3349652007303,3,hodgkin,males
2026,1289.515952982667,1218.0639976899977,1368.0066890471135,1289.9390226563962,3,hodgkin,males
2027,1323.2906645901753,1250.3514695879542,1401.7880947564547,1323.4494339158523,3,hodgkin,males
2028,1356.7750377483956,1280.8545918909851,1437.857510738135,1356.6951107924592,3,hodgkin,males
2029,1389.8158478245336,1310.1491870976047,1472.9108532503071,1389.5831827281665,3,hodgkin,males
2030,1422.1007605975144,1338.2204445152477,1507.7399331655358,1422.105270985875,3,hodgkin,males
2031,1454.0970809552387,1366.6985220545248,1543.056440956688,1454.3343531454377,3,hodgkin,males
2032,1484.9711277421607,1396.1273321406557,1578.032234732088,1485.8652987702462,3,hodgkin,males
2033,1515.798934685122,1422.7139387647744,1611.3476737008184,1516.4542711507822,3,hodgkin,males
2034,1545.5582587809113,1447.4250255411735,1645.7775171351939,1545.7332988098462,3,hodgkin,males
2035,1573.3105019614047,1471.7113966667673,1677.2351211019209,1573.9705382431844,3,hodgkin,males
2036,1601.0263268089939,1495.2132275058225,1708.5347435193498,1601.3453282884773,3,hodgkin,males
2037,1628.1902582322232,1518.2884544615192,1739.3788374367653,1628.5360978621507,3,hodgkin,males
2038,1655.6023814363543,1541.4706324044307,1769.2012134754684,1656.0424000337093,3,hodgkin,males
2039,1683.4485447175566,1565.184754493323,1802.6478297882172,1683.659414463433,3,hodgkin,males
2040,1711.0417869726482,1589.33619279912,1834.892591661276,1711.0897883871578,3,hodgkin,males
2041,1738.4907130696645,1611.559337215275,1867.6204894003577,1738.2406426172886,3,hodgkin,males
2042,1764.8343071631239,1635.8681086471272,1898.8785435610207,1764.937008347728,3,hodgkin,males
2043,1790.377461502485,1658.6368847190477,1929.5868891235543,1791.1279285221503,3,hodgkin,males
2044,1815.7111177881934,1677.6778732952996,1959.5348379239128,1815.97865094012,3,hodgkin,males
2045,1838.573874450055,1695.399543123018,1985.8156305963812,1838.849840025044,3,hodgkin,males
2012,1496.1155351463626,1485.6111597410795,1506.2336907035956,1496.1066330202739,5,hodgkin,males
2013,1521.573720629323,1510.6907069919403,1532.4285838160436,1521.5442047731983,5,hodgkin,males
2014,1561.114860342999,1549.3267825477953,1572.4165606269028,1560.9840799983972,5,hodgkin,males
2015,1615.9077545790376,1604.3189770986935,1626.3833366696426,1615.708517124927,5,hodgkin,males
2016,1614.6608748641074,1603.1804518526253,1625.826416700023,1614.7213278653667,5,hodgkin,males
2017,1635.3784194987707,1625.0648594656857,1645.044528735573,1635.1157234805664,5,hodgkin,males
2018,1678.9718210977323,1668.053311459911,1689.8428065325888,1678.861758246873,5,hodgkin,males
2019,1710.6182152437145,1700.5682756939657,1720.9213629267124,1710.6753287452693,5,hodgkin,males
2020,1763.3383611352942,1752.1567948910465,1773.5165505379694,1763.3736971578305,5,hodgkin,males
2021,1829.9960191081857,1818.8657180341904,1841.0132104864895,1829.9143183436179,5,hodgkin,males
2022,1856.9304027701323,1829.5474622241265,1884.961502314489,1856.7701682691427,5,hodgkin,males
2023,1907.3727357055816,1857.3754691503207,1959.8359183489003,1907.504942894479,5,hodgkin,males
2024,1960.245732206965,1889.2433312649978,2038.1838853853162,1961.097806728734,5,hodgkin,males
2025,1991.0239451546108,1898.1978196844589,2090.943357040847,1991.4500803422372,5,hodgkin,males
2026,2042.7481876500233,1927.609894154175,2167.105455205815,2042.8596571480066,5,hodgkin,males
2027,2098.541848346911,1980.2188028802498,2220.9781016924844,2098.5285849485335,5,hodgkin,males
2028,2153.2425636148337,2033.1697086403847,2277.5815431876213,2153.02976387422,5,hodgkin,males
2029,2206.882629292588,2083.447927125617,2334.4937423899846,2207.2657276690675,5,hodgkin,males
2030,2258.665306512504,2134.5042666763984,2393.2790544730647,2261.025348981446,5,hodgkin,males
2031,2312.53247974577,2183.32648825001,2452.691881067507,2314.3276363906466,5,hodgkin,males
2032,2365.6806980267925,2226.0231029906054,2512.0616345205653,2366.8505027544657,5,hodgkin,males
2033,2418.16415628663,2269.226129042304,2569.7266631412467,2418.2725936652687,5,hodgkin,males
2034,2468.688033118927,2310.6952049343463,2626.2570745839193,2468.325708985923,5,hodgkin,males
2035,2516.654759608062,2350.872889896814,2680.409749152032,2516.1558446319814,5,hodgkin,males
2036,2563.0396790133,2388.657709468431,2729.8424228316667,2561.402481775183,5,hodgkin,males
2037,2607.060686606013,2426.305221457542,2781.2888843927853,2605.944721414143,5,hodgkin,males
2038,2650.2217311200016,2464.567394407349,2830.320606494826,2649.737162725658,5,hodgkin,males
2039,2693.09122198377,2502.787812588086,2881.3726000631714,2693.1595176075643,5,hodgkin,males
2040,2736.928258009612,2542.1307598261433,2933.9738497626454,2736.696658478619,5,hodgkin,males
2041,2779.906463259247,2580.2447193867774,2985.4438479056603,2780.2254289591137,5,hodgkin,males
2042,2822.9143270028208,2617.5349719827655,3036.650651157421,2823.245464833333,5,hodgkin,males
2043,2865.5268856459406,2653.6768535622023,3085.8107624670392,2865.555509899436,5,hodgkin,males
2044,2906.4136150641457,2688.63743188169,3132.431941393102,2906.3020930225853,5,hodgkin,males
2045,2945.1943485046763,2720.67295822326,3178.891377688391,2944.697048226865,5,hodgkin,males
2012,2567.9738349157524,2509.978201386989,2619.8445114854057,2566.7529400751996,10,hodgkin,males
2013,2638.7825093051833,2581.8674900483643,2687.3180345978426,2637.484688028023,10,hodgkin,males
2014,2724.8467278846456,2668.6037234686946,2773.679592779737,2724.13758769422,10,hodgkin,males
2015,2810.77961155511,2758.201704068004,2860.045576567049,2810.7563074969244,10,hodgkin,males
2016,2861.238158936626,2810.2264338322684,2910.2094080576876,2861.203124744883,10,hodgkin,males
2017,2953.2695758101645,2906.5391888098816,2996.7572969334783,2952.43388936333,10,hodgkin,males
2018,3025.0832716444947,2983.311345392736,3064.4279592762136,3024.3713007324695,10,hodgkin,males
2019,3100.926471296495,3062.0670904981635,3139.707167571208,3100.8728874718486,10,hodgkin,males
2020,3204.9862094887576,3165.997594243207,3246.123994549622,3204.600181161763,10,hodgkin,males
2021,3273.525693385936,3220.9499679529795,3322.3010207503003,3273.068624563642,10,hodgkin,males
2022,3318.9035607972446,3268.5008650417126,3371.403004709759,3319.293360271798,10,hodgkin,males
2023,3411.1462162302464,3351.2397309047947,3474.942596672321,3411.4115110412768,10,hodgkin,males
2024,3493.055439870129,3417.0810352667795,3576.823079316794,3493.7048893618344,10,hodgkin,males
2025,3568.8691133265725,3473.0126392446564,3674.9483346128977,3570.0439755443986,10,hodgkin,males
2026,3687.9310690584407,3567.12233128259,3816.717786670984,3687.96797661588,10,hodgkin,males
2027,3770.165489627746,3630.851227192016,3925.361588641296,3771.3509899448027,10,hodgkin,males
2028,3871.531979804954,3712.8936423593223,4052.628892818966,3874.180893922463,10,hodgkin,males
2029,3974.480335763904,3794.839978394581,4183.0426504954185,3978.7538775918533,10,hodgkin,males
2030,4058.5729727270655,3854.477619510072,4291.575452622155,4061.9269224762943,10,hodgkin,males
2031,4157.592850880452,3934.0750413118876,4423.789105123866,4163.9256540054885,10,hodgkin,males
2032,4259.436192033834,4027.030462504503,4535.089425239136,4268.74366138952,10,hodgkin,males
2033,4361.1836210383535,4115.310429377345,4653.3500287300285,4371.290316367699,10,hodgkin,males
2034,4462.75135513601,4212.3443968475085,4771.185298051206,4472.23567521137,10,hodgkin,males
2035,4562.030307425778,4296.335370544844,4876.136445428071,4570.630868272081,10,hodgkin,males
2036,4658.822444780444,4376.60805398403,4985.547552942316,4666.261334124605,10,hodgkin,males
2037,4752.342484908341,4454.987726105677,5091.247665856583,4759.141595447607,10,hodgkin,males
2038,4842.224903234156,4529.436040719911,5192.74758187802,4849.30015812303,10,hodgkin,males
2039,4930.401854392881,4602.070365954142,5292.462644989544,4936.693373937523,10,hodgkin,males
2040,5015.242867120449,4673.897555223847,5390.979320506562,5021.290827468892,10,hodgkin,males
2041,5097.852641919229,4739.373730580652,5487.226468155615,5102.935127090353,10,hodgkin,males
2042,5178.341434178048,4803.574117552495,5582.693789399487,5183.246329157261,10,hodgkin,males
2043,5257.381606434436,4868.145526105928,5676.930781893456,5262.01872301385,10,hodgkin,males
2044,5331.567718395436,4929.107446003634,5767.119241281705,5338.796197848473,10,hodgkin,males
2045,5407.166132519005,4992.1609373068595,5850.977917541088,5413.2233352125895,10,hodgkin,males
2012,5079.360464805075,4313.2152448710485,5779.917473664047,5078.254747388923,40,hodgkin,males
2013,5289.915636329137,4490.861059137559,6027.988478901922,5289.776960376812,40,hodgkin,males
2014,5514.750334300244,4678.095227989318,6286.281603779206,5511.853349317304,40,hodgkin,males
2015,5768.53437890283,4896.300961747497,6570.042488218493,5764.648157240848,40,hodgkin,males
2016,5982.009726476695,5077.8476714434755,6818.02275257944,5976.653556898821,40,hodgkin,males
2017,6248.062945922452,5310.8689502250945,7114.8925843232055,6240.86219715913,40,hodgkin,males
2018,6492.644797506238,5527.639119978823,7392.858639700236,6487.238709087516,40,hodgkin,males
2019,6740.690673405441,5755.939798496401,7680.95805775992,6739.006848952511,40,hodgkin,males
2020,7030.78143236627,6021.17267889142,8001.642426289702,7028.980781124217,40,hodgkin,males
2021,7300.904176842885,6266.511349365783,8297.452116322174,7298.685973060465,40,hodgkin,males
2022,7496.195280050378,6488.8095653422015,8465.527735608297,7495.387113046398,40,hodgkin,males
2023,7700.698667740959,6736.149090672905,8630.607551551346,7697.167375999377,40,hodgkin,males
2024,7933.170119787765,6994.5024416975975,8837.844925636367,7922.916874304279,40,hodgkin,males
2025,8161.451310620134,7236.275396106735,9051.381708229816,8153.738247128011,40,hodgkin,males
2026,8404.360080337374,7478.555905483577,9271.85012871717,8394.552972933496,40,hodgkin,males
2027,8658.89083885046,7742.972657074918,9499.688413284806,8645.839617401116,40,hodgkin,males
2028,8901.363122336934,8022.614993917617,9720.097520189789,8892.322761538584,40,hodgkin,males
2029,9162.382953423907,8293.538181218952,9948.593180450809,9150.712050065269,40,hodgkin,males
2030,9414.292201979042,8588.936271616036,10171.342189559173,9403.483459675244,40,hodgkin,males
2031,9698.40777177098,8900.053622640407,10438.418934640282,9687.082762738544,40,hodgkin,males
2032,9985.813575114045,9205.90050440145,10686.762971521783,9969.962313413973,40,hodgkin,males
2033,10265.491723352738,9511.598538992568,10952.268020596137,10255.930940603219,40,hodgkin,males
2034,10561.29307448569,9814.095948768707,11249.095437802263,10551.120993275988,40,hodgkin,males
2035,10864.476994954814,10117.267495585664,11576.337320742752,10853.633499113688,40,hodgkin,males
2036,11160.072043862601,10392.538575479786,11881.37679639015,11145.120391164308,40,hodgkin,males
2037,11462.506623289193,10676.279025833024,12213.094689141351,11445.536887827198,40,hodgkin,males
2038,11757.373305897683,10974.912810056529,12543.300285050751,11748.298995009696,40,hodgkin,males
2039,12046.125478141448,11228.448660144342,12876.656441123745,12044.67519749661,40,hodgkin,males
2040,12344.610183565299,11476.60718928862,13225.783007856211,12344.73144731519,40,hodgkin,males
2041,12645.097044982986,11738.9742047157,13581.85989689484,12650.833105278763,40,hodgkin,males
2042,12939.944908176845,11955.115361662954,13950.897120756143,12952.862128696788,40,hodgkin,males
2043,13239.892601025136,12187.133065058231,14342.727153853957,13258.987494961977,40,hodgkin,males
2044,13549.171231727716,12399.456321554328,14741.510530506801,13571.302547654854,40,hodgkin,males
2045,13852.815804325546,12648.544060671642,15135.553711829469,13864.475220068636,40,hodgkin,males
2012,512.7749369470209,508.5059280101168,516.2969707722034,512.6196298589496,2,hodgkin,females
2013,539.0697567798983,533.7891999436349,543.1074767789742,538.8982815129187,2,hodgkin,females
2014,574.8140916302566,568.6962001346869,579.2330824559674,574.644568802269,2,hodgkin,females
2015,554.1327056748034,548.3661490768244,558.574712859004,554.0092121680701,2,hodgkin,females
2016,589.1133788336987,583.3000124274824,593.7414074473963,588.9777365387498,2,hodgkin,females
2017,604.8803756521978,600.26270875293,608.7445409357877,604.8479430399885,2,hodgkin,females
2018,552.562805088477,547.8499081290441,556.4566669120865,552.4604304815571,2,hodgkin,females
2019,575.3325992120665,569.7323744219178,580.2416750805455,575.2459627835522,2,hodgkin,females
2020,620.9488362790169,614.6195239563757,626.9282586161047,620.8945764717472,2,hodgkin,females
2021,655.7028003933817,648.349546046869,662.6604515943241,655.6470076386446,2,hodgkin,females
2022,670.9218283717975,647.6668681170411,697.0708911548246,671.533871134595,2,hodgkin,females
2023,667.2155699543787,623.2526323540519,714.9987242668483,668.1083024029083,2,hodgkin,females
2024,686.1864961745673,642.6800942783691,733.1829157741072,686.7654327063826,2,hodgkin,females
2025,702.9650277129698,659.0273253261234,750.4167421101683,703.902927316516,2,hodgkin,females
2026,719.8451112183122,673.7156552616979,768.7554546519444,720.3912562613781,2,hodgkin,females
2027,735.8656244730432,688.5187380291048,785.6781761367191,736.0004337151735,2,hodgkin,females
2028,750.7473769016926,702.0257431375068,802.4290399934987,750.9120816208152,2,hodgkin,females
2029,764.9738631897307,714.5259347139992,817.380928141111,765.3696788948305,2,hodgkin,females
2030,779.4427019970558,727.2254895256197,833.3642668023298,779.3967048832786,2,hodgkin,females
2031,793.2623336033934,738.5567491827195,850.1673897040382,793.048647349954,2,hodgkin,females
2032,805.7431017566266,749.4586020025862,865.915071373618,806.2179974814431,2,hodgkin,females
2033,817.9831841080199,760.5743674066722,880.886169455076,818.5489517328982,2,hodgkin,females
2034,830.3045295490999,769.9299413664043,896.1185723226421,830.5051433976716,2,hodgkin,females
2035,841.8633228755241,779.6712344923619,909.1344939813094,842.055922747197,2,hodgkin,females
2036,852.8559271175993,788.8647010579152,922.8182808507852,853.3100751666666,2,hodgkin,females
2037,864.03503674624,798.8430395310118,936.6199266467365,864.3919820378916,2,hodgkin,females
2038,875.2283099291051,808.393615390614,948.6985226570205,875.2390562327162,2,hodgkin,females
2039,885.735293384118,817.2692957295469,963.2320623967988,885.7427813896477,2,hodgkin,females
2040,895.7703181668381,824.9257449362734,975.2904455240638,895.9634210965393,2,hodgkin,females
2041,905.6578942775395,832.3051464005088,987.9297158692609,906.0428620065168,2,hodgkin,females
2042,915.8076436242322,839.1285259302737,1001.1690723831863,916.0488837369865,2,hodgkin,females
2043,925.5219186563482,845.8797516029439,1013.0478943367668,925.9701018018336,2,hodgkin,females
2044,935.256266707309,854.5755094140301,1025.7315641602374,935.8152177132337,2,hodgkin,females
2045,944.8051088338425,862.1916816764278,1036.0354194082406,945.4829766238676,2,hodgkin,females
2012,755.2920518325445,749.3476024924186,760.0382338046528,755.0446168118632,3,hodgkin,females
2013,794.2768012588758,788.2052348230054,799.3008245827796,794.0763777060773,3,hodgkin,females
2014,813.2511834069676,806.299053279695,818.7132006175399,813.1532059298545,3,hodgkin,females
2015,833.4380744282782,826.2754014302966,839.2136461612258,833.291033059062,3,hodgkin,females
2016,862.7636692045246,855.5278791400558,868.886153205128,862.5995432511584,3,hodgkin,females
2017,865.096415087501,859.1235390079929,870.43689069744255,865.0913833824839,3,hodgkin,females
2018,860.0691844003429,853.5916865932015,866.4222875634578,860.0230593095645,3,hodgkin,females
2019,851.0541899778891,845.211324765879,857.0327040085675,851.1666855152413,3,hodgkin,females
2020,875.899745310234,868.6287823171994,882.8798927887566,875.953032949517,3,hodgkin,females
2021,951.7006542121884,943.0638681583514,959.8614828966231,951.6423494001245,3,hodgkin,females
2022,971.7314590177216,947.7942492933946,998.3265694428678,972.2388822648273,3,hodgkin,females
2023,997.8204728356227,952.7945662368976,1046.6911800505807,998.3188300862389,3,hodgkin,females
2024,1001.83541618458,935.1504339528864,1071.7701416236089,1002.7231425944932,3,hodgkin,females
2025,1029.0300842833608,963.524168712145,1098.290019396515,1029.6316735660057,3,hodgkin,females
2026,1054.338210367348,987.5028302488953,1124.065397632521,1054.5240222501955,3,hodgkin,females
2027,1078.5464484488202,1009.95371107509,1150.0194886494514,1078.3410290124054,3,hodgkin,females
2028,1101.1845186482833,1031.5905170435353,1174.4538675053454,1100.9693167039215,3,hodgkin,females
2029,1123.0441854407813,1049.223030877453,1198.3617366164965,1122.7032318625352,3,hodgkin,females
2030,1144.287199506622,1068.3683829759675,1222.4992780250702,1143.695202823179,3,hodgkin,females
2031,1164.8852735148657,1086.0849389453938,1244.8890949846975,1164.0755567174876,3,hodgkin,females
2032,1184.5168971527216,1102.698530459589,1266.7805058675324,1183.6694791196542,3,hodgkin,females
2033,1203.4944928877603,1118.5506788719176,1288.781351654946,1202.2867813590847,3,hodgkin,females
2034,1220.7877061033328,1131.730792980825,1310.420970924199,1219.4535733220062,3,hodgkin,females
2035,1237.4261957045624,1145.9538429069207,1331.4217935223508,1236.1258708609844,3,hodgkin,females
2036,1253.4290723430236,1159.2022401988513,1349.614170607669,1252.3140772767122,3,hodgkin,females
2037,1269.076423456149,1173.0603492342914,1368.134040718844,1268.1510919078473,3,hodgkin,females
2038,1284.473064708631,1184.7808656614386,1387.5740107578395,1283.6637522431051,3,hodgkin,females
2039,1299.7843666247727,1197.2524821151335,1404.8719834653123,1298.8437734523952,3,hodgkin,females
2040,1314.5046349127156,1207.984734312879,1423.5574469337407,1313.5764954614183,3,hodgkin,females
2041,1329.8524825572729,1218.712925497214,1440.3613446173288,1328.0910158383879,3,hodgkin,females
2042,1344.482730001585,1230.8320470588872,1458.588779259612,1342.431015981794,3,hodgkin,females
2043,1358.461995660597,1241.1533198780319,1477.5915806008684,1356.7312585182167,3,hodgkin,females
2044,1372.6372198462,1252.3014121576102,1496.6721406196014,1370.8903267868398,3,hodgkin,females
2045,1386.8701285353827,1262.9447576725124,1514.3367370113583,1384.8635140591077,3,hodgkin,females
2012,1176.5723498480647,1168.1432057635382,1184.2845408802616,1176.6083603535856,5,hodgkin,females
2013,1257.9856298241193,1249.0379416872634,1266.2395913782686,1257.9311039986376,5,hodgkin,females
2014,1294.266953896794,1285.5604541737816,1302.4545389034984,1294.3778536681266,5,hodgkin,females
2015,1310.7832686191682,1302.3361348227234,1318.7086708414433,1310.820630342331,5,hodgkin,females
2016,1363.5605128296404,1354.7337110565857,1372.5248777417494,1363.5415715955662,5,hodgkin,females
2017,1399.6856864404504,1391.3778686699168,1407.9612002286328,1399.5985688273645,5,hodgkin,females
2018,1376.6951879070189,1368.736462927066,1385.7621913854118,1376.929991397036,5,hodgkin,females
2019,1403.3210875846526,1394.3890025658188,1412.1718250301608,1403.263004183288,5,hodgkin,females
2020,1442.4487150480727,1433.1121870065663,1450.7435418500625,1442.2912350324123,5,hodgkin,females
2021,1469.2596306446294,1459.8951770313508,1478.1855906785706,1469.209839358584,5,hodgkin,females
2022,1509.4898848102443,1483.9740338069748,1537.369977938384,1510.049828570338,5,hodgkin,females
2023,1579.8503367967246,1533.85448535743,1629.9204957203067,1580.9097184275913,5,hodgkin,females
2024,1618.399488379132,1550.9932769680095,1690.79641995905,1619.8237273036032,5,hodgkin,females
2025,1660.7737389250606,1572.1417616398255,1755.155214738203,1662.1867376043476,5,hodgkin,females
2026,1683.8020488933296,1575.1657102502859,1799.4943806254942,1684.7289932941424,5,hodgkin,females
2027,1726.5418167479304,1619.141935672598,1843.6735718897096,1727.1795521267993,5,hodgkin,females
2028,1766.4779463397722,1658.140882649622,1885.3218210728123,1766.8681741614125,5,hodgkin,females
2029,1805.983532927501,1692.65224730615,1926.3083785329784,1804.9607309494058,5,hodgkin,females
2030,1842.6115484534262,1724.5862349987674,1968.3085964757283,1841.3743430311638,5,hodgkin,females
2031,1877.645273085429,1755.7772970788094,2005.5305360580317,1876.4532962751978,5,hodgkin,females
2032,1911.2754488220194,1785.262202636394,2046.2601251379665,1910.2303826802918,5,hodgkin,females
2033,1944.0124487746712,1811.279354713802,2083.4098563035586,1942.528248054251,5,hodgkin,females
2034,1973.8219624907967,1838.47214029187,2119.537888048796,1972.98057791734,5,hodgkin,females
2035,2002.7498763383232,1861.9590530550713,2152.2374037286477,2001.5338233313478,5,hodgkin,females
2036,2028.9226135268045,1884.9246261363605,2186.8895629826284,2027.9304145037947,5,hodgkin,females
2037,2054.8143766022963,1905.8729988429848,2216.9499378646856,2053.6960778078405,5,hodgkin,females
2038,2081.0883524469655,1924.6698378889466,2247.3332729625768,2078.76819119748,5,hodgkin,females
2039,2105.880742693861,1944.458154830465,2274.7344185666275,2103.23825331065,5,hodgkin,females
2040,2130.389860383195,1964.8165347212137,2303.6857490362854,2127.165474969187,5,hodgkin,females
2041,2153.7058328842136,1983.488937314206,2330.5127136299693,2150.7294846643763,5,hodgkin,females
2042,2176.4755401119032,2001.7465786105995,2357.1953050158377,2173.8939247127855,5,hodgkin,females
2043,2199.246599351917,2020.5470953944525,2385.330162194962,2196.8527533054703,5,hodgkin,females
2044,2221.5202980047316,2039.7419444183965,2416.33213389455,2219.616697271475,5,hodgkin,females
2045,2243.9620328253823,2058.706813017816,2445.966980172629,2242.164330080021,5,hodgkin,females
2012,2113.171142117719,2064.541478696275,2156.218445466336,2112.2089335935093,10,hodgkin,females
2013,2226.822172930602,2179.2004379791797,2268.918537819407,2225.705359448575,10,hodgkin,females
2014,2295.7385845893186,2249.714172691006,2335.7121550272996,2294.4544413458448,10,hodgkin,females
2015,2333.706757146719,2289.877166755278,2371.005365392629,2332.4165463095123,10,hodgkin,females
2016,2426.249508856752,2382.920207116111,2462.8822844023166,2425.4190231015104,10,hodgkin,females
2017,2475.8638941299664,2437.8389689647734,2506.6868234843837,2475.0996584259533,10,hodgkin,females
2018,2526.6322140772663,2494.1243591223747,2555.105614853705,2526.5625114573727,10,hodgkin,females
2019,2585.801984555077,2556.8911573870137,2612.305533569335,2585.511815217046,10,hodgkin,females
2020,2639.8657590467537,2606.8832511299765,2669.2998757995047,2639.865763527815,10,hodgkin,females
2021,2716.7349308240837,2674.44996671539,2755.882854942649,2716.782429212093,10,hodgkin,females
2022,2794.742104366668,2746.4238132803857,2840.3641741473543,2793.9566214923166,10,hodgkin,females
2023,2845.583429150762,2784.9514126402187,2905.702302116831,2845.835481533432,10,hodgkin,females
2024,2908.595033513688,2836.1649235929917,2986.059748421274,2910.3115277938737,10,hodgkin,females
2025,2991.925802486525,2896.0255621629844,3089.912667454597,2992.427787709327,10,hodgkin,females
2026,3039.367212583589,2923.4133801882194,3157.870765775852,3041.0667781465722,10,hodgkin,females
2027,3119.2319328752146,2983.1643140236356,3260.263033106028,3120.862111519123,10,hodgkin,females
2028,3226.3538031919375,3067.082915482492,3390.796717175233,3227.1663466778755,10,hodgkin,females
2029,3302.8639467223097,3121.4426608263893,3489.547573362543,3303.3921499982357,10,hodgkin,females
2030,3379.970076213157,3174.1454929789757,3591.0794564028606,3381.046077226573,10,hodgkin,females
2031,3438.6165892567296,3208.219584890032,3673.2167371378914,3440.1821124112384,10,hodgkin,females
2032,3513.6977296552186,3276.823670558481,3755.1989657115973,3514.2085492457168,10,hodgkin,females
2033,3582.9322055600514,3338.1012921747274,3832.425087964992,3583.879021898834,10,hodgkin,females
2034,3647.9798342514387,3399.918147571055,3911.9522285295143,3650.0090944640465,10,hodgkin,females
2035,3710.6115015416176,3453.049982562638,3979.8480436904015,3712.5699340066712,10,hodgkin,females
2036,3769.293299366634,3502.401212837035,4048.507350596514,3771.8075317705816,10,hodgkin,females
2037,3829.4257616484188,3549.034266804395,4120.238541147717,3828.0872289292706,10,hodgkin,females
2038,3881.542671329784,3592.462394261623,4184.743183905161,3881.5369762815526,10,hodgkin,females
2039,3933.976928296007,3628.7947289925664,4249.240586469607,3932.2098785758026,10,hodgkin,females
2040,3981.537314410043,3664.1354314347777,4308.134149782512,3980.1569386320803,10,hodgkin,females
2041,4026.740372772018,3698.92561979466,4365.9343489119765,4025.439226944047,10,hodgkin,females
2042,4070.1883534872304,3730.380812628103,4422.432305423234,4069.6874633429197,10,hodgkin,females
2043,4113.41580885876,3761.2712344862985,4478.929230840796,4113.037099351669,10,hodgkin,females
2044,4154.3774060227315,3792.8303078358394,4531.665175811951,4155.641735214462,10,hodgkin,females
2045,4193.814261227784,3825.5863868453107,4582.794158801297,4197.548600673288,10,hodgkin,females
2012,4167.382547074549,3609.3879286769698,4686.454577213457,4157.003769696381,40,hodgkin,females
2013,4396.905412808911,3810.1788919930577,4943.103991016684,4384.339703659004,40,hodgkin,females
2014,4614.235288179771,3996.9154055908393,5192.5977925924335,4603.343704417071,40,hodgkin,females
2015,4814.571999232803,4166.37102692433,5424.444340875184,4805.7851269377015,40,hodgkin,females
2016,5063.570300490459,4381.793476785715,5704.079564031806,5054.666811541407,40,hodgkin,females
2017,5280.673752379758,4570.638052295242,5947.575027277425,5269.5652169966115,40,hodgkin,females
2018,5472.033608303597,4742.686618716044,6163.543888161633,5462.644432458897,40,hodgkin,females
2019,5706.733040855101,4954.457570555245,6425.6982035305455,5697.3999628263455,40,hodgkin,females
2020,5939.559678229616,5170.565461169719,6678.236428772373,5931.408248440706,40,hodgkin,females
2021,6201.716981372676,5416.874119651577,6969.617342609663,6196.6703297748545,40,hodgkin,females
2022,6394.575805434613,5613.255797191768,7158.150987178917,6388.033623968916,40,hodgkin,females
2023,6592.953219727917,5814.813644001153,7359.456312956748,6590.958909493412,40,hodgkin,females
2024,6798.459809774375,6022.456221139562,7547.9469048695455,6794.9677788074605,40,hodgkin,females
2025,7027.4179215034055,6255.668995241729,7755.553317026769,7018.049647538094,40,hodgkin,females
2026,7240.313775544409,6484.700159524827,7962.900307197081,7233.7714955561505,40,hodgkin,females
2027,7457.426509567911,6718.006548385165,8157.7719238018635,7450.896908014773,40,hodgkin,females
2028,7680.287934878581,6953.865356920923,8364.407521886178,7677.052446540514,40,hodgkin,females
2029,7910.811374052952,7195.978231190445,8574.564414220498,7904.50708219257,40,hodgkin,females
2030,8136.907150063967,7436.167028924293,8777.031255263244,8132.271089963298,40,hodgkin,females
2031,8378.140721258316,7677.464997048393,9003.28836037472,8370.263236856497,40,hodgkin,females
2032,8602.18583587102,7928.6368748357,9213.294505105132,8593.776069522772,40,hodgkin,females
2033,8834.815243428056,8184.819579110814,9440.008616600859,8831.780258911213,40,hodgkin,females
2034,9071.561702843535,8411.22584619192,9676.875896244464,9070.343292779304,40,hodgkin,females
2035,9309.059423673387,8665.186402246965,9914.312548252861,9306.921508920861,40,hodgkin,females
2036,9549.273631970034,8895.535523854813,10161.208322085187,9544.16221277812,40,hodgkin,females
2037,9780.173073884152,9105.359640249253,10394.477512272722,9767.505974963358,40,hodgkin,females
2038,10012.230361017839,9344.462266867164,10641.778588911682,10002.079952898754,40,hodgkin,females
2039,10232.786926257086,9541.32357274246,10905.766684538496,10232.662381397837,40,hodgkin,females
2040,10460.408467609624,9732.314749630546,11167.295594549609,10466.168635101913,40,hodgkin,females
2041,10696.107752896132,9944.55677541441,11458.592812801722,10702.237126821507,40,hodgkin,females
2042,10928.748011388801,10119.859101116284,11745.597768672758,10929.161885028767,40,hodgkin,females
2043,11183.908255672959,10290.420140971424,12018.32331494436,11170.2587765358,40,hodgkin,females
2044,11408.453466666291,10439.561023637922,12306.14149075648,11386.297446145596,40,hodgkin,females
2045,11607.647324408475,10568.918977337762,12550.040334546276,11592.081755566935,40,hodgkin,females
2012,4643.961179084672,4626.377019898137,4662.343282879515,4644.154219184904,2,nhl,males
2013,4803.181522136629,4773.816633100632,4826.44631834796,4802.023262017702,2,nhl,males
2014,4918.291433061095,4889.593850368421,4942.27487236749,4917.347419032505,2,nhl,males
2015,5017.6896831202575,4988.114933365472,5042.192500085429,5016.7080303046905,2,nhl,males
2016,5170.705507022574,5139.090548023419,5197.366556477999,5170.025479209473,2,nhl,males
2017,5505.8098452720715,5482.532995483283,5525.164239541241,5505.158796754136,2,nhl,males
2018,5695.961298936628,5671.040253480185,5720.086935394072,5695.8249515276875,2,nhl,males
2019,5820.031791830153,5792.960822256717,5846.789139477043,5819.776342995374,2,nhl,males
2020,6085.02127386464,6053.949171067361,6114.949346020276,6084.537243854233,2,nhl,males
2021,6087.6904760629095,6051.2938625387515,6122.110729624262,6087.386652804021,2,nhl,males
2022,6152.926769258811,6071.692159600566,6233.623905448073,6153.465375636431,2,nhl,males
2023,6459.0856784413645,6311.681981053603,6598.4114950979365,6460.199517149106,2,nhl,males
2024,6689.164260589092,6538.875766389021,6838.929077063911,6689.810095082241,2,nhl,males
2025,6917.2550566406835,6768.36509113228,7070.145977621542,6918.41742671662,2,nhl,males
2026,7152.972440289773,6994.344499740102,7308.792753512721,7153.107461245142,2,nhl,males
2027,7388.968511194251,7227.2191597328665,7552.58341264309,7390.856531503511,2,nhl,males
2028,7624.3398609070155,7450.978870910272,7792.03582505387,7624.09829117846,2,nhl,males
2029,7850.1336006908805,7669.958308639013,8027.222949316315,7850.66361943358,2,nhl,males
2030,8067.013803254047,7874.18039166375,8252.157357475124,8067.654685677256,2,nhl,males
2031,8275.288109877562,8069.432434945407,8475.759366009068,8276.453674552764,2,nhl,males
2032,8464.806284362156,8245.773714525887,8678.250718182971,8465.416825573426,2,nhl,males
2033,8619.284071928101,8391.247590034814,8848.535190311704,8621.141782444656,2,nhl,males
2034,8771.064204732698,8535.761272907072,9010.783368541977,8773.590944861951,2,nhl,males
2035,8920.375753693723,8676.079247969541,9175.038166223112,8924.950035247733,2,nhl,males
2036,9073.190343448572,8820.554037672426,9339.524923773552,9078.245011010786,2,nhl,males
2037,9224.003269747674,8959.521200891195,9503.33796472673,9229.30304955414,2,nhl,males
2038,9365.95532426101,9087.536499687523,9655.650502427809,9369.14359727245,2,nhl,males
2039,9492.033764082367,9200.835031239632,9793.326325069647,9494.789829148065,2,nhl,males
2040,9601.921267560905,9299.936569789485,9918.876779052749,9605.341305167754,2,nhl,males
2041,9701.49226667239,9385.480196079026,10034.293337761228,9702.643020059191,2,nhl,males
2042,9785.73365047322,9457.224885432719,10137.974628333528,9787.849641289002,2,nhl,males
2043,9860.601099411357,9522.13047352051,10231.911031923728,9863.726892846767,2,nhl,males
2044,9934.072180420975,9584.345580711162,10318.980799486837,9938.392988924183,2,nhl,males
2045,10011.149416700086,9650.354873386872,10410.984278619768,10015.837471868033,2,nhl,males
2012,6505.386700849525,6481.261769911803,6531.794089756143,6506.0308589508995,3,nhl,males
2013,6764.942607682094,6734.242626052069,6795.883674288323,6765.010641036595,3,nhl,males
2014,7013.311208590966,6977.505685188978,7041.771469605915,7011.989204358881,3,nhl,males
2015,7127.836075006049,7091.487250230455,7157.171090649295,7126.752012446717,3,nhl,males
2016,7378.013771332755,7339.028426701649,7410.098014671183,7376.974706933474,3,nhl,males
2017,7708.613484639867,7676.4320903549515,7736.47994268338,7708.10771719686,3,nhl,males
2018,8036.472019963769,8004.580007987617,8066.166109083492,8035.970032865283,3,nhl,males
2019,8319.954132525505,8289.26080475308,8352.176693300333,8320.303801148644,3,nhl,males
2020,8605.13016242053,8570.995149566252,8640.8741759138,8605.305014354668,3,nhl,males
2021,8715.401723177387,8678.089373119887,8756.313897201024,8715.75332848854,3,nhl,males
2022,8925.505161817451,8842.59831521988,9010.426310271798,8926.272138877785,3,nhl,males
2023,9106.88141314798,8959.42800088038,9251.524854698448,9107.404271821313,3,nhl,males
2024,9510.772519712002,9303.150293309294,9713.727914673149,9512.623484154212,3,nhl,males
2025,9848.734316744594,9641.431674866151,10056.380520929255,9850.43143733318,3,nhl,males
2026,10192.234150716904,9982.324534191115,10407.716524497586,10192.631234472352,3,nhl,males
2027,10539.93326335239,10320.26098256123,10762.680556038651,10539.38663808137,3,nhl,males
2028,10887.252407623391,10652.739844608164,11124.283345373606,10886.543136715132,3,nhl,males
2029,11225.768235975744,10974.469629481355,11468.556739628093,11225.58350370874,3,nhl,males
2030,11551.023583624617,11282.221196012959,11818.488761786466,11553.556243728015,3,nhl,males
2031,11864.421787279249,11582.057002993155,12152.091055006325,11868.796292140873,3,nhl,males
2032,12156.713113005628,11857.822804647325,12454.456779415037,12159.832083680893,3,nhl,males
2033,12413.506248599593,12095.660109227863,12720.564238776498,12414.529796268413,3,nhl,males
2034,12630.68333176928,12295.0779877721,12950.538531050928,12630.190411199348,3,nhl,males
2035,12839.801950426263,12491.915936002852,13179.067126150889,12842.605000224437,3,nhl,males
2036,13051.499427590657,12691.751585162292,13412.867282566538,13057.917424583355,3,nhl,males
2037,13266.357567800875,12889.195549680475,13644.21180146541,13269.909361506327,3,nhl,males
2038,13468.554032549902,13076.44201813033,13865.870933306975,13473.785101136684,3,nhl,males
2039,13653.660900636936,13241.490920393822,14072.76816700507,13659.32566883966,3,nhl,males
2040,13822.189821584083,13392.778147626354,14259.874396977577,13824.335610752301,3,nhl,males
2041,13967.060979140375,13516.89622753546,14422.076762432112,13969.73018433582,3,nhl,males
2042,14093.26430077057,13627.90030317377,14569.17462310292,14096.469619241423,3,nhl,males
2043,14201.631321476205,13726.650607437634,14696.048867013158,14208.416032715779,3,nhl,males
2044,14307.1642129182,13813.684180467642,14827.786051563196,14314.017260081724,3,nhl,males
2045,14412.925924393541,13899.81939154334,14958.411907852378,14419.291161283794,3,nhl,males
2012,9620.743420836057,9583.783044182665,9658.410291359396,9620.854691694332,5,nhl,males
2013,10068.96926656548,10030.064169119729,10110.930743325976,10069.419054520038,5,nhl,males
2014,10517.7629017741,10473.992307774355,10556.027999266642,10517.226513923453,5,nhl,males
2015,10835.211085050247,10790.301373923514,10876.024829490763,10834.187596425822,5,nhl,males
2016,11209.58687747745,11163.200870725537,11254.475022356586,11209.160608359296,5,nhl,males
2017,11643.546376498529,11603.34493647196,11687.086594032275,11643.983201777519,5,nhl,males
2018,12057.250771889421,12016.08364241588,12098.29922662964,12057.06942496207,5,nhl,males
2019,12462.758001246788,12419.694759385822,12505.509506677892,12462.585478281537,5,nhl,males
2020,13033.706444062456,12989.038179553707,13081.024508446708,13033.015148492877,5,nhl,males
2021,13314.251630094323,13266.376364071872,13361.751992928135,13313.334773304707,5,nhl,males
2022,13647.823854260881,13559.709319799322,13739.987963094105,13647.517940359501,5,nhl,males
2023,14072.445990466222,13921.109045857203,14223.774376147365,14071.050196997146,5,nhl,males
2024,14486.295028818291,14273.909617295352,14698.362306849815,14485.396618269871,5,nhl,males
2025,14870.746979528434,14595.513593335747,15138.7803212304,14871.541849481553,5,nhl,males
2026,15470.587343210656,15130.468922461074,15791.657976621453,15471.088259153403,5,nhl,males
2027,16016.402085289228,15672.35038301814,16349.647459654638,16015.932850317004,5,nhl,males
2028,16562.438934363476,16218.797583282776,16913.229514727976,16561.15347675649,5,nhl,males
2029,17106.000248520624,16748.958939076023,17473.521866736603,17104.12914247041,5,nhl,males
2030,17640.98217065825,17263.414255962263,18024.71317850985,17638.868935776747,5,nhl,males
2031,18158.36562490087,17755.269961101407,18563.605849471423,18157.977887969984,5,nhl,males
2032,18645.50919629432,18230.48815873783,19068.415541827133,18646.785726648402,5,nhl,males
2033,19089.366584826574,18646.798215415227,19536.021627713268,19090.05411878556,5,nhl,males
2034,19485.01052272359,19012.61379121384,19956.999684894057,19486.486334392117,5,nhl,males
2035,19838.90606694307,19334.688791571163,20338.365415864766,19838.528159106507,5,nhl,males
2036,20153.409773752945,19630.432894833488,20684.255594846618,20153.278434535154,5,nhl,males
2037,20466.19571012928,19921.738691351675,21036.135863401316,20464.92658893831,5,nhl,males
2038,20769.813680469335,20189.7945391277,21353.161401878257,20769.040886616633,5,nhl,males
2039,21056.100225664246,20446.06702067992,21674.851564692573,21057.136320524383,5,nhl,males
2040,21320.120409177645,20684.926371769823,21961.362865084207,21323.915943036467,5,nhl,males
2041,21559.33411418007,20901.28613557972,22234.745858840583,21562.80543331318,5,nhl,males
2042,21769.21069501946,21089.649181746987,22467.418003171715,21772.920708240286,5,nhl,males
2043,21951.717152266792,21248.42004446359,22683.77616436364,21957.447029535997,5,nhl,males
2044,22121.618371718563,21388.345354650308,22883.201093351374,22125.306370952876,5,nhl,males
2045,22278.436993875057,21525.694584626865,23070.054228837937,22283.62709692538,5,nhl,males
2012,15278.180741720924,15057.115262852429,15494.410252119613,15279.21881855383,10,nhl,males
2013,15897.327119794874,15690.90036413207,16106.831882488323,15898.240266737677,10,nhl,males
2014,16563.961502080005,16371.653337822752,16765.171123137963,16566.210849580555,10,nhl,males
2015,17179.330986407625,16994.998573969016,17372.655719790866,17181.379305533308,10,nhl,males
2016,17883.34364727667,17705.146184456204,18071.209403696084,17883.945725985832,10,nhl,males
2017,18736.33485238517,18576.94968186048,18901.72468929224,18737.206650346197,10,nhl,males
2018,19495.134036876934,19345.493764096518,19646.002921815572,19496.702191509496,10,nhl,males
2019,20268.76008350482,20122.305315057325,20412.10213876492,20268.54303331936,10,nhl,males
2020,21093.048537079387,20928.739304372968,21254.968640912706,21092.339520201465,10,nhl,males
2021,21666.40968249984,21458.875793049807,21875.4545934971,21666.469969237332,10,nhl,males
2022,22337.597021501275,22123.92119313389,22539.236143636794,22340.0937360978,10,nhl,males
2023,23106.87515539922,22865.922151653762,23306.106343380387,23102.49092966885,10,nhl,males
2024,23873.15918363574,23605.702335187892,24111.057135650735,23867.82299982124,10,nhl,males
2025,24731.052009905048,24413.725751142585,25014.206670781743,24725.962511095116,10,nhl,males
2026,25585.566458430872,25199.95328732486,25950.292299105582,25580.14032871355,10,nhl,males
2027,26408.41523940117,25955.83847195206,26833.86015253125,26401.413380403916,10,nhl,males
2028,27296.223645213446,26787.06327827888,27812.04779569275,27291.93097613217,10,nhl,males
2029,28157.933045989026,27583.607807307955,28740.148615141115,28160.001410544566,10,nhl,males
2030,28990.016733867727,28345.82836853392,29667.685123287414,28997.782041147824,10,nhl,males
2031,29995.72199754672,29263.52629432972,30740.629698693647,29997.89754538375,10,nhl,males
2032,30922.925306571167,30153.672080247197,31722.886519920838,30923.953805570887,10,nhl,males
2033,31798.364897915835,30996.217686207438,32636.40774423015,31806.661468543884,10,nhl,males
2034,32625.949942851803,31777.653397166705,33530.86088846985,32640.722057397437,10,nhl,males
2035,33408.47530548854,32501.331890413334,34369.11883132719,33423.544759744495,10,nhl,males
2036,34136.818145246805,33165.347273751235,35172.165905878195,34155.3487316497,10,nhl,males
2037,34799.789444404,33769.85008989911,35911.84038104021,34829.8392148875,10,nhl,males
2038,35423.79917383537,34326.62358977317,36600.79988388466,35441.7473995332,10,nhl,males
2039,35973.09354662955,34824.89617654354,37214.85975560117,35987.459575486086,10,nhl,males
2040,36442.63440063038,35264.67079582703,37741.155181022055,36464.372625076685,10,nhl,males
2041,36847.28029177253,35634.99010117382,38189.55497270842,36871.659954201335,10,nhl,males
2042,37217.660515636875,35969.5355628968,38625.98181762705,37250.705244785655,10,nhl,males
2043,37568.19537804088,36284.92836636131,39026.85060990313,37601.11844049273,10,nhl,males
2044,37896.95273771355,36566.42517382113,39395.26911605021,37926.36075624499,10,nhl,males
2045,38207.87565979264,36792.87513593096,39756.66676399777,38229.99708649278,10,nhl,males
2012,23319.209632469647,21192.894536333577,25785.052289485517,23375.82987519568,40,nhl,males
2013,24497.426883735458,22304.547539900785,27095.717150417702,24574.215160132757,40,nhl,males
2014,25743.28291518196,23471.370035444404,28450.707388472572,25824.84118110435,40,nhl,males
2015,26944.997079282588,24599.06081094612,29766.620209920882,27022.25747959194,40,nhl,males
2016,28248.658959534892,25839.300212197828,31180.681972437,28333.914527792243,40,nhl,males
2017,29695.34342470644,27207.321827583608,32729.806403462546,29781.560331096694,40,nhl,males
2018,31084.537692169564,28533.20304509242,34254.880077846,31182.71440370019,40,nhl,males
2019,32543.10636159022,29919.70333188078,35833.59092541218,32634.510628485372,40,nhl,males
2020,34111.280691323765,31414.313967185713,37502.24989931708,34210.89687244585,40,nhl,males
2021,35485.300817073665,32753.778747633616,38962.80486344758,35581.175388645504,40,nhl,males
2022,36951.320399987635,34182.1913167662,40407.71459024658,37028.5517577276,40,nhl,males
2023,38454.50120169439,35709.50236465334,41902.13431929766,38531.7274178993,40,nhl,males
2024,40011.4371240774,37335.15557773763,43350.88267171082,40094.55420893718,40,nhl,males
2025,41649.131774131994,38958.43692516809,44867.19359622652,41715.3901984433,40,nhl,males
2026,43327.91629419706,40717.40978682542,46447.65314858257,43396.34919784768,40,nhl,males
2027,45040.00410247104,42545.14859094848,48114.24484273812,45113.72270374341,40,nhl,males
2028,46797.753240909864,44423.146977260185,49809.727858756705,46878.02651653233,40,nhl,males
2029,48624.8662656949,46332.68863030845,51522.592298680844,48694.76206663721,40,nhl,males
2030,50468.516252921414,48263.38623327112,53176.857672859274,50526.55972593703,40,nhl,males
2031,52366.08487646889,50217.86974557624,54930.15566722737,52388.67196647168,40,nhl,males
2032,54258.78635986254,52157.57358101195,56738.91842489594,54264.88766837589,40,nhl,males
2033,56118.55779071416,54037.112816547575,58577.352180488866,56129.20852806455,40,nhl,males
2034,57989.8520084943,55923.1028513287,60390.34090030107,58005.758292472405,40,nhl,males
2035,59868.772727389165,57735.16891270705,62191.48871519881,59867.66579103062,40,nhl,males
2036,61736.01543971848,59444.13820353207,64101.41525752587,61717.36333538951,40,nhl,males
2037,63582.17655901867,61219.121758796,66065.90275950833,63574.064322269085,40,nhl,males
2038,65416.0192975223,62865.44798741147,68138.46068494409,65406.77044216403,40,nhl,males
2039,67204.42538296222,64454.8156239186,70133.6425448688,67227.01092898982,40,nhl,males
2040,68940.872820033,65941.66008770924,72222.75237594706,68992.61573118439,40,nhl,males
2041,70646.12016824126,67304.18990466275,74316.24083509862,70715.03021992696,40,nhl,males
2042,72300.88249803794,68606.5672842706,76386.286178173,72407.26445448861,40,nhl,males
2043,73928.38612896172,69812.19687168283,78442.42527696944,74035.01564500363,40,nhl,males
2044,75509.55529048995,70970.42718032506,80444.311942443,75626.53068883008,40,nhl,males
2045,77038.38307160063,72096.70872044636,82461.99788441298,77186.80198799456,40,nhl,males
2012,3439.2751904937736,3424.455011133848,3454.094760136921,3439.2803168372143,2,nhl,females
2013,3581.8831877288762,3560.9588825082956,3604.766970185737,3582.1291808621677,2,nhl,females
2014,3793.057926958463,3771.8984008541092,3815.678309681796,3793.1768535586984,2,nhl,females
2015,3937.8577159768615,3914.7589045456116,3961.0561032097185,3937.9853530396504,2,nhl,females
2016,3985.8874082988873,3961.2633989839287,4008.872547218327,3986.039009288016,2,nhl,females
2017,4119.353683735359,4101.769317173086,4136.519702219458,4119.2756439239465,2,nhl,females
2018,4185.694339479662,4165.825636802364,4205.947172850617,4185.5276769857865,2,nhl,females
2019,4265.421853408996,4241.778133759946,4288.6768597957425,4265.034322390606,2,nhl,females
2020,4560.321330293262,4533.313697114798,4586.678673651249,4560.19351704612,2,nhl,females
2021,4701.8236113374505,4670.041843677835,4730.780002212903,4701.557411903812,2,nhl,females
2022,4732.102422892701,4660.999764248263,4805.548800334345,4730.818160221895,2,nhl,females
2023,4930.37757939336,4801.516592425351,5059.86764286504,4928.412763849969,2,nhl,females
2024,5109.173880512535,4978.390150008964,5241.642608159781,5107.786609077587,2,nhl,females
2025,5289.898093227002,5151.256031799014,5428.540565679828,5288.03290213181,2,nhl,females
2026,5476.2246625395,5331.812685982307,5620.488527244712,5474.498181251434,2,nhl,females
2027,5663.456499081949,5509.722651332468,5818.19338988601,5664.067670907453,2,nhl,females
2028,5850.2419263839565,5689.444761837505,6011.4481598879,5852.061348991175,2,nhl,females
2029,6036.468211369673,5865.399098844701,6208.65149510269,6036.979418838583,2,nhl,females
2030,6216.45191879658,6033.999448583289,6396.454181213506,6216.732238402043,2,nhl,females
2031,6392.215720328989,6200.504937706963,6582.370241090896,6392.109051641132,2,nhl,females
2032,6550.598153403997,6349.456079332203,6751.747209104144,6551.788316221944,2,nhl,females
2033,6685.611536688471,6476.2899310385965,6898.501000101157,6686.584603645508,2,nhl,females
2034,6820.999561883532,6603.296641634955,7048.138793848076,6822.263150639226,2,nhl,females
2035,6957.335603349675,6726.217343616169,7196.478092316691,6958.088319333048,2,nhl,females
2036,7095.885572639019,6850.374103054408,7349.520942223146,7096.074705329099,2,nhl,females
2037,7230.996215686022,6973.807800139468,7503.457420915714,7233.542527716639,2,nhl,females
2038,7360.62580621398,7090.321795058361,7652.03970749283,7363.890316355371,2,nhl,females
2039,7480.170711530378,7196.077752877828,7791.512889031718,7485.270074546351,2,nhl,females
2040,7590.782827274144,7292.477036710786,7916.099643571527,7596.487473353081,2,nhl,females
2041,7692.243540404601,7379.565543093502,8030.64606459892,7697.873422943286,2,nhl,females
2042,7785.25511787201,7461.660417283671,8145.161339044904,7791.768996786935,2,nhl,females
2043,7872.756405481004,7535.4995669252,8255.36652019809,7881.143788639551,2,nhl,females
2044,7960.785740987697,7610.881796322317,8360.35268095398,7969.761565780661,2,nhl,females
2045,8048.785454148975,7686.717647240604,8463.458493001375,8058.854961448066,2,nhl,females
2012,4874.302250402032,4855.482726494333,4895.432354626546,4874.625235324115,3,nhl,females
2013,5052.870151832376,5028.309816047661,5078.524308598772,5052.768583714009,3,nhl,females
2014,5379.061459736629,5352.210099104488,5406.568535915662,5379.44903446244,3,nhl,females
2015,5535.509514434993,5507.531781340138,5562.309911958256,5535.594093640703,3,nhl,females
2016,5760.629822782039,5731.238508423553,5789.344417519082,5760.654072966664,3,nhl,females
2017,5870.229025715773,5845.651906028506,5893.985024741023,5870.1649432101485,3,nhl,females
2018,6008.043724679746,5981.250497685218,6033.177117293854,6007.614500745926,3,nhl,females
2019,6141.522563250767,6116.454074952911,6167.812874336105,6141.2989246933985,3,nhl,females
2020,6454.916026217571,6425.980941211051,6484.776902524881,6454.69494002368,3,nhl,females
2021,6656.796049429591,6624.61181892271,6690.759203220374,6656.734733244467,3,nhl,females
2022,6909.615016018076,6835.4191417169,6983.502477131617,6908.6474710292605,3,nhl,females
2023,7034.47744012166,6902.567407872401,7169.073456765359,7032.009614502833,3,nhl,females
2024,7317.165670251009,7131.303971076002,7513.87034258634,7315.34419805091,3,nhl,females
2025,7584.240088290454,7393.064186089187,7781.557674031287,7583.388195539422,3,nhl,females
2026,7856.548488875473,7659.1229370945275,8063.5685600221395,7856.870801823962,3,nhl,females
2027,8137.774600887478,7929.933654373098,8348.106516048689,8135.793346497141,3,nhl,females
2028,8418.103602639378,8197.029849862352,8636.507119526195,8417.479153053106,3,nhl,females
2029,8695.771474474817,8467.218643898494,8928.013951303636,8695.509062057989,3,nhl,females
2030,8971.789004985067,8728.858177312695,9217.43017680592,8968.374813729391,3,nhl,females
2031,9237.81860739714,8976.914279747036,9503.700338829134,9234.441821049271,3,nhl,females
2032,9485.224703475633,9209.736831152875,9765.351422980171,9482.8369291478,3,nhl,females
2033,9708.792364401786,9418.938119678613,10002.119626207563,9704.903796083729,3,nhl,females
2034,9902.194674096354,9601.88094015601,10210.806330626889,9899.625126222501,3,nhl,females
2035,10093.854681126237,9778.545440247357,10419.747044316056,10094.858721849525,3,nhl,females
2036,10293.322146512406,9957.950191608545,10640.370013309974,10293.234636949255,3,nhl,females
2037,10488.258540893756,10137.02098451463,10856.780435350704,10490.385419526137,3,nhl,females
2038,10677.107106704945,10305.508425285703,11069.331306462362,10683.165504700313,3,nhl,females
2039,10856.19638283279,10465.458302556042,11276.334246923101,10864.17423591799,3,nhl,females
2040,11022.855957373466,10615.215851146353,11457.62343681268,11031.41121299101,3,nhl,females
2041,11177.250788913385,10748.449631987383,11628.027033334709,11184.462178625703,3,nhl,females
2042,11316.975754520452,10864.277916068317,11786.731732253536,11325.256245111972,3,nhl,females
2043,11451.196928333065,10979.350919570252,11950.103376053174,11457.402497845504,3,nhl,females
2044,11579.945881799173,11091.211796599868,12108.849676123496,11586.085645085705,3,nhl,females
2045,11707.451431074129,11193.42056094993,12258.31206846775,11713.697576418355,3,nhl,females
2012,7413.02689950513,7376.964054295702,7443.917912803217,7412.346098124833,5,nhl,females
2013,7680.571813373222,7644.634354988424,7714.758946512646,7680.827647096493,5,nhl,females
2014,8074.437569414776,8040.969162780008,8107.727263629621,8074.49030880885,5,nhl,females
2015,8373.185284841658,8338.446605000601,8406.130478110155,8373.262355723573,5,nhl,females
2016,8726.73451086467,8690.646454791267,8764.2942119707,8727.15706390417,5,nhl,females
2017,9014.99691169842,8980.166437023283,9049.959483823865,9015.179441999977,5,nhl,females
2018,9295.699000709821,9257.637978782901,9332.617540681837,9295.594885384495,5,nhl,females
2019,9481.79791813681,9444.337904223366,9519.966329868625,9481.576956525965,5,nhl,females
2020,9912.65395493023,9874.75058446901,9949.909972528447,9912.257909476139,5,nhl,females
2021,10164.919315766172,10125.099247934471,10204.154939268617,10165.438308764016,5,nhl,females
2022,10489.622342492694,10411.903136883418,10563.003581274244,10489.191236274446,5,nhl,females
2023,10888.508229833747,10757.627321485477,11019.36957013113,10887.695299507363,5,nhl,females
2024,11311.312026690179,11128.25059001908,11509.532299011133,11311.162766608864,5,nhl,females
2025,11611.04080791524,11374.49330694278,11867.107625467546,11610.52362694604,5,nhl,females
2026,12063.728738714643,11770.761872212544,12387.566619044463,12065.1660977772,5,nhl,females
2027,12507.985405191825,12207.33336799993,12831.828078929659,12509.616372089404,5,nhl,females
2028,12955.3739169059,12641.527759400025,13287.540243825702,12958.488734361275,5,nhl,females
2029,13408.400260336613,13080.370351961177,13761.78431007301,13410.214119152417,5,nhl,females
2030,13860.453534017677,13509.027508595143,14220.35151419969,13860.491279293956,5,nhl,females
2031,14300.3534740682,13924.446806690576,14679.796644699605,14303.599290393702,5,nhl,females
2032,14723.201277506985,14318.401391898167,15120.254732688432,14726.722243305132,5,nhl,females
2033,15112.918742005706,14683.322622942327,15532.492349711178,15119.150334801647,5,nhl,females
2034,15471.885259161458,15018.626314246843,15920.264419486377,15480.901931914847,5,nhl,females
2035,15804.199660130354,15318.980421537639,16283.690466885286,15812.708672589586,5,nhl,females
2036,16109.803247602413,15595.06631923104,16616.461130873246,16116.134980243623,5,nhl,females
2037,16412.886419180606,15874.793089871744,16953.18377674934,16420.018474768,5,nhl,females
2038,16713.786654636795,16155.194322748328,17277.004672957766,16719.93576858,5,nhl,females
2039,17001.495287129954,16429.713416522576,17604.706192117817,17010.094428767417,5,nhl,females
2040,17272.253491109597,16681.259347853815,17912.085838622243,17286.53577585647,5,nhl,females
2041,17525.364127485736,16899.918838907786,18199.246684881815,17542.95938419153,5,nhl,females
2042,17765.452483080226,17107.4632516863,18464.67920677781,17779.86828792293,5,nhl,females
2043,17987.422952626875,17306.818904497988,18721.051913420462,18000.02083490279,5,nhl,females
2044,18194.893708490563,17491.678446059545,18962.189650781762,18208.78422485367,5,nhl,females
2045,18397.211188363035,17660.801253509642,19209.310426268574,18410.35079329876,5,nhl,females
2012,12138.494240874636,11950.671740871387,12330.970217105474,12140.39075500197,10,nhl,females
2013,12588.877168131548,12403.460180280195,12769.485696258318,12591.19394380849,10,nhl,females
2014,13182.74356959781,13007.073468121733,13354.57481796886,13182.640238536513,10,nhl,females
2015,13639.617956372678,13473.836903426662,13803.83608396571,13639.425723865394,10,nhl,females
2016,14192.538158608626,14039.998779421869,14349.352368173157,14194.246247174671,10,nhl,females
2017,14751.3094569503,14611.782656854404,14888.32770113381,14751.558848062534,10,nhl,females
2018,15272.867505551756,15152.804380646,15390.8088262431,15273.073110473893,10,nhl,females
2019,15796.285666197111,15682.072804117455,15906.993640044451,15795.44223466811,10,nhl,females
2020,16511.541816746118,16380.001475649795,16636.65684858508,16511.757502335222,10,nhl,females
2021,17089.60446431062,16916.49259858896,17243.002248969708,17086.10128585551,10,nhl,females
2022,17656.489167697797,17486.217755438596,17809.31054325779,17654.84402197196,10,nhl,females
2023,18286.99577209709,18102.066843189285,18479.530258089042,18287.829301177542,10,nhl,females
2024,18859.294812533757,18653.465371499864,19085.314217170497,18863.31289709443,10,nhl,females
2025,19505.600856609173,19253.014604201086,19785.19007143844,19511.057051047195,10,nhl,females
2026,20170.105735357043,19860.871977033745,20522.59380075652,20180.429501724182,10,nhl,females
2027,20904.011995026955,20529.53324173549,21317.73778176604,20911.90578525212,10,nhl,females
2028,21710.40972042995,21282.114316336294,22177.446908023332,21720.19276386689,10,nhl,females
2029,22539.584323335395,22035.321701921348,23073.533984754882,22548.78226495857,10,nhl,females
2030,23252.963096260915,22698.8867307449,23851.017863870984,23263.267384371542,10,nhl,females
2031,24092.896031984215,23470.55163461474,24774.3534407061,24104.177133634315,10,nhl,females
2032,24918.100239626037,24244.489436684733,25648.52976766836,24919.043723936225,10,nhl,females
2033,25706.77342958469,24972.46133505359,26489.42299709126,25709.222390449097,10,nhl,females
2034,26470.797310750488,25665.863708904544,27329.365499430292,26472.58022934548,10,nhl,females
2035,27213.28217783999,26340.841338676626,28114.222471132023,27206.014539780375,10,nhl,females
2036,27906.649215479614,26985.05236959695,28887.866988672853,27906.031830720243,10,nhl,females
2037,28568.497984123685,27590.316383802936,29610.951243378768,28568.88523813952,10,nhl,females
2038,29190.18288640944,28143.706873340667,30311.888617890356,29189.71637824991,10,nhl,females
2039,29764.646804142583,28654.22878328524,30966.98666088396,29765.061117585818,10,nhl,females
2040,30289.955328505086,29134.963023385473,31547.392381956553,30291.107022090364,10,nhl,females
2041,30763.115574124095,29551.06735853307,32083.16041380389,30764.322024885,10,nhl,females
2042,31214.984482759057,29951.512855030967,32611.36995610327,31219.623568171923,10,nhl,females
2043,31654.049428904385,30332.968399850193,33124.261180503425,31655.991891268663,10,nhl,females
2044,32073.510986282497,30668.70344368013,33624.59234981865,32074.54190222309,10,nhl,females
2045,32474.931972374656,31001.735433351245,34109.81680950512,32476.64115334769,10,nhl,females
2012,20063.547426745237,18166.876521074406,22685.86481450503,20178.62435751329,40,nhl,females
2013,21001.90948746042,19011.12388420792,23734.080362860128,21123.954307599324,40,nhl,females
2014,22100.44780039214,20037.44804770422,24951.410028612183,22232.972889241493,40,nhl,females
2015,23133.739752118054,20976.926049163758,26095.191375119026,23263.50096179332,40,nhl,females
2016,24223.389362273298,22001.746074217815,27294.27733827988,24361.878171046363,40,nhl,females
2017,25333.529542244454,23042.018404540704,28536.376991262787,25486.32353120021,40,nhl,females
2018,26425.127367762136,24064.31649488324,29732.94072830634,26596.025252612744,40,nhl,females
2019,27572.930597556624,25147.36075265672,30992.454052190147,27749.226666920586,40,nhl,females
2020,28929.982068107558,26443.31259544401,32444.76219343508,29114.303425226815,40,nhl,females
2021,30149.90156775373,27619.74427864135,33737.58856009198,30346.310882627444,40,nhl,females
2022,31340.438953778532,28868.50149118621,34843.6421466423,31533.54334320021,40,nhl,females
2023,32628.430571966353,30135.257954252007,36082.226432447496,32791.94207640117,40,nhl,females
2024,33947.47596926572,31449.653053780912,37359.88361697855,34092.984194743585,40,nhl,females
2025,35333.16491241455,32908.58812593958,38635.87399910961,35447.95101052845,40,nhl,females
2026,36749.874796405595,34360.088690742436,39933.7316570956,36856.89675952266,40,nhl,females
2027,38209.71712628197,35864.2777474592,41329.500489499536,38306.235534137195,40,nhl,females
2028,39746.1647099416,37508.57635441938,42711.88393865062,39816.23370037127,40,nhl,females
2029,41307.25034157365,39164.60915958945,44195.32163316386,41366.34449952297,40,nhl,females
2030,42916.271797568785,40803.402006192235,45634.375476426096,42960.61861194207,40,nhl,females
2031,44569.64011555258,42490.953200979704,47065.96029865335,44594.39293849332,40,nhl,females
2032,46212.36886417571,44194.725481973095,48525.88840868618,46235.6378422654,40,nhl,females
2033,47902.03000685864,45919.17213867884,50126.719492418146,47902.77811539463,40,nhl,females
2034,49546.472469317705,47616.80795235927,51757.02259956868,49566.52357450242,40,nhl,females
2035,51218.85049694736,49247.018159353625,53373.408966803254,51236.69317848061,40,nhl,females
2036,52911.04792385722,50798.68194457226,55071.298253971836,52917.18876017957,40,nhl,females
2037,54605.0874780467,52338.137946300376,56924.10673430229,54608.30671181028,40,nhl,females
2038,56310.57888719835,53816.86486071864,58794.8872065619,56311.639180820624,40,nhl,females
2039,57989.1297243433,55296.33187994927,60788.59824687325,58014.57887790829,40,nhl,females
2040,59685.06565980759,56664.58381580851,62796.60552927484,59696.571758061975,40,nhl,females
2041,61339.364944895126,58028.35013488349,64791.48134263043,61365.68829135876,40,nhl,females
2042,62981.30186389362,59406.24413601368,66836.56752143083,62994.493262031974,40,nhl,females
2043,64619.64684426217,60757.99600711815,68926.07848607909,64633.77984642449,40,nhl,females
2044,66206.08282750734,61979.37168399924,71065.96178560841,66247.44676182383,40,nhl,females
2045,67837.53181835948,63159.54016827967,73250.67321632887,67831.54724582967,40,nhl,females
2012,2803.7956034818053,2787.5610542727914,2818.677971166825,2803.6415869341395,2,dlbcl,persons
2013,2870.792208961102,2847.680409164928,2892.912765797764,2870.536271282858,2,dlbcl,persons
2014,2937.7685192547747,2915.1547800847366,2958.8729093336196,2937.4277750669658,2,dlbcl,persons
2015,2995.0160204571575,2972.4779574292656,3016.9635739855703,2994.9158807109534,2,dlbcl,persons
2016,3026.6197509055446,3002.585672416751,3049.277238790218,3026.679671315238,2,dlbcl,persons
2017,3093.101203852021,3075.275129239588,3110.2098617239976,3093.0919143248143,2,dlbcl,persons
2018,3171.0820411967798,3148.6467898815704,3191.310147209797,3170.8251886631647,2,dlbcl,persons
2019,3299.4756855583196,3273.465663205366,3321.663997350291,3299.0780494560795,2,dlbcl,persons
2020,3463.8960077117,3434.28089743522,3488.999571796504,3463.404463893898,2,dlbcl,persons
2021,3572.0212593794868,3536.2721685172564,3599.6381908361454,3571.254734615286,2,dlbcl,persons
2022,3639.747067594138,3565.47760154432,3712.405841554215,3639.5519012833506,2,dlbcl,persons
2023,3746.442301940676,3616.7883417281414,3877.97886119358,3746.19768837729,2,dlbcl,persons
2024,3850.59711700974,3715.363767836015,3983.8131856272303,3849.4370579861993,2,dlbcl,persons
2025,3951.6375356324625,3807.8943614748628,4092.917102203961,3951.393269042883,2,dlbcl,persons
2026,4056.707929550219,3905.2864875202254,4208.259865541541,4056.5717650354204,2,dlbcl,persons
2027,4162.175248122024,4004.2176537776177,4330.092612320957,4163.548655650221,2,dlbcl,persons
2028,4265.70731614151,4100.710810668137,4447.667094036889,4267.953130378702,2,dlbcl,persons
2029,4365.996033370656,4187.5418733909855,4562.567616695438,4368.808334998858,2,dlbcl,persons
2030,4461.159918737299,4273.8891491797,4675.038195117971,4464.437347635467,2,dlbcl,persons
2031,4551.391307190346,4348.160659623933,4781.271430349653,4554.977590066362,2,dlbcl,persons
2032,4631.667459597102,4414.705476530711,4879.106953242304,4635.228778409296,2,dlbcl,persons
2033,4695.212198211187,4464.311237433603,4959.63855418287,4698.651633197365,2,dlbcl,persons
2034,4755.784847669771,4509.933724144859,5035.064458546387,4760.1128609056805,2,dlbcl,persons
2035,4814.97792145821,4560.350377888668,5115.219219872969,4821.34750165601,2,dlbcl,persons
2036,4877.513276496991,4613.129560566509,5194.217072201691,4884.264806460201,2,dlbcl,persons
2037,4940.4034990409,4657.161466218382,5274.816444834931,4946.772282612973,2,dlbcl,persons
2038,4997.81455448927,4698.855675675527,5349.28552814554,5004.648711029973,2,dlbcl,persons
2039,5049.442088889892,4733.650980326137,5419.3186178210535,5056.512928285249,2,dlbcl,persons
2040,5094.4438074271075,4755.864700758884,5482.305745404726,5101.9049295276955,2,dlbcl,persons
2041,5133.13532526018,4779.99421627466,5539.5004704458925,5141.318230626573,2,dlbcl,persons
2042,5167.853790799669,4798.9685268220655,5591.424489537056,5175.376619310416,2,dlbcl,persons
2043,5197.9883160843565,4814.114675702692,5639.239983636956,5205.441645435706,2,dlbcl,persons
2044,5227.632413991203,4829.465503685914,5686.503308636463,5235.274239921156,2,dlbcl,persons
2045,5259.534338298542,4841.216639708294,5734.839667871335,5266.8682301153285,2,dlbcl,persons
2012,2048.5987407436405,2042.1342690504555,2055.0803621455248,2048.5994842828272,2,follicular,persons
2013,2112.0321573123892,2102.6560559769478,2120.1938408411847,2111.8898599735157,2,follicular,persons
2014,2160.7735466996887,2151.0699219707603,2169.0684333800914,2160.5216558659095,2,follicular,persons
2015,2221.8339367785406,2211.835104273526,2230.762365212898,2221.6741654069097,2,follicular,persons
2016,2282.7468693641713,2272.327962522871,2291.694303047422,2282.520059082756,2,follicular,persons
2017,2491.947375193473,2483.9031288789774,2499.0427601191504,2491.811747284332,2,follicular,persons
2018,2557.0800226433544,2549.05504489468,2564.630757745603,2556.9917346066413,2,follicular,persons
2019,2543.387637948117,2534.808923428329,2551.319992459177,2543.2783528721707,2,follicular,persons
2020,2782.244025059321,2772.1430191832856,2791.217157512433,2782.237841889615,2,follicular,persons
2021,2806.299166328674,2794.34541342427,2816.9098555082105,2806.378240839795,2,follicular,persons
2022,2740.807352629292,2681.88560006728,2796.3448527352757,2740.959918475177,2,follicular,persons
2023,2865.315436414621,2749.3043454160497,2973.862203500456,2864.860354603749,2,follicular,persons
2024,2932.2252748556393,2813.760552063895,3044.8920149568885,2932.9881762114433,2,follicular,persons
2025,2996.547609187165,2875.887637096202,3114.2342347487593,2997.567549613421,2,follicular,persons
2026,3059.5521441026713,2934.6965630637487,3188.2186017938684,3061.279030091244,2,follicular,persons
2027,3121.2357796346096,2993.7893690444566,3253.1535249227663,3122.336655649141,2,follicular,persons
2028,3175.667636429427,3043.7252839387493,3314.909983757111,3176.8905849637135,2,follicular,persons
2029,3223.8885615621793,3085.966367541026,3372.12400987247,3224.8674690902385,2,follicular,persons
2030,3265.1964676396483,3121.223105418617,3421.105418167089,3266.5457446534383,2,follicular,persons
2031,3300.6484438575794,3148.3147225366,3463.3253931828017,3302.517022597432,2,follicular,persons
2032,3329.307725783207,3167.0667819133582,3502.5247064335936,3332.1575230922886,2,follicular,persons
2033,3351.440411755746,3181.1892550493408,3535.4361482216887,3355.1538729138256,2,follicular,persons
2034,3371.7341798094476,3191.6681274398593,3564.843052376179,3376.2338037482473,2,follicular,persons
2035,3391.0030899306084,3204.909954596312,3592.396694655337,3395.8690500724297,2,follicular,persons
2036,3409.7711051223296,3216.7214740045406,3618.0847844058553,3413.9379088600417,2,follicular,persons
2037,3423.4059959761703,3222.639665502155,3641.000600249005,3427.9677781028045,2,follicular,persons
2038,3430.3323045703837,3215.130894196482,3658.3149746704185,3434.15842947321,2,follicular,persons
2039,3427.5296095808717,3206.4430466050353,3664.7221121730195,3432.39216164625,2,follicular,persons
2040,3418.6622313185535,3190.0068717979343,3665.0176653737853,3423.4889763446477,2,follicular,persons
2041,3403.7223920015786,3163.8737868589988,3656.0670543177152,3408.654192275057,2,follicular,persons
2042,3384.206221613773,3138.067132003563,3643.491557975406,3389.0728988776773,2,follicular,persons
2043,3361.315727127851,3111.3740183660952,3630.3086116381132,3366.1280209624015,2,follicular,persons
2044,3338.8046355192123,3079.1020875325908,3616.3295773666077,3343.745081485411,2,follicular,persons
2045,3318.6798902829964,3052.025540909318,3607.9852747441605,3324.3047603169075,2,follicular,persons
2012,383.6192452981826,378.08409410446586,388.78470076313585,383.604911400422,2,mantle_cell,persons
2013,409.88309916368604,401.7609926716044,416.394628858408,409.70524831232564,2,mantle_cell,persons
2014,446.68304164466394,438.07596381917534,453.88303306085726,446.43854403010516,2,mantle_cell,persons
2015,457.051203653552,448.05945075674055,464.6007731249577,456.8444649265662,2,mantle_cell,persons
2016,454.025053315655,444.9465442837199,461.76421523911785,453.78643670912464,2,mantle_cell,persons
2017,508.1957369205799,501.4915277231455,513.6180569722662,508.0030684024333,2,mantle_cell,persons
2018,522.3136436828768,514.3056106222481,529.3376364724428,522.1615792359032,2,mantle_cell,persons
2019,521.0665767339597,513.4649835636476,528.3695301576436,520.9015684488569,2,mantle_cell,persons
2020,573.4467915831908,564.0523584668766,582.1951561903956,573.2301287822478,2,mantle_cell,persons
2021,527.964507096631,518.0874060902521,536.978517170576,527.8454925206164,2,mantle_cell,persons
2022,505.98928038453244,480.67031485647004,533.4060569578032,506.46453086658937,2,mantle_cell,persons
2023,555.5932358765084,508.0560026698442,608.5784325727104,556.1876699349469,2,mantle_cell,persons
2024,584.2182679184741,532.3574992884538,638.4413631246929,584.5402381637325,2,mantle_cell,persons
2025,613.5238749182977,559.0432820383656,671.7269528428119,613.7894786013451,2,mantle_cell,persons
2026,644.478404465636,586.6492675639478,707.8659620393184,644.9368708344647,2,mantle_cell,persons
2027,676.6092005561129,613.1909461895532,747.7525069996503,677.6803608639362,2,mantle_cell,persons
2028,709.5889074691859,639.8805277371196,788.5444931934879,710.8845207728959,2,mantle_cell,persons
2029,742.5024923774399,667.5061011470347,828.7970492070235,743.6733094601176,2,mantle_cell,persons
2030,773.1000573056729,689.8573997403906,868.0981589682253,774.829936730372,2,mantle_cell,persons
2031,801.4089699493169,710.730108717409,906.4410476923076,803.6599966018633,2,mantle_cell,persons
2032,825.3931069969302,728.3407250332051,941.5804427824999,828.9722534628997,2,mantle_cell,persons
2033,846.1874139525685,741.7092694495807,971.8413256723396,850.716078593793,2,mantle_cell,persons
2034,867.2149462488167,757.534622130231,1002.3594786291592,871.6631156931675,2,mantle_cell,persons
2035,887.3559644931157,769.5123952741031,1032.2421107401035,892.1946758496895,2,mantle_cell,persons
2036,908.5749157246246,782.5307971438576,1066.2017180250305,913.2054438136987,2,mantle_cell,persons
2037,929.494757511337,792.9478780946846,1101.3962796927437,934.6206114905142,2,mantle_cell,persons
2038,949.8886803871856,805.0028275780938,1137.2442077252038,955.1759684937566,2,mantle_cell,persons
2039,968.625086337748,814.0086434825677,1167.4500853261113,974.4018481380489,2,mantle_cell,persons
2040,987.2235791493248,818.9540187985591,1199.2009233360939,991.9344259920258,2,mantle_cell,persons
2041,1002.0575618851616,825.9589269150533,1227.5313898840332,1007.5001939036041,2,mantle_cell,persons
2042,1015.1782176619774,828.8308707826088,1254.748859115745,1020.9496197554763,2,mantle_cell,persons
2043,1026.4246858956028,829.0396364282171,1282.522101243057,1032.4503451106857,2,mantle_cell,persons
2044,1037.204055060151,829.3308150482296,1313.096225747164,1042.7009334473646,2,mantle_cell,persons
2045,1046.2087284619142,830.3899393881754,1338.2133761603202,1051.957543975062,2,mantle_cell,persons
2012,1197.9628003409973,1191.0823457196582,1204.2392643601377,1197.8889921796158,2,hodgkin,persons
2013,1215.9946975435698,1206.7817209641664,1223.8832675456943,1215.7488586213433,2,hodgkin,persons
2014,1222.4909960591674,1213.7593553729346,1230.1088173785045,1222.3446871370509,2,hodgkin,persons
2015,1246.5656744899607,1237.5974059562943,1254.4061048496899,1246.3827196868547,2,hodgkin,persons
2016,1270.4773971425134,1260.7437521251427,1279.2058082489398,1270.225379570371,2,hodgkin,persons
2017,1306.6120995039132,1299.5589056347912,1312.9531240552415,1306.4256888392497,2,hodgkin,persons
2018,1291.5598122403005,1283.7223784051125,1298.9134774500135,1291.5273716193556,2,hodgkin,persons
2019,1305.1225508938605,1296.6269431232383,1313.4115884753521,1305.1072839211997,2,hodgkin,persons
2020,1398.011247775531,1388.0166119179903,1408.0049955513832,1397.9786479553495,2,hodgkin,persons
2021,1455.9958582381507,1443.9516892478111,1467.7687999248874,1456.049364670075,2,hodgkin,persons
2022,1468.3334263594625,1430.966841551357,1504.3445932363031,1468.1421723697558,2,hodgkin,persons
2023,1484.4665166652496,1416.0303078832508,1552.4235048389812,1484.4304923866139,2,hodgkin,persons
2024,1526.9984430983907,1459.0679479332803,1594.1474746144113,1526.8801050688649,2,hodgkin,persons
2025,1566.9195266007848,1498.0697034709626,1635.0830213836828,1566.8766772225715,2,hodgkin,persons
2026,1606.4128978044557,1534.6945151550062,1674.9485802564377,1606.3307625414363,2,hodgkin,persons
2027,1645.1730412536435,1569.1699647889589,1715.9339020995887,1644.7839606478165,2,hodgkin,persons
2028,1682.4825824148447,1603.447781169605,1755.4219637013505,1682.299309558531,2,hodgkin,persons
2029,1720.0011216053874,1637.9695431771215,1793.7781280894574,1719.1939571534301,2,hodgkin,persons
2030,1755.9494800409097,1672.9343611837382,1832.6937507873108,1755.3972452953537,2,hodgkin,persons
2031,1791.2467657531324,1704.1875471053745,1873.6648063491182,1791.049609258579,2,hodgkin,persons
2032,1826.8719224677334,1735.343867022654,1911.4751214819519,1825.6804066181855,2,hodgkin,persons
2033,1860.13017823585,1762.5258923787883,1948.8352945353345,1858.5668795770591,2,hodgkin,persons
2034,1892.5194894403076,1789.412397857664,1984.3812688806463,1890.5857956413342,2,hodgkin,persons
2035,1922.8912946432622,1816.6745348795866,2020.2854738357066,1921.1938668019388,2,hodgkin,persons
2036,1952.6907181515521,1843.1145406200444,2053.9502530498708,1951.1568130762234,2,hodgkin,persons
2037,1982.8633346524618,1868.8955454878976,2088.6059930092006,1981.312070286637,2,hodgkin,persons
2038,2012.5745215837667,1894.6445189547048,2123.1105768730163,2011.4665415741574,2,hodgkin,persons
2039,2041.2365072325101,1919.796614416029,2157.0186526829884,2041.1572708038047,2,hodgkin,persons
2040,2070.3225242852427,1944.306294162306,2190.322460196292,2070.3315432834816,2,hodgkin,persons
2041,2099.9403971858774,1968.4732387487338,2223.2856187521043,2099.1650141380956,2,hodgkin,persons
2042,2128.7304690105575,1993.5486074407017,2255.8358954187543,2127.554094249408,2,hodgkin,persons
2043,2157.094597186767,2015.837814313853,2288.834227281344,2155.4329591054484,2,hodgkin,persons
2044,2183.0044175498133,2039.352865616701,2319.1540061943824,2182.1550299635246,2,hodgkin,persons
2045,2208.1522345097155,2061.936225941494,2346.5303502510633,2206.8965504743946,2,hodgkin,persons
2012,8083.634996256375,8059.82100804508,8106.224031777409,8083.434536022118,2,nhl,persons
2013,8384.390021511095,8349.671888777633,8414.375738861943,8384.15244287987,2,nhl,persons
2014,8710.529055286734,8675.343215105115,8741.826031850522,8710.524272591203,2,nhl,persons
2015,8954.520716882296,8919.244032903127,8988.273056728302,8954.69338334434,2,nhl,persons
2016,9156.516634282736,9119.056428264354,9190.158054322606,9156.06448849749,2,nhl,persons
2017,9624.57022057356,9597.387991639782,9650.488470222423,9624.434440678082,2,nhl,persons
2018,9880.603269941532,9852.060799907906,9912.193523323593,9881.352628513474,2,nhl,persons
2019,10084.192874159164,10049.621762676532,10119.55106298232,10084.81066538598,2,nhl,persons
2020,10644.200469682724,10605.843683939565,10684.565255317386,10644.730760900353,2,nhl,persons
2021,10788.819284892506,10744.519528816296,10834.972720261909,10788.944064707832,2,nhl,persons
2022,10881.18814239087,10771.936902361844,10996.685988870446,10884.283535858325,2,nhl,persons
2023,11386.030082967765,11192.765618326617,11587.619323402221,11388.612280999076,2,nhl,persons
2024,11794.303560777696,11594.803624306567,12002.725740760192,11797.596704159829,2,nhl,persons
2025,12201.878375232141,11997.454018864793,12412.99375638474,12206.45032884843,2,nhl,persons
2026,12623.987582098365,12414.126359019347,12843.123582470433,12627.605642496575,2,nhl,persons
2027,13052.008196770112,12828.056925270383,13281.089043197448,13054.924202410964,2,nhl,persons
2028,13471.277319046729,13237.441018141328,13716.95414168062,13476.159640169635,2,nhl,persons
2029,13881.342205853922,13637.857352289742,14145.928141007049,13887.643038272163,2,nhl,persons
2030,14278.678384963076,14020.317901862532,14563.059874723853,14284.3869240793,2,nhl,persons
2031,14660.810138135534,14387.717033718134,14967.256551379793,14668.562726193895,2,nhl,persons
2032,15009.423642816626,14713.533942769523,15333.321799163617,15017.20514179537,2,nhl,persons
2033,15298.576940676416,14994.291418126035,15636.776478085558,15307.726386090164,2,nhl,persons
2034,15585.756629282056,15273.087031884477,15941.250801581664,15595.854095501178,2,nhl,persons
2035,15871.22649649602,15540.508518807104,16246.180017393139,15883.038354580782,2,nhl,persons
2036,16162.787891495665,15813.583534879968,16554.61473179112,16174.319716339884,2,nhl,persons
2037,16449.37752404535,16086.379406456424,16861.23126293056,16462.84557727078,2,nhl,persons
2038,16720.25718811217,16339.66472406385,17147.9862509007,16733.033913627823,2,nhl,persons
2039,16965.07253105734,16571.306574940845,17412.591186489622,16980.059903694415,2,nhl,persons
2040,17183.86591918098,16770.991622066715,17660.833165903932,17201.828778520834,2,nhl,persons
2041,17381.175121378397,16947.938371261804,17879.188781194018,17400.516443002478,2,nhl,persons
2042,17558.391793823208,17105.513580421262,18082.356693866484,17579.618638075935,2,nhl,persons
2043,17724.46512427266,17249.507386329242,18265.326051315897,17744.870681486318,2,nhl,persons
2044,17888.34017640006,17393.22423056446,18455.722705741468,17908.154554704844,2,nhl,persons
2045,18056.73735985764,17541.44981979024,18645.364604758888,18074.6924333161,2,nhl,persons
2012,5329.328830835984,5311.057795969371,5348.022602301901,5329.42358150557,2,total,males
2013,5479.524812257809,5450.890238819057,5503.525157904382,5478.873839126127,2,total,males
2014,5565.849621238874,5537.588670521996,5589.305304155318,5565.047537367287,2,total,males
2015,5710.001254266797,5680.479419061689,5734.4669061051845,5709.081537823476,2,total,males
2016,5852.05385931957,5820.470731088328,5879.904404424191,5851.273122241094,2,total,males
2017,6207.593554515285,6183.296894198034,6229.124461923773,6206.736542553397,2,total,males
2018,6434.769421380328,6410.4271291727155,6460.1499586910795,6434.891892665486,2,total,males
2019,6549.616133676591,6521.950198872673,6577.65614678698,6549.637664133021,2,total,males
2020,6861.6211747135185,6829.33116989209,6892.913846481748,6861.621315337835,2,total,males
2021,6887.8914442728565,6850.491471861154,6923.794465862248,6887.789009835451,2,total,males
2022,6950.315191533222,6866.2272958806425,7035.7541629567995,6950.0736768715915,2,total,males
2023,7278.218837260953,7124.4710016717345,7429.423769498697,7276.521707132812,2,total,males
2024,7530.9831928744725,7375.537970157279,7684.266087590033,7529.924767444723,2,total,males
2025,7780.801256446128,7626.1287295381335,7936.5999703170555,7781.391176622676,2,total,males
2026,8037.528408463733,7877.058974144022,8198.194446552652,8039.0469675252,2,total,males
2027,8299.12378604247,8126.4048623875515,8469.696936592392,8299.640058436155,2,total,males
2028,8554.45479759878,8371.850289887068,8734.640669961967,8555.485519116175,2,total,males
2029,8801.088890377756,8609.397307898113,8999.531563342005,8804.48789769218,2,total,males
2030,9039.07475554851,8834.088426388302,9250.233061599387,9043.655226089331,2,total,males
2031,9270.212688794445,9052.399542271123,9492.119300455392,9274.454636461389,2,total,males
2032,9483.242380979864,9253.773673357746,9715.260999436989,9484.879234710168,2,total,males
2033,9660.962664773357,9417.050753165315,9901.322853218197,9661.159710288817,2,total,males
2034,9834.31711974876,9583.419009656014,10083.83984238063,9833.671597105615,2,total,males
2035,10004.682278151886,9739.688926603982,10272.796206903027,10004.087979302474,2,total,males
2036,10178.265878163838,9901.074074551201,10457.339133721061,10176.091748920342,2,total,males
2037,10346.634169012186,10059.631407243722,10642.84367072581,10346.223137802886,2,total,males
2038,10503.923815268212,10204.038433539123,10821.787177356677,10505.371082613892,2,total,males
2039,10648.456602667022,10337.156248962863,10982.892208789932,10650.204318562222,2,total,males
2040,10777.526605650008,10448.384855874901,11129.974014269617,10779.709427354697,2,total,males
2041,10892.167495462432,10556.699739618736,11266.362722288739,10895.76517219077,2,total,males
2042,10996.371688772531,10645.119798260866,11387.451518826463,10999.354851801423,2,total,males
2043,11090.009624541965,10720.304999139751,11493.929845249291,11093.18975015038,2,total,males
2044,11177.512404910603,10796.044461262269,11598.314156247061,11184.732801174474,2,total,males
2045,11268.840336060352,10880.271926875384,11709.46068127705,11277.25104571856,2,total,males
2012,3951.8534622375873,3936.1900246852724,3966.2819407602706,3951.8999466961636,2,total,females
2013,4121.262810804357,4099.1964416075525,4143.779982816702,4121.0274623750865,2,total,females
2014,4367.84765733176,4345.344998782387,4390.66659587204,4367.8214223609675,2,total,females
2015,4491.986037415588,4468.110900513468,4515.462556520534,4491.99456520772,2,total,females
2016,4574.740544195907,4549.924921024192,4598.761772141424,4575.016745826766,2,total,females
2017,4724.190344632245,4705.950394356962,4741.909335866498,4724.123586963935,2,total,females
2018,4738.31210700864,4717.676910065995,4758.662583565852,4737.988107467344,2,total,females
2019,4840.631838625184,4817.174729772205,4863.767570325636,4840.280285174157,2,total,females
2020,5181.390030844772,5153.9816908748235,5206.940723045551,5181.0880935178675,2,total,females
2021,5357.290110225858,5326.068996523655,5386.7070780182485,5357.204419542457,2,total,females
2022,5401.958118510818,5330.514214940461,5478.815724820507,5402.3520313564895,2,total,females
2023,5594.8525799596355,5470.5136280157885,5735.864640126611,5596.521066252877,2,total,females
2024,5792.463684205815,5666.44274355172,5934.902904696696,5794.55204178397,2,total,females
2025,5990.773684181855,5859.515313788163,6139.730427826088,5991.935829448326,2,total,females
2026,6192.821215869224,6048.103107171757,6344.548211029382,6194.889437512812,2,total,females
2027,6398.416212656628,6247.5015926453325,6556.307772944089,6400.068104622627,2,total,females
2028,6600.774928416002,6438.877605861575,6768.63742867006,6602.97343061199,2,total,females
2029,6799.700004294733,6621.774770245424,6977.7968019667105,6802.349097733413,2,total,females
2030,6994.501428136802,6801.762819777934,7181.088404089935,6996.128943285322,2,total,females
2031,7183.731395901058,6982.732058664655,7380.5827350611735,7185.157698991086,2,total,females
2032,7356.185209932775,7142.631385948008,7563.411839284237,7358.006313703388,2,total,females
2033,7502.856365392472,7277.295456674319,7721.779151740321,7505.133555378406,2,total,females
2034,7651.95928908468,7410.978341583785,7885.858282365571,7652.768294036898,2,total,females
2035,7797.371465064523,7545.064238757628,8048.506463174486,7800.144242080245,2,total,females
2036,7947.11948887091,7681.869139131638,8211.7061167669,7949.384780495765,2,total,females
2037,8095.1904886781085,7816.970224255266,8372.886942986966,8097.93450975453,2,total,females
2038,8235.809534756816,7943.873277966243,8531.142077377584,8239.129372588088,2,total,females
2039,8367.772142290461,8063.766687646306,8676.499066622617,8371.012855935998,2,total,females
2040,8487.136256281508,8171.434867026327,8809.679818280396,8492.450894449621,2,total,females
2041,8597.859853683058,8269.489284120265,8940.528116118694,8603.916284949803,2,total,females
2042,8700.777678126065,8360.026229094126,9058.16862269889,8707.81788052392,2,total,females
2043,8800.332788940792,8446.013482648044,9171.346571745902,8807.113890441384,2,total,females
2044,8898.610167969451,8531.116002239049,9283.85883040642,8905.576783493894,2,total,females
2045,8998.250824010525,8616.483314799587,9397.840344480735,9004.337938071934,2,total,females
2012,9281.586903737634,9258.232329827686,9304.525667991407,9281.323528201734,2,total,persons
2013,9600.599092553259,9565.677588386334,9631.905622637685,9599.901301501213,2,total,persons
2014,9934.045124100734,9897.611225139359,9966.466478578244,9932.868959728254,2,total,persons
2015,10201.868874691552,10164.320856023362,10235.407582711325,10201.076103031195,2,total,persons
2016,10427.216938036563,10387.483458302962,10461.932791670404,10426.28986806786,2,total,persons
2017,10931.007243125452,10903.601761721511,10958.376377089282,10930.860129517332,2,total,persons
2018,11172.69223451008,11141.283563295265,11206.019786906269,11172.880000132829,2,total,persons
2019,11389.723149598678,11354.162743475375,11426.838577730065,11389.917949307179,2,total,persons
2020,12042.77139863712,12002.504843608667,12083.955261898374,12042.709408855702,2,total,persons
2021,12244.592286443518,12198.979279215184,12292.058840624219,12244.993429377908,2,total,persons
2022,12350.1444296805,12240.135188552555,12475.42701018192,12352.425708228082,2,total,persons
2023,12870.835432072614,12663.997561716353,13086.070807313337,12873.042773385689,2,total,persons
2024,13321.621258242325,13118.162365606277,13542.183346335389,13324.476809228692,2,total,persons
2025,13769.171002201727,13560.06729345881,13997.943956642877,13773.327006071002,2,total,persons
2026,14228.371849152983,14009.886178686927,14467.81409214954,14233.936405038012,2,total,persons
2027,14693.119774787749,14462.70548348161,14942.039761600041,14699.708163058782,2,total,persons
2028,15149.697890509276,14909.23837944502,15415.964507118002,15158.458949728165,2,total,persons
2029,15598.03924456492,15341.398008754102,15883.0804410812,15606.836995425592,2,total,persons
2030,16028.673807764388,15755.783698455509,16330.651742776638,16039.784169374652,2,total,persons
2031,16446.976265720736,16162.74789871146,16777.578438092656,16459.612335452475,2,total,persons
2032,16831.408015537665,16525.738786053742,17183.894714173428,16842.885548413557,2,total,persons
2033,17153.766057577996,16837.425765346194,17521.338383864033,17166.293265667224,2,total,persons
2034,17473.45340004893,17139.827726317086,17859.069255871138,17486.439891142512,2,total,persons
2035,17793.807093122865,17436.67949509241,18186.939737770615,17804.23222138272,2,total,persons
2036,18114.565000379553,17738.020238064975,18530.943109429194,18125.476529416108,2,total,persons
2037,18431.391455584948,18041.687709963786,18872.497028087768,18444.157647557415,2,total,persons
2038,18732.847245870602,18327.585987747883,19188.741600715784,18744.50045520198,2,total,persons
2039,19009.212889402872,18586.53495770331,19478.45900438416,19021.21717449822,2,total,persons
2040,19259.8682491093,18814.95036498578,19748.648157790965,19272.160321804316,2,total,persons
2041,19486.133675741243,19024.44450698796,19996.270424463895,19499.681457140574,2,total,persons
2042,19692.5418528667,19206.934283871313,20223.66829480543,19707.172732325344,2,total,persons
2043,19885.0974533935,19382.194639898884,20444.13511204101,19900.303640591766,2,total,persons
2044,20076.472351869957,19553.551209262212,20663.554972595786,20090.30958466837,2,total,persons
2045,20268.83649473647,19723.409285982925,20881.243833938457,20281.588983790494,2,total,persons
2012,3887.416409526256,3867.4745497537806,3907.8916139899625,3887.572016649068,3,dlbcl,persons
2013,4018.882049411479,3992.772247271546,4044.5008674407463,4018.4798085189564,3,dlbcl,persons
2014,4149.131527583295,4120.566657135411,4176.194510834475,4148.739860288787,3,dlbcl,persons
2015,4201.022052826853,4172.821026754441,4228.025414086336,4200.6813473798165,3,dlbcl,persons
2016,4307.520725157375,4277.301361397301,4334.976428683302,4306.843536593755,3,dlbcl,persons
2017,4353.620898194733,4327.668313590871,4377.315054585772,4353.15204706417,3,dlbcl,persons
2018,4471.092753468692,4442.85162125251,4498.029529248024,4471.0437840059585,3,dlbcl,persons
2019,4622.730870735128,4593.142092490907,4647.85456701043,4621.778877017084,3,dlbcl,persons
2020,4838.610015523287,4804.542703433802,4868.428088901148,4837.477680790247,3,dlbcl,persons
2021,5011.514414685673,4971.475237826555,5046.471689811506,5010.528304406746,3,dlbcl,persons
2022,5172.421108282275,5094.358387098323,5246.960770252061,5171.131956137392,3,dlbcl,persons
2023,5284.977974585582,5154.60905916338,5419.191582670074,5285.227430662444,3,dlbcl,persons
2024,5434.471095452503,5256.227868652071,5628.007250701182,5437.064974872652,3,dlbcl,persons
2025,5585.791646472098,5400.857829471823,5785.496469201287,5588.010774928868,3,dlbcl,persons
2026,5740.0274582655875,5541.690929045295,5952.725390996714,5740.791303452321,3,dlbcl,persons
2027,5893.674586034245,5684.685444225096,6120.496392837409,5896.038394119209,3,dlbcl,persons
2028,6048.836485637986,5824.717752268074,6299.5224752418635,6051.431425049871,3,dlbcl,persons
2029,6199.229451017849,5958.670970863551,6464.981626037847,6202.713801036709,3,dlbcl,persons
2030,6343.001016471005,6097.792858262667,6623.648378719518,6347.885079158263,3,dlbcl,persons
2031,6482.575127321943,6220.170554347823,6781.5146222704625,6485.980219832091,3,dlbcl,persons
2032,6606.416069980534,6327.409094677269,6924.929365784334,6611.5852294673505,3,dlbcl,persons
2033,6713.669904182547,6415.196695112491,7051.142687586539,6718.537895820339,3,dlbcl,persons
2034,6801.515479701529,6482.876072457802,7163.361656446386,6805.908558382024,3,dlbcl,persons
2035,6888.548887275303,6547.400096576268,7269.923097341782,6891.529482933323,3,dlbcl,persons
2036,6976.661766567071,6615.6499651801105,7378.857333114687,6979.194115543049,3,dlbcl,persons
2037,7063.970860725363,6678.776502860939,7487.603145005509,7066.1247332979,3,dlbcl,persons
2038,7149.833079310569,6736.16076308067,7592.278844673662,7150.088686973611,3,dlbcl,persons
2039,7226.614841049411,6788.7944849951455,7693.194092388797,7226.28564934912,3,dlbcl,persons
2040,7291.589939966956,6831.3131839358175,7785.967090779817,7293.826967734483,3,dlbcl,persons
2041,7349.871209119268,6862.379278978424,7874.422517675611,7352.734277119362,3,dlbcl,persons
2042,7401.202692824855,6887.039820037916,7959.657482443024,7403.58105348968,3,dlbcl,persons
2043,7442.953597860281,6903.6769846629995,8030.532095562825,7448.020887834489,3,dlbcl,persons
2044,7487.268882665213,6918.773692054072,8098.301619145891,7490.123456851654,3,dlbcl,persons
2045,7529.719281903057,6932.696395358755,8177.715755800048,7532.600608238865,3,dlbcl,persons
2012,3029.7265754161003,3019.8369194503666,3038.65929378546,3029.660555565906,3,follicular,persons
2013,3041.6397458318984,3030.35073013699,3051.6527695389254,3041.506294120571,3,follicular,persons
2014,3187.6509537886805,3175.7360698053444,3199.1364029638376,3187.6310471238253,3,follicular,persons
2015,3217.2228384835257,3205.33558377,3228.90353494929,3217.131687842299,3,follicular,persons
2016,3354.1553217202854,3341.950766169736,3366.7306469693194,3353.9080971451167,3,follicular,persons
2017,3550.03563388171,3539.313017675417,3560.436146899901,3550.0245509706565,3,follicular,persons
2018,3689.001010865427,3676.1173632093596,3699.773610246516,3688.78649028343,3,follicular,persons
2019,3799.257460611976,3788.24751733369,3809.8959866667847,3799.0974646322215,3,follicular,persons
2020,3972.4374130234555,3960.035897910594,3983.895865915234,3972.2497402449626,3,follicular,persons
2021,4053.0534570304744,4039.048499986757,4066.2647120644738,4052.980674667628,3,follicular,persons
2022,4164.977277697044,4104.916436789796,4219.9907414222625,4165.031336446179,3,follicular,persons
2023,4137.296362790348,4022.9665798531933,4244.741693674892,4137.505507748083,3,follicular,persons
2024,4289.131547167988,4115.994075323211,4449.696549503563,4289.115771135731,3,follicular,persons
2025,4387.99926578537,4209.59534254015,4555.075194783314,4387.8859830760675,3,follicular,persons
2026,4482.335965514176,4299.707648881817,4657.253793733638,4483.7926371298,3,follicular,persons
2027,4573.932702612003,4387.456703926721,4759.05730553916,4575.923018743988,3,follicular,persons
2028,4660.6691446457335,4463.9568339276075,4853.48291700125,4662.104057913257,3,follicular,persons
2029,4737.456964840012,4534.2977196792735,4943.601519063279,4738.6372914876765,3,follicular,persons
2030,4802.216169789877,4590.68324895723,5020.766006150561,4805.670264320122,3,follicular,persons
2031,4859.642908826036,4636.667708986886,5090.741242527323,4863.654406215108,3,follicular,persons
2032,4907.762969458978,4673.342564033562,5150.733128292307,4912.336959713003,3,follicular,persons
2033,4947.547655367764,4698.905667382771,5207.1255858928625,4951.886089854905,3,follicular,persons
2034,4976.804521602645,4712.996652166651,5250.280218594679,4982.691057685245,3,follicular,persons
2035,5004.959191934912,4730.867154767982,5296.572711527608,5010.74175402986,3,follicular,persons
2036,5031.145260092524,4749.70040754181,5336.001495056382,5037.375742667077,3,follicular,persons
2037,5052.386013355212,4757.973876808466,5368.695456552796,5058.802037382057,3,follicular,persons
2038,5064.86022593606,4755.83261641811,5397.085247835677,5072.162985209131,3,follicular,persons
2039,5064.726000851973,4741.246388110637,5413.3201612881785,5073.976472836709,3,follicular,persons
2040,5055.748350686334,4717.910711691672,5413.745831958691,5064.585098450873,3,follicular,persons
2041,5036.10638735909,4689.50724529948,5407.745468537992,5045.419925518313,3,follicular,persons
2042,5007.633706062223,4656.587424675323,5393.987431356104,5018.055403386076,3,follicular,persons
2043,4973.610853168198,4616.515384238881,5374.771472756261,4984.484248802173,3,follicular,persons
2044,4938.555566556838,4569.974837008124,5345.801007408541,4949.2600486348665,3,follicular,persons
2045,4904.622673262249,4519.883647456854,5324.394178475861,4915.580894299714,3,follicular,persons
2012,539.6587896612575,531.7904504390473,546.9369303425975,539.5620219712929,3,mantle_cell,persons
2013,571.5066274468018,562.0236623543537,579.6666122243951,571.2289845974409,3,mantle_cell,persons
2014,606.7885113936557,596.7946064742599,616.0524041377518,606.7372235176686,3,mantle_cell,persons
2015,640.0372342492401,629.1838413628352,649.46328751885,639.8175295537496,3,mantle_cell,persons
2016,649.1865630699144,637.8770738418759,658.9131937604449,649.0336104711549,3,mantle_cell,persons
2017,702.3118200553499,693.3066714885665,710.9216769777402,702.2841846863488,3,mantle_cell,persons
2018,716.6550383972669,706.9940109001581,726.8814188479654,716.7725204146153,3,mantle_cell,persons
2019,761.8508549094583,752.1201713645486,770.8453168557854,761.6953623108872,3,mantle_cell,persons
2020,783.708050840178,773.3669308576231,793.892346651281,783.5959149456307,3,mantle_cell,persons
2021,768.067489028984,756.8064632661689,779.1544588756113,767.9406124044182,3,mantle_cell,persons
2022,765.2880728052452,738.1107448748867,792.7568736269584,765.3936313586057,3,mantle_cell,persons
2023,761.6205514801459,711.0861166487856,813.7202004117909,762.1189085482845,3,mantle_cell,persons
2024,821.9768488182476,748.5611226869215,899.8457659264308,823.0316989857564,3,mantle_cell,persons
2025,865.3237375847351,788.3281881651702,946.8039616947857,865.8941730095622,3,mantle_cell,persons
2026,910.4137869670412,828.4488497100149,998.1032703620397,910.9535504859102,3,mantle_cell,persons
2027,956.6814826339778,868.9059291211028,1054.0395478307494,958.3731001382673,3,mantle_cell,persons
2028,1005.6310045759997,910.0275865656555,1114.5575606599211,1007.5604250641105,3,mantle_cell,persons
2029,1054.507535404056,949.6400140536061,1177.4987667592725,1056.8963330956392,3,mantle_cell,persons
2030,1102.1994400326653,985.9957763894769,1238.175353583405,1104.9823443000341,3,mantle_cell,persons
2031,1148.931280018842,1020.1234393725883,1297.5642044928732,1150.420911527485,3,mantle_cell,persons
2032,1188.5481159488536,1051.873235192823,1350.8067508002941,1191.5575354953423,3,mantle_cell,persons
2033,1223.9689142533052,1076.8076738592922,1402.2025049702888,1228.0757293564761,3,mantle_cell,persons
2034,1253.79659896107,1097.695849991933,1445.931699749825,1258.9171156253208,3,mantle_cell,persons
2035,1282.3606271408996,1115.8158735048228,1490.4535007635825,1288.6965059703894,3,mantle_cell,persons
2036,1313.0662799089419,1134.5196697033082,1537.1893274848044,1318.7339478246383,3,mantle_cell,persons
2037,1343.624922750711,1151.3740921221988,1584.8898010258217,1348.6997872567201,3,mantle_cell,persons
2038,1372.857970860278,1166.6400008798548,1631.9381308230818,1378.292254470204,3,mantle_cell,persons
2039,1400.0173733044485,1179.0380964754117,1681.0459419269828,1406.1148786912192,3,mantle_cell,persons
2040,1424.3321521095947,1191.8924060770753,1728.7711489158096,1431.5499994160027,3,mantle_cell,persons
2041,1447.5702911797498,1196.9530347635462,1774.0688422951325,1454.274170151158,3,mantle_cell,persons
2042,1468.0672872732039,1201.2987124280965,1811.1200791493325,1473.9597808744193,3,mantle_cell,persons
2043,1482.9741429936098,1203.4486442832524,1848.3219867753728,1490.8066559544563,3,mantle_cell,persons
2044,1497.0770251002764,1203.905827222998,1887.0713072756998,1505.5412240862577,3,mantle_cell,persons
2045,1510.3767172644716,1207.0998400587484,1927.5927303436572,1518.6016284828347,3,mantle_cell,persons
2012,1730.7796102671557,1720.8951594680311,1739.0067824159803,1730.594358583754,3,hodgkin,persons
2013,1777.706700227312,1766.2429977273127,1787.420623118478,1777.5913554787192,3,hodgkin,persons
2014,1800.599428340362,1789.8893735689949,1810.9326169847232,1800.6061549027238,3,hodgkin,persons
2015,1823.6770900034635,1813.5046293433459,1834.0643234577965,1823.605970356358,3,hodgkin,persons
2016,1858.8349360212862,1847.4483248903323,1869.774742730297,1858.6799521422276,3,hodgkin,persons
2017,1903.6570150350976,1893.7954728870945,1913.3931111494244,1903.5276806767326,3,hodgkin,persons
2018,1902.9001241080432,1892.3206232986804,1912.663660404435,1902.7799857708987,3,hodgkin,persons
2019,1938.776975524776,1928.742886840641,1948.3512474740633,1938.7963102172143,3,hodgkin,persons
2020,1997.585247134228,1986.1897382754214,2008.172598606581,1997.5148835484156,3,hodgkin,persons
2021,2103.065169060931,2089.7174597742874,2115.6789294994433,2102.927707477021,3,hodgkin,persons
2022,2155.388906218574,2116.439076318839,2191.5453192670348,2155.6640256538317,3,hodgkin,persons
2023,2189.4770759174226,2120.4850008440812,2257.24588735449,2190.300864149175,3,hodgkin,persons
2024,2223.841090953372,2123.9936763334354,2323.326835319935,2224.562165379349,3,hodgkin,persons
2025,2284.9033454635164,2183.8155512162966,2384.336284408952,2285.9666387667357,3,hodgkin,persons
2026,2343.6710471697174,2240.1213546983927,2445.7633038806566,2344.4630449065917,3,hodgkin,persons
2027,2400.6710423495497,2292.971344765733,2506.110394475982,2401.7904629282575,3,hodgkin,persons
2028,2457.6710281591477,2345.553062896914,2563.7725375797168,2457.6644274963805,3,hodgkin,persons
2029,2511.421415849989,2395.8279205193285,2620.63609132993,2512.286414590702,3,hodgkin,persons
2030,2565.483296508832,2445.3718919994376,2677.6514839582624,2565.800473809054,3,hodgkin,persons
2031,2619.4096000948307,2492.870607775968,2735.1325126469756,2618.4099098629254,3,hodgkin,persons
2032,2670.4427379572808,2539.9784172746004,2788.6158881936235,2669.5347778899004,3,hodgkin,persons
2033,2720.117786039362,2582.687117611382,2841.784324967057,2718.7410525098667,3,hodgkin,persons
2034,2766.6420821113097,2625.5720501027977,2892.168988880538,2765.1868721318524,3,hodgkin,persons
2035,2812.4303075643393,2665.1289967126336,2941.3347561281726,2810.0964091041687,3,hodgkin,persons
2036,2856.227159806269,2704.6902365536644,2988.6604386773356,2853.6594055651894,3,hodgkin,persons
2037,2900.0367709440106,2744.0065807412498,3037.255063801335,2896.687189769998,3,hodgkin,persons
2038,2941.90090960518,2780.4954206106654,3084.1312181357343,2939.7061522768145,3,hodgkin,persons
2039,2984.5182572564518,2816.314148691903,3131.5763299848677,2982.503187915828,3,hodgkin,persons
2040,3026.760990866342,2851.4528232936914,3179.7214480670877,3024.6662838485763,3,hodgkin,persons
2041,3067.6732540115922,2886.918880975344,3227.195402860831,3066.3316584556765,3,hodgkin,persons
2042,3108.6542863645345,2922.1863536232017,3276.1299745936885,3107.368024329522,3,hodgkin,persons
2043,3149.4814216582413,2956.8519174929916,3322.511241594028,3147.859187040367,3,hodgkin,persons
2044,3188.926747284402,2990.4465184638616,3367.585403825708,3186.8689777269597,3,hodgkin,persons
2045,3225.619220561345,3023.485440908639,3409.6785156868327,3223.713354084152,3,hodgkin,persons
2012,11380.838954411327,11351.558660339713,11413.230083392828,11380.656094275015,3,nhl,persons
2013,11818.38917125565,11774.298473916677,11855.660407198575,11817.779224750604,3,nhl,persons
2014,12391.748900269702,12348.419620711096,12431.762647778878,12391.43823882132,3,nhl,persons
2015,12662.246582517335,12618.321786334871,12702.523958628179,12662.34610608742,3,nhl,persons
2016,13137.70917613417,13091.410806689513,13180.312792488661,13137.628779900138,3,nhl,persons
2017,13578.353266276848,13537.426724056308,13613.407010318928,13578.272660407009,3,nhl,persons
2018,14043.321027401907,14001.231511376433,14084.365844426544,14043.58453361121,3,nhl,persons
2019,14461.539348602142,14424.397409319141,14502.717373129944,14461.602725842042,3,nhl,persons
2020,15059.535758518115,15016.761982487684,15106.34769861208,15059.999954378349,3,nhl,persons
2021,15372.110996918927,15323.199108695404,15423.224317657705,15372.488061733007,3,nhl,persons
2022,15833.52469125993,15717.693098994714,15950.776628723892,15834.919609907045,3,nhl,persons
2023,16136.323212985753,15942.436212539262,16337.12378090022,16139.413886324146,3,nhl,persons
2024,16827.51100387397,16545.14915916845,17108.33067500751,16827.967682205122,3,nhl,persons
2025,17428.92703765067,17142.183487052975,17719.794790065578,17433.8196328726,3,nhl,persons
2026,18045.260923205817,17750.70716100839,18344.38003494881,18049.502036296315,3,nhl,persons
2027,18672.103933183622,18372.970890714943,18987.278814433488,18675.17998457851,3,nhl,persons
2028,19300.712871960764,18989.14773775493,19626.485291865352,19304.02228976824,3,nhl,persons
2029,19914.800211407703,19587.141208512872,20258.53102857512,19921.09256576673,3,nhl,persons
2030,20516.541466415034,20169.91011453244,20885.120683297224,20521.931057457405,3,nhl,persons
2031,21097.73262867134,20724.040742045498,21491.63268201042,21103.238113190142,3,nhl,persons
2032,21632.078337110303,21246.74351644229,22051.175722891992,21642.669012828694,3,nhl,persons
2033,22106.892597502527,21702.636300897757,22554.517206453216,22119.43359235214,3,nhl,persons
2034,22518.43401393188,22096.699741248976,22984.935449049597,22529.815537421848,3,nhl,persons
2035,22927.015113280682,22484.590159427084,23404.640915839176,22937.46372207396,3,nhl,persons
2036,23342.00165121867,22876.337328573267,23847.855362126258,23351.152061532608,3,nhl,persons
2037,23748.718039131105,23259.270660164675,24275.805327325692,23760.294781032466,3,nhl,persons
2038,24144.74995787788,23625.583736923447,24701.43834283534,24156.950605836995,3,nhl,persons
2039,24512.358501750576,23966.720370454186,25098.60352797831,24523.49990475765,3,nhl,persons
2040,24844.916346342492,24270.65286013667,25462.0850392845,24855.746823743313,3,nhl,persons
2041,25143.57133876114,24535.606592200336,25794.572602780525,25154.192362961523,3,nhl,persons
2042,25412.353305066063,24773.670558609636,26090.208766585714,25421.725864353393,3,nhl,persons
2043,25652.947601893997,24988.88203110575,26377.40341520217,25665.818530561282,3,nhl,persons
2044,25887.91845357175,25196.713270902503,26646.77738398384,25900.102905167427,3,nhl,persons
2045,26117.069586183003,25403.95734098136,26908.86832616239,26132.98873770215,3,nhl,persons
2012,7481.334733430779,7456.341622935665,7508.336122720872,7481.58060072279,3,total,males
2013,7748.36247539322,7717.923666187668,7779.14775115826,7748.525618809237,3,total,males
2014,8000.783014562956,7964.845831166111,8031.390598061329,7999.44215333175,3,total,males
2015,8118.506940261871,8081.0563742165905,8149.316668605058,8117.066949744013,3,total,males
2016,8373.992988525857,8333.993324685882,8407.502314527263,8373.055115824543,3,total,males
2017,8746.806207069701,8714.806687685834,8776.56948730402,8746.544014491108,3,total,males
2018,9078.806295264989,9047.390861761918,9110.073946442404,9078.726959326617,3,total,males
2019,9408.054900376863,9377.745386386168,9440.253769657043,9407.933425850617,3,total,males
2020,9726.98061485504,9692.307638239528,9762.414805985949,9726.866864953567,3,total,males
2021,9867.168024631948,9828.104001618543,9906.909864111913,9867.038686565436,3,total,males
2022,10110.028215913306,10020.037935721677,10199.57174619011,10109.697282266789,3,total,males
2023,10301.251743006236,10146.730929367839,10448.532808699401,10299.386305884249,3,total,males
2024,10737.11972510516,10520.514615146873,10945.850161520984,10734.46250693907,3,total,males
2025,11106.747496436605,10881.516259172606,11324.723319891029,11106.76640253391,3,total,males
2026,11481.04358766759,11255.446417085102,11712.63769265837,11482.570257128747,3,total,males
2027,11859.91462821533,11629.343426357795,12103.577412627083,11862.836071997222,3,total,males
2028,12237.284528748965,11996.612247136565,12500.19976530901,12243.23824750759,3,total,males
2029,12611.512546580117,12354.60095241275,12887.55274087639,12615.166686436907,3,total,males
2030,12969.105237847201,12701.60683271098,13262.31449571149,12975.661514713891,3,total,males
2031,13317.174448267937,13031.142021746387,13624.490616216253,13323.13064528631,3,total,males
2032,13640.347393713824,13337.029195939218,13960.112470507816,13645.697382451139,3,total,males
2033,13928.386864164477,13605.029022659413,14263.141146602215,13930.984067419195,3,total,males
2034,14173.559798224038,13833.338610190316,14521.095370076404,14175.923710009194,3,total,males
2035,14413.398795876292,14059.551960258843,14785.526474119402,14416.575538467621,3,total,males
2036,14656.943068526627,14281.996580485313,15039.100265316016,14659.262752871831,3,total,males
2037,14894.597748002689,14499.803233908586,15296.20406258761,14898.445459368477,3,total,males
2038,15124.68747023249,14712.324827495331,15548.048577120333,15129.827501170392,3,total,males
2039,15338.071667242413,14908.947415712677,15781.564034098916,15342.985083303092,3,total,males
2040,15526.384646090193,15084.952711264526,15994.724286368384,15535.42539913946,3,total,males
2041,15698.203388843032,15242.030491992653,16188.66273463859,15707.970826953107,3,total,males
2042,15852.117914116285,15380.344454963835,16363.53871610948,15861.406627589151,3,total,males
2043,15989.933039068168,15501.25009828635,16520.84707364424,15999.54396123793,3,total,males
2044,16121.564854392891,15614.594636716545,16667.6938759165,16129.995911021842,3,total,males
2045,16246.017263134767,15725.908796727626,16822.80171990885,16258.141001308839,3,total,males
2012,5629.5929432372595,5609.877549161148,5651.427200185239,5629.6698521359785,3,total,females
2013,5846.849658152616,5822.140339311691,5874.713064718495,5846.844961420086,3,total,females
2014,6192.488246162185,6165.200325986624,6220.348120075262,6192.602240392294,3,total,females
2015,6368.790164566735,6340.524845951312,6396.531534720844,6368.885126699765,3,total,females
2016,6623.481026419071,6594.288702705224,6652.7160363173025,6623.253616217822,3,total,females
2017,6735.381462537189,6710.881738921905,6760.896475910692,6735.256326592632,3,total,females
2018,6867.68851834552,6840.755516169197,6894.326593691063,6867.637560055491,3,total,females
2019,6992.6896743616835,6966.570643077707,7018.774274496702,6992.465610208639,3,total,females
2020,7331.154820549374,7301.030575089635,7362.072464563908,7330.647972973197,3,total,females
2021,7608.89451176058,7575.182154029608,7641.887948969825,7608.377082644592,3,total,females
2022,7880.862378359768,7804.871669674234,7959.59320510892,7880.886353294088,3,total,females
2023,8028.038373478661,7899.790512313955,8174.275400638019,8030.328444589072,3,total,females
2024,8315.014870180352,8133.698858289188,8523.322106963473,8318.067340645403,3,total,females
2025,8611.561006700276,8424.641957618818,8821.009783530802,8613.019869105428,3,total,females
2026,8909.607122340178,8714.57469141214,9126.732814424982,8911.394824074157,3,total,females
2027,9211.987891632853,9006.749975888155,9438.122027084486,9214.134375509546,3,total,females
2028,9516.93117797654,9301.887123055836,9751.034860636437,9518.448469757028,3,total,females
2029,9817.173450150509,9587.818581155892,10059.651398023787,9818.212293920524,3,total,females
2030,10113.544956651,9866.811014578903,10363.680666469221,10112.07001655257,3,total,females
2031,10399.013128895163,10129.430893314042,10665.776406839312,10398.517377766759,3,total,females
2032,10668.194266277995,10374.040125783626,10952.660241253512,10666.506408267454,3,total,females
2033,10910.251563209338,10596.100354490169,11209.202022117226,10907.190577442812,3,total,females
2034,11119.24691615163,10792.81667468638,11431.439131198451,11119.078699544507,3,total,females
2035,11330.533923044388,10995.658532562607,11660.943475463324,11330.984592710509,3,total,females
2036,11546.19068920055,11195.034742833666,11889.436293346462,11545.548714225966,3,total,females
2037,11757.787025000569,11398.304050614217,12126.624806555528,11758.536511433986,3,total,females
2038,11963.379552930302,11592.359101664195,12354.580503402345,11966.82925694342,3,total,females
2039,12159.465336189221,11770.878874991888,12565.13564457776,12163.018009370384,3,total,females
2040,12340.141759071506,11926.429735253863,12773.599662504399,12344.987708452429,3,total,females
2041,12506.796680906029,12077.89445141344,12968.923103902212,12512.55319446409,3,total,females
2042,12659.790924389195,12214.625105309908,13147.863191254757,12667.687261093766,3,total,females
2043,12808.24078624112,12331.73247248351,13310.636169674934,12814.133756363719,3,total,females
2044,12947.221544569144,12451.18108340617,13479.737011661178,12956.975971872544,3,total,females
2045,13086.845558667172,12566.178047003588,13647.660132784187,13098.561090477464,3,total,females
2012,13111.196951545486,13080.841428317764,13145.459909612508,13111.250452858769,3,total,persons
2013,13595.467044574561,13552.401640144073,13635.466302922308,13595.370580229324,3,total,persons
2014,14192.331140218972,14146.664619042942,14232.423517962912,14192.044393724045,3,total,persons
2015,14486.911077749894,14439.673541307671,14528.70495163982,14485.952076443778,3,total,persons
2016,14996.999816116393,14946.64535490802,15043.059632016251,14996.308732042366,3,total,persons
2017,15482.108005641125,15441.054056422783,15519.310177018884,15481.800341083741,3,total,persons
2018,15946.16032309643,15901.941526297964,15989.319025329898,15946.364519382108,3,total,persons
2019,16400.293883979462,16361.948570084767,16442.05581383668,16400.399036059254,3,total,persons
2020,17057.557851909252,17011.927365405278,17102.844933522254,17057.514837926763,3,total,persons
2021,17475.456038018627,17424.467398879846,17529.605505721334,17475.415769210027,3,total,persons
2022,17988.49854861955,17871.679247522312,18117.191538355863,17990.583635560877,3,total,persons
2023,18327.183695454245,18118.96922403413,18540.189876705474,18329.714750473322,3,total,persons
2024,19049.5103833021,18750.52108176519,19348.12723780559,19052.529847584472,3,total,persons
2025,19714.460162116247,19416.47866868798,20026.629979295147,19719.78627163934,3,total,persons
2026,20389.439461673664,20079.741734684325,20716.031168010395,20393.965081202907,3,total,persons
2027,21070.510587348886,20759.42374013244,21408.211463547686,21076.97044750677,3,total,persons
2028,21753.474892148988,21429.20144756447,22102.329632504898,21761.68671726462,3,total,persons
2029,22423.06864583255,22084.687991387338,22801.80286296804,22433.37898035743,3,total,persons
2030,23078.662976721826,22725.623972172154,23473.166714591454,23087.73153126646,3,total,persons
2031,23712.15223782095,23341.382655454494,24135.0936584535,23721.64802305307,3,total,persons
2032,24305.175877880505,23902.594156837007,24757.497750196777,24312.20379071859,3,total,persons
2033,24829.992986487472,24406.338064241652,25304.649485854912,24838.174644862007,3,total,persons
2034,25281.65574426727,24855.076707201213,25776.992570853166,25295.0024095537,3,total,persons
2035,25740.70172414064,25287.765179460104,26256.847060720505,25747.560131178132,3,total,persons
2036,26195.32966739805,25717.391248043205,26737.545577001787,26204.8114670978,3,total,persons
2037,26644.631819122438,26137.96274734898,27216.556667191322,26656.981970802462,3,total,persons
2038,27083.54290697015,26556.71535974595,27679.535461743588,27096.65675811381,3,total,persons
2039,27491.270227294757,26940.989957308582,28112.593015142054,27506.003092673476,3,total,persons
2040,27863.883350893062,27285.99568354502,28518.65677360474,27880.41310759189,3,total,persons
2041,28204.45666035478,27606.973525058027,28902.816993560788,28220.524021417197,3,total,persons
2042,28513.728298516802,27882.61972921448,29247.00810944115,28529.093888682917,3,total,persons
2043,28796.038010438973,28137.49038694924,29554.744011724757,28813.677717601648,3,total,persons
2044,29065.108866443275,28388.852877184185,29868.48256861056,29086.971882894388,3,total,persons
2045,29335.960843184264,28634.76362698775,30167.468950849106,29356.7020917863,3,total,persons
2012,5775.940718489663,5745.655508568798,5809.045944857823,5776.042250968388,5,dlbcl,persons
2013,5981.077949130018,5946.369319382815,6015.460140437515,5981.3749194686325,5,dlbcl,persons
2014,6204.867138473266,6169.122280340996,6238.022013541543,6204.989267336344,5,dlbcl,persons
2015,6371.778027661623,6337.942242485111,6405.227140993007,6371.94182688422,5,dlbcl,persons
2016,6537.255271484309,6500.4037585582455,6569.622113588826,6536.651010328565,5,dlbcl,persons
2017,6651.731399693723,6618.245221110728,6682.465751530892,6651.390873388006,5,dlbcl,persons
2018,6820.316763785014,6781.262655238361,6855.88378237239,6819.451046082053,5,dlbcl,persons
2019,6982.99015572658,6944.268260392479,7021.7051880415975,6982.972368890136,5,dlbcl,persons
2020,7250.570364576335,7211.057324168644,7289.840858826045,7250.538024382262,5,dlbcl,persons
2021,7482.062583458446,7436.9809480917065,7523.4340521723825,7481.532422424039,5,dlbcl,persons
2022,7747.187736700799,7670.39621946816,7828.677502944949,7747.642774747501,5,dlbcl,persons
2023,8007.175252055689,7875.487614862962,8143.328381856998,8008.159273692681,5,dlbcl,persons
2024,8247.479281591355,8060.509734769235,8438.81885917333,8251.142739427203,5,dlbcl,persons
2025,8443.642689694618,8206.704551189452,8696.238321213496,8449.169946370555,5,dlbcl,persons
2026,8683.112007265572,8391.447055716962,8994.665243316054,8688.902281028664,5,dlbcl,persons
2027,8927.922276145786,8615.839051570607,9256.306355079045,8930.924289907387,5,dlbcl,persons
2028,9171.780715712686,8850.055268961074,9527.49354352671,9172.433220991508,5,dlbcl,persons
2029,9409.316332455182,9061.913594651636,9794.66052801319,9412.89458102304,5,dlbcl,persons
2030,9644.852858647093,9277.299629925392,10061.86559324513,9649.05480025977,5,dlbcl,persons
2031,9874.554972469949,9485.86965874722,10317.973197719484,9876.73688504293,5,dlbcl,persons
2032,10081.710617981302,9665.507815290068,10552.49434004153,10089.132205366093,5,dlbcl,persons
2033,10268.890172598502,9819.617822031965,10768.75535706605,10278.745622219736,5,dlbcl,persons
2034,10437.780398853472,9953.962640283162,10962.497582607893,10444.919991073992,5,dlbcl,persons
2035,10577.410703580992,10067.22305916318,11147.793532602884,10589.88787583052,5,dlbcl,persons
2036,10708.120466378321,10161.69597215423,11305.5634509317,10718.293006233567,5,dlbcl,persons
2037,10835.096126502252,10249.307564573515,11462.923659690818,10845.515470488637,5,dlbcl,persons
2038,10957.835840007767,10345.604360468069,11618.883452954906,10970.073180980078,5,dlbcl,persons
2039,11076.458160537268,10423.90181919693,11767.911002805125,11088.198280061813,5,dlbcl,persons
2040,11180.591108721977,10492.496167742223,11912.394061525089,11197.459154206035,5,dlbcl,persons
2041,11279.305948426152,10550.538207735322,12047.60381476584,11294.543006552229,5,dlbcl,persons
2042,11364.260367774415,10605.192874951754,12178.6130618375,11379.286004213533,5,dlbcl,persons
2043,11435.400014822237,10638.322624802573,12298.42350014698,11453.040792926915,5,dlbcl,persons
2044,11503.45147224909,10669.077924787212,12415.564683851968,11520.035588711318,5,dlbcl,persons
2045,11567.742774113747,10697.49724418043,12529.077867249167,11583.451544259367,5,dlbcl,persons
2012,4771.562907019259,4755.28968623023,4787.682915511022,4771.386061776782,5,follicular,persons
2013,4878.333967792686,4861.699450051251,4894.6475687604525,4878.280316949054,5,follicular,persons
2014,4988.7748523871,4971.97487884977,5005.367355442911,4988.574893755613,5,follicular,persons
2015,5066.436203492294,5048.963097905374,5082.789266882881,5066.4752776556115,5,follicular,persons
2016,5270.517770985032,5252.485381840874,5287.47021316928,5270.359477662361,5,follicular,persons
2017,5509.360875017604,5491.850261914355,5524.897151309287,5509.053138825244,5,follicular,persons
2018,5708.351576449895,5689.492248895127,5724.628981052373,5707.89291703863,5,follicular,persons
2019,5879.898668334336,5861.984850287476,5897.228688093446,5879.924843366949,5,follicular,persons
2020,6244.591448719113,6227.985767477575,6262.715928490826,6244.67143082426,5,follicular,persons
2021,6368.477534211162,6349.626232256313,6387.169301510849,6368.442328653345,5,follicular,persons
2022,6474.136019825376,6412.24805027158,6534.630547138576,6473.7654082942345,5,follicular,persons
2023,6679.4487970000555,6560.7952892899775,6791.962588025128,6678.879691432871,5,follicular,persons
2024,6851.096864320647,6676.485227185485,7016.289194513802,6851.092999734854,5,follicular,persons
2025,6885.993933469327,6656.491856022556,7105.8836844394655,6886.918573195272,5,follicular,persons
2026,7088.967519650659,6804.879361352801,7362.866564487848,7091.509073686413,5,follicular,persons
2027,7245.483796341712,6954.787322970913,7528.884936753458,7247.588111020282,5,follicular,persons
2028,7393.454654028531,7088.40001984836,7687.123701173579,7394.825848988901,5,follicular,persons
2029,7530.089116922803,7215.00413986736,7846.6642844004455,7531.993920380636,5,follicular,persons
2030,7658.142557436666,7327.208479261494,7989.818734987236,7657.426214927245,5,follicular,persons
2031,7767.833196979407,7422.197657950678,8116.375245460193,7767.9845413635185,5,follicular,persons
2032,7861.460776553542,7497.216319988194,8228.997089633547,7863.102814466703,5,follicular,persons
2033,7938.962449114829,7549.759122945768,8328.836232638349,7942.774749462705,5,follicular,persons
2034,8002.82237485711,7592.821705790687,8418.377716533256,8008.2621728761305,5,follicular,persons
2035,8053.680633870446,7622.757651795938,8493.638439571989,8059.290122002951,5,follicular,persons
2036,8089.619257084116,7644.636738206112,8559.045484993114,8096.602514477322,5,follicular,persons
2037,8122.467112983131,7648.424109700035,8616.330391177442,8128.253307704206,5,follicular,persons
2038,8144.870415047986,7659.275827224068,8653.965206270665,8151.329892093401,5,follicular,persons
2039,8155.08299253169,7645.815203249486,8688.606676933352,8161.765827790141,5,follicular,persons
2040,8151.583047179997,7616.79997675597,8700.242200186021,8157.487808472897,5,follicular,persons
2041,8129.451951665649,7586.618935966716,8698.238457855374,8136.250714930468,5,follicular,persons
2042,8090.448809797028,7534.5890273416335,8681.485001152909,8099.320149689186,5,follicular,persons
2043,8037.706305050298,7451.961559556742,8656.378385692446,8049.288249000306,5,follicular,persons
2044,7977.892166112358,7383.91294539717,8622.89566096542,7991.388043802555,5,follicular,persons
2045,7911.546675209481,7302.490811384326,8575.593025711403,7929.899917427403,5,follicular,persons
2012,774.721824401355,763.1146501613199,786.592964286066,774.7878018480563,5,mantle_cell,persons
2013,816.3239448295124,803.3005816278454,828.308905800736,816.2690574099046,5,mantle_cell,persons
2014,875.5113496017012,863.2156534396701,887.2840594784893,875.4866077351013,5,mantle_cell,persons
2015,910.5331814733079,897.6212298529474,922.61704211025,910.5484632904883,5,mantle_cell,persons
2016,932.5311307382196,918.6017358705578,945.6924507699648,932.491011546101,5,mantle_cell,persons
2017,1016.4158336569037,1003.1249423583575,1028.6304905278703,1016.3396880375199,5,mantle_cell,persons
2018,1044.3382931463043,1031.0287541290852,1058.7102532086699,1044.4186035478826,5,mantle_cell,persons
2019,1092.0309419137648,1077.2257308165263,1105.4612958830603,1091.8126977157465,5,mantle_cell,persons
2020,1160.3268479554185,1145.885159088515,1174.474172817448,1160.470670746618,5,mantle_cell,persons
2021,1159.087198710035,1144.6518471011025,1172.6560193784546,1159.0334223139994,5,mantle_cell,persons
2022,1160.17694488988,1130.2343785202327,1188.5119556609297,1160.0699358886918,5,mantle_cell,persons
2023,1202.1068576427265,1151.106276836303,1256.6091892606762,1202.8525723780126,5,mantle_cell,persons
2024,1233.213443417768,1159.165727614413,1312.5445239300545,1234.4134971186638,5,mantle_cell,persons
2025,1263.135601392276,1166.6129342132638,1367.403295220638,1264.7165946845992,5,mantle_cell,persons
2026,1350.7374054839038,1229.164189679208,1481.9944335157306,1351.9642174574099,5,mantle_cell,persons
2027,1426.2605141302279,1292.708116189434,1566.728618560592,1427.0263924832595,5,mantle_cell,persons
2028,1504.8135150057237,1360.8857947625854,1662.4843127838346,1505.101532920609,5,mantle_cell,persons
2029,1583.127719957305,1429.1051480600668,1757.674315812946,1585.465225954605,5,mantle_cell,persons
2030,1663.6351756165582,1494.4461944062555,1857.1181424560361,1666.504968792843,5,mantle_cell,persons
2031,1744.226778769243,1560.4889910997808,1957.826326085685,1746.0062978085787,5,mantle_cell,persons
2032,1819.9771053846162,1616.7621417897162,2048.0357599175404,1821.4427863164506,5,mantle_cell,persons
2033,1889.6742228720773,1669.4395686129594,2135.3358279864115,1891.4189482894267,5,mantle_cell,persons
2034,1950.8232234928669,1713.7978521965551,2219.51791870252,1954.1886936952376,5,mantle_cell,persons
2035,2004.648198151138,1750.827848966178,2307.0892027397904,2008.809158585509,5,mantle_cell,persons
2036,2050.3816080949955,1780.3221586618083,2378.306188271005,2056.3113052111316,5,mantle_cell,persons
2037,2094.869961669865,1808.336987831457,2452.5704173572576,2103.0107196862646,5,mantle_cell,persons
2038,2139.9868595170246,1832.5429412431351,2530.9402567546786,2148.6635625645667,5,mantle_cell,persons
2039,2183.748671154743,1853.095564164508,2607.60803367679,2192.5208303001255,5,mantle_cell,persons
2040,2224.3183267128175,1876.1801328948434,2683.3393711299245,2233.9162436768274,5,mantle_cell,persons
2041,2259.572869865864,1891.1630311050208,2756.580028177554,2271.463216067758,5,mantle_cell,persons
2042,2292.0598563902713,1897.7124811190265,2826.495858083443,2304.5804241676037,5,mantle_cell,persons
2043,2320.401972682327,1907.2920165873059,2892.492630624771,2333.2817986983687,5,mantle_cell,persons
2044,2343.5948773017,1904.3981272384506,2945.647118552343,2358.224738450199,5,mantle_cell,persons
2045,2367.3002151767664,1901.9094614551489,3011.428159710905,2379.9590980272856,5,mantle_cell,persons
2012,2672.736131949449,2659.3039949780214,2685.7229597950336,2672.714993373859,5,hodgkin,persons
2013,2779.413096973219,2764.7536213960075,2793.2315928671264,2779.475308771836,5,hodgkin,persons
2014,2855.3294758370566,2841.0890933504265,2869.733790500002,2855.361933666524,5,hodgkin,persons
2015,2926.4811935018756,2913.1926215257413,2940.0339749351224,2926.529147467258,5,hodgkin,persons
2016,2978.089691560318,2964.451012559244,2992.0169454541724,2978.262899460933,5,hodgkin,persons
2017,3034.791721075523,3021.915946946741,3047.212174479544,3034.714292307931,5,hodgkin,persons
2018,3055.67162421957,3041.741146718015,3069.165766215241,3055.791749643909,5,hodgkin,persons
2019,3113.741067249639,3100.2820349466665,3127.747611267418,3113.9383329285574,5,hodgkin,persons
2020,3205.9743090168886,3191.360900544814,3219.242069408202,3205.664932190243,5,hodgkin,persons
2021,3299.2136049868213,3283.3468584271263,3313.081595729064,3299.124157702202,5,hodgkin,persons
2022,3366.878935075044,3327.7877898605548,3403.7821608838135,3366.8199968394806,5,hodgkin,persons
2023,3488.8273463102933,3419.23482512119,3555.972380550721,3488.4146613220705,5,hodgkin,persons
2024,3580.5589928223917,3483.5046586353415,3679.4562632311063,3580.921534032337,5,hodgkin,persons
2025,3652.3388634599128,3525.868025456194,3783.4610354499114,3653.636817946585,5,hodgkin,persons
2026,3725.21852403524,3570.723985237675,3889.9158684630056,3727.5886504421487,5,hodgkin,persons
2027,3824.0798279864584,3664.663456808877,3989.3210632139794,3825.708137075333,5,hodgkin,persons
2028,3919.5420555109026,3753.447850713623,4087.2333453295137,3919.8979380356327,5,hodgkin,persons
2029,4012.729507684571,3839.3450294351337,4182.565786223747,4012.2264586184733,5,hodgkin,persons
2030,4102.186933465304,3924.5707098419884,4278.693173660699,4102.39969201261,5,hodgkin,persons
2031,4190.98461565854,4005.33883227418,4371.162002382561,4190.780932665844,5,hodgkin,persons
2032,4277.616550306402,4081.337922635729,4461.222600032414,4277.080885434757,5,hodgkin,persons
2033,4360.949077823025,4154.303698242815,4553.63734020953,4360.80084171952,5,hodgkin,persons
2034,4442.428791576526,4224.265794079384,4641.899344542537,4441.306286903263,5,hodgkin,persons
2035,4519.68783506766,4295.094469515544,4729.651001123811,4517.689667963329,5,hodgkin,persons
2036,4592.271658676411,4357.470228122788,4808.93456210871,4589.332896278977,5,hodgkin,persons
2037,4663.442966930869,4421.016700961241,4887.063770045284,4659.640799221984,5,hodgkin,persons
2038,4731.200288242097,4480.45720877927,4964.645610716795,4728.5053539231385,5,hodgkin,persons
2039,4798.6320139052905,4541.384994992111,5034.802512465327,4796.3977709182145,5,hodgkin,persons
2040,4866.482245853741,4598.48781159672,5104.564946952499,4863.862133447806,5,hodgkin,persons
2041,4934.52812960849,4658.556334764694,5179.068623766285,4930.95491362349,5,hodgkin,persons
2042,5000.127527143219,4716.599128030474,5253.58240528806,4997.139389546118,5,hodgkin,persons
2043,5065.023522954027,4771.618440938493,5328.723024171015,5062.408263204906,5,hodgkin,persons
2044,5127.310700372824,4827.282798768356,5405.468746041464,5125.91879029406,5,hodgkin,persons
2045,5188.2074747719835,4879.845472776282,5478.624288044805,5186.861378306886,5,hodgkin,persons
2012,17033.269594025485,16983.495948793592,17081.982913222233,17033.200789819166,5,nhl,persons
2013,17750.161868988107,17699.151836397283,17800.543090554664,17750.246701616532,5,nhl,persons
2014,18591.985719627748,18537.639164880744,18643.572812970353,18591.716822732305,5,nhl,persons
2015,19207.352345189953,19153.847843252443,19259.927524833758,19207.449952149396,5,nhl,persons
2016,19937.1941204548,19878.857923438245,19993.620923450017,19936.317672263467,5,nhl,persons
2017,20660.45777528762,20604.556998480904,20710.445629131173,20659.162643777494,5,nhl,persons
2018,21353.46520959337,21293.682877621275,21407.844834160715,21352.664310346565,5,nhl,persons
2019,21944.173841706128,21886.766387855463,22003.08764089251,21944.162434807502,5,nhl,persons
2020,22945.645818536144,22885.64378277898,23000.52184384707,22945.273057969014,5,nhl,persons
2021,23477.77035497331,23418.235685680596,23538.905740821323,23478.773082068725,5,nhl,persons
2022,24137.590500126535,24022.365962982803,24261.592101923037,24136.709176633947,5,nhl,persons
2023,24956.00114064999,24761.29577780745,25167.890680236633,24958.74549650451,5,nhl,persons
2024,25791.83495933276,25514.037702660276,26087.36992235628,25796.559384878736,5,nhl,persons
2025,26478.765059013836,26114.8981601317,26857.03651333236,26482.065476427593,5,nhl,persons
2026,27535.075633452332,27096.320106471772,27989.12840546909,27536.254356930604,5,nhl,persons
2027,28523.094750127835,28069.8039730785,28992.037967716857,28525.549222406407,5,nhl,persons
2028,29518.046241746015,29048.813640575456,30001.944669298187,29519.642211117767,5,nhl,persons
2029,30516.32680705428,30026.88806071291,31018.878977240896,30514.343261622827,5,nhl,persons
2030,31496.600937302926,30976.68131178544,32028.599844399014,31499.3602150707,5,nhl,persons
2031,32460.644607736776,31914.043388473678,33032.067413809185,32461.577178363685,5,nhl,persons
2032,33370.72367608119,32791.037589923224,33983.62567266764,33373.507969953534,5,nhl,persons
2033,34205.60654795624,33595.518383737544,34846.7469328023,34209.204453587205,5,nhl,persons
2034,34960.84560507235,34315.412809823756,35642.24409426102,34967.38826630697,5,nhl,persons
2035,35640.07470168632,34984.25772562975,36365.183671269835,35651.23683169609,5,nhl,persons
2036,36256.11093678231,35559.45931055758,37029.61061382639,36269.41341477878,5,nhl,persons
2037,36867.49833789142,36123.73148778054,37676.56368882536,36884.94506370631,5,nhl,persons
2038,37470.78587928909,36692.52389257999,38332.16062541557,37488.97665519663,5,nhl,persons
2039,38048.71189458231,37245.91686147991,38947.85185815197,38067.230749291804,5,nhl,persons
2040,38591.75281591441,37752.134948181076,39549.52599801262,38610.45171889294,5,nhl,persons
2041,39088.03936058456,38198.21788290528,40110.89444021638,39105.764817504714,5,nhl,persons
2042,39534.49204565733,38600.01132028747,40607.22360690055,39552.78899616322,5,nhl,persons
2043,39939.40269053312,38966.520063331824,41056.34592794991,39957.46786443879,5,nhl,persons
2044,40315.03093195126,39304.76895081292,41482.30512797564,40334.09059580655,5,nhl,persons
2045,40668.53265516225,39623.70124297039,41887.814957722454,40693.97789022414,5,nhl,persons
2012,11117.137015772176,11078.365458266213,11154.902516272605,11116.961324714606,5,total,males
2013,11590.660407058589,11549.1791218057,11632.863405325517,11590.963259293238,5,total,males
2014,12079.321584098623,12033.758438953007,12117.523670320956,12078.21059392185,5,total,males
2015,12450.710687419112,12403.765554218313,12494.581622443577,12449.896113550749,5,total,males
2016,12824.024203245182,12776.30421751935,12872.375368240753,12823.881936224663,5,total,males
2017,13278.969794780893,13237.424879265729,13323.93720727943,13279.098925258086,5,total,males
2018,13735.38620894285,13691.588555549693,13780.018329626135,13735.931183208944,5,total,males
2019,14172.717983886774,14129.521735335897,14216.589420344628,14173.260807026805,5,total,males
2020,14796.602260201176,14750.716660751297,14844.840056124569,14796.388845650708,5,total,males
2021,15143.924506352916,15094.13562010835,15192.094333867022,15143.249091648326,5,total,males
2022,15505.139592853211,15407.877333630091,15603.0367650179,15504.288108628643,5,total,males
2023,15979.88714426415,15818.646267939586,16139.049396371169,15978.555139891625,5,total,males
2024,16447.604894586053,16219.62551069762,16669.564429519145,16446.494424998607,5,total,males
2025,16867.51294418426,16564.4068267366,17143.308728896915,16862.99192982379,5,total,males
2026,17519.443019769067,17148.330066699265,17856.49435063922,17513.947916301408,5,total,males
2027,18118.711349768906,17739.090878807754,18470.19178476164,18114.461435265537,5,total,males
2028,18717.43971006226,18325.310083612185,19085.81879711856,18714.18324063071,5,total,males
2029,19313.83804697352,18909.87865790784,19699.666776634796,19311.394870139477,5,total,males
2030,19900.543163776078,19485.93758547725,20313.81215507795,19899.894284758193,5,total,males
2031,20473.90989483743,20043.555674216397,20904.11623350636,20472.30552436063,5,total,males
2032,21017.428663202743,20560.884357712435,21473.90149348767,21013.636229402866,5,total,males
2033,21511.74011024999,21032.905536382965,21990.872313363485,21508.326712450827,5,total,males
2034,21958.395836650197,21459.470636942875,22451.270070329923,21954.812043378042,5,total,males
2035,22362.87279856552,21837.225751136288,22871.91304550739,22354.684003738486,5,total,males
2036,22719.311692842595,22170.36658870367,23262.312925350732,22714.680916310335,5,total,males
2037,23073.979277856557,22507.724419897568,23651.736288878554,23070.871310352453,5,total,males
2038,23419.89005697397,22839.270546791824,24039.30168765547,23418.77804934229,5,total,males
2039,23751.628283958467,23145.334225977847,24398.361804353335,23750.295838131948,5,total,males
2040,24060.630913984805,23429.854132879438,24738.853613510746,24060.612601515084,5,total,males
2041,24341.65617304133,23685.756580588237,25049.238408635265,24343.030862272295,5,total,males
2042,24596.553767864105,23916.148505350913,25326.426988955314,24596.166173073616,5,total,males
2043,24819.27091538791,24120.661896252823,25585.311974946166,24823.002539435434,5,total,males
2044,25023.940045029456,24295.68268618517,25820.930131899426,25031.60846397546,5,total,males
2045,25214.917530881125,24462.69103698248,26053.261853493066,25228.324145152244,5,total,males
2012,8589.930040344647,8553.880479205562,8620.228555379692,8588.954458478418,5,total,females
2013,8938.601730530976,8903.282543705809,8972.829246068628,8938.75875109513,5,total,females
2014,9369.082697545402,9334.600243202614,9402.947597268403,9368.868162476976,5,total,females
2015,9684.269211782837,9649.320392947126,9719.774195156191,9684.082986065905,5,total,females
2016,10090.7294017272,10052.520869711741,10129.028171470158,10090.698635499737,5,total,females
2017,10414.626326447833,10378.617540799894,10448.854962183292,10414.778010827342,5,total,females
2018,10673.1002503665,10632.643798090478,10710.675283120921,10672.52487678153,5,total,females
2019,10884.258392119733,10845.486163372449,10923.730731237116,10884.839960709252,5,total,females
2020,11354.425079518249,11315.159436605374,11394.34747068524,11354.54914450855,5,total,females
2021,11634.346535790992,11592.752579205124,11674.212748057533,11634.6481481226,5,total,females
2022,12000.09249993406,11919.612760688482,12077.567176616203,11999.241064844784,5,total,females
2023,12469.935206258564,12336.74546140506,12613.110956893168,12468.605017934955,5,total,females
2024,12930.091054204233,12747.269522897817,13142.335079351047,12930.986493912467,5,total,females
2025,13271.226641908554,13033.752718037804,13544.019481735477,13272.710364550388,5,total,females
2026,13746.617005641625,13452.07888689435,14076.73794453936,13749.895091071343,5,total,females
2027,14233.094670082262,13924.161024694666,14571.517444442034,14236.795924216203,5,total,females
2028,14722.48839170764,14390.658201758051,15068.718035871723,14725.356908522688,5,total,females
2029,15212.880255036376,14874.260722905201,15568.719058307883,15215.174850101823,5,total,females
2030,15700.035450020488,15342.487189405647,16074.67363308982,15701.865622325118,5,total,females
2031,16174.879967229592,15790.186665846843,16569.616435386946,16180.0525866689,5,total,females
2032,16630.411919562408,16213.842334088335,17044.954922093133,16636.952625985425,5,total,females
2033,17054.04751896194,16612.5135754846,17489.95371619899,17061.678582855897,5,total,females
2034,17452.009904394406,16976.565634628434,17901.603148225488,17453.882509832187,5,total,females
2035,17808.277725176307,17307.045335617735,18286.095782420773,17814.242495920935,5,total,females
2036,18138.468347436865,17609.663068355076,18642.77239932693,18144.065394747417,5,total,females
2037,18465.790688467157,17917.883564551263,19003.99248363595,18473.714552575842,5,total,females
2038,18789.190249039377,18211.37900425348,19355.211062494498,18798.70395977748,5,total,females
2039,19102.07162585076,18501.074263476174,19708.058396794677,19113.332682078068,5,total,females
2040,19403.641666429154,18767.09500250814,20036.64057460129,19413.70125082566,5,total,females
2041,19675.58367070243,19019.706703301395,20357.03998266093,19693.68886885591,5,total,females
2042,19935.38272305076,19245.194224345625,20651.70163722544,19953.762212635716,5,total,females
2043,20179.205570082828,19463.194212763494,20928.965113408172,20196.87358820826,5,total,females
2044,20412.131626403912,19674.90499535994,21193.165543161977,20428.400922125147,5,total,females
2045,20638.28867180916,19864.522853936127,21457.712839964683,20652.51512337878,5,total,females
2012,19706.658649043056,19654.681900809526,19755.392801707494,19705.915783193024,5,total,persons
2013,20530.830404779586,20474.739958103895,20582.320044927495,20529.722010388366,5,total,persons
2014,21447.393947061646,21393.100280172916,21500.043316934407,21447.078756398827,5,total,persons
2015,22133.71442880544,22078.163798064168,22187.83862047123,22133.979099616652,5,total,persons
2016,22916.363853201154,22855.46072133286,22972.25140617691,22914.5805717244,5,total,persons
2017,23694.495049680652,23637.976381958517,23747.3913156296,23693.876936085428,5,total,persons
2018,24408.260565075616,24350.873890841878,24465.19388394827,24408.456059990473,5,total,persons
2019,25058.737877100335,24999.189550911648,25119.17194095104,25058.100767736058,5,total,persons
2020,26151.264929211324,26089.93210511825,26206.533433672084,26150.93799015926,5,total,persons
2021,26778.167035938342,26713.30234132401,26840.53603959651,26777.897239770926,5,total,persons
2022,27505.45062018802,27377.2948051951,27635.28093395867,27503.529173473427,5,total,persons
2023,28448.45541910859,28235.189251051885,28668.93487347599,28447.16015782658,5,total,persons
2024,29373.918832820527,29074.69277127248,29686.562932824814,29377.480918911075,5,total,persons
2025,30131.96351218693,29751.019846899308,30536.69817586232,30135.70229437418,5,total,persons
2026,31261.896054587683,30794.9993516542,31753.235914053814,31263.84300737275,5,total,persons
2027,32352.302157196405,31885.004937070407,32851.616964182314,32351.25735948174,5,total,persons
2028,33442.0921355724,32957.61980065726,33960.393895625006,33439.5401491534,5,total,persons
2029,34523.472615104256,34026.38174935489,35077.07711669473,34526.5697202413,5,total,persons
2030,35596.50469963123,35066.23087327974,36180.385559350776,35601.75990708331,5,total,persons
2031,36650.146143180304,36096.07825898968,37256.30759214927,36652.35811102953,5,total,persons
2032,37646.72180714001,37058.60176039236,38286.307494497225,37650.58885538829,5,total,persons
2033,38566.00562420132,37933.604249973265,39247.839300418156,38570.00529530672,5,total,persons
2034,39404.02018143897,38731.43403626128,40124.61941123073,39408.694553210225,5,total,persons
2035,40165.24159891847,39474.546314659536,40934.52976425677,40168.92649965942,5,total,persons
2036,40853.7786862396,40138.80633041692,41664.55490990035,40858.74631105775,5,total,persons
2037,41544.171482179336,40802.77152966004,42373.657708167564,41544.585862928296,5,total,persons
2038,42219.08463418117,41442.4464929489,43077.65299618268,42217.48200911977,5,total,persons
2039,42865.57438482531,42048.83002765811,43758.367984550474,42863.62852021002,5,total,persons
2040,43475.90835467816,42615.5398317944,44419.88803923011,43474.31385234074,5,total,persons
2041,44034.15271012963,43119.396392435265,45049.43396709002,44036.7197311282,5,total,persons
2042,44541.26977336325,43571.909733365,45629.81645633849,44549.92838570933,5,total,persons
2043,45006.08102157799,43979.52368375846,46148.38866229579,45019.87612764369,5,total,persons
2044,45441.771966487766,44379.25692993678,46640.31185987016,45460.0093861006,5,total,persons
2045,45859.4397845527,44750.98228165069,47120.45784907964,45880.839268531025,5,total,persons
2012,9277.854983272275,9094.332105871765,9467.23343553998,9278.72315469679,10,dlbcl,persons
2013,9616.595375587578,9444.163431658113,9801.199268294593,9620.003280084118,10,dlbcl,persons
2014,9988.17286550044,9817.056793582491,10163.910213930025,9990.598614346602,10,dlbcl,persons
2015,10260.657632852308,10089.648538661784,10427.726132259302,10261.499630119348,10,dlbcl,persons
2016,10586.3246150459,10426.434921739357,10739.23832092481,10587.461066701855,10,dlbcl,persons
2017,10920.64869054054,10778.675568287308,11053.625473641054,10921.985151318118,10,dlbcl,persons
2018,11253.54724104393,11130.650930683565,11375.432373067244,11254.081050113475,10,dlbcl,persons
2019,11611.131937234528,11504.90766683921,11727.061724787081,11613.846689318409,10,dlbcl,persons
2020,12016.47236904869,11896.189028511832,12130.044251993879,12016.222381167774,10,dlbcl,persons
2021,12371.005229920807,12216.475975499909,12523.937742820683,12370.856649196474,10,dlbcl,persons
2022,12718.116334394403,12566.516840700971,12873.412691202859,12718.296623185142,10,dlbcl,persons
2023,13097.868059947456,12923.052844640893,13270.588601869438,13097.169032620404,10,dlbcl,persons
2024,13439.120180346446,13233.998096966458,13653.76641532767,13441.127710672723,10,dlbcl,persons
2025,13835.567032500954,13576.192683047097,14103.76684730906,13836.43792592082,10,dlbcl,persons
2026,14244.998963011085,13923.335330487986,14592.33602967647,14246.953098063797,10,dlbcl,persons
2027,14688.505022495607,14300.60963268579,15090.665302011703,14688.21001185526,10,dlbcl,persons
2028,15128.65124810073,14684.482454175113,15592.124099202496,15127.110963737294,10,dlbcl,persons
2029,15550.908783768526,15035.09877277914,16094.312363913823,15553.786738404719,10,dlbcl,persons
2030,15930.309465325561,15342.7404287326,16546.029028999772,15934.13026378927,10,dlbcl,persons
2031,16346.949941178338,15677.093121159312,17048.14627622437,16347.524491728316,10,dlbcl,persons
2032,16742.170979784933,16013.845335012824,17510.37377784809,16743.83425324888,10,dlbcl,persons
2033,17116.770840160047,16311.901716936061,17936.19042301625,17117.484373034345,10,dlbcl,persons
2034,17466.84642166664,16588.873786750988,18357.166543235988,17466.637783508864,10,dlbcl,persons
2035,17783.989093411874,16856.5490639594,18741.303823452392,17791.279757866872,10,dlbcl,persons
2036,18083.43127967565,17090.681208741917,19102.345931392407,18092.727257031187,10,dlbcl,persons
2037,18359.581337285446,17296.567445876906,19435.63401796194,18369.46415108479,10,dlbcl,persons
2038,18614.965235677853,17494.150619220534,19749.57546918822,18620.576046700193,10,dlbcl,persons
2039,18840.602671659006,17657.484585600527,20035.443911944527,18845.02590860004,10,dlbcl,persons
2040,19044.379149826895,17796.684263549578,20292.93334812204,19042.27991389278,10,dlbcl,persons
2041,19203.634225225564,17912.705177359134,20536.026735076044,19212.048623947307,10,dlbcl,persons
2042,19364.67974149714,18018.817217938988,20778.319670699806,19369.223169897956,10,dlbcl,persons
2043,19506.972802739845,18106.235905204892,20982.09346498759,19514.139319946233,10,dlbcl,persons
2044,19644.76018462364,18187.412528571032,21200.26607833832,19648.790602739442,10,dlbcl,persons
2045,19780.244108319777,18245.26696635838,21392.47260567725,19774.789589785752,10,dlbcl,persons
2012,8114.269623730665,8006.194548148408,8223.551525343633,8113.848625832534,10,follicular,persons
2013,8329.616910911922,8223.190887511591,8433.361835879987,8329.869870157027,10,follicular,persons
2014,8594.646472193854,8494.528060711578,8695.005587065903,8596.034004675712,10,follicular,persons
2015,8806.86112238063,8712.546492972366,8906.672790524599,8808.825574447303,10,follicular,persons
2016,9076.964918351672,8986.538970453206,9173.245788429267,9078.414096586,10,follicular,persons
2017,9477.498573694824,9396.860094750687,9561.022299076561,9478.455271801262,10,follicular,persons
2018,9786.57955951204,9712.492495290273,9864.150340835824,9788.126121641202,10,follicular,persons
2019,10081.740102154154,10012.903562576905,10149.993680837651,10081.63321981444,10,follicular,persons
2020,10541.112011849411,10463.048374934673,10610.721067798124,10540.611828774863,10,follicular,persons
2021,10865.054060518894,10769.008769276112,10960.492385633548,10864.722904688999,10,follicular,persons
2022,11179.708211694076,11073.190618512883,11279.137759202846,11178.183337522607,10,follicular,persons
2023,11546.535197699315,11399.486999545785,11679.737259120811,11543.54012376872,10,follicular,persons
2024,11871.082568892865,11671.74009147142,12058.662315568787,11870.947257794493,10,follicular,persons
2025,12225.324004281487,11965.515524656104,12462.205015430254,12222.453214305104,10,follicular,persons
2026,12536.664838004133,12215.632859630396,12828.236160097424,12531.841572368874,10,follicular,persons
2027,12791.960171560804,12403.903632595468,13151.968859725637,12788.21946024858,10,follicular,persons
2028,13134.890473581458,12686.620684591093,13555.659905052327,13130.52417948945,10,follicular,persons
2029,13427.324612803033,12911.24344346953,13915.911835039711,13426.773746704463,10,follicular,persons
2030,13594.068146777194,13018.048451089526,14157.09568292244,13594.542989675194,10,follicular,persons
2031,13894.688451661716,13264.308647383978,14532.785701784353,13899.668658486697,10,follicular,persons
2032,14143.70096859187,13482.895328924458,14823.835824711561,14148.68301595046,10,follicular,persons
2033,14372.783468822872,13685.546990740664,15092.650715902715,14375.428564293106,10,follicular,persons
2034,14574.773501213149,13846.102280903682,15334.097047280044,14578.892504759739,10,follicular,persons
2035,14749.126178602492,13983.829120638426,15561.407880330516,14756.592658668107,10,follicular,persons
2036,14896.296340966539,14091.89363522578,15746.795691260197,14906.076735145813,10,follicular,persons
2037,15014.779277727035,14165.155715161152,15915.076020479704,15024.594742897072,10,follicular,persons
2038,15100.219761575385,14203.815766449317,16033.469678583122,15110.180883783238,10,follicular,persons
2039,15158.399576485011,14216.066852626545,16132.803970740453,15161.59516747506,10,follicular,persons
2040,15175.760352695703,14196.629836702301,16192.877175939117,15177.882770313294,10,follicular,persons
2041,15152.431607354827,14143.633721465663,16205.706637440628,15158.262031258577,10,follicular,persons
2042,15114.942670755761,14070.230809080695,16217.321158068846,15118.895900524112,10,follicular,persons
2043,15049.412795433705,13977.750858778161,16208.44717837851,15059.661529639021,10,follicular,persons
2044,14961.134083789044,13869.55315549484,16178.602229095228,14982.174836309523,10,follicular,persons
2045,14866.253319800828,13741.462513200118,16121.071279819618,14888.73908304558,10,follicular,persons
2012,1070.6720889724756,1022.9189645556372,1122.5780220012048,1071.6552833823291,10,mantle_cell,persons
2013,1150.6739306634893,1103.814105174449,1201.4751498413736,1151.095838880176,10,mantle_cell,persons
2014,1229.0727054097588,1181.7484376105,1280.4590943737849,1230.0326223534757,10,mantle_cell,persons
2015,1299.8936403806474,1251.5437977574188,1350.8944362443613,1300.31582330486,10,mantle_cell,persons
2016,1354.0559253851538,1308.42784300604,1404.8082751473908,1354.9677992308887,10,mantle_cell,persons
2017,1453.2819387048417,1411.4934547240928,1500.076800185892,1453.6654079279958,10,mantle_cell,persons
2018,1499.8348182764864,1462.5736258976383,1542.252721322142,1500.9442864439036,10,mantle_cell,persons
2019,1581.955464619311,1544.3458065718344,1620.4389295217202,1582.2663569032086,10,mantle_cell,persons
2020,1672.983395510199,1629.1841069702016,1715.0648609164327,1672.221925478824,10,mantle_cell,persons
2021,1688.0541778029988,1635.2164851266484,1740.939360680045,1687.606052265861,10,mantle_cell,persons
2022,1760.2532412260657,1700.312277180359,1815.4458707603333,1759.0135972069452,10,mantle_cell,persons
2023,1843.2037406333006,1766.1307536475422,1907.6767647553568,1840.251105957404,10,mantle_cell,persons
2024,1924.2831653356595,1834.4385072712694,2007.3148800875101,1923.749387412434,10,mantle_cell,persons
2025,2019.7250185109617,1906.5113496997678,2129.672413511848,2021.320318833683,10,mantle_cell,persons
2026,2129.924482714563,1990.5263468271799,2266.162584016256,2131.204437012208,10,mantle_cell,persons
2027,2216.843973214888,2052.9854659322004,2378.9950270759246,2219.5155228962803,10,mantle_cell,persons
2028,2336.973021782564,2143.7353890445793,2531.0273043550146,2340.0396829102756,10,mantle_cell,persons
2029,2447.647501337808,2219.4708991757316,2680.429302754578,2452.9668519056304,10,mantle_cell,persons
2030,2559.588801272957,2302.330617142798,2832.843817204317,2566.802496737889,10,mantle_cell,persons
2031,2712.9460094655537,2414.8359911420607,3035.3604056037493,2720.6099419740676,10,mantle_cell,persons
2032,2857.1514537807625,2520.859601167152,3217.767481218235,2863.4531413162267,10,mantle_cell,persons
2033,3000.5886020037287,2624.5003533781464,3396.4089405834798,3003.581790444805,10,mantle_cell,persons
2034,3135.553167901753,2721.3958161582054,3569.717292637,3138.6129323552827,10,mantle_cell,persons
2035,3265.8232994351215,2805.3806077070517,3743.7395206611623,3266.515383130095,10,mantle_cell,persons
2036,3385.6378563377452,2890.149006377372,3910.2029385364194,3386.7866552925357,10,mantle_cell,persons
2037,3496.9436645021833,2960.940715060253,4069.9149796447236,3498.256822597728,10,mantle_cell,persons
2038,3596.7715587336006,3022.9688640792997,4215.40244851528,3599.9868079827006,10,mantle_cell,persons
2039,3690.398618360243,3063.958042989303,4358.561227664879,3691.1513475210054,10,mantle_cell,persons
2040,3772.4947278438585,3101.6793950586625,4482.81350654998,3771.0074611693385,10,mantle_cell,persons
2041,3837.568421059528,3129.8276079043812,4603.580488076424,3838.9762555774164,10,mantle_cell,persons
2042,3896.1701911050222,3160.8920196409217,4729.20958079945,3901.720661833318,10,mantle_cell,persons
2043,3949.6489525963802,3183.9072106820518,4847.061280939606,3959.122731829842,10,mantle_cell,persons
2044,3997.121392319975,3193.685126645967,4943.470268869526,4011.4485195250554,10,mantle_cell,persons
2045,4042.893087171109,3199.017838076084,5045.3607590533065,4058.8908593404335,10,mantle_cell,persons
2012,4682.049859868409,4602.962891080173,4748.383494838149,4678.961873668709,10,hodgkin,persons
2013,4865.183489215638,4787.99355217865,4932.125001496398,4863.190047476598,10,hodgkin,persons
2014,5019.774181675263,4946.687404595945,5084.456382016389,5018.592029040065,10,hodgkin,persons
2015,5143.868231241138,5074.401191132453,5207.129220495967,5143.172853806436,10,hodgkin,persons
2016,5287.2863580121775,5221.649337191977,5350.667563911732,5286.622147846393,10,hodgkin,persons
2017,5428.246546289105,5368.293378638493,5483.215169416389,5427.533547789283,10,hodgkin,persons
2018,5551.615489085124,5497.182922159722,5600.925182129112,5550.933812189842,10,hodgkin,persons
2019,5687.1057210901035,5636.535706146029,5731.827741177418,5686.384702688895,10,hodgkin,persons
2020,5846.174040785961,5795.08746625935,5894.662516789795,5844.465944689578,10,hodgkin,persons
2021,5991.1979733544595,5927.549289887398,6055.100770678852,5989.851053775736,10,hodgkin,persons
2022,6112.997882682257,6043.5349744218765,6184.215428534881,6113.249981764115,10,hodgkin,persons
2023,6258.137174846581,6171.103478506546,6342.305688126735,6257.246992574708,10,hodgkin,persons
2024,6403.607595735001,6290.90347644576,6511.735678582276,6404.016417155708,10,hodgkin,persons
2025,6563.331335563851,6420.5895751531025,6700.764831824348,6562.471763253726,10,hodgkin,persons
2026,6728.941447797975,6554.712479653901,6905.2726344301245,6729.034754762452,10,hodgkin,persons
2027,6892.142682906135,6681.401049241866,7093.807861259162,6892.213101463925,10,hodgkin,persons
2028,7101.45460274922,6858.551260470423,7331.96610359836,7101.347240600338,10,hodgkin,persons
2029,7282.564905040492,7006.309390158309,7544.219719699225,7282.146027590089,10,hodgkin,persons
2030,7442.80513031457,7130.734274719922,7739.541507491908,7442.972999702867,10,hodgkin,persons
2031,7605.259689546707,7257.275568569259,7933.782993956672,7604.107766416727,10,hodgkin,persons
2032,7782.785180247141,7421.830208046292,8131.943464083409,7782.952210635236,10,hodgkin,persons
2033,7953.852377110687,7586.920145555109,8308.923319081767,7955.1693382665335,10,hodgkin,persons
2034,8121.326055175294,7743.778162993058,8483.157550775439,8122.244769675417,10,hodgkin,persons
2035,8285.002498339873,7881.716491880211,8659.670983693266,8283.200802278752,10,hodgkin,persons
2036,8439.841111514863,8015.09979189804,8833.360074370707,8438.068865895186,10,hodgkin,persons
2037,8590.585414499457,8141.162303859791,9005.14471985033,8587.228824376878,10,hodgkin,persons
2038,8735.102611216751,8260.447706020197,9167.600725568907,8730.837134404583,10,hodgkin,persons
2039,8874.654388474028,8383.030876515595,9326.332217125937,8868.903252513326,10,hodgkin,persons
2040,9010.145367523366,8500.747489510646,9474.634515231734,9001.447766100971,10,hodgkin,persons
2041,9137.905936516754,8611.234939774864,9618.265049960635,9128.3743540344,10,hodgkin,persons
2042,9259.26817196056,8719.368243268107,9759.743842143864,9252.933792500182,10,hodgkin,persons
2043,9381.014384712835,8824.565556237749,9899.157266816213,9375.055822365519,10,hodgkin,persons
2044,9501.332608470966,8925.601689547984,10034.503680586233,9494.437933062934,10,hodgkin,persons
2045,9617.213306045744,9028.766074215471,10165.628631009844,9610.771935885878,10,hodgkin,persons
2012,27419.376533074577,27156.552229434805,27707.24961301685,27419.6095735558,10,nhl,persons
2013,28487.978512609676,28237.964784647986,28763.59110972212,28489.43421054617,10,nhl,persons
2014,29746.52828391275,29507.392439604097,30013.089417309533,29748.85108811707,10,nhl,persons
2015,30820.17942849622,30585.58514391352,31077.625520213067,30820.8050293987,10,nhl,persons
2016,32079.368501390014,31851.06762738063,32327.684438819077,32078.191973160505,10,nhl,persons
2017,33488.862256140026,33283.7520724887,33712.91479324432,33488.76549840873,10,nhl,persons
2018,34768.74056183933,34584.439905857675,34960.45800554278,34769.77530198339,10,nhl,persons
2019,36063.47772021702,35884.70461166281,36250.55823560329,36063.98526798747,10,nhl,persons
2020,37605.47691657688,37398.91922335623,37804.98900443175,37604.09702253669,10,nhl,persons
2021,38749.526589409674,38497.21934900783,39019.054083101655,38752.571255092844,10,nhl,persons
2022,39995.57208140095,39731.41363887539,40262.80135931703,39994.937758069755,10,nhl,persons
2023,41392.5768543294,41087.61365847869,41702.040855382875,41390.32023084639,10,nhl,persons
2024,42732.33424538797,42384.33376521095,43076.006518168055,42731.13589691567,10,nhl,persons
2025,44235.77883638694,43820.47430558892,44636.18123600274,44237.01956214231,10,nhl,persons
2026,45760.0836078774,45253.16062270245,46246.24195543174,45760.56983043773,10,nhl,persons
2027,47305.74856597729,46722.375781943425,47871.664501595325,47313.31916565604,10,nhl,persons
2028,49003.56577776382,48326.55188317932,49669.39689489378,49012.123739999064,10,nhl,persons
2029,50699.90177158368,49955.658032788124,51455.53405042997,50708.78367550314,10,nhl,persons
2030,52255.00372435862,51422.4231819512,53103.46415018167,52261.04942551937,10,nhl,persons
2031,54093.95946041492,53185.98948555183,55068.653216493294,54102.074679018064,10,nhl,persons
2032,55840.5089901286,54859.694137329396,56893.26125358592,55842.99752950711,10,nhl,persons
2033,57510.34800438675,56456.34752033696,58643.851041615715,57515.88385899298,10,nhl,persons
2034,59104.552949873774,57973.88390267808,60325.07689749863,59113.30228674292,10,nhl,persons
2035,60626.10280683201,59394.107102606715,61932.90416288524,60629.55929952487,10,nhl,persons
2036,62062.10191659321,60728.94735416746,63455.45988089816,62061.380562369945,10,nhl,persons
2037,63399.7481500146,61977.277072334706,64879.27353925019,63398.72445302702,10,nhl,persons
2038,64635.03113124758,63132.00534669877,66253.06650912444,64631.46377778311,10,nhl,persons
2039,65756.57332719257,64175.86738748126,67478.33661231797,65752.5206930719,10,nhl,persons
2040,66749.9795551002,65114.029189581546,68579.16112876915,66755.47964716706,10,nhl,persons
2041,67614.99971654038,65938.65458645212,69530.36774966777,67635.98197908634,10,nhl,persons
2042,68450.52190562533,66683.57467464813,70476.61911381478,68470.32881295757,10,nhl,persons
2043,69237.58856352436,67392.24287203279,71344.81606450118,69257.1103317614,10,nhl,persons
2044,69971.96157474449,68065.30225792863,72143.44250023316,70000.90265846808,10,nhl,persons
2045,70667.73366645456,68687.37987033451,72902.8848955933,70706.63823984047,10,nhl,persons
2012,17844.40458453148,17616.4862542007,18059.490067543065,17845.97175862903,10,total,males
2013,18537.083434036806,18325.562993556796,18742.499137486728,18535.7249547657,10,total,males
2014,19288.687372378394,19093.491970837807,19482.139258417712,19290.348437274777,10,total,males
2015,19991.345824592358,19798.836251108634,20182.454845456115,19992.13561303023,10,total,males
2016,20743.15284781967,20559.92847741274,20930.228947009517,20745.148850730715,10,total,males
2017,21689.096366622223,21521.844160888115,21862.034256552815,21689.640539709526,10,total,males
2018,22520.84105752757,22367.85779695575,22681.898808835434,22521.073492241965,10,total,males
2019,23370.782118014155,23225.24769073012,23516.56101677087,23369.41592079121,10,total,males
2020,24299.469372265055,24124.913444316724,24468.176154965582,24296.93970136323,10,total,males
2021,24941.519614451132,24717.25160118677,25151.618080213782,24939.538593800975,10,total,males
2022,25660.952312346228,25444.411730002903,25864.8173927062,25659.387096369595,10,total,males
2023,26518.390603718297,26272.040847045424,26733.741065184266,26513.902440710124,10,total,males
2024,27365.286072530813,27078.66337018094,27609.602046402608,27361.527889183075,10,total,males
2025,28298.599413868513,27962.2230942056,28603.00590581086,28296.006486639515,10,total,males
2026,29272.53228427946,28873.55463889795,29654.33944722941,29268.10830532943,10,total,males
2027,30176.858190336337,29706.655169681737,30631.70532749358,30172.76437034872,10,total,males
2028,31172.744802673482,30631.57465121006,31698.61982955539,31166.111870054636,10,total,males
2029,32142.56257639388,31534.443450491555,32751.848269232018,32138.75528813642,10,total,males
2030,33054.17160872418,32377.38771642059,33744.48640789541,33059.70896362412,10,total,males
2031,34156.9412899257,33402.9759531081,34945.53325447505,34161.82319938923,10,total,males
2032,35187.44464710905,34388.17090356679,36044.49695933214,35192.6974669604,10,total,males
2033,36177.94246250696,35322.40284589645,37062.40146948526,36177.95178491158,10,total,males
2034,37106.811398535414,36220.97141044525,38061.77174536211,37112.957732608804,10,total,males
2035,37984.80191691707,37048.023103991654,39015.77523729272,37994.17562801658,10,total,males
2036,38810.6875543886,37814.42511386029,39931.1286750043,38821.61006577431,10,total,males
2037,39574.87611369257,38510.4768912844,40782.76217859929,39588.9808103351,10,total,males
2038,40264.571140658605,39149.839067849454,41543.85608308127,40291.04755765623,10,total,males
2039,40893.14399642566,39721.34673049392,42248.47760856763,40924.15294942361,10,total,males
2040,41458.18142460906,40232.26471174545,42860.87399429641,41485.66345254558,10,total,males
2041,41939.752943992644,40671.080261091854,43389.700699588604,41974.595081291685,10,total,males
2042,42392.47238670573,41081.43873615836,43904.121374050905,42433.95157394291,10,total,males
2043,42818.42582626715,41454.501009160595,44387.320306493544,42863.13716350658,10,total,males
2044,43214.02421728465,41776.30693176732,44834.5553039916,43265.156954093465,10,total,males
2045,43591.78313976251,42119.217450567994,45266.07723274169,43643.22042170537,10,total,males
2012,14252.219470766731,14058.768836719006,14445.0609718714,14252.599688595481,10,total,females
2013,14816.329666851136,14629.406941175648,15007.666842695204,14816.899303257065,10,total,females
2014,15476.634466601967,15297.973207799469,15659.707949966776,15477.094679882357,10,total,females
2015,15971.263464744008,15802.624321806548,16143.726811571361,15971.842270174906,10,total,females
2016,16619.243790137283,16459.046445210057,16779.800398166088,16619.665270276182,10,total,females
2017,17225.778054389244,17082.147848133394,17369.47125929849,17226.658506488486,10,total,females
2018,17800.90756221902,17675.9576696495,17924.886592147323,17799.635621931266,10,total,females
2019,18378.3096321188,18264.597634117974,18498.507886875923,18380.954049885157,10,total,females
2020,19152.462959274235,19022.107475260913,19279.18094111726,19151.623265863036,10,total,females
2021,19803.008214124402,19631.407520091776,19968.56714724852,19802.883715067604,10,total,females
2022,20452.66932968575,20275.589272103534,20611.196026483336,20448.800643464274,10,total,females
2023,21133.707891938175,20948.774526018176,21331.508306750653,21133.664782710974,10,total,females
2024,21771.201512502405,21552.876979144843,22015.31286799983,21773.624424888305,10,total,females
2025,22501.946386360047,22239.258356155264,22801.103759829322,22503.48483875652,10,total,females
2026,23214.853493434275,22896.14623405451,23583.303526948257,23221.496279870753,10,total,females
2027,24023.427039982627,23642.449623536562,24454.999888197057,24032.76789677124,10,total,females
2028,24936.66159165909,24501.748147312097,25444.725739093006,24947.359110544767,10,total,females
2029,25839.81586002116,25338.429680055837,26426.234149701326,25852.174414956804,10,total,females
2030,26633.293078982075,26067.84464165437,27286.75659221525,26644.313461598118,10,total,females
2031,27527.421034767605,26883.29707604333,28272.098310634403,27544.359246045555,10,total,females
2032,28422.632765634677,27727.751151916334,29185.097925878057,28433.252273181944,10,total,females
2033,29278.32095906778,28524.64986439528,30105.558153851704,29293.101412347933,10,total,females
2034,30113.471999794423,29303.32859782047,31014.923821108092,30122.589323809523,10,total,females
2035,30902.988402675306,30049.51776450371,31882.419137055265,30918.584473787047,10,total,females
2036,31670.344313157388,30760.376898011567,32737.45037592678,31677.839362490824,10,total,females
2037,32392.253092381798,31410.8473083795,33514.652146629895,32396.97246706879,10,total,females
2038,33057.336555855225,32032.590937098845,34247.67868452913,33071.253354531465,10,total,females
2039,33688.41322837154,32581.328643724948,34932.31836566387,33697.27099616162,10,total,females
2040,34249.195850582546,33090.511482040114,35562.76056618774,34271.26396072245,10,total,females
2041,34766.27015619068,33547.588792624774,36148.929857272924,34789.76125182905,10,total,females
2042,35271.712600436935,34008.644901329906,36712.20073782994,35289.311031514844,10,total,females
2043,35743.7017012174,34437.49333452352,37249.47723972779,35769.02899062033,10,total,females
2044,36200.424047019274,34839.31682061479,37781.89653100083,36230.18363743755,10,total,females
2045,36649.47290376207,35224.76366937836,38290.62660823927,36674.189754020976,10,total,females
2012,32098.143002266443,31818.476171184477,32398.76727130769,32098.571447224513,10,total,persons
2013,33349.15752485591,33079.49087758203,33644.24974749046,33352.62425802276,10,total,persons
2014,34763.49351974878,34507.318285198315,35043.47400870003,34767.443117157134,10,total,persons
2015,35962.71157307764,35719.097086797265,36233.08676205395,35963.97788320514,10,total,persons
2016,37363.968184436046,37133.87007666741,37622.876304726575,37364.81412100689,10,total,persons
2017,38910.63372950739,38712.94781392439,39146.62239987358,38916.299046198015,10,total,persons
2018,40318.71322871836,40132.40085674805,40523.746835097474,40320.70911417323,10,total,persons
2019,41751.01318696967,41557.07269391626,41947.723523949055,41750.369970676365,10,total,persons
2020,43448.29667841087,43228.05228752578,43672.05226068542,43448.562967226266,10,total,persons
2021,44744.006529691316,44474.362022246656,45027.98883065495,44742.42230886858,10,total,persons
2022,46111.29221842931,45832.5457698566,46380.85741045107,46108.18773983387,10,total,persons
2023,47653.842736358696,47332.78505275388,47967.54065020664,47647.5672234211,10,total,persons
2024,49143.748253075166,48762.09713253862,49489.064375688526,49135.15231407138,10,total,persons
2025,50803.266213122995,50365.550912001374,51220.058585003666,50799.49132539604,10,total,persons
2026,52491.25739790867,51967.99077333571,53014.57425943767,52489.604585200184,10,total,persons
2027,54200.19738087947,53579.05736590633,54831.38009273109,54205.53226711996,10,total,persons
2028,56112.1618081248,55408.37285449341,56837.82515099488,56113.4709805994,10,total,persons
2029,57989.140329075366,57185.92646930451,58821.28150064576,57990.92970309322,10,total,persons
2030,59699.905647632884,58801.7923596301,60654.84662113156,59704.02242522223,10,total,persons
2031,61701.607928349404,60681.046520879594,62766.76955516633,61706.18244543479,10,total,persons
2032,63633.33429636164,62529.15371516865,64760.79358117487,63625.94974014235,10,total,persons
2033,65473.96876901989,64307.989943131295,66699.75275125414,65471.05319725951,10,total,persons
2034,67232.64251646862,66003.78173425149,68573.25329191211,67235.54705641833,10,total,persons
2035,68909.03815993654,67601.94675427223,70303.36303854131,68912.76010180362,10,total,persons
2036,70496.34898789047,69094.1610597514,71975.81739510036,70499.44942826513,10,total,persons
2037,71985.33599163781,70491.27262131515,73565.57645215576,71985.9532774039,10,total,persons
2038,73352.52850167819,71779.39187318078,75015.05498876878,73362.3009121877,10,total,persons
2039,74611.48591789417,72948.71838295634,76361.55262783814,74621.42394558522,10,total,persons
2040,75742.2164332751,74011.6669266034,77573.74705278454,75756.92741326803,10,total,persons
2041,76747.58375591328,74944.80011684436,78687.19969917744,76764.35633312073,10,total,persons
2042,77686.41171570338,75833.3333263963,79740.83026124492,77723.26260545776,10,total,persons
2043,78594.10789307751,76669.9592459636,80728.47487439513,78632.16615412691,10,total,persons
2044,79443.20122848407,77450.20413974581,81658.28963670578,79495.34059153101,10,total,persons
2045,80261.96684989275,78172.59682620295,82580.8383941539,80317.41017572634,10,total,persons
2012,15306.1692093106,13322.937221169484,17499.20781736447,15298.210988628205,40,dlbcl,persons
2013,16018.401230486026,13949.927572731547,18316.719523959444,16012.373589384304,40,dlbcl,persons
2014,16761.6064983263,14634.296422239682,19172.35840741056,16767.64309735353,40,dlbcl,persons
2015,17488.656918799774,15260.486707689362,19986.611908506868,17484.743003392727,40,dlbcl,persons
2016,18239.60798720444,15907.454080980788,20829.4460823346,18233.69605055996,40,dlbcl,persons
2017,18982.04780983112,16566.71686391125,21648.10703351667,18970.76316852585,40,dlbcl,persons
2018,19741.95842016152,17284.25173004259,22497.957093795074,19737.66379492945,40,dlbcl,persons
2019,20559.65372888468,18004.106158065795,23371.770933465094,20553.2635551925,40,dlbcl,persons
2020,21427.72341177203,18834.520792157415,24319.417746149968,21432.04273774335,40,dlbcl,persons
2021,22265.224670569085,19660.34634833172,25203.277844334658,22284.51694202134,40,dlbcl,persons
2022,23050.405042724582,20443.366067538296,25999.606941754668,23058.10909265746,40,dlbcl,persons
2023,23823.273523789547,21219.36235839564,26795.82741918482,23847.907821955807,40,dlbcl,persons
2024,24605.721965809953,22061.6461618579,27557.61852206753,24642.902644189788,40,dlbcl,persons
2025,25396.971470479744,22913.465424069025,28256.043879860874,25446.044150560898,40,dlbcl,persons
2026,26225.82914568103,23768.33313526548,28945.811746407642,26265.10600183535,40,dlbcl,persons
2027,27051.607798142457,24662.018407121268,29747.18335295482,27082.73788170073,40,dlbcl,persons
2028,27885.86038773883,25605.842268349454,30507.592334770958,27912.94454368674,40,dlbcl,persons
2029,28710.24563189548,26519.728569999046,31253.83912754237,28753.000272897396,40,dlbcl,persons
2030,29556.49597421797,27494.15306689081,31954.03668252047,29586.66640373388,40,dlbcl,persons
2031,30385.33352706645,28430.98436316315,32611.364732321807,30417.5189760234,40,dlbcl,persons
2032,31214.92089572469,29318.07416252052,33321.069746753026,31236.705367092585,40,dlbcl,persons
2033,32027.437610500478,30213.500313613284,34058.58849263218,32045.549223873717,40,dlbcl,persons
2034,32832.54079029102,31062.46202718766,34884.68662968707,32842.52275495354,40,dlbcl,persons
2035,33613.05740188444,31818.23972918896,35648.148836099215,33618.71926577404,40,dlbcl,persons
2036,34373.04977933591,32555.524713413964,36435.86208880089,34382.49901258645,40,dlbcl,persons
2037,35124.281498689976,33226.95154672088,37225.43519137138,35141.774082985045,40,dlbcl,persons
2038,35863.45013972085,33854.23826328527,38101.75475145831,35892.36172446059,40,dlbcl,persons
2039,36603.21810107434,34375.46291120745,39050.67564259274,36629.68444228992,40,dlbcl,persons
2040,37306.63282514223,34908.968867431446,39942.179540978206,37337.33054000215,40,dlbcl,persons
2041,37997.48889658583,35323.49553383512,40831.254829476915,38027.64046440186,40,dlbcl,persons
2042,38639.56151220605,35717.77552526397,41775.88618323001,38692.44736672463,40,dlbcl,persons
2043,39264.98797275592,36062.76172282118,42783.551898423095,39348.02547155603,40,dlbcl,persons
2044,39875.424895784236,36346.21016684,43748.83372758566,39983.35201670239,40,dlbcl,persons
2045,40504.73027987083,36658.968597524145,44685.84326375996,40587.42262927215,40,dlbcl,persons
2012,13911.52065757697,12713.525193917163,15321.909100910998,13934.183157593021,40,follicular,persons
2013,14495.342984463317,13242.131036403625,15982.97083777847,14521.50126291833,40,follicular,persons
2014,15148.296584440877,13838.320778209893,16708.31296342569,15182.197449390569,40,follicular,persons
2015,15781.578843543168,14406.124005624964,17417.17057043689,15813.891281715958,40,follicular,persons
2016,16485.46860280563,15054.112933192213,18186.044790601005,16516.508283740677,40,follicular,persons
2017,17318.088984621416,15829.586693902524,19064.058840995967,17343.226976312388,40,follicular,persons
2018,18061.80140120147,16537.296821186603,19876.439687991427,18092.922117233982,40,follicular,persons
2019,18831.326020254015,17288.540157905205,20727.05662541686,18877.902919982735,40,follicular,persons
2020,19786.67059093265,18230.284284832247,21752.930632231146,19839.63708671757,40,follicular,persons
2021,20578.756992438895,18964.15847355871,22591.776773856724,20622.43237068471,40,follicular,persons
2022,21368.572203708507,19748.643482259027,23365.28696567544,21397.437932485744,40,follicular,persons
2023,22157.22193433188,20571.594040568434,24113.8742178939,22190.492650903543,40,follicular,persons
2024,22965.89089650545,21378.17379497252,24890.657812207348,22990.442321484996,40,follicular,persons
2025,23772.329538466973,22202.623410558437,25663.260332459926,23801.370080162942,40,follicular,persons
2026,24593.823498722075,23077.939763184644,26439.38299546286,24623.46633245593,40,follicular,persons
2027,25407.55606371584,23922.25656271003,27208.863098400296,25449.35812418059,40,follicular,persons
2028,26267.6860800867,24730.1043121226,28028.681745815407,26289.159210820148,40,follicular,persons
2029,27105.294464355058,25626.84361323536,28877.549519750846,27126.947014661724,40,follicular,persons
2030,27926.42843650201,26422.82053706309,29655.39719352211,27958.02788948582,40,follicular,persons
2031,28784.49351586625,27289.484184889523,30443.916908134506,28791.44321179864,40,follicular,persons
2032,29619.772674934422,28163.029439653772,31272.369975633148,29610.641890591425,40,follicular,persons
2033,30434.38483095159,28970.273552648334,32062.6371515745,30424.983932560554,40,follicular,persons
2034,31244.70776171245,29726.27612783376,32867.49990795922,31232.100694848767,40,follicular,persons
2035,32045.773901925506,30520.924686587245,33670.70116178157,32031.076326068098,40,follicular,persons
2036,32822.62161601588,31220.457374786205,34474.498974224094,32814.06266209741,40,follicular,persons
2037,33584.707276232264,31865.806299890053,35318.177652880484,33589.181834983916,40,follicular,persons
2038,34326.375901883686,32526.194027469443,36236.073727313815,34350.51690730705,40,follicular,persons
2039,35057.31243110452,33072.750476130524,37090.123055466574,35086.83273906895,40,follicular,persons
2040,35773.77662158938,33667.46907142664,37927.3447414957,35784.10890237276,40,follicular,persons
2041,36418.672079252225,34141.344697832385,38752.35666834468,36446.86591237426,40,follicular,persons
2042,37035.33243676554,34557.672585454544,39564.56022223085,37071.22551702193,40,follicular,persons
2043,37644.30139604262,34897.92929523475,40392.06192376545,37675.283717968385,40,follicular,persons
2044,38191.351665018534,35276.26766586414,41138.79590950877,38241.34176006664,40,follicular,persons
2045,38713.08898581036,35572.45225192861,41867.62257262984,38767.7648382293,40,follicular,persons
2012,1352.4713355977601,1124.5254828180687,1704.7095319327016,1370.0526191055742,40,mantle_cell,persons
2013,1451.463765684594,1211.7514878707552,1819.2937672501812,1468.7808705321181,40,mantle_cell,persons
2014,1552.7898132966839,1305.728352039573,1937.397704123418,1573.3489117775698,40,mantle_cell,persons
2015,1647.3023700673152,1390.7943474577687,2044.7385829412758,1666.8990974433286,40,mantle_cell,persons
2016,1732.477929543414,1464.9840025653423,2137.4387754904856,1750.0097382813885,40,mantle_cell,persons
2017,1864.0008446166985,1589.5588595956172,2276.7109209341943,1882.431379161326,40,mantle_cell,persons
2018,1949.8242605666012,1669.4087680389077,2370.185387229766,1968.8117648919174,40,mantle_cell,persons
2019,2064.260039661329,1779.2058787005444,2492.958995689337,2083.3128255828206,40,mantle_cell,persons
2020,2192.7220421442203,1912.1461382317264,2634.1922606457815,2214.760871062472,40,mantle_cell,persons
2021,2251.5745817277266,1962.1294400734168,2701.9769567403564,2275.1614024372197,40,mantle_cell,persons
2022,2350.4264865318028,2063.4298803299203,2805.844552603934,2373.5551896474058,40,mantle_cell,persons
2023,2465.0851301266807,2182.6765700846336,2911.0919046712393,2486.301296780224,40,mantle_cell,persons
2024,2592.2926184344697,2313.0215199304885,3034.1481442279514,2611.6207065777985,40,mantle_cell,persons
2025,2732.214399024891,2449.3585756141265,3166.1968006928955,2749.1603931222844,40,mantle_cell,persons
2026,2887.2495847037235,2589.391816650609,3313.5401093184446,2899.692707788474,40,mantle_cell,persons
2027,3051.18267795272,2742.5445516338646,3486.321234101452,3062.94887590167,40,mantle_cell,persons
2028,3226.1393528391977,2903.275599897763,3650.4501566436156,3239.8889651234963,40,mantle_cell,persons
2029,3424.1564485831886,3067.4912677971097,3836.480301258328,3429.0636041372345,40,mantle_cell,persons
2030,3630.179882338756,3242.5441378018086,4046.737279836316,3628.8525799663116,40,mantle_cell,persons
2031,3842.276694337374,3424.683367237428,4287.570413143445,3838.8898978327197,40,mantle_cell,persons
2032,4058.889402822897,3593.6203158784183,4537.293712166431,4055.5124145257414,40,mantle_cell,persons
2033,4284.796626927869,3781.965350303912,4797.645678125137,4278.859589538615,40,mantle_cell,persons
2034,4508.935728293593,3957.381233356549,5074.131504585774,4505.824460598003,40,mantle_cell,persons
2035,4745.54913146055,4134.9587301503325,5367.198271941377,4734.796421433488,40,mantle_cell,persons
2036,4975.2693669389355,4283.283390651565,5665.332188651388,4966.53256103483,40,mantle_cell,persons
2037,5207.544650780431,4440.90479419977,5991.147399919988,5200.1219309859,40,mantle_cell,persons
2038,5442.47876239117,4584.2144183021055,6336.82790001328,5434.999248750345,40,mantle_cell,persons
2039,5682.254704370255,4701.979376715856,6686.4476848228105,5669.345726486321,40,mantle_cell,persons
2040,5915.282534340461,4819.796944186677,7038.5062368344825,5902.339710513367,40,mantle_cell,persons
2041,6144.830327219913,4959.778707049989,7401.003810171202,6133.341743884514,40,mantle_cell,persons
2042,6368.223053801712,5061.658629558233,7759.505885665612,6361.270198088788,40,mantle_cell,persons
2043,6589.5754356875805,5173.35095551581,8143.168047969156,6587.462251967008,40,mantle_cell,persons
2044,6812.902429804237,5264.433331032704,8511.17801108619,6809.213903619816,40,mantle_cell,persons
2045,7018.0053980085895,5350.900650812567,8868.70900829521,7027.1356636980445,40,mantle_cell,persons
2012,9250.075210037634,8224.708632838518,10135.111530039256,9235.258517085304,40,hodgkin,persons
2013,9691.213886031343,8620.202799538705,10612.973300483665,9674.116664035817,40,hodgkin,persons
2014,10129.036175914192,9015.215508214604,11099.713766138491,10115.197053734375,40,hodgkin,persons
2015,10581.69458546011,9427.39568617697,11592.634952927887,10570.433284178549,40,hodgkin,persons
2016,11041.133005511208,9840.540330268503,12103.422871458877,11031.320368440229,40,hodgkin,persons
2017,11519.862962974757,10265.87314627681,12628.630584121796,11510.427414155742,40,hodgkin,persons
2018,11957.196705308881,10674.621912921497,13116.507679751385,11949.883141546414,40,hodgkin,persons
2019,12446.351896459739,11125.720111146322,13655.491979186552,12436.406811778856,40,hodgkin,persons
2020,12973.477120781445,11614.967305116841,14222.590359320242,12960.389029564923,40,hodgkin,persons
2021,13500.924299135648,12131.759466191412,14789.348561672083,13495.356302835318,40,hodgkin,persons
2022,13891.65987882271,12544.601708069398,15144.288534987318,13883.420737015314,40,hodgkin,persons
2023,14288.265257806454,12992.308571172209,15519.812762412035,14288.126285492788,40,hodgkin,persons
2024,14715.93361122923,13446.80791571825,15915.28805448989,14717.88465311174,40,hodgkin,persons
2025,15163.911523297416,13926.31021965277,16344.167806843045,15171.787894666106,40,hodgkin,persons
2026,15612.862744329837,14395.444542069286,16774.68617803743,15628.324468489645,40,hodgkin,persons
2027,16091.941278433187,14886.784419364083,17207.940907402295,16096.736525415889,40,hodgkin,persons
2028,16559.301177246463,15383.286727730718,17662.327732773232,16569.3752080791,40,hodgkin,persons
2029,17052.766695278544,15904.919822265163,18121.200528242243,17055.21913225784,40,hodgkin,persons
2030,17537.240691458603,16461.575160648947,18569.254091493713,17535.754549638543,40,hodgkin,persons
2031,18079.4887929134,16987.177166446192,19079.69338305694,18057.34599959504,40,hodgkin,persons
2032,18581.53466852982,17497.98935764392,19546.655874789445,18563.738382936746,40,hodgkin,persons
2033,19093.624706999428,18091.639653530157,20037.84942977359,19087.711199514433,40,hodgkin,persons
2034,19630.711703394503,18600.219505248097,20559.04047895662,19621.464286055292,40,hodgkin,persons
2035,20157.168494053134,19111.0103280193,21111.415085769404,20160.55500803455,40,hodgkin,persons
2036,20684.76592856409,19658.708138528615,21660.26422967513,20689.282603942425,40,hodgkin,persons
2037,21203.147404961335,20197.18814566525,22213.145870110493,21213.042862790557,40,hodgkin,persons
2038,21740.11718430431,20714.377565100862,22760.38407798013,21750.37894790845,40,hodgkin,persons
2039,22268.02444176924,21182.390454906752,23308.662606181886,22277.337578894447,40,hodgkin,persons
2040,22803.475914625884,21664.74507758882,23928.583419769595,22810.9000824171,40,hodgkin,persons
2041,23346.932589093933,22159.788948960737,24548.221622712008,23353.070232100272,40,hodgkin,persons
2042,23883.269235776308,22615.89291063074,25138.88766660137,23882.024013725553,40,hodgkin,persons
2043,24428.60706145548,23096.01126546555,25803.26129721445,24429.246271497777,40,hodgkin,persons
2044,24939.03726042209,23545.573388568628,26467.963350381393,24957.59999380045,40,hodgkin,persons
2045,25444.161895140656,23912.795383982273,27075.984634253706,25456.556975635573,40,hodgkin,persons
2012,43522.57043113053,40499.461552733716,47192.87323135685,43554.454232708966,40,nhl,persons
2013,45657.16140558224,42523.12001120708,49521.02120813499,45698.169467732085,40,nhl,persons
2014,48004.57816951503,44748.39131210029,52105.99748123623,48057.81407034584,40,nhl,persons
2015,50236.93837452073,46863.50768644851,54516.87434685937,50285.75844138526,40,nhl,persons
2016,52627.06247775958,49182.55770777398,57068.919612054546,52695.7926988386,40,nhl,persons
2017,55201.54372042931,51643.67523036301,59779.43739489953,55267.883862296905,40,nhl,persons
2018,57717.02559147989,54080.81503291626,62438.26685600665,57778.73965631293,40,nhl,persons
2019,60326.48704983201,56603.008335251354,65177.35132619859,60383.73729540596,40,nhl,persons
2020,63256.78692778823,59462.26990464978,68253.50128686144,63325.20029767266,40,nhl,persons
2021,65853.2619039687,61970.35414794413,70968.44376736387,65927.48627127294,40,nhl,persons
2022,68530.07846042977,64724.04609658832,73516.60412950047,68562.0951009278,40,nhl,persons
2023,71305.06452138771,67491.0787413683,76127.78498760075,71323.66949430047,40,nhl,persons
2024,74152.22280479931,70414.65485940177,78910.7964434727,74187.53840368077,40,nhl,persons
2025,77133.15208395637,73414.46550193599,81721.31733121631,77163.34120897175,40,nhl,persons
2026,80221.89995750916,76529.01464897588,84655.4347435953,80253.24595737034,40,nhl,persons
2027,83374.66962057145,79831.20121706433,87667.730961537,83419.95823788061,40,nhl,persons
2028,86650.57844408847,83163.64030467618,90763.40479681808,86694.2602169036,40,nhl,persons
2029,90004.1966622881,86602.71218631267,93978.92065775867,90061.10656616019,40,nhl,persons
2030,93446.27798313182,90161.49789749761,97147.68714703419,93487.1783378791,40,nhl,persons
2031,96910.79570808398,93744.9687059079,100436.86910971838,96983.064904965,40,nhl,persons
2032,100445.79132080844,97333.4796163286,103742.98910511566,100500.5255106413,40,nhl,persons
2033,103973.82823081738,100936.84012152979,107152.45496667379,104031.98664345917,40,nhl,persons
2034,107583.52732934395,104569.3027162362,110655.00985146273,107572.28186697482,40,nhl,persons
2035,111143.63217454882,108008.852162134,114259.37172151699,111104.35896951122,40,nhl,persons
2036,114648.8161607289,111463.3823909362,117853.81990931778,114634.55209556909,40,nhl,persons
2037,118215.01306785499,114870.95126508115,121512.66935517207,118182.37103407936,40,nhl,persons
2038,121693.1152401549,118176.42627790375,125253.7498928769,121718.40962298465,40,nhl,persons
2039,125188.56926462593,121476.51340749243,129267.63206938157,125241.5898068981,40,nhl,persons
2040,128598.95803909565,124547.34337102056,133277.89663751356,128689.18748924637,40,nhl,persons
2041,131952.45071757518,127483.08113601588,137091.28524813478,132080.71851128573,40,nhl,persons
2042,135246.7129345975,130288.08385841108,141027.31269749536,135401.7577165206,40,nhl,persons
2043,138545.48430461378,133050.22569715572,144939.76171601427,138668.7954914281,40,nhl,persons
2044,141750.18161175906,135699.33348472207,148795.82970616256,141873.9774506539,40,nhl,persons
2045,144905.28319862328,138271.72508181626,152649.40562494678,145018.34923382424,40,nhl,persons
2012,28360.428037721962,26289.91302447201,30940.61935516912,28454.084622584603,40,total,males
2013,29762.93080583503,27617.7481237882,32478.975646720784,29863.99212050957,40,total,males
2014,31226.170937729003,28991.93316421919,34035.20164689819,31336.694530421653,40,total,males
2015,32666.31301392844,30348.998665223637,35616.62838989539,32786.90563683279,40,total,males
2016,34181.80509758662,31805.140972682057,37222.23678036743,34310.56808469106,40,total,males
2017,35888.955787112674,33470.94900050858,39029.57344452871,36022.422528255825,40,total,males
2018,37529.492697065245,35065.61866493892,40799.49453950063,37669.953112787705,40,total,males
2019,39223.303364444284,36710.36482172893,42618.31755936606,39373.51747743788,40,total,males
2020,41087.45506441571,38493.3288272834,44577.43774383189,41239.87765357006,40,total,males
2021,42741.68658490147,40068.40035182885,46344.153035947755,42879.86136170597,40,total,males
2022,44382.49328140552,41724.53516912256,47983.982105284376,44523.93887077399,40,total,males
2023,46104.71687037466,43444.03835074597,49619.93919968217,46228.89479389868,40,total,males
2024,47888.60848860633,45216.5806465678,51294.75905165202,48017.471083241464,40,total,males
2025,49745.03118941665,47184.74617954887,53078.755802763604,49869.12844557131,40,total,males
2026,51676.43676300123,49183.65116594209,54917.044021393696,51790.90217078118,40,total,males
2027,53617.66484443823,51179.01272633696,56858.18558652093,53759.562321144535,40,total,males
2028,55661.27713468921,53244.81668336967,58778.78299624073,55770.34927807091,40,total,males
2029,57748.38140338869,55366.07403483978,60802.77642227585,57845.47411670248,40,total,males
2030,59869.691173161744,57525.66311980265,62738.99534003685,59930.04318561228,40,total,males
2031,62017.2128661936,59732.90326591736,64861.706954755224,62075.754729210224,40,total,males
2032,64199.24923578439,61973.17198231421,66874.45393717682,64234.84998178987,40,total,males
2033,66349.69783562109,64213.63831236886,68875.00026496533,66385.13946866777,40,total,males
2034,68523.46820369564,66384.87969958168,71082.6283674413,68556.8792857484,40,total,males
2035,70720.19939285115,68488.08004160327,73215.68613238924,70721.2992901443,40,total,males
2036,72861.0028036632,70547.5916786565,75387.94397856203,72862.48372655382,40,total,males
2037,75018.87062939044,72568.17110026229,77682.24287686989,75019.60121009628,40,total,males
2038,77118.20442616977,74509.26668481097,80013.79421608282,77155.06943717372,40,total,males
2039,79240.33351611844,76468.99979423505,82412.993280688,79271.68612648643,40,total,males
2040,81258.62639025928,78252.87022742782,84799.60775403131,81337.34717849958,40,total,males
2041,83237.60729114347,79953.91354784067,87270.73344959656,83365.86332520573,40,total,males
2042,85221.49541294007,81595.41389770481,89655.15703700276,85360.1265831854,40,total,males
2043,87155.85937639086,83164.07418460574,92072.6414546497,87294.00313996561,40,total,males
2044,89017.39933164665,84697.57150021657,94435.16619877971,89197.83323648493,40,total,males
2045,90870.36492080866,86072.80723275006,96796.48451704836,91051.2772080632,40,total,males
2012,24206.292563781262,22257.925267451163,26955.078078178158,24335.62812720967,40,total,females
2013,25379.566720877505,23340.036092667702,28247.145594676847,25508.29401125833,40,total,females
2014,26696.985090874023,24559.45719997912,29724.492901173697,26836.316593658565,40,total,females
2015,27920.781731399504,25698.12382060223,31103.193437545826,28069.286088731023,40,total,females
2016,29261.37371528641,26956.60558112308,32570.715697493604,29416.54498258777,40,total,females
2017,30595.1442170439,28207.277727978675,34016.636652157926,30755.888748196823,40,total,females
2018,31898.278387146864,29437.21738744959,35412.24728160666,32058.669685071643,40,total,females
2019,33281.491140663136,30802.436900563942,36879.69999187687,33446.62662974693,40,total,females
2020,34877.42851114854,32346.639948421052,38557.8187010126,35045.71167366752,40,total,females
2021,36376.34132571063,33799.84569008935,40122.156031646875,36542.981212402294,40,total,females
2022,37742.99339744859,35230.83320365286,41394.249834034046,37921.57696716912,40,total,females
2023,39207.89336580983,36669.35882801263,42797.9720441421,39382.90098589458,40,total,females
2024,40701.33673645997,38285.50514708786,44228.99249796615,40887.95197355105,40,total,females
2025,42295.932115990734,39888.08156951094,45712.54229667989,42466.00065806655,40,total,females
2026,43920.65976423614,41620.223670157015,47257.169010124315,44090.6682550788,40,total,females
2027,45587.830229637766,43372.50765156732,48816.533629942336,45757.13244215197,40,total,females
2028,47343.00969538773,45131.211589638406,50430.01335340389,47493.28614691178,40,total,females
2029,49146.0024551319,46918.912756108686,52033.87014374844,49270.85158171554,40,total,females
2030,50966.313240796226,48808.53021996026,53733.26163955696,51092.88970190536,40,total,females
2031,52888.934791257125,50797.85716929429,55445.26582692295,52964.65617534982,40,total,females
2032,54774.09964140931,52718.767381173006,57165.73782852628,54829.41391178818,40,total,females
2033,56703.809616887396,54640.55809061163,58971.08541646455,56734.55837430584,40,total,females
2034,58605.4214341502,56477.738230699724,60886.59382813348,58636.86686728172,40,total,females
2035,60491.13920094519,58371.07307675737,62749.67916019945,60543.61468740147,40,total,females
2036,62448.18072036677,60218.861401478345,64655.87771761993,62461.35097295769,40,total,females
2037,64355.51839641531,61991.04897187978,66741.75397775864,64375.812686773636,40,total,females
2038,66320.8963318408,63616.60958084693,68877.35349722988,66313.71913371938,40,total,females
2039,68272.07564416644,65400.92425792187,71154.52610460024,68247.24125930613,40,total,females
2040,70148.55764986115,67002.15096684241,73198.34777671545,70162.74039316388,40,total,females
2041,72040.10478088999,68558.56249049198,75520.03289209478,72067.92541818027,40,total,females
2042,73899.09015520192,70086.03873255348,77859.48768010661,73923.65514706074,40,total,females
2043,75793.94890876586,71630.57395624502,80322.76151422218,75804.03862296029,40,total,females
2044,77634.61336118805,72964.64829959846,82772.69435340691,77633.74420796942,40,total,females
2045,79420.2713512999,74347.9028941958,85173.11178536166,79423.6290013966,40,total,females
2012,52704.30417366076,49779.42416916503,56379.593225109835,52789.71274979427,40,total,persons
2013,55272.547890674614,52219.90752138238,59170.48601736536,55372.2861317679,40,total,persons
2014,58097.545478597276,54896.29246261036,62165.48523259347,58173.01112408022,40,total,persons
2015,60791.79351249046,57446.84756952746,65053.667407874615,60856.19172556381,40,total,persons
2016,63622.2859761283,60217.85878719951,68112.24556280472,63727.113067278835,40,total,persons
2017,66676.2588091511,63182.59626153339,71321.94135385503,66778.31127645264,40,total,persons
2018,69616.71842278149,66050.24955619255,74423.92320786562,69728.62279785935,40,total,persons
2019,72683.7881272146,69043.71914224295,77654.58317886866,72820.14410718481,40,total,persons
2020,76166.25183361897,72402.18400846681,81239.92446834742,76285.58932723758,40,total,persons
2021,79310.97880636042,75452.97937155399,84545.64879363519,79422.84257410826,40,total,persons
2022,82331.54571503047,78462.52327595747,87514.26840116997,82445.51583794312,40,total,persons
2023,85504.59830818383,81662.71701931572,90607.13178075121,85611.79577979326,40,total,persons
2024,88807.37177966631,85014.81224332721,93802.10445088895,88905.42305679251,40,total,persons
2025,92231.07028271089,88504.38361699531,97099.55220746816,92335.12910363785,40,total,persons
2026,95754.4004859693,92116.54071111915,100515.99274487395,95881.57042585999,40,total,persons
2027,99404.91098420246,95854.87171567445,103961.75065893379,99516.6947632965,40,total,persons
2028,103157.48645844698,99692.00652037987,107512.68091396031,103263.6354249827,40,total,persons
2029,106999.80723328111,103623.20015551294,111123.74935509909,107116.32569841802,40,total,persons
2030,110934.98052630355,107588.01579227924,114798.95773111784,111022.93288751764,40,total,persons
2031,114980.73091123966,111728.95667792807,118626.307129271,115040.41090456003,40,total,persons
2032,119016.63693345466,115794.94454686694,122588.59304910502,119064.26389357804,40,total,persons
2033,123099.15673734437,119901.68531221218,126569.52914671441,123119.6978429736,40,total,persons
2034,127201.25947048777,124081.3501982434,130619.1178405649,127193.74615303011,40,total,persons
2035,131290.6577667792,128138.05549634587,134668.3221501263,131264.91397754577,40,total,persons
2036,135339.81008255965,132004.64737760005,138680.6595109746,135323.8346995115,40,total,persons
2037,139394.19185475723,136030.97489813803,142840.85106962445,139395.41389686993,40,total,persons
2038,143429.41251865868,139745.52514792737,147313.73931118927,143468.7885708931,40,total,persons
2039,147447.97373314298,143503.15205710454,151747.3134116576,147518.92738579257,40,total,persons
2040,151404.09543137392,146983.3942941599,156151.37693188273,151500.08757166346,40,total,persons
2041,155289.48452026525,150588.4686358908,160599.34855710942,155433.788743386,40,total,persons
2042,159136.68008348707,153985.64169195681,165041.60885837206,159283.78173024615,40,total,persons
2043,162976.5404274483,157229.2317065752,169318.25914026162,163098.0417629259,40,total,persons
2044,166730.33084548693,160476.67184113184,173658.32204156683,166831.57744445436,40,total,persons
2045,170340.41866373777,163477.4740936528,178159.57809032282,170474.9062094598,40,total,persons
