scenario,year,subtype,sex,duration,prev_mid,prev_p025,prev_p975,prev_mean
base,2012,dlbcl,males,2,1604.1658526232068,1591.185237777533,1615.3598546451906,1604.030107439057
base,2013,dlbcl,males,2,1658.6184876248058,1640.9754650191064,1675.426973084121,1658.2031936657067
base,2014,dlbcl,males,2,1662.8660448603077,1645.9613585745647,1678.004140084818,1662.3017543697417
base,2015,dlbcl,males,2,1683.3253450872048,1666.3555595964513,1698.524857151584,1682.8944483026298
base,2016,dlbcl,males,2,1729.8275225265616,1710.5498795126355,1747.5936440857872,1729.499653421054
base,2017,dlbcl,males,2,1775.465676394129,1760.3472345890475,1788.2259328877633,1775.1001322708933
base,2018,dlbcl,males,2,1857.9227919864245,1842.454693150264,1873.451561052804,1857.7975703786599
base,2019,dlbcl,males,2,1918.888133865842,1901.3150750433829,1936.52176637857,1918.7696185100162
base,2020,dlbcl,males,2,1984.7983742780555,1965.3003636906162,2005.4874698906033,1984.6662534216077
base,2021,dlbcl,males,2,2032.1040668070727,2009.5058332044232,2055.605592962457,2032.1670284425809
base,2022,dlbcl,males,2,2062.613435345341,2006.9174243685818,2118.217893901635,2061.9630220335034
base,2023,dlbcl,males,2,2137.5347697032603,2038.22512456151,2236.565918354426,2137.272796344901
base,2024,dlbcl,males,2,2199.2142355936403,2098.9836644761776,2302.8985438417067,2199.5270155867693
base,2025,dlbcl,males,2,2259.983512919092,2157.7149802893655,2365.349751260234,2260.7751462687615
base,2026,dlbcl,males,2,2322.8461547175366,2215.8371427650877,2437.0978604768056,2324.035293271926
base,2027,dlbcl,males,2,2386.285708008286,2274.3818756631345,2513.1065301222284,2388.600997783277
base,2028,dlbcl,males,2,2447.255704311271,2330.029894396541,2589.042375055183,2451.611482629185
base,2029,dlbcl,males,2,2508.1959219443697,2382.5521299802585,2657.9043748509803,2512.1246926200806
base,2030,dlbcl,males,2,2565.054245919673,2432.069413375163,2723.1948340374415,2568.7757221182233
base,2031,dlbcl,males,2,2619.1609810040545,2475.018855164017,2786.504298803595,2621.689595395139
base,2032,dlbcl,males,2,2665.0240470338895,2508.0884603627455,2843.6630100218767,2667.3396736039135
base,2033,dlbcl,males,2,2699.585806474495,2535.7959844272614,2890.19868060487,2701.566998787431
base,2034,dlbcl,males,2,2732.3566347919827,2557.547580760189,2934.1598146700726,2733.674851410979
base,2035,dlbcl,males,2,2764.9041397600286,2579.850269310293,2980.9287854081904,2765.0573478146107
base,2036,dlbcl,males,2,2795.821846163279,2601.48725408049,3026.0828081878,2796.9967812537575
base,2037,dlbcl,males,2,2826.245719573012,2617.0862079824483,3069.801172881466,2828.297919839096
base,2038,dlbcl,males,2,2851.70945839585,2635.239023630836,3109.933081733376,2856.322074605208
base,2039,dlbcl,males,2,2874.378770715024,2649.603950763196,3145.885427256646,2880.0711255746255
base,2040,dlbcl,males,2,2893.1069775201368,2654.2146825114587,3178.232903682531,2899.1380823390696
base,2041,dlbcl,males,2,2906.569489271938,2653.994465298064,3204.7291943359105,2913.8657693986443
base,2042,dlbcl,males,2,2915.804859347293,2653.2313318098268,3230.410462597562,2924.487117373945
base,2043,dlbcl,males,2,2922.0737577524606,2649.438678143809,3257.806901330318,2931.7635618393288
base,2044,dlbcl,males,2,2929.063694911396,2649.1709003201513,3282.86701082229,2938.5882376102627
base,2045,dlbcl,males,2,2932.613907296146,2648.5563956400306,3304.6666256148183,2946.542939883379
base,2012,dlbcl,males,3,2212.6883729397578,2197.3224479284327,2230.520867854248,2213.0339794318534
base,2013,dlbcl,males,3,2304.399755207587,2283.999092388942,2325.2039901010917,2304.425282243998
base,2014,dlbcl,males,3,2361.8401465212983,2338.1682239702964,2381.4331615775072,2361.0312532052258
base,2015,dlbcl,males,3,2380.5227439061255,2356.4674032571174,2399.679969835142,2379.6537280608454
base,2016,dlbcl,males,3,2445.2716974491495,2420.737872697793,2465.610661753586,2444.5709400227233
base,2017,dlbcl,males,3,2487.6453790843852,2465.443620827237,2505.2897179404385,2487.184472081159
base,2018,dlbcl,males,3,2603.3507061268438,2581.5789438914435,2623.5791983463905,2603.1533187017376
base,2019,dlbcl,males,3,2672.8931818633355,2653.640355545568,2692.794221839528,2672.6127673280325
base,2020,dlbcl,males,3,2803.865616280812,2781.5402194474086,2826.566754483479,2803.6802529666597
base,2021,dlbcl,males,3,2844.954410403896,2819.987152878928,2870.7911505590123,2844.9940227918732
base,2022,dlbcl,males,3,2939.037881518101,2879.711007589107,2997.4013629436877,2938.1934829221914
base,2023,dlbcl,males,3,2996.6845981117826,2897.8298159629076,3099.4245143780545,2997.2353535747225
base,2024,dlbcl,males,3,3097.706979973261,2953.582302374979,3240.8484816894133,3098.4245503721545
base,2025,dlbcl,males,3,3187.3897007096116,3041.0142310153055,3339.411195887353,3188.7828967573755
base,2026,dlbcl,males,3,3276.8935404579606,3130.6284921491842,3439.566643414284,3280.133712836669
base,2027,dlbcl,males,3,3368.2358693903075,3220.060524591335,3543.45104317608,3373.0992628727477
base,2028,dlbcl,males,3,3462.170600473975,3302.2341554150403,3650.549612624161,3466.1991725606113
base,2029,dlbcl,males,3,3549.593098459411,3379.3148430035817,3755.930308500922,3556.544031816427
base,2030,dlbcl,males,3,3636.456278507463,3453.091451207821,3858.2199438898056,3642.4948484059014
base,2031,dlbcl,males,3,3716.4195467286954,3521.913342278987,3955.569145993228,3723.278476248361
base,2032,dlbcl,males,3,3788.3637185136154,3581.1466044921594,4044.2347781337353,3795.185144617049
base,2033,dlbcl,males,3,3846.0572581960782,3622.661276940605,4125.621414992702,3854.3004946608266
base,2034,dlbcl,males,3,3893.530593558688,3652.2049274246683,4188.823553560745,3900.242951546472
base,2035,dlbcl,males,3,3935.28533776978,3682.958716791259,4249.909062456019,3944.019203040018
base,2036,dlbcl,males,3,3980.5338509688395,3716.8019788299985,4314.17232941357,3988.3163969828474
base,2037,dlbcl,males,3,4022.582975583515,3740.668517384439,4367.956402258513,4031.551642152696
base,2038,dlbcl,males,3,4063.7610690306155,3766.5942196841456,4427.670667403334,4072.303833384981
base,2039,dlbcl,males,3,4098.503383209538,3790.02153723911,4482.285151220552,4107.519237902897
base,2040,dlbcl,males,3,4125.798433405297,3805.7478663615016,4536.459984627206,4136.4613924585055
base,2041,dlbcl,males,3,4147.843784288551,3811.733948722884,4582.706847489206,4159.16103932825
base,2042,dlbcl,males,3,4161.783760966539,3813.5174760798745,4621.409128712496,4175.724414918918
base,2043,dlbcl,males,3,4172.096077177423,3812.8934916538383,4652.083376021496,4187.192773760615
base,2044,dlbcl,males,3,4178.999408209405,3811.663969875641,4679.702273127466,4196.524626830337
base,2045,dlbcl,males,3,4186.874349058143,3806.6168890147446,4707.042423256809,4205.8202977506135
base,2012,dlbcl,males,5,3246.21765710879,3222.3970191229587,3270.5445389182555,3246.103679640245
base,2013,dlbcl,males,5,3377.728208633487,3351.280501808788,3403.8969946296406,3377.7225327580522
base,2014,dlbcl,males,5,3513.506807853383,3484.5337915103405,3536.869194989044,3512.848210723981
base,2015,dlbcl,males,5,3612.1103534077783,3581.7735883547775,3635.4599669167674,3611.4911534008297
base,2016,dlbcl,males,5,3727.548095600841,3696.8759221617456,3754.4086501868333,3726.9603076680232
base,2017,dlbcl,males,5,3788.429628941787,3760.2972525470555,3812.855709101767,3787.7372156677134
base,2018,dlbcl,males,5,3920.174283184775,3890.3834866113693,3947.6474104465756,3919.7961410250196
base,2019,dlbcl,males,5,4010.7403622757183,3981.6499011013084,4037.165356281061,4010.5584080093868
base,2020,dlbcl,males,5,4176.547307852989,4149.341202947187,4206.3614326935385,4176.535635977433
base,2021,dlbcl,males,5,4282.510222393296,4251.688110259006,4313.121477977438,4282.477677997018
base,2022,dlbcl,males,5,4428.751225049684,4365.809952819203,4488.245876028387,4428.231640204921
base,2023,dlbcl,males,5,4540.241933197602,4435.447890320912,4645.2653914131,4540.310746515587
base,2024,dlbcl,males,5,4682.152201636177,4534.674952080371,4826.604191454195,4682.331278971794
base,2025,dlbcl,males,5,4791.156773994708,4606.889520281929,4976.18886006281,4791.810349375437
base,2026,dlbcl,males,5,4940.750256854497,4717.8316746740575,5170.69538088901,4943.210169058499
base,2027,dlbcl,males,5,5084.252718093441,4857.776890384776,5333.678129817837,5087.0819351332375
base,2028,dlbcl,males,5,5225.244902394121,4985.046929224627,5494.728343986245,5230.392256141946
base,2029,dlbcl,males,5,5366.5736490526,5112.872692222759,5654.335189664172,5372.669932373607
base,2030,dlbcl,males,5,5506.450975023538,5231.776465629308,5813.9025424075835,5511.645062443544
base,2031,dlbcl,males,5,5639.619664142336,5350.00913095255,5977.651919025232,5644.626822363961
base,2032,dlbcl,males,5,5761.432411677189,5452.7354537419205,6125.784140077005,5766.796197858719
base,2033,dlbcl,males,5,5864.595596482062,5541.21018933957,6260.7741605163565,5873.118511956539
base,2034,dlbcl,males,5,5954.6298115436875,5608.510354613897,6376.50331082611,5963.379543536423
base,2035,dlbcl,males,5,6028.967656186441,5656.964575189075,6471.805348638358,6038.3895391401375
base,2036,dlbcl,males,5,6091.231864814373,5692.3447755329935,6558.8869868539805,6102.091995930393
base,2037,dlbcl,males,5,6151.2630412985545,5733.165254018682,6653.692977726417,6163.959382648997
base,2038,dlbcl,males,5,6209.553319575931,5769.403747590714,6735.036669486903,6223.178406750753
base,2039,dlbcl,males,5,6263.8865929792655,5810.94024817148,6807.274224279829,6277.295788040033
base,2040,dlbcl,males,5,6308.54438322777,5843.409299102834,6882.816558462084,6324.592921268107
base,2041,dlbcl,males,5,6342.653134624051,5865.482965020939,6949.202987749912,6363.039746865192
base,2042,dlbcl,males,5,6371.896262414411,5873.223939713811,7006.132130309562,6392.2315951754235
base,2043,dlbcl,males,5,6388.916656232829,5866.702477752094,7055.127658927746,6412.939811404788
base,2044,dlbcl,males,5,6404.594126946995,5858.001120835121,7100.3602636106125,6428.192698149136
base,2045,dlbcl,males,5,6412.012168908253,5859.102371809378,7151.435455569684,6440.387898203931
base,2012,dlbcl,males,10,5170.4475435579625,5035.365505475365,5309.791289255752,5170.187572719949
base,2013,dlbcl,males,10,5369.1498791364265,5240.661699578524,5509.407023347944,5369.724591862197
base,2014,dlbcl,males,10,5561.159254464124,5441.126615219902,5696.501947458574,5562.887662184037
base,2015,dlbcl,males,10,5748.749213389407,5630.150711627565,5876.51657756165,5748.607120238842
base,2016,dlbcl,males,10,5965.889386544086,5853.837728230927,6091.815132566831,5965.769346264079
base,2017,dlbcl,males,10,6161.21384444843,6061.397449619533,6270.962050298844,6160.97631928612
base,2018,dlbcl,males,10,6396.946876828131,6309.705773288252,6492.775862987503,6398.572962382959
base,2019,dlbcl,males,10,6618.45793313373,6533.741861008785,6711.346872897306,6619.110912374658
base,2020,dlbcl,males,10,6863.9616485240595,6771.566241590559,6966.051655856464,6864.139581570675
base,2021,dlbcl,males,10,7050.118752127807,6929.012926296247,7177.8781054074825,7049.255116573081
base,2022,dlbcl,males,10,7228.932120997482,7113.396046828284,7364.7253668594285,7231.942818245527
base,2023,dlbcl,males,10,7433.123147128463,7303.531107217813,7575.661899337603,7434.89211868667
base,2024,dlbcl,males,10,7624.2501077768065,7465.810105395445,7793.120749172473,7627.213867914032
base,2025,dlbcl,males,10,7846.599206311985,7654.65869399482,8055.372418614556,7849.120308531629
base,2026,dlbcl,males,10,8076.334415102654,7834.815508252115,8342.839943065495,8078.70966274832
base,2027,dlbcl,males,10,8324.989844221012,8040.360611216792,8632.776163764061,8326.504200672127
base,2028,dlbcl,males,10,8538.14856432332,8217.818830035267,8904.202285479374,8543.238908812344
base,2029,dlbcl,males,10,8775.545073005565,8415.325644238015,9192.584086031284,8785.553112915382
base,2030,dlbcl,males,10,8984.310079790976,8575.003240105207,9466.932558089984,8998.00555790326
base,2031,dlbcl,males,10,9222.520975909021,8759.470014764167,9772.533129713926,9241.382000042897
base,2032,dlbcl,males,10,9447.847845638178,8946.384796296701,10038.698282519876,9464.729341383358
base,2033,dlbcl,males,10,9652.67691384584,9110.910415254797,10289.435801081472,9671.796172014387
base,2034,dlbcl,males,10,9839.081791385026,9251.28333217979,10544.19536432754,9861.523791963136
base,2035,dlbcl,males,10,10011.333917375303,9366.609685427295,10767.172472453156,10033.274935407364
base,2036,dlbcl,males,10,10161.400041807934,9477.614752376592,10989.358501895567,10188.862179927493
base,2037,dlbcl,males,10,10302.24160611441,9569.901920558597,11190.334186929249,10327.351499509345
base,2038,dlbcl,males,10,10423.247344465542,9642.293605671775,11374.482584562624,10448.249253793467
base,2039,dlbcl,males,10,10524.016883534328,9709.626149787524,11541.120775334031,10551.014047119828
base,2040,dlbcl,males,10,10602.11915201652,9748.95376721419,11676.53573563957,10635.342361769875
base,2041,dlbcl,males,10,10660.081490201308,9777.752516894607,11789.455082833285,10701.2698812559
base,2042,dlbcl,males,10,10711.31640474436,9798.859725325412,11901.920461154976,10756.955743025368
base,2043,dlbcl,males,10,10755.259456196247,9810.23275423415,11985.330411749454,10802.6292475574
base,2044,dlbcl,males,10,10792.41130954227,9802.878452553286,12070.612702469472,10839.91889581412
base,2045,dlbcl,males,10,10819.337601441028,9804.955171581636,12172.210908285944,10870.143049490453
base,2012,dlbcl,males,40,8293.111453731652,6951.867240322022,9897.409168031,8328.215900766241
base,2013,dlbcl,males,40,8707.439483620616,7318.255497266922,10398.53104617152,8745.731806628208
base,2014,dlbcl,males,40,9110.629073910273,7644.07504729227,10908.263990274723,9151.586442930922
base,2015,dlbcl,males,40,9501.655149607202,7988.022170976871,11397.726854516111,9555.62980223949
base,2016,dlbcl,males,40,9931.556208491282,8364.008786564349,11915.149358741091,9994.880228815327
base,2017,dlbcl,males,40,10342.629348316146,8728.28564333494,12417.24305018495,10415.617513533507
base,2018,dlbcl,males,40,10811.254600661956,9164.769306526407,12978.803741721293,10893.796339327218
base,2019,dlbcl,males,40,11246.68093014852,9583.017616897188,13492.801951975009,11342.943821303417
base,2020,dlbcl,males,40,11733.415535027882,10061.835129427544,14056.031675960852,11848.284760559503
base,2021,dlbcl,males,40,12177.987493427694,10466.826996122212,14562.214724441783,12304.440957534656
base,2022,dlbcl,males,40,12610.264178756817,10952.249606128524,14994.446511117794,12741.695781764787
base,2023,dlbcl,males,40,13064.488291908787,11388.649898803438,15426.500254717654,13187.776046343759
base,2024,dlbcl,males,40,13516.81274075947,11878.30881221983,15873.409142971077,13638.076299859107
base,2025,dlbcl,males,40,13974.961039860129,12382.423194431927,16294.930122980224,14089.44561920545
base,2026,dlbcl,males,40,14445.021077760659,12855.984257652064,16665.785943993385,14550.453658706909
base,2027,dlbcl,males,40,14900.707247593215,13347.364898287029,17044.57902342326,15008.052688039013
base,2028,dlbcl,males,40,15365.102155985056,13910.388479165596,17414.113302487825,15471.547052631204
base,2029,dlbcl,males,40,15852.679360637252,14408.361914018244,17788.466726376224,15939.932213087197
base,2030,dlbcl,males,40,16339.468292206599,14933.491426695342,18177.55727524179,16398.402950342486
base,2031,dlbcl,males,40,16781.92929925725,15412.012612077831,18571.83959442373,16853.767989592616
base,2032,dlbcl,males,40,17250.67102954971,15904.79688225499,18939.648014213966,17300.259773149774
base,2033,dlbcl,males,40,17676.26213994641,16413.769923269752,19294.967769276413,17733.48237030831
base,2034,dlbcl,males,40,18120.774427236698,16854.41425553151,19639.10612593576,18161.728403931884
base,2035,dlbcl,males,40,18541.218965999196,17265.686288059398,20055.383122321986,18573.23991149862
base,2036,dlbcl,males,40,18933.957061352834,17680.86936668297,20464.130562622315,18969.61904918667
base,2037,dlbcl,males,40,19337.854565809313,18017.58245981909,20912.389332456565,19362.408513252693
base,2038,dlbcl,males,40,19707.12622247179,18320.585695175578,21355.98571758619,19744.079282579263
base,2039,dlbcl,males,40,20076.35256618554,18581.878016609186,21875.759968461105,20114.454966939415
base,2040,dlbcl,males,40,20406.955058087035,18779.213679548215,22354.06706379673,20461.279628941422
base,2041,dlbcl,males,40,20729.36123589388,18933.50848661487,22929.48723676884,20791.359079900936
base,2042,dlbcl,males,40,21040.239244153017,19083.796823031767,23482.225943575108,21107.25529069511
base,2043,dlbcl,males,40,21293.43183175363,19175.444999026386,23998.016924737898,21397.611495260175
base,2044,dlbcl,males,40,21564.595689081976,19201.711749192043,24547.23155794194,21681.262201459667
base,2045,dlbcl,males,40,21815.972048452124,19213.422699380713,25068.456053503724,21951.229776027267
conservative,2012,dlbcl,males,2,1604.1658526232068,1591.185237777533,1615.3598546451906,1604.030107439057
conservative,2013,dlbcl,males,2,1658.6184876248058,1640.9754650191064,1675.426973084121,1658.2031936657067
conservative,2014,dlbcl,males,2,1662.8660448603077,1645.9613585745647,1678.004140084818,1662.3017543697417
conservative,2015,dlbcl,males,2,1683.3253450872048,1666.3555595964513,1698.524857151584,1682.8944483026298
conservative,2016,dlbcl,males,2,1729.8275225265616,1710.5498795126355,1747.5936440857872,1729.499653421054
conservative,2017,dlbcl,males,2,1775.465676394129,1760.3472345890475,1788.2259328877633,1775.1001322708933
conservative,2018,dlbcl,males,2,1857.9227919864245,1842.454693150264,1873.451561052804,1857.7975703786599
conservative,2019,dlbcl,males,2,1918.888133865842,1901.3150750433829,1936.52176637857,1918.7696185100162
conservative,2020,dlbcl,males,2,1984.7983742780555,1965.3003636906162,2005.4874698906033,1984.6662534216077
conservative,2021,dlbcl,males,2,2032.1040668070727,2009.5058332044232,2055.605592962457,2032.1670284425809
conservative,2022,dlbcl,males,2,2059.7046617854126,2004.0310835363305,2113.982702154907,2058.7597214442762
conservative,2023,dlbcl,males,2,2125.571280752679,2026.7073645043417,2221.540384564773,2125.141477914655
conservative,2024,dlbcl,males,2,2176.734418290661,2078.086378399884,2277.7471184432397,2177.891329757529
conservative,2025,dlbcl,males,2,2227.866400441399,2128.993220971041,2329.786620768644,2229.079795286509
conservative,2026,dlbcl,males,2,2280.696821974757,2178.821071473169,2390.0255475171884,2281.6870593980584
conservative,2027,dlbcl,males,2,2333.143281205234,2228.6155912530407,2452.208382930586,2334.98946970416
conservative,2028,dlbcl,males,2,2384.383366911381,2277.9639473321413,2510.1165446609557,2386.188877344244
conservative,2029,dlbcl,males,2,2431.8965842491316,2318.2057451955097,2568.9305798850314,2434.3881901587265
conservative,2030,dlbcl,males,2,2476.416968027578,2351.038991422531,2620.6534465724353,2478.309268028198
conservative,2031,dlbcl,males,2,2515.592554748977,2383.7675618990297,2669.5110519978366,2518.114612339417
conservative,2032,dlbcl,males,2,2550.7982293564864,2413.9431082490582,2715.28315492224,2554.2581052460114
conservative,2033,dlbcl,males,2,2582.388762607246,2435.8161211068928,2755.398541581064,2585.879769960569
conservative,2034,dlbcl,males,2,2611.006851357005,2454.9173116453817,2797.0508983124887,2615.568023833162
conservative,2035,dlbcl,males,2,2639.619444503297,2475.0683309847127,2833.896250716761,2644.6161897321704
conservative,2036,dlbcl,males,2,2668.9787261151396,2496.9052008092194,2873.7493275489446,2674.2438338519414
conservative,2037,dlbcl,males,2,2697.0237154464867,2515.774080865931,2917.5464634449727,2703.234741229721
conservative,2038,dlbcl,males,2,2723.021640328997,2530.067090420986,2953.953984030273,2729.1202157629677
conservative,2039,dlbcl,males,2,2743.437450295381,2536.72655227519,2984.538676923136,2750.9662174201767
conservative,2040,dlbcl,males,2,2760.4917565860287,2545.8337080127917,3011.9571137968123,2768.429247271968
conservative,2041,dlbcl,males,2,2771.936086793966,2549.9358174806657,3038.803025493693,2781.8449540555953
conservative,2042,dlbcl,males,2,2781.059242862015,2549.0863999371,3061.599100357021,2791.400878494027
conservative,2043,dlbcl,males,2,2785.060765635698,2544.8146313686593,3081.263623109799,2797.809046599108
conservative,2044,dlbcl,males,2,2789.834356089079,2540.9696396396303,3100.846003533055,2803.853911948512
conservative,2045,dlbcl,males,2,2797.2553209707557,2540.4810733394984,3123.201331879346,2811.0649016695747
conservative,2012,dlbcl,males,3,2212.6883729397578,2197.3224479284327,2230.520867854248,2213.0339794318534
conservative,2013,dlbcl,males,3,2304.399755207587,2283.999092388942,2325.2039901010917,2304.425282243998
conservative,2014,dlbcl,males,3,2361.8401465212983,2338.1682239702964,2381.4331615775072,2361.0312532052258
conservative,2015,dlbcl,males,3,2380.5227439061255,2356.4674032571174,2399.679969835142,2379.6537280608454
conservative,2016,dlbcl,males,3,2445.2716974491495,2420.737872697793,2465.610661753586,2444.5709400227233
conservative,2017,dlbcl,males,3,2487.6453790843852,2465.443620827237,2505.2897179404385,2487.184472081159
conservative,2018,dlbcl,males,3,2603.3507061268438,2581.5789438914435,2623.5791983463905,2603.1533187017376
conservative,2019,dlbcl,males,3,2672.8931818633355,2653.640355545568,2692.794221839528,2672.6127673280325
conservative,2020,dlbcl,males,3,2803.865616280812,2781.5402194474086,2826.566754483479,2803.6802529666597
conservative,2021,dlbcl,males,3,2844.954410403896,2819.987152878928,2870.7911505590123,2844.9940227918732
conservative,2022,dlbcl,males,3,2935.898878510809,2876.5491389390872,2992.688821292735,2934.9901823329647
conservative,2023,dlbcl,males,3,2984.3321703185884,2886.378455761415,3085.002898411456,2985.1040351444763
conservative,2024,dlbcl,males,3,3067.813210142228,2928.007580812081,3208.00710312701,3069.660959418137
conservative,2025,dlbcl,males,3,3139.636201489011,3000.8899702711205,3285.101384673096,3142.3591562464057
conservative,2026,dlbcl,males,3,3211.0748749774075,3068.808348521279,3368.162225468975,3215.0243571340256
conservative,2027,dlbcl,males,3,3283.4031352329234,3139.5895475952734,3449.4352551020343,3288.2282615862473
conservative,2028,dlbcl,males,3,3355.846301276586,3205.207314912225,3532.55078631526,3360.5133822967846
conservative,2029,dlbcl,males,3,3423.2027899229097,3264.181795217083,3612.921229719409,3429.064419641544
conservative,2030,dlbcl,males,3,3484.53785800563,3319.2630224034265,3688.8569010376627,3492.3814017916975
conservative,2031,dlbcl,males,3,3541.959021305829,3360.2517815892675,3759.377862213024,3549.7591116110234
conservative,2032,dlbcl,males,3,3594.58111864819,3401.4821003258676,3823.7759343826947,3601.5229968759204
conservative,2033,dlbcl,males,3,3638.762152089424,3438.7959647223233,3881.976079475763,3647.077850243436
conservative,2034,dlbcl,males,3,3679.4077154855,3468.9271494227924,3940.350458553042,3688.3614990892006
conservative,2035,dlbcl,males,3,3717.23433831653,3501.784512509603,3994.263651058874,3727.7842657175142
conservative,2036,dlbcl,males,3,3757.3415562568907,3523.657615493683,4049.8881771204774,3767.8440356590536
conservative,2037,dlbcl,males,3,3795.4757183480087,3551.2441823050362,4103.7380169109665,3806.903323867508
conservative,2038,dlbcl,males,3,3831.3202934896176,3572.814739160892,4156.908446354707,3843.5914477271654
conservative,2039,dlbcl,males,3,3861.5779349240092,3589.3089504145605,4205.6514295117695,3875.1060421110546
conservative,2040,dlbcl,males,3,3887.1182913715,3599.9643156563147,4249.377460564547,3900.7802381187844
conservative,2041,dlbcl,males,3,3907.3741397936083,3604.7863161884693,4287.778912265771,3920.7275922763783
conservative,2042,dlbcl,males,3,3921.0475829943016,3602.453452004417,4320.765028878006,3935.0229462951106
conservative,2043,dlbcl,males,3,3931.393531495135,3596.8975832795554,4349.149053207372,3944.6017274454375
conservative,2044,dlbcl,males,3,3937.421194954787,3591.9486532651185,4375.327031002088,3952.315704103061
conservative,2045,dlbcl,males,3,3944.921401984204,3585.921987926135,4400.964518355198,3960.1434930741534
conservative,2012,dlbcl,males,5,3246.21765710879,3222.3970191229587,3270.5445389182555,3246.103679640245
conservative,2013,dlbcl,males,5,3377.728208633487,3351.280501808788,3403.8969946296406,3377.7225327580522
conservative,2014,dlbcl,males,5,3513.506807853383,3484.5337915103405,3536.869194989044,3512.848210723981
conservative,2015,dlbcl,males,5,3612.1103534077783,3581.7735883547775,3635.4599669167674,3611.4911534008297
conservative,2016,dlbcl,males,5,3727.548095600841,3696.8759221617456,3754.4086501868333,3726.9603076680232
conservative,2017,dlbcl,males,5,3788.429628941787,3760.2972525470555,3812.855709101767,3787.7372156677134
conservative,2018,dlbcl,males,5,3920.174283184775,3890.3834866113693,3947.6474104465756,3919.7961410250196
conservative,2019,dlbcl,males,5,4010.7403622757183,3981.6499011013084,4037.165356281061,4010.5584080093868
conservative,2020,dlbcl,males,5,4176.547307852989,4149.341202947187,4206.3614326935385,4176.535635977433
conservative,2021,dlbcl,males,5,4282.510222393296,4251.688110259006,4313.121477977438,4282.477677997018
conservative,2022,dlbcl,males,5,4425.506004132865,4363.4806046926715,4484.545927271105,4425.028339615695
conservative,2023,dlbcl,males,5,4529.320398256557,4424.229734242934,4631.19771531056,4528.179428085341
conservative,2024,dlbcl,males,5,4654.176596721329,4508.4368773098995,4792.36845417588,4653.567688017776
conservative,2025,dlbcl,males,5,4737.485417312328,4557.0991565523955,4918.640585087783,4738.020301227391
conservative,2026,dlbcl,males,5,4854.422816944427,4639.646183721353,5083.000980531261,4856.1148737327
conservative,2027,dlbcl,males,5,4961.355762399942,4743.011117853828,5204.617090687724,4964.796203391128
conservative,2028,dlbcl,males,5,5066.550721430062,4837.034054087183,5323.709154167167,5071.068895388612
conservative,2029,dlbcl,males,5,5167.498759677044,4929.380414426551,5443.188896677575,5174.465550681447
conservative,2030,dlbcl,males,5,5264.228739508131,5014.730684100038,5556.168782420218,5272.864320458708
conservative,2031,dlbcl,males,5,5352.120233113552,5091.080236899195,5665.378658069072,5363.705631573338
conservative,2032,dlbcl,males,5,5434.610271894973,5159.3471878028,5766.301200985895,5446.321617684147
conservative,2033,dlbcl,males,5,5504.144534362576,5205.981680108464,5859.334110832131,5519.126171061996
conservative,2034,dlbcl,males,5,5566.2844712443575,5256.720753671533,5948.461542154939,5584.273414947563
conservative,2035,dlbcl,males,5,5625.334972219191,5304.669869782718,6030.17789701815,5643.5337168954175
conservative,2036,dlbcl,males,5,5681.001624953277,5336.985363732984,6107.573476570338,5699.992387985309
conservative,2037,dlbcl,males,5,5738.043996590988,5365.684215309301,6186.716696828794,5754.805794291056
conservative,2038,dlbcl,males,5,5790.549234108092,5391.39538620477,6255.996421786283,5807.164009591911
conservative,2039,dlbcl,males,5,5837.031721955564,5413.992733476727,6327.9083131766365,5854.761578008853
conservative,2040,dlbcl,males,5,5875.122416048647,5436.299906363972,6394.253254958888,5896.049626940943
conservative,2041,dlbcl,males,5,5906.130740148182,5450.997959888094,6450.973970079829,5929.291267437407
conservative,2042,dlbcl,males,5,5930.912043806508,5460.401233382895,6505.692198525555,5954.137816578519
conservative,2043,dlbcl,males,5,5945.107874986713,5453.002071300443,6550.664124657008,5971.32979907708
conservative,2044,dlbcl,males,5,5956.787139884088,5440.791463570565,6594.102835346475,5983.766553633705
conservative,2045,dlbcl,males,5,5965.185773301499,5426.674039605912,6631.788510487834,5993.652605221532
conservative,2012,dlbcl,males,10,5170.4475435579625,5035.365505475365,5309.791289255752,5170.187572719949
conservative,2013,dlbcl,males,10,5369.1498791364265,5240.661699578524,5509.407023347944,5369.724591862197
conservative,2014,dlbcl,males,10,5561.159254464124,5441.126615219902,5696.501947458574,5562.887662184037
conservative,2015,dlbcl,males,10,5748.749213389407,5630.150711627565,5876.51657756165,5748.607120238842
conservative,2016,dlbcl,males,10,5965.889386544086,5853.837728230927,6091.815132566831,5965.769346264079
conservative,2017,dlbcl,males,10,6161.21384444843,6061.397449619533,6270.962050298844,6160.97631928612
conservative,2018,dlbcl,males,10,6396.946876828131,6309.705773288252,6492.775862987503,6398.572962382959
conservative,2019,dlbcl,males,10,6618.45793313373,6533.741861008785,6711.346872897306,6619.110912374658
conservative,2020,dlbcl,males,10,6863.9616485240595,6771.566241590559,6966.051655856464,6864.139581570675
conservative,2021,dlbcl,males,10,7050.118752127807,6929.012926296247,7177.8781054074825,7049.255116573081
conservative,2022,dlbcl,males,10,7225.530095431148,7110.211342375716,7360.881067277964,7228.7395176562995
conservative,2023,dlbcl,males,10,7420.815772099347,7290.988207990456,7564.149140574126,7422.760800256424
conservative,2024,dlbcl,males,10,7596.961735499557,7441.189038591752,7764.851993335252,7598.450276960014
conservative,2025,dlbcl,males,10,7792.764339965077,7603.077520862432,8001.5213191986295,7795.330260383584
conservative,2026,dlbcl,males,10,7990.726507019695,7745.802959637999,8253.019853780686,7991.614367422522
conservative,2027,dlbcl,males,10,8192.623173494536,7909.904247662266,8508.481059834668,8197.12420694813
conservative,2028,dlbcl,males,10,8353.923826447208,8032.671599826232,8727.956075106962,8362.391197234701
conservative,2029,dlbcl,males,10,8535.567396738275,8174.8027213331225,8950.124834440314,8543.843189062085
conservative,2030,dlbcl,males,10,8674.066561877027,8280.597173843093,9146.641966391608,8685.939273191098
conservative,2031,dlbcl,males,10,8834.666983282314,8400.185747434953,9357.379764066056,8849.291913167921
conservative,2032,dlbcl,males,10,8981.811161921374,8527.578015710555,9518.98150074689,8993.581920450139
conservative,2033,dlbcl,males,10,9115.135051593377,8639.858566013174,9690.061022291979,9126.054117228654
conservative,2034,dlbcl,males,10,9238.320405172415,8731.140242661682,9852.680720979879,9248.126426847419
conservative,2035,dlbcl,males,10,9348.067300271647,8818.157952068035,10001.32767522855,9360.280614941574
conservative,2036,dlbcl,males,10,9448.803501550605,8887.850827840912,10152.229433211834,9463.676356424963
conservative,2037,dlbcl,males,10,9536.353624109477,8943.831217884583,10294.866271400435,9558.031889902964
conservative,2038,dlbcl,males,10,9616.419699456786,8996.295452509068,10428.25835289415,9642.809367907164
conservative,2039,dlbcl,males,10,9689.553310502022,9041.515858132607,10537.255724401834,9717.621996136373
conservative,2040,dlbcl,males,10,9750.75045637699,9075.03304000055,10647.729016285833,9782.362730938516
conservative,2041,dlbcl,males,10,9806.065887006453,9089.555250531948,10755.158492474366,9837.319155971283
conservative,2042,dlbcl,males,10,9847.362440788427,9104.965006224651,10846.417079022442,9883.205417327443
conservative,2043,dlbcl,males,10,9878.6908248879,9103.594245474014,10920.041828626268,9920.164568932694
conservative,2044,dlbcl,males,10,9903.084623880548,9095.534518702272,10979.794943190882,9949.780156522158
conservative,2045,dlbcl,males,10,9923.888548764899,9080.900178651633,11047.962253551654,9973.299920316551
conservative,2012,dlbcl,males,40,8293.111453731652,6951.867240322022,9897.409168031,8328.215900766241
conservative,2013,dlbcl,males,40,8707.439483620616,7318.255497266922,10398.53104617152,8745.731806628208
conservative,2014,dlbcl,males,40,9110.629073910273,7644.07504729227,10908.263990274723,9151.586442930922
conservative,2015,dlbcl,males,40,9501.655149607202,7988.022170976871,11397.726854516111,9555.62980223949
conservative,2016,dlbcl,males,40,9931.556208491282,8364.008786564349,11915.149358741091,9994.880228815327
conservative,2017,dlbcl,males,40,10342.629348316146,8728.28564333494,12417.24305018495,10415.617513533507
conservative,2018,dlbcl,males,40,10811.254600661956,9164.769306526407,12978.803741721293,10893.796339327218
conservative,2019,dlbcl,males,40,11246.68093014852,9583.017616897188,13492.801951975009,11342.943821303417
conservative,2020,dlbcl,males,40,11733.415535027882,10061.835129427544,14056.031675960852,11848.284760559503
conservative,2021,dlbcl,males,40,12177.987493427694,10466.826996122212,14562.214724441783,12304.440957534656
conservative,2022,dlbcl,males,40,12606.96901937103,10949.635057180667,14990.888531218374,12738.49248117556
conservative,2023,dlbcl,males,40,13052.442696891194,11372.903767041922,15415.676846198745,13175.644727913514
conservative,2024,dlbcl,males,40,13486.517496333872,11850.087855745693,15845.993143886648,13609.312708905089
conservative,2025,dlbcl,males,40,13923.504033655772,12333.818656731099,16239.059476482198,14035.655571057405
conservative,2026,dlbcl,males,40,14361.374869156982,12778.011603807834,16581.92374415884,14463.358363381112
conservative,2027,dlbcl,males,40,14771.94220586706,13245.159488435076,16915.011973327033,14878.672694315017
conservative,2028,dlbcl,males,40,15187.517986414994,13734.323403005497,17230.86623380854,15290.699341053562
conservative,2029,dlbcl,males,40,15606.3136674359,14157.842477234426,17568.51744768221,15698.222289233898
conservative,2030,dlbcl,males,40,16023.097065447499,14573.8782981301,17875.36288465163,16086.336665630322
conservative,2031,dlbcl,males,40,16397.107660184847,15029.755266383367,18193.47128827535,16461.67790271764
conservative,2032,dlbcl,males,40,16760.43759208975,15454.753560192476,18488.464261976515,16822.361725222578
conservative,2033,dlbcl,males,40,17114.2304436469,15831.011898790108,18775.076870173954,17167.20164420477
conservative,2034,dlbcl,males,40,17454.259296605327,16203.915982383825,19059.462080859474,17506.687719668815
conservative,2035,dlbcl,males,40,17783.37007424818,16554.72017653744,19329.066668923388,17829.88972979631
conservative,2036,dlbcl,males,40,18093.168740478515,16863.2454443773,19641.22500547491,18137.424398191386
conservative,2037,dlbcl,males,40,18400.35798820213,17156.379035781298,19961.216651513612,18441.18433612739
conservative,2038,dlbcl,males,40,18693.874103716193,17420.48759542188,20307.384846302593,18733.404416796206
conservative,2039,dlbcl,males,40,18976.28417481317,17634.692933673483,20627.557407602133,19013.809150643316
conservative,2040,dlbcl,males,40,19229.46899195757,17837.718578929722,20922.202009519046,19270.148503447574
conservative,2041,dlbcl,males,40,19467.49513109612,18008.228128882372,21207.23613105426,19509.30349088229
conservative,2042,dlbcl,males,40,19698.346872265487,18150.60474480032,21550.058814609874,19733.887850486386
conservative,2043,dlbcl,males,40,19912.848915196064,18233.488679889004,21886.670696658643,19932.548185300046
conservative,2044,dlbcl,males,40,20084.469273040144,18275.44929811155,22238.458204434784,20124.080364132664
conservative,2045,dlbcl,males,40,20232.92482759245,18284.51623431353,22588.778331972353,20301.42208389326
optimistic,2012,dlbcl,males,2,1604.1658526232068,1591.185237777533,1615.3598546451906,1604.030107439057
optimistic,2013,dlbcl,males,2,1658.6184876248058,1640.9754650191064,1675.426973084121,1658.2031936657067
optimistic,2014,dlbcl,males,2,1662.8660448603077,1645.9613585745647,1678.004140084818,1662.3017543697417
optimistic,2015,dlbcl,males,2,1683.3253450872048,1666.3555595964513,1698.524857151584,1682.8944483026298
optimistic,2016,dlbcl,males,2,1729.8275225265616,1710.5498795126355,1747.5936440857872,1729.499653421054
optimistic,2017,dlbcl,males,2,1775.465676394129,1760.3472345890475,1788.2259328877633,1775.1001322708933
optimistic,2018,dlbcl,males,2,1857.9227919864245,1842.454693150264,1873.451561052804,1857.7975703786599
optimistic,2019,dlbcl,males,2,1918.888133865842,1901.3150750433829,1936.52176637857,1918.7696185100162
optimistic,2020,dlbcl,males,2,1984.7983742780555,1965.3003636906162,2005.4874698906033,1984.6662534216077
optimistic,2021,dlbcl,males,2,2032.1040668070727,2009.5058332044232,2055.605592962457,2032.1670284425809
optimistic,2022,dlbcl,males,2,2062.613435345341,2006.9174243685818,2118.217893901635,2061.9630220335034
optimistic,2023,dlbcl,males,2,2137.5347697032603,2038.22512456151,2236.565918354426,2137.272796344901
optimistic,2024,dlbcl,males,2,2199.2142355936403,2098.9836644761776,2302.8985438417067,2199.5270155867693
optimistic,2025,dlbcl,males,2,2259.983512919092,2157.7149802893655,2365.349751260234,2260.7751462687615
optimistic,2026,dlbcl,males,2,2322.8461547175366,2215.8371427650877,2437.0978604768056,2324.035293271926
optimistic,2027,dlbcl,males,2,2386.285708008286,2274.3818756631345,2513.1065301222284,2388.600997783277
optimistic,2028,dlbcl,males,2,2447.255704311271,2330.029894396541,2589.042375055183,2451.611482629185
optimistic,2029,dlbcl,males,2,2508.1959219443697,2382.5521299802585,2657.9043748509803,2512.1246926200806
optimistic,2030,dlbcl,males,2,2565.054245919673,2432.069413375163,2723.1948340374415,2568.7757221182233
optimistic,2031,dlbcl,males,2,2619.1609810040545,2475.018855164017,2786.504298803595,2621.689595395139
optimistic,2032,dlbcl,males,2,2669.0302267680468,2511.1244078103277,2847.7788156988177,2671.347141985158
optimistic,2033,dlbcl,males,2,2714.20944405465,2546.739664823055,2907.6679281424485,2716.7380335115677
optimistic,2034,dlbcl,males,2,2759.6002994468736,2580.7336848303066,2970.129099901147,2760.390748129044
optimistic,2035,dlbcl,males,2,2801.258764088231,2610.586335789254,3031.627634328155,2803.678866576861
optimistic,2036,dlbcl,males,2,2844.461584275153,2641.660672437595,3092.2686042048103,2847.8873177060773
optimistic,2037,dlbcl,males,2,2883.045469054544,2670.4230647158756,3147.6838131717177,2887.583313779663
optimistic,2038,dlbcl,males,2,2910.4172997700734,2683.6480552444946,3190.562226748711,2916.6641901361913
optimistic,2039,dlbcl,males,2,2935.211928142255,2698.808231381276,3227.908178324696,2941.357049589226
optimistic,2040,dlbcl,males,2,2954.160398097351,2707.433317606032,3259.6223645885957,2961.219522713862
optimistic,2041,dlbcl,males,2,2969.722288128525,2709.18712902577,3285.11633014534,2976.599272636512
optimistic,2042,dlbcl,males,2,2979.317465736579,2707.4824488474396,3306.074228612544,2987.754220301707
optimistic,2043,dlbcl,males,2,2987.5206579769488,2705.112334654587,3326.933714153135,2995.4683110659184
optimistic,2044,dlbcl,males,2,2992.4137485131932,2702.762116600547,3349.0546908566976,3002.6860124036966
optimistic,2045,dlbcl,males,2,3000.1361609982278,2702.3831915018673,3370.99218611927,3011.010788835978
optimistic,2012,dlbcl,males,3,2212.6883729397578,2197.3224479284327,2230.520867854248,2213.0339794318534
optimistic,2013,dlbcl,males,3,2304.399755207587,2283.999092388942,2325.2039901010917,2304.425282243998
optimistic,2014,dlbcl,males,3,2361.8401465212983,2338.1682239702964,2381.4331615775072,2361.0312532052258
optimistic,2015,dlbcl,males,3,2380.5227439061255,2356.4674032571174,2399.679969835142,2379.6537280608454
optimistic,2016,dlbcl,males,3,2445.2716974491495,2420.737872697793,2465.610661753586,2444.5709400227233
optimistic,2017,dlbcl,males,3,2487.6453790843852,2465.443620827237,2505.2897179404385,2487.184472081159
optimistic,2018,dlbcl,males,3,2603.3507061268438,2581.5789438914435,2623.5791983463905,2603.1533187017376
optimistic,2019,dlbcl,males,3,2672.8931818633355,2653.640355545568,2692.794221839528,2672.6127673280325
optimistic,2020,dlbcl,males,3,2803.865616280812,2781.5402194474086,2826.566754483479,2803.6802529666597
optimistic,2021,dlbcl,males,3,2844.954410403896,2819.987152878928,2870.7911505590123,2844.9940227918732
optimistic,2022,dlbcl,males,3,2939.037881518101,2879.711007589107,2997.4013629436877,2938.1934829221914
optimistic,2023,dlbcl,males,3,2996.6845981117826,2897.8298159629076,3099.4245143780545,2997.2353535747225
optimistic,2024,dlbcl,males,3,3097.706979973261,2953.582302374979,3240.8484816894133,3098.4245503721545
optimistic,2025,dlbcl,males,3,3187.3897007096116,3041.0142310153055,3339.411195887353,3188.7828967573755
optimistic,2026,dlbcl,males,3,3276.8935404579606,3130.6284921491842,3439.566643414284,3280.133712836669
optimistic,2027,dlbcl,males,3,3368.2358693903075,3220.060524591335,3543.45104317608,3373.0992628727477
optimistic,2028,dlbcl,males,3,3462.170600473975,3302.2341554150403,3650.549612624161,3466.1991725606113
optimistic,2029,dlbcl,males,3,3549.593098459411,3379.3148430035817,3755.930308500922,3556.544031816427
optimistic,2030,dlbcl,males,3,3636.456278507463,3453.091451207821,3858.2199438898056,3642.4948484059014
optimistic,2031,dlbcl,males,3,3716.4195467286954,3521.913342278987,3955.569145993228,3723.278476248361
optimistic,2032,dlbcl,males,3,3792.828647046837,3584.3982953133864,4049.1124438402344,3799.192612998293
optimistic,2033,dlbcl,males,3,3862.5004417695022,3636.383385446042,4141.060126614492,3869.4715293849636
optimistic,2034,dlbcl,males,3,3930.609005148058,3682.729481050403,4232.151174522382,3936.0444566196743
optimistic,2035,dlbcl,males,3,3993.684440329616,3727.7412553407726,4317.490181170374,4001.12580198827
optimistic,2036,dlbcl,males,3,4060.264329675365,3780.994847827987,4404.237246230941,4067.3883276209817
optimistic,2037,dlbcl,males,3,4119.730453460212,3821.0067471108714,4479.548190471969,4129.000819395979
optimistic,2038,dlbcl,males,3,4172.25091688087,3855.1895144637147,4554.859593310883,4181.146572264722
optimistic,2039,dlbcl,males,3,4207.639991689992,3876.325110147309,4615.517078681987,4218.208898031685
optimistic,2040,dlbcl,males,3,4236.588126645473,3893.8279679755624,4666.164258506381,4248.78742775314
optimistic,2041,dlbcl,males,3,4261.981696392348,3900.381144882196,4710.795384430775,4272.867709129465
optimistic,2042,dlbcl,males,3,4280.090744279857,3908.7125383348457,4749.393758386247,4290.57469519751
optimistic,2043,dlbcl,males,3,4288.986958324387,3910.3285765650976,4783.898378128942,4303.003444982271
optimistic,2044,dlbcl,males,3,4296.641036590616,3907.253357453781,4816.171311401724,4313.160701866287
optimistic,2045,dlbcl,males,3,4304.625596015847,3904.9112614141313,4847.379633692447,4323.203594533338
optimistic,2012,dlbcl,males,5,3246.21765710879,3222.3970191229587,3270.5445389182555,3246.103679640245
optimistic,2013,dlbcl,males,5,3377.728208633487,3351.280501808788,3403.8969946296406,3377.7225327580522
optimistic,2014,dlbcl,males,5,3513.506807853383,3484.5337915103405,3536.869194989044,3512.848210723981
optimistic,2015,dlbcl,males,5,3612.1103534077783,3581.7735883547775,3635.4599669167674,3611.4911534008297
optimistic,2016,dlbcl,males,5,3727.548095600841,3696.8759221617456,3754.4086501868333,3726.9603076680232
optimistic,2017,dlbcl,males,5,3788.429628941787,3760.2972525470555,3812.855709101767,3787.7372156677134
optimistic,2018,dlbcl,males,5,3920.174283184775,3890.3834866113693,3947.6474104465756,3919.7961410250196
optimistic,2019,dlbcl,males,5,4010.7403622757183,3981.6499011013084,4037.165356281061,4010.5584080093868
optimistic,2020,dlbcl,males,5,4176.547307852989,4149.341202947187,4206.3614326935385,4176.535635977433
optimistic,2021,dlbcl,males,5,4282.510222393296,4251.688110259006,4313.121477977438,4282.477677997018
optimistic,2022,dlbcl,males,5,4428.751225049684,4365.809952819203,4488.245876028387,4428.231640204921
optimistic,2023,dlbcl,males,5,4540.241933197602,4435.447890320912,4645.2653914131,4540.310746515587
optimistic,2024,dlbcl,males,5,4682.152201636177,4534.674952080371,4826.604191454195,4682.331278971794
optimistic,2025,dlbcl,males,5,4791.156773994708,4606.889520281929,4976.18886006281,4791.810349375437
optimistic,2026,dlbcl,males,5,4940.750256854497,4717.8316746740575,5170.69538088901,4943.210169058499
optimistic,2027,dlbcl,males,5,5084.252718093441,4857.776890384776,5333.678129817837,5087.0819351332375
optimistic,2028,dlbcl,males,5,5225.244902394121,4985.046929224627,5494.728343986245,5230.392256141946
optimistic,2029,dlbcl,males,5,5366.5736490526,5112.872692222759,5654.335189664172,5372.669932373607
optimistic,2030,dlbcl,males,5,5506.450975023538,5231.776465629308,5813.9025424075835,5511.645062443544
optimistic,2031,dlbcl,males,5,5639.619664142336,5350.00913095255,5977.651919025232,5644.626822363961
optimistic,2032,dlbcl,males,5,5765.988566187079,5456.231436419503,6131.377809951354,5770.803666239964
optimistic,2033,dlbcl,males,5,5880.051573565185,5553.554543347896,6280.678723535019,5888.289546680676
optimistic,2034,dlbcl,males,5,5992.4232310702755,5641.199367751865,6420.6948807624685,5999.181048609626
optimistic,2035,dlbcl,males,5,6095.492926321909,5720.305213336566,6553.888997593989,6104.887151338314
optimistic,2036,dlbcl,males,5,6198.587593044774,5795.099857157719,6682.919188140369,6208.531494337726
optimistic,2037,dlbcl,males,5,6293.373693778312,5869.151815411585,6815.612638483543,6307.210284185183
optimistic,2038,dlbcl,males,5,6381.911205164288,5927.969262378621,6943.197099645895,6396.691159201405
optimistic,2039,dlbcl,males,5,6453.5436537844835,5985.604882947009,7050.9280699777455,6471.986683937445
optimistic,2040,dlbcl,males,5,6511.3065182303435,6033.398684515571,7135.553310435435,6530.717684106149
optimistic,2041,dlbcl,males,5,6551.130862160278,6056.21809239182,7204.141009757176,6571.7855992192935
optimistic,2042,dlbcl,males,5,6579.579120219592,6050.642726449838,7262.141612842717,6603.175404133924
optimistic,2043,dlbcl,males,5,6600.342815532706,6053.468087914743,7310.127862336374,6625.673136268546
optimistic,2044,dlbcl,males,5,6615.83431008702,6049.173394352536,7362.750651790334,6642.367561166152
optimistic,2045,dlbcl,males,5,6626.143851497862,6043.813661014313,7406.932902555422,6655.7489627404075
optimistic,2012,dlbcl,males,10,5170.4475435579625,5035.365505475365,5309.791289255752,5170.187572719949
optimistic,2013,dlbcl,males,10,5369.1498791364265,5240.661699578524,5509.407023347944,5369.724591862197
optimistic,2014,dlbcl,males,10,5561.159254464124,5441.126615219902,5696.501947458574,5562.887662184037
optimistic,2015,dlbcl,males,10,5748.749213389407,5630.150711627565,5876.51657756165,5748.607120238842
optimistic,2016,dlbcl,males,10,5965.889386544086,5853.837728230927,6091.815132566831,5965.769346264079
optimistic,2017,dlbcl,males,10,6161.21384444843,6061.397449619533,6270.962050298844,6160.97631928612
optimistic,2018,dlbcl,males,10,6396.946876828131,6309.705773288252,6492.775862987503,6398.572962382959
optimistic,2019,dlbcl,males,10,6618.45793313373,6533.741861008785,6711.346872897306,6619.110912374658
optimistic,2020,dlbcl,males,10,6863.9616485240595,6771.566241590559,6966.051655856464,6864.139581570675
optimistic,2021,dlbcl,males,10,7050.118752127807,6929.012926296247,7177.8781054074825,7049.255116573081
optimistic,2022,dlbcl,males,10,7228.932120997482,7113.396046828284,7364.7253668594285,7231.942818245527
optimistic,2023,dlbcl,males,10,7433.123147128463,7303.531107217813,7575.661899337603,7434.89211868667
optimistic,2024,dlbcl,males,10,7624.2501077768065,7465.810105395445,7793.120749172473,7627.213867914032
optimistic,2025,dlbcl,males,10,7846.599206311985,7654.65869399482,8055.372418614556,7849.120308531629
optimistic,2026,dlbcl,males,10,8076.334415102654,7834.815508252115,8342.839943065495,8078.70966274832
optimistic,2027,dlbcl,males,10,8324.989844221012,8040.360611216792,8632.776163764061,8326.504200672127
optimistic,2028,dlbcl,males,10,8538.14856432332,8217.818830035267,8904.202285479374,8543.238908812344
optimistic,2029,dlbcl,males,10,8775.545073005565,8415.325644238015,9192.584086031284,8785.553112915382
optimistic,2030,dlbcl,males,10,8984.310079790976,8575.003240105207,9466.932558089984,8998.00555790326
optimistic,2031,dlbcl,males,10,9222.520975909021,8759.470014764167,9772.533129713926,9241.382000042897
optimistic,2032,dlbcl,males,10,9451.782964251131,8948.17874619127,10043.732253271139,9468.736809764603
optimistic,2033,dlbcl,males,10,9668.46621971419,9118.708784932778,10308.929863979014,9686.967206738522
optimistic,2034,dlbcl,males,10,9875.832225609265,9277.822484205888,10585.664379347945,9897.32529703634
optimistic,2035,dlbcl,males,10,10071.884494235062,9430.591629647924,10841.69358832174,10099.77254760554
optimistic,2036,dlbcl,males,10,10265.43069676318,9570.033143016786,11102.852999301767,10295.301678334827
optimistic,2037,dlbcl,males,10,10449.119470260495,9712.27965041389,11352.451644750463,10479.355235823808
optimistic,2038,dlbcl,males,10,10619.01837809487,9826.322579239997,11592.636353409805,10647.826711836487
optimistic,2039,dlbcl,males,10,10766.574963632658,9926.06919771133,11815.606038338985,10797.530351090763
optimistic,2040,dlbcl,males,10,10895.172146070103,10001.180863329635,12022.852287675632,10927.451323224659
optimistic,2041,dlbcl,males,10,11002.82636623877,10063.767821659205,12212.248073949037,11038.603433080329
optimistic,2042,dlbcl,males,10,11090.6340051359,10106.672069552606,12380.483002240244,11130.772911659917
optimistic,2043,dlbcl,males,10,11160.952426426502,10127.912204785418,12525.763512865951,11204.408733861841
optimistic,2044,dlbcl,males,10,11211.718476619903,10125.713548996913,12645.922009171454,11261.26823738134
optimistic,2045,dlbcl,males,10,11249.688429598558,10130.106511666889,12752.535316067806,11302.76244594444
optimistic,2012,dlbcl,males,40,8293.111453731652,6951.867240322022,9897.409168031,8328.215900766241
optimistic,2013,dlbcl,males,40,8707.439483620616,7318.255497266922,10398.53104617152,8745.731806628208
optimistic,2014,dlbcl,males,40,9110.629073910273,7644.07504729227,10908.263990274723,9151.586442930922
optimistic,2015,dlbcl,males,40,9501.655149607202,7988.022170976871,11397.726854516111,9555.62980223949
optimistic,2016,dlbcl,males,40,9931.556208491282,8364.008786564349,11915.149358741091,9994.880228815327
optimistic,2017,dlbcl,males,40,10342.629348316146,8728.28564333494,12417.24305018495,10415.617513533507
optimistic,2018,dlbcl,males,40,10811.254600661956,9164.769306526407,12978.803741721293,10893.796339327218
optimistic,2019,dlbcl,males,40,11246.68093014852,9583.017616897188,13492.801951975009,11342.943821303417
optimistic,2020,dlbcl,males,40,11733.415535027882,10061.835129427544,14056.031675960852,11848.284760559503
optimistic,2021,dlbcl,males,40,12177.987493427694,10466.826996122212,14562.214724441783,12304.440957534656
optimistic,2022,dlbcl,males,40,12610.264178756817,10952.249606128524,14994.446511117794,12741.695781764787
optimistic,2023,dlbcl,males,40,13064.488291908787,11388.649898803438,15426.500254717654,13187.776046343759
optimistic,2024,dlbcl,males,40,13516.81274075947,11878.30881221983,15873.409142971077,13638.076299859107
optimistic,2025,dlbcl,males,40,13974.961039860129,12382.423194431927,16294.930122980224,14089.44561920545
optimistic,2026,dlbcl,males,40,14445.021077760659,12855.984257652064,16665.785943993385,14550.453658706909
optimistic,2027,dlbcl,males,40,14900.707247593215,13347.364898287029,17044.57902342326,15008.052688039013
optimistic,2028,dlbcl,males,40,15365.102155985056,13910.388479165596,17414.113302487825,15471.547052631204
optimistic,2029,dlbcl,males,40,15852.679360637252,14408.361914018244,17788.466726376224,15939.932213087197
optimistic,2030,dlbcl,males,40,16339.468292206599,14933.491426695342,18177.55727524179,16398.402950342486
optimistic,2031,dlbcl,males,40,16781.92929925725,15412.012612077831,18571.83959442373,16853.767989592616
optimistic,2032,dlbcl,males,40,17254.33222546311,15909.507703875826,18943.346969793904,17304.26724153102
optimistic,2033,dlbcl,males,40,17690.041102791016,16425.907266577502,19311.740730705747,17748.653405032444
optimistic,2034,dlbcl,males,40,18157.12378253317,16888.31676433009,19672.649685437038,18197.529909005087
optimistic,2035,dlbcl,males,40,18604.879931230687,17333.83525907403,20130.448440646072,18639.737523696793
optimistic,2036,dlbcl,males,40,19040.099630597928,17768.986118659792,20595.822971942776,19076.058547594002
optimistic,2037,dlbcl,males,40,19488.267068468755,18142.869320286703,21064.513793578226,19514.412249567155
optimistic,2038,dlbcl,males,40,19907.04962296725,18511.38943501807,21569.306299347965,19943.656740622282
optimistic,2039,dlbcl,males,40,20320.8851076433,18798.401919951466,22159.133334066282,20360.97127091035
optimistic,2040,dlbcl,males,40,20688.69567820395,19052.982301753615,22719.02493369844,20753.388590396207
optimistic,2041,dlbcl,males,40,21073.91524932295,19225.132674568213,23314.32122227638,21128.692631725367
optimistic,2042,dlbcl,males,40,21416.284266931132,19358.64323430587,23958.65093492558,21488.832318807155
optimistic,2043,dlbcl,males,40,21710.792444958992,19466.445097471253,24498.77718732669,21822.80481765248
optimistic,2044,dlbcl,males,40,22012.57346993494,19520.69259418572,25158.464998312855,22149.720758982327
optimistic,2045,dlbcl,males,40,22312.687171650352,19556.131988245,25772.95105790455,22462.837284872745
base,2012,dlbcl,females,2,1199.7498542630838,1187.7145712112915,1210.3080771472987,1199.6114794950824
base,2013,dlbcl,females,2,1212.2881804055512,1197.0998756403121,1227.1039616417281,1212.3330776171513
base,2014,dlbcl,females,2,1275.243187266347,1260.1460633253187,1289.419529316732,1275.126020697224
base,2015,dlbcl,females,2,1312.1676554202554,1295.7459857749152,1327.6637204585757,1312.0214324083238
base,2016,dlbcl,females,2,1297.1046793177907,1281.0642611481994,1312.6514079745734,1297.180017894184
base,2017,dlbcl,females,2,1317.9923398544506,1306.6428447484961,1329.6962861987645,1317.991782053921
base,2018,dlbcl,females,2,1312.8762174029625,1300.1018558607398,1325.9993770414376,1313.027618284505
base,2019,dlbcl,females,2,1380.128517774877,1365.0707441478278,1395.3791233420075,1380.3084309460633
base,2020,dlbcl,females,2,1478.7995852018496,1461.235657012431,1497.260657346562,1478.7382104722901
base,2021,dlbcl,females,2,1539.2191363627257,1518.6411442476053,1560.1499347563852,1539.087706172705
base,2022,dlbcl,females,2,1577.086669884999,1527.0843888777438,1626.617463741955,1577.5888792498477
base,2023,dlbcl,females,2,1608.2819389516822,1523.3837640495838,1694.35136887598,1608.9248920323892
base,2024,dlbcl,females,2,1650.1462420290675,1561.5239243403369,1739.4836628044086,1649.91004239943
base,2025,dlbcl,females,2,1689.79011890651,1596.3388136429737,1784.0326423471354,1690.6181227741213
base,2026,dlbcl,females,2,1732.1056769692627,1634.9553297458442,1832.7282654049914,1732.5364717634943
base,2027,dlbcl,females,2,1774.7352654363797,1670.3295144255783,1882.2133229447904,1774.9476578669442
base,2028,dlbcl,females,2,1815.6800415889957,1705.3103628400338,1931.271931940461,1816.341647749517
base,2029,dlbcl,females,2,1855.4423660050988,1738.4773839952231,1977.3385730501154,1856.6836423787772
base,2030,dlbcl,females,2,1892.8560021741705,1771.5082277952404,2025.3779944200178,1895.6616255172437
base,2031,dlbcl,females,2,1929.7721540264454,1799.6379069347324,2072.8245797949644,1933.2879946712233
base,2032,dlbcl,females,2,1965.3609214078742,1825.8923085281413,2115.6902182668605,1967.889104805382
base,2033,dlbcl,females,2,1995.2707992600945,1847.8613506534846,2151.5533292781865,1997.0846344099343
base,2034,dlbcl,females,2,2024.014839289973,1869.621092724009,2189.6072362060145,2026.4380094947014
base,2035,dlbcl,females,2,2053.7362590775433,1889.2208778720874,2228.290635837692,2056.2901538413994
base,2036,dlbcl,females,2,2084.9424881348104,1909.675403385816,2269.4653904010383,2087.268025206443
base,2037,dlbcl,females,2,2115.9941553429853,1932.3026284825685,2312.7065861402025,2118.4743627738776
base,2038,dlbcl,females,2,2144.5300530848726,1951.368148194072,2353.9751028134965,2148.3266364247656
base,2039,dlbcl,females,2,2172.8233265711324,1967.870032639219,2393.443247658959,2176.4418027106226
base,2040,dlbcl,females,2,2199.879481061614,1983.3418941027012,2431.2877695008006,2202.766847188626
base,2041,dlbcl,females,2,2224.1680526565824,1993.477327927025,2470.363007971958,2227.4524612279283
base,2042,dlbcl,females,2,2245.0354862915606,2002.9952615717098,2512.184558182141,2250.889501936471
base,2043,dlbcl,females,2,2268.02304704742,2012.3363619959507,2553.6308981634406,2273.6780835963777
base,2044,dlbcl,females,2,2292.6405284227308,2026.644038379746,2593.063449236576,2296.6860023108934
base,2045,dlbcl,females,2,2314.5976946120354,2042.352691889942,2628.015497290019,2320.325290231949
base,2012,dlbcl,females,3,1674.5404793020289,1660.0143506609459,1688.7211236133116,1674.5380372172142
base,2013,dlbcl,females,3,1713.772944164012,1696.2104290696968,1731.4674596865284,1714.054526274958
base,2014,dlbcl,females,3,1788.0248456506579,1768.1554689195073,1806.028968264404,1787.7086070835612
base,2015,dlbcl,females,3,1821.2112567641507,1801.6725815189643,1839.042611655396,1821.0276193189716
base,2016,dlbcl,females,3,1862.6670510594122,1843.570956134461,1880.64230922043,1862.272596571031
base,2017,dlbcl,females,3,1866.362672594879,1850.7297639456274,1881.7907667627535,1865.967574983011
base,2018,dlbcl,females,3,1867.7354080889945,1850.430362847966,1884.7091357593463,1867.890465304221
base,2019,dlbcl,females,3,1949.3877502601717,1931.0793921951101,1966.625349611094,1949.1661096890507
base,2020,dlbcl,females,3,2033.9339019117447,2013.4188633111883,2054.5224438116215,2033.7974278235877
base,2021,dlbcl,females,3,2165.495395570331,2142.8818089135602,2189.43744422107,2165.534281614873
base,2022,dlbcl,females,3,2233.5952165683275,2182.6328976872805,2285.918159559328,2232.9384732152007
base,2023,dlbcl,females,3,2288.4177332754293,2204.136606697553,2378.0103641226324,2287.9920770877216
base,2024,dlbcl,females,3,2337.032367234011,2219.324035648762,2460.5255678950552,2338.640424500497
base,2025,dlbcl,females,3,2397.635851928786,2272.6590823872975,2527.6310849194547,2399.2278781714926
base,2026,dlbcl,females,3,2460.5154775056762,2328.7637241743123,2593.7885592209727,2460.6575906156518
base,2027,dlbcl,females,3,2521.873430370867,2383.1831226426107,2667.08732993927,2522.939131246462
base,2028,dlbcl,females,3,2583.3685302236822,2436.621581797907,2743.5353461511077,2585.23225248926
base,2029,dlbcl,females,3,2645.254689675884,2487.5294002676455,2816.5310281272536,2646.169769220282
base,2030,dlbcl,females,3,2702.7830594522693,2537.411837443863,2886.3553297149583,2705.3902307523617
base,2031,dlbcl,females,3,2759.193697421802,2582.532515326957,2956.8911080053504,2762.70174358373
base,2032,dlbcl,females,3,2813.0441915715387,2623.145859587368,3023.3537835438456,2816.4000848503015
base,2033,dlbcl,females,3,2858.4056340541565,2659.7323070824673,3085.077720351306,2864.237401159512
base,2034,dlbcl,females,3,2899.9970220075857,2687.9863275511125,3139.820609145977,2905.665606835552
base,2035,dlbcl,females,3,2942.4633493558617,2714.7492778128403,3201.924369942027,2947.510279893306
base,2036,dlbcl,females,3,2984.9500860104845,2746.8183477616303,3260.53149686696,2990.877718560201
base,2037,dlbcl,females,3,3028.9440593511995,2778.515880802058,3319.468346896275,3034.5730911452047
base,2038,dlbcl,females,3,3071.380184458594,2806.4995899767923,3376.196830964584,3077.784853588631
base,2039,dlbcl,females,3,3113.2999575054864,2833.9368340529186,3434.353545873866,3118.766411446224
base,2040,dlbcl,females,3,3152.1106256991134,2859.0166155218667,3489.9605429195526,3157.365575275978
base,2041,dlbcl,females,3,3188.026154708445,2880.9685589600067,3543.5957324773503,3193.573237791112
base,2042,dlbcl,females,3,3221.7655022381996,2903.5396583431398,3598.452303974874,3227.8566385707613
base,2043,dlbcl,females,3,3253.0409386219726,2921.5682320682913,3646.2354655632967,3260.828114073874
base,2044,dlbcl,females,3,3283.556561583302,2937.803790711828,3701.3443663509493,3293.5988300213166
base,2045,dlbcl,females,3,3316.9204639526397,2952.730127818413,3755.509136790159,3326.7803104882514
base,2012,dlbcl,females,5,2529.671336896605,2509.090381272493,2551.7381239590572,2529.9385713281426
base,2013,dlbcl,females,5,2603.666477060544,2580.9532729896946,2626.3954590680864,2603.6523867105802
base,2014,dlbcl,females,5,2692.1465881807862,2669.105032534894,2715.3396850606764,2692.1410566123623
base,2015,dlbcl,females,5,2760.066562035919,2736.137524005282,2784.186202549101,2760.450673483391
base,2016,dlbcl,females,5,2810.1081929594257,2784.692426912146,2834.1723775444,2809.690702660541
base,2017,dlbcl,females,5,2863.9098624912895,2841.819206711473,2885.1821921458313,2863.6536577202933
base,2018,dlbcl,females,5,2899.5763670755996,2874.9459851546876,2924.050212185997,2899.6549050570334
base,2019,dlbcl,females,5,2972.3738919289517,2948.211063892181,2998.4353388257077,2972.413960880749
base,2020,dlbcl,females,5,3073.845071931348,3048.7735410139885,3100.126034276751,3074.0023884048287
base,2021,dlbcl,females,5,3198.547861964964,3172.5759440356182,3226.3255307872037,3199.054744427021
base,2022,dlbcl,females,5,3319.5556178369534,3269.908516004596,3375.1119476556346,3319.41113454258
base,2023,dlbcl,females,5,3467.8571975419577,3383.7259210692573,3559.7519620075163,3467.848527177094
base,2024,dlbcl,females,5,3568.4592269621126,3449.608916305462,3698.5758182412533,3568.81146045541
base,2025,dlbcl,females,5,3656.227660364373,3501.871970610186,3822.351990559596,3657.35959699512
base,2026,dlbcl,females,5,3742.9971302492613,3555.2534677645262,3947.099229360838,3745.6921119701665
base,2027,dlbcl,females,5,3840.4185088537074,3648.2465243394176,4062.757876530001,3843.8423547741486
base,2028,dlbcl,females,5,3938.9309693687683,3732.373009190882,4179.4176150502435,3942.040964849562
base,2029,dlbcl,females,5,4035.705016822244,3813.511691589154,4284.888211243295,4040.2246486494337
base,2030,dlbcl,females,5,4133.331508182306,3899.5810486644114,4399.8556366135035,4137.409737816225
base,2031,dlbcl,females,5,4227.781278430435,3976.8206455612467,4513.109740617895,4232.11006267897
base,2032,dlbcl,females,5,4316.762627932918,4045.384423499944,4621.974916529859,4322.336007507375
base,2033,dlbcl,females,5,4398.753324028003,4108.8119372984065,4729.897885480358,4405.627110263196
base,2034,dlbcl,females,5,4474.889460989133,4166.1065494554305,4827.453258113775,4481.540447537568
base,2035,dlbcl,females,5,4544.087929289659,4221.542048029693,4918.9584452331155,4551.4983366903825
base,2036,dlbcl,females,5,4610.447759426025,4268.12090934238,5006.3136402856535,4616.201010303175
base,2037,dlbcl,females,5,4674.500923964785,4307.621658252633,5096.498461056381,4681.55608783964
base,2038,dlbcl,females,5,4738.51156758415,4351.548554035843,5190.920429078664,4746.894774229325
base,2039,dlbcl,females,5,4801.764410486958,4394.45212637495,5272.517171032349,4810.902492021781
base,2040,dlbcl,females,5,4864.687563416033,4431.725292698381,5362.052807278418,4872.8662329379295
base,2041,dlbcl,females,5,4920.287800723398,4469.048646164723,5452.8358441028495,4931.503259687038
base,2042,dlbcl,females,5,4974.9363757971805,4503.33319041719,5547.6522452472855,4987.054409038108
base,2043,dlbcl,females,5,5027.601279213648,4529.376796141786,5630.401244420096,5040.100981522126
base,2044,dlbcl,females,5,5077.246718841112,4557.350403452747,5710.123561227735,5091.842890562182
base,2045,dlbcl,females,5,5126.6646561451935,4581.1737950785055,5796.267423894514,5143.063646055436
base,2012,dlbcl,females,10,4109.896679808333,3990.196583979769,4232.679739432252,4108.535581976842
base,2013,dlbcl,females,10,4251.003946394219,4136.572819774836,4370.038588176409,4250.278688221922
base,2014,dlbcl,females,10,4427.354635012225,4315.585984002285,4542.124336529976,4427.710952162565
base,2015,dlbcl,females,10,4514.4802510024465,4408.63280865639,4620.081829986408,4512.892509880506
base,2016,dlbcl,females,10,4622.01213674298,4523.7203049456775,4728.051452572776,4621.691720437776
base,2017,dlbcl,females,10,4760.471343342097,4671.324471375886,4859.164623605322,4761.008832031998
base,2018,dlbcl,females,10,4855.387852933549,4779.019585560895,4939.121871154138,4855.5080877305145
base,2019,dlbcl,females,10,4993.908440602408,4924.294464296063,5066.020235256073,4994.73577694375
base,2020,dlbcl,females,10,5153.288936158591,5078.192439374739,5227.888797104353,5152.082799597099
base,2021,dlbcl,females,10,5321.715407922574,5221.130952425418,5421.848990714468,5321.601532623393
base,2022,dlbcl,females,10,5485.669367744773,5385.358155114173,5590.635206101551,5486.353804939615
base,2023,dlbcl,females,10,5662.806488080101,5555.145736750275,5778.587952580533,5662.276913933733
base,2024,dlbcl,females,10,5815.256897465208,5678.968299949994,5950.960201447266,5813.913842758692
base,2025,dlbcl,females,10,5988.858092214477,5821.140023816783,6166.473904459955,5987.317617389192
base,2026,dlbcl,females,10,6168.093250016994,5955.090747787397,6395.425465887661,6168.243435315479
base,2027,dlbcl,females,10,6359.736109214323,6108.097018456703,6632.626701966755,6361.705811183134
base,2028,dlbcl,females,10,6580.134445277405,6293.538787678475,6903.551855418186,6583.87205492495
base,2029,dlbcl,females,10,6764.66914641483,6429.851067733206,7141.661395344436,6768.233625489335
base,2030,dlbcl,females,10,6929.955996263929,6545.804126630705,7362.769712721497,6936.12470588601
base,2031,dlbcl,females,10,7094.6491206618875,6666.556763455552,7589.00875115254,7106.142491685421
base,2032,dlbcl,females,10,7262.057059938858,6810.278296045363,7802.081950370266,7279.104911865519
base,2033,dlbcl,females,10,7432.271893120557,6929.530333115536,8015.9660274247735,7445.688201019958
base,2034,dlbcl,females,10,7587.25836491743,7043.668505380059,8216.409261079994,7605.113991545725
base,2035,dlbcl,females,10,7737.833932426507,7158.676716410758,8414.612202131255,7758.00482245951
base,2036,dlbcl,females,10,7885.35963803276,7266.436120423929,8607.801228463073,7903.865077103695
base,2037,dlbcl,females,10,8025.492486903051,7378.934948982527,8789.044340794364,8042.112651575443
base,2038,dlbcl,females,10,8153.504475339852,7463.34175741523,8956.046962065378,8172.326792906728
base,2039,dlbcl,females,10,8272.92536109693,7541.6747290603325,9122.227111390881,8294.011861480212
base,2040,dlbcl,females,10,8384.509479326305,7629.910542285475,9284.757688690697,8406.937552122907
base,2041,dlbcl,females,10,8481.80388429428,7708.741984698303,9441.736299152713,8510.77874269141
base,2042,dlbcl,females,10,8581.595563528976,7754.311007442098,9607.224659426185,8612.267426872588
base,2043,dlbcl,females,10,8678.855695422988,7811.549296723422,9755.008014732737,8711.510072388834
base,2044,dlbcl,females,10,8773.317582757329,7870.191005354496,9905.65455942071,8808.871706925322
base,2045,dlbcl,females,10,8865.571558385283,7925.991405715879,10053.405559640385,8904.646540295302
base,2012,dlbcl,females,40,6948.597430289699,5681.097333718843,8490.9628891277,6969.995087861965
base,2013,dlbcl,females,40,7253.07963012284,5927.9607913519185,8880.198767197951,7266.641782756098
base,2014,dlbcl,females,40,7594.46310014027,6223.133042364682,9302.544080312106,7616.056654422609
base,2015,dlbcl,females,40,7907.34031360124,6475.7987473874655,9673.524787193484,7929.113201153236
base,2016,dlbcl,females,40,8209.466446108729,6745.366917102779,10043.607250739151,8238.815821744634
base,2017,dlbcl,females,40,8524.103524980581,7013.298555282383,10430.599168769762,8555.145654992342
base,2018,dlbcl,females,40,8808.262996802543,7267.272687387007,10799.028331432337,8843.867455602232
base,2019,dlbcl,females,40,9167.017380127574,7599.142787510765,11210.85658646161,9210.319733889086
base,2020,dlbcl,females,40,9536.941271478932,7938.234179409595,11586.223478178803,9583.75797718385
base,2021,dlbcl,females,40,9927.58407869558,8313.29060165734,12033.073902051528,9980.0759844866825
base,2022,dlbcl,females,40,10269.126774795712,8628.616875624824,12353.166231209469,10316.413310892674
base,2023,dlbcl,females,40,10615.204240787265,9025.846240027722,12698.161545821971,10660.131775612048
base,2024,dlbcl,females,40,10963.569947511744,9406.328640942467,13028.895465123043,11004.82634433068
base,2025,dlbcl,females,40,11319.730894079139,9790.338482100951,13360.92498024529,11356.59853135545
base,2026,dlbcl,females,40,11665.848567594034,10177.841727147601,13690.179493713107,11714.65234312844
base,2027,dlbcl,females,40,12044.498102287911,10566.32545473621,13957.88418354519,12074.685193661717
base,2028,dlbcl,females,40,12423.370685103422,11000.142544590819,14218.851924647177,12441.397491055535
base,2029,dlbcl,females,40,12793.409824512792,11419.349538979845,14484.36828499842,12813.068059810199
base,2030,dlbcl,females,40,13190.930798562451,11842.047284598813,14791.183974650414,13188.263453391395
base,2031,dlbcl,females,40,13566.411428654075,12255.186115084174,15109.343415170813,13563.750986430785
base,2032,dlbcl,females,40,13943.391142133174,12651.002663110165,15322.175466615825,13936.445593942812
base,2033,dlbcl,females,40,14302.072125342213,13065.468369106013,15664.553995768096,14312.066853565408
base,2034,dlbcl,females,40,14673.166727225902,13446.803763958762,16029.927032776359,14680.794351021656
base,2035,dlbcl,females,40,15026.785088704286,13802.050738897418,16342.262860824792,15045.479354275418
base,2036,dlbcl,females,40,15400.7171289411,14153.575763993362,16723.161887895152,15412.87996339978
base,2037,dlbcl,females,40,15758.822675684314,14512.800573102857,17156.51645215154,15779.365569732352
base,2038,dlbcl,females,40,16125.730126436221,14811.435984745123,17629.37035075192,16148.282441881334
base,2039,dlbcl,females,40,16484.402005531963,15035.034765161445,18147.482948305948,16515.229475350505
base,2040,dlbcl,females,40,16845.28117909829,15260.00757022167,18604.015906890952,16876.050911060727
base,2041,dlbcl,females,40,17199.711430298637,15439.84968849367,19166.95163645341,17236.281384500926
base,2042,dlbcl,females,40,17541.04002482658,15603.127871796596,19691.013589194532,17585.19207602952
base,2043,dlbcl,females,40,17930.865449709243,15806.820258396601,20330.52890633756,17950.413976295855
base,2044,dlbcl,females,40,18286.168860789283,15999.183243729738,20952.366099610466,18302.08981524272
base,2045,dlbcl,females,40,18633.62480429453,16054.116579011756,21527.092426812953,18636.192853244887
conservative,2012,dlbcl,females,2,1199.7498542630838,1187.7145712112915,1210.3080771472987,1199.6114794950824
conservative,2013,dlbcl,females,2,1212.2881804055512,1197.0998756403121,1227.1039616417281,1212.3330776171513
conservative,2014,dlbcl,females,2,1275.243187266347,1260.1460633253187,1289.419529316732,1275.126020697224
conservative,2015,dlbcl,females,2,1312.1676554202554,1295.7459857749152,1327.6637204585757,1312.0214324083238
conservative,2016,dlbcl,females,2,1297.1046793177907,1281.0642611481994,1312.6514079745734,1297.180017894184
conservative,2017,dlbcl,females,2,1317.9923398544506,1306.6428447484961,1329.6962861987645,1317.991782053921
conservative,2018,dlbcl,females,2,1312.8762174029625,1300.1018558607398,1325.9993770414376,1313.027618284505
conservative,2019,dlbcl,females,2,1380.128517774877,1365.0707441478278,1395.3791233420075,1380.3084309460633
conservative,2020,dlbcl,females,2,1478.7995852018496,1461.235657012431,1497.260657346562,1478.7382104722901
conservative,2021,dlbcl,females,2,1539.2191363627257,1518.6411442476053,1560.1499347563852,1539.087706172705
conservative,2022,dlbcl,females,2,1574.6952777331835,1525.7200836931538,1623.9351460628052,1575.07300775144
conservative,2023,dlbcl,females,2,1598.3805080444588,1516.0830350396943,1682.6090664637638,1599.6704261384798
conservative,2024,dlbcl,females,2,1633.1316071094916,1548.6654034643125,1717.782975956452,1633.553629506432
conservative,2025,dlbcl,females,2,1666.5140870881698,1578.104190956233,1755.677468553281,1666.812940007894
conservative,2026,dlbcl,females,2,1700.2438355339439,1610.4713349868728,1795.4849999743283,1700.9414727283645
conservative,2027,dlbcl,females,2,1734.2162412313173,1642.4549505711311,1835.935057191787,1735.2290385846932
conservative,2028,dlbcl,females,2,1767.587547353415,1670.340667345237,1873.7855580577036,1768.1770498858482
conservative,2029,dlbcl,females,2,1798.7475564604467,1697.271109683778,1913.5484522511126,1799.719674796734
conservative,2030,dlbcl,females,2,1828.0237393096754,1719.0924626373003,1950.1672711531232,1829.5099091444101
conservative,2031,dlbcl,females,2,1855.8835701863386,1737.891331949689,1985.1963023640885,1857.5920704248429
conservative,2032,dlbcl,females,2,1883.6818513040853,1755.685973961649,2020.9273853966947,1885.1429989706212
conservative,2033,dlbcl,females,2,1910.8417475464466,1774.9042978628834,2059.3935008665762,1912.065303317331
conservative,2034,dlbcl,females,2,1938.2794459382626,1795.4268515086962,2095.8126230642797,1939.2594209250785
conservative,2035,dlbcl,females,2,1965.325842410321,1815.6055507893577,2131.4927107215326,1966.9794231484989
conservative,2036,dlbcl,females,2,1992.7528587407335,1837.5479550411026,2170.6771200129638,1995.8022888538778
conservative,2037,dlbcl,females,2,2021.8888210985951,1856.5223325337204,2208.794549611207,2024.869918122458
conservative,2038,dlbcl,females,2,2049.00916287321,1872.0206423908146,2248.8202994434196,2052.70041641935
conservative,2039,dlbcl,females,2,2076.1705800707596,1887.2366144327575,2288.5537304325926,2078.9235071657413
conservative,2040,dlbcl,females,2,2099.2965299626494,1902.3081554934868,2322.5338890818903,2103.5364303259544
conservative,2041,dlbcl,females,2,2123.535683236099,1913.4612763164112,2358.263798796908,2126.677408974127
conservative,2042,dlbcl,females,2,2144.682422590319,1923.3128620656312,2393.0425217219968,2148.682167364997
conservative,2043,dlbcl,females,2,2165.2635184329547,1931.3631307901326,2427.4081401416265,2170.070908027819
conservative,2044,dlbcl,females,2,2185.6069748267355,1939.9908998246883,2463.661423614994,2191.637929897352
conservative,2045,dlbcl,females,2,2207.3035736165675,1946.0843654047185,2499.8730278220514,2213.781512282685
conservative,2012,dlbcl,females,3,1674.5404793020289,1660.0143506609459,1688.7211236133116,1674.5380372172142
conservative,2013,dlbcl,females,3,1713.772944164012,1696.2104290696968,1731.4674596865284,1714.054526274958
conservative,2014,dlbcl,females,3,1788.0248456506579,1768.1554689195073,1806.028968264404,1787.7086070835612
conservative,2015,dlbcl,females,3,1821.2112567641507,1801.6725815189643,1839.042611655396,1821.0276193189716
conservative,2016,dlbcl,females,3,1862.6670510594122,1843.570956134461,1880.64230922043,1862.272596571031
conservative,2017,dlbcl,females,3,1866.362672594879,1850.7297639456274,1881.7907667627535,1865.967574983011
conservative,2018,dlbcl,females,3,1867.7354080889945,1850.430362847966,1884.7091357593463,1867.890465304221
conservative,2019,dlbcl,females,3,1949.3877502601717,1931.0793921951101,1966.625349611094,1949.1661096890507
conservative,2020,dlbcl,females,3,2033.9339019117447,2013.4188633111883,2054.5224438116215,2033.7974278235877
conservative,2021,dlbcl,females,3,2165.495395570331,2142.8818089135602,2189.43744422107,2165.534281614873
conservative,2022,dlbcl,females,3,2230.893683565866,2180.7046490597963,2282.310342452023,2230.4226017167935
conservative,2023,dlbcl,females,3,2278.4900665017512,2195.475235954816,2365.0632494964657,2278.737611193812
conservative,2024,dlbcl,females,3,2314.409346436906,2200.022038492172,2435.4636948923494,2317.0260669548443
conservative,2025,dlbcl,females,3,2362.5642889370356,2241.5604743839576,2487.1197412487245,2364.616465761137
conservative,2026,dlbcl,females,3,2410.270301859113,2286.1312791429646,2542.819843544698,2412.4413073607525
conservative,2027,dlbcl,females,3,2458.806566593483,2331.7666522946097,2598.786385256808,2460.5148778456064
conservative,2028,dlbcl,females,3,2505.917207990912,2370.972157204498,2656.0801357694845,2508.0139152033316
conservative,2029,dlbcl,females,3,2551.6840092008933,2407.76715666764,2711.5927302891737,2553.553661481766
conservative,2030,dlbcl,females,3,2594.3416409732267,2443.0331932228964,2765.0691830431665,2596.7479285916156
conservative,2031,dlbcl,females,3,2633.428109360415,2471.971412355071,2818.7397324616572,2637.3987139958836
conservative,2032,dlbcl,females,3,2672.4730847506207,2497.4014583832077,2870.509615998638,2676.657378256263
conservative,2033,dlbcl,females,3,2710.303496207921,2523.5935912977748,2921.2945525610835,2714.5782758970863
conservative,2034,dlbcl,females,3,2746.1749499633133,2552.923720529181,2972.866492485956,2752.235481410528
conservative,2035,dlbcl,females,3,2783.9209968881705,2575.7987019252846,3023.7930289839765,2790.417121067883
conservative,2036,dlbcl,females,3,2824.1557649058113,2602.83116699184,3075.3009033099256,2830.126958836381
conservative,2037,dlbcl,females,3,2863.3152077432214,2633.8953253869377,3129.654058232065,2870.1685622196005
conservative,2038,dlbcl,females,3,2904.2846562369737,2664.5838231747584,3185.0811270959657,2909.8036159847775
conservative,2039,dlbcl,females,3,2942.167909742201,2687.198068245495,3239.176526303117,2947.418259951665
conservative,2040,dlbcl,females,3,2977.1837571882797,2704.198167459044,3295.104976922523,2982.876697221938
conservative,2041,dlbcl,females,3,3010.7417718636366,2721.514311432734,3350.575322098067,3016.2307885780597
conservative,2042,dlbcl,females,3,3040.754828490889,2729.800861539364,3396.0899257706405,3047.9024057843712
conservative,2043,dlbcl,females,3,3069.4359235087486,2740.5727199543726,3448.3531128249874,3078.396583696003
conservative,2044,dlbcl,females,3,3099.8884658538445,2753.8217967731543,3496.810122118427,3108.6993258559855
conservative,2045,dlbcl,females,3,3127.3856199537818,2769.7411240534766,3546.6612535245495,3139.352308209559
conservative,2012,dlbcl,females,5,2529.671336896605,2509.090381272493,2551.7381239590572,2529.9385713281426
conservative,2013,dlbcl,females,5,2603.666477060544,2580.9532729896946,2626.3954590680864,2603.6523867105802
conservative,2014,dlbcl,females,5,2692.1465881807862,2669.105032534894,2715.3396850606764,2692.1410566123623
conservative,2015,dlbcl,females,5,2760.066562035919,2736.137524005282,2784.186202549101,2760.450673483391
conservative,2016,dlbcl,females,5,2810.1081929594257,2784.692426912146,2834.1723775444,2809.690702660541
conservative,2017,dlbcl,females,5,2863.9098624912895,2841.819206711473,2885.1821921458313,2863.6536577202933
conservative,2018,dlbcl,females,5,2899.5763670755996,2874.9459851546876,2924.050212185997,2899.6549050570334
conservative,2019,dlbcl,females,5,2972.3738919289517,2948.211063892181,2998.4353388257077,2972.413960880749
conservative,2020,dlbcl,females,5,3073.845071931348,3048.7735410139885,3100.126034276751,3074.0023884048287
conservative,2021,dlbcl,females,5,3198.547861964964,3172.5759440356182,3226.3255307872037,3199.054744427021
conservative,2022,dlbcl,females,5,3317.206436696737,3267.596804356488,3372.1425636522986,3316.895263044172
conservative,2023,dlbcl,females,5,3458.681529167245,3374.2276795034345,3548.314535467878,3458.5940612831846
conservative,2024,dlbcl,females,5,3544.981396171348,3431.1486474662684,3670.982333718486,3547.1971029097567
conservative,2025,dlbcl,females,5,3616.3368901004924,3463.6214762483455,3774.1361312560375,3618.112009695514
conservative,2026,dlbcl,females,5,3680.9105330305088,3492.8646545512743,3876.791063773591,3682.6277975813555
conservative,2027,dlbcl,females,5,3751.905167082471,3563.5756677820314,3965.374280888526,3755.8300351092707
conservative,2028,dlbcl,females,5,3823.6208091636954,3623.1079063866937,4047.9450548119216,3827.977559584292
conservative,2029,dlbcl,females,5,3895.6921580766575,3686.618625917497,4127.190667012577,3898.9898842587354
conservative,2030,dlbcl,females,5,3963.231765191291,3743.6723397516025,4213.683631342247,3967.8670728328857
conservative,2031,dlbcl,females,5,4027.103666135616,3794.985392661899,4290.820662571129,4033.140353259896
conservative,2032,dlbcl,females,5,4092.467931971386,3840.828338888822,4376.801579629005,4095.665760686916
conservative,2033,dlbcl,females,5,4150.261704679537,3881.1481886855468,4453.673622871993,4155.240940488064
conservative,2034,dlbcl,females,5,4208.367892948348,3918.606310460938,4529.530977754907,4213.087009697716
conservative,2035,dlbcl,females,5,4261.718985383764,3957.145973024703,4610.3390688157815,4270.217675625642
conservative,2036,dlbcl,females,5,4319.5395729213105,4000.639934795019,4691.030218326504,4328.268112070915
conservative,2037,dlbcl,females,5,4377.385972136212,4038.4046804038976,4776.794519959674,4387.1041041859835
conservative,2038,dlbcl,females,5,4436.2567417716455,4081.0751983409323,4863.699280557768,4446.022101847307
conservative,2039,dlbcl,females,5,4495.100876272998,4115.429924890709,4950.771990297196,4503.769217804026
conservative,2040,dlbcl,females,5,4551.797263042765,4149.156838879015,5032.582498271797,4559.721769101395
conservative,2041,dlbcl,females,5,4603.488086416817,4178.3653863761665,5106.263967139307,4612.762131771524
conservative,2042,dlbcl,females,5,4652.060518316212,4200.126110862675,5187.293459409801,4663.122116666803
conservative,2043,dlbcl,females,5,4695.798846344582,4219.046920794446,5273.867858936383,4711.341681756087
conservative,2044,dlbcl,females,5,4740.511123419285,4236.322060114473,5354.14119821186,4758.462142187473
conservative,2045,dlbcl,females,5,4783.820318886465,4253.704084632028,5432.096973918319,4805.140582898783
conservative,2012,dlbcl,females,10,4109.896679808333,3990.196583979769,4232.679739432252,4108.535581976842
conservative,2013,dlbcl,females,10,4251.003946394219,4136.572819774836,4370.038588176409,4250.278688221922
conservative,2014,dlbcl,females,10,4427.354635012225,4315.585984002285,4542.124336529976,4427.710952162565
conservative,2015,dlbcl,females,10,4514.4802510024465,4408.63280865639,4620.081829986408,4512.892509880506
conservative,2016,dlbcl,females,10,4622.01213674298,4523.7203049456775,4728.051452572776,4621.691720437776
conservative,2017,dlbcl,females,10,4760.471343342097,4671.324471375886,4859.164623605322,4761.008832031998
conservative,2018,dlbcl,females,10,4855.387852933549,4779.019585560895,4939.121871154138,4855.5080877305145
conservative,2019,dlbcl,females,10,4993.908440602408,4924.294464296063,5066.020235256073,4994.73577694375
conservative,2020,dlbcl,females,10,5153.288936158591,5078.192439374739,5227.888797104353,5152.082799597099
conservative,2021,dlbcl,females,10,5321.715407922574,5221.130952425418,5421.848990714468,5321.601532623393
conservative,2022,dlbcl,females,10,5483.247060565294,5382.455827875463,5587.192845428685,5483.8379334412075
conservative,2023,dlbcl,females,10,5653.046962306608,5546.478453034484,5765.833714653271,5653.022448039824
conservative,2024,dlbcl,females,10,5792.853937739335,5660.851224370337,5924.831689074365,5792.29948521304
conservative,2025,dlbcl,females,10,5950.839773046067,5785.537769244861,6124.602454074913,5948.070030089586
conservative,2026,dlbcl,females,10,6106.713054929602,5896.127207645334,6329.33153371635,6105.179120926668
conservative,2027,dlbcl,females,10,6269.070386084407,6028.267718129831,6536.450861648186,6268.488246311605
conservative,2028,dlbcl,females,10,6455.245574464314,6172.081247880282,6768.660806338686,6453.751088634994
conservative,2029,dlbcl,females,10,6596.485918119728,6266.218917640903,6954.39020386019,6594.029483293784
conservative,2030,dlbcl,females,10,6708.070607382826,6349.027254217177,7116.842074130302,6710.2342137763935
conservative,2031,dlbcl,females,10,6817.062216184624,6418.63217562258,7276.320221904931,6820.586346070259
conservative,2032,dlbcl,females,10,6931.038097509058,6506.895995841735,7420.606903975003,6934.246503713538
conservative,2033,dlbcl,females,10,7039.561825651456,6592.418350996382,7562.750708939998,7044.249113469362
conservative,2034,dlbcl,females,10,7143.856821829988,6672.687123157005,7706.033182852435,7151.518881133689
conservative,2035,dlbcl,females,10,7242.100545591725,6749.132454490394,7847.400492316027,7256.2907177419
conservative,2036,dlbcl,females,10,7344.062122717125,6820.7691676414825,7986.335168264669,7359.0534731295675
conservative,2037,dlbcl,females,10,7441.2132195211725,6889.766315683458,8125.002527154364,7459.480962060758
conservative,2038,dlbcl,females,10,7537.779707367603,6956.786018858054,8263.442697190862,7557.44103480429
conservative,2039,dlbcl,females,10,7629.221409261708,7012.738043432873,8396.800635117183,7652.80016932583
conservative,2040,dlbcl,females,10,7721.344846800673,7063.668577784088,8529.861096041648,7745.661283614793
conservative,2041,dlbcl,females,10,7809.2392759668455,7113.48309124258,8670.462936377733,7836.076433926925
conservative,2042,dlbcl,females,10,7896.005040520568,7172.1233577652265,8807.527593233308,7924.666140378988
conservative,2043,dlbcl,females,10,7981.2419773678575,7213.182449013184,8946.385543531762,8011.461516458225
conservative,2044,dlbcl,females,10,8067.436881957217,7257.403565805984,9081.49233986814,8096.769748801813
conservative,2045,dlbcl,females,10,8149.4331723018395,7301.029030722575,9224.597827207008,8180.892412562021
conservative,2012,dlbcl,females,40,6948.597430289699,5681.097333718843,8490.9628891277,6969.995087861965
conservative,2013,dlbcl,females,40,7253.07963012284,5927.9607913519185,8880.198767197951,7266.641782756098
conservative,2014,dlbcl,females,40,7594.46310014027,6223.133042364682,9302.544080312106,7616.056654422609
conservative,2015,dlbcl,females,40,7907.34031360124,6475.7987473874655,9673.524787193484,7929.113201153236
conservative,2016,dlbcl,females,40,8209.466446108729,6745.366917102779,10043.607250739151,8238.815821744634
conservative,2017,dlbcl,females,40,8524.103524980581,7013.298555282383,10430.599168769762,8555.145654992342
conservative,2018,dlbcl,females,40,8808.262996802543,7267.272687387007,10799.028331432337,8843.867455602232
conservative,2019,dlbcl,females,40,9167.017380127574,7599.142787510765,11210.85658646161,9210.319733889086
conservative,2020,dlbcl,females,40,9536.941271478932,7938.234179409595,11586.223478178803,9583.75797718385
conservative,2021,dlbcl,females,40,9927.58407869558,8313.29060165734,12033.073902051528,9980.0759844866825
conservative,2022,dlbcl,females,40,10266.476919910965,8626.286347476029,12350.422907113272,10313.897439394268
conservative,2023,dlbcl,females,40,10608.972084566227,9017.687815783847,12689.137187307408,10650.877309718138
conservative,2024,dlbcl,females,40,10942.323837194517,9382.093407561648,13007.031244454676,10983.211986785029
conservative,2025,dlbcl,females,40,11283.142557081934,9747.508927315414,13318.273689024778,11317.350944055845
conservative,2026,dlbcl,females,40,11608.456308584551,10109.552925241098,13607.809182463812,11651.588028739628
conservative,2027,dlbcl,females,40,11950.866362633427,10474.603161854737,13852.432424321332,11981.46762879019
conservative,2028,dlbcl,females,40,12284.74539603985,10849.659827280868,14080.69600553762,12311.276524765579
conservative,2029,dlbcl,females,40,12618.14034654072,11231.972636285158,14321.883374615034,12638.863917614646
conservative,2030,dlbcl,females,40,12952.756925970734,11596.631960609206,14556.760241917365,12962.372961281779
conservative,2031,dlbcl,females,40,13284.493190601606,11956.984290943581,14818.533424268728,13278.194840815622
conservative,2032,dlbcl,females,40,13582.417182541536,12322.04463382982,15025.84328152298,13585.722950933623
conservative,2033,dlbcl,females,40,13891.097443457627,12641.755611545052,15222.647112125322,13892.591078897967
conservative,2034,dlbcl,females,40,14177.453882366819,12910.019686996038,15526.513179884349,14190.261655803875
conservative,2035,dlbcl,females,40,14467.110039778396,13214.764054372523,15819.039651245914,14480.823315938522
conservative,2036,dlbcl,females,40,14775.86369998048,13496.99961212477,16104.029171512764,14771.6429421683
conservative,2037,dlbcl,females,40,15057.181099122037,13772.972748520157,16353.473435962242,15058.99450984736
conservative,2038,dlbcl,females,40,15339.561070222979,14019.329051520976,16718.415423691407,15346.180244175697
conservative,2039,dlbcl,females,40,15613.725375082304,14241.281803172886,17130.73541639336,15628.817885677356
conservative,2040,dlbcl,females,40,15866.055441421136,14419.209278727769,17535.48724179258,15902.779341755764
conservative,2041,dlbcl,females,40,16141.360279893684,14627.654600852797,17847.823910251864,16173.685154292823
conservative,2042,dlbcl,females,40,16400.487372150008,14826.79177522165,18117.12206349431,16430.848973192937
conservative,2043,dlbcl,females,40,16663.876201227933,14994.347108170088,18521.470889163986,16701.894341539388
conservative,2044,dlbcl,females,40,16914.523201072778,15135.065392026345,18912.136972558696,16956.921781889894
conservative,2045,dlbcl,females,40,17134.179257414216,15214.928439965293,19278.327092384512,17191.907446336467
optimistic,2012,dlbcl,females,2,1199.7498542630838,1187.7145712112915,1210.3080771472987,1199.6114794950824
optimistic,2013,dlbcl,females,2,1212.2881804055512,1197.0998756403121,1227.1039616417281,1212.3330776171513
optimistic,2014,dlbcl,females,2,1275.243187266347,1260.1460633253187,1289.419529316732,1275.126020697224
optimistic,2015,dlbcl,females,2,1312.1676554202554,1295.7459857749152,1327.6637204585757,1312.0214324083238
optimistic,2016,dlbcl,females,2,1297.1046793177907,1281.0642611481994,1312.6514079745734,1297.180017894184
optimistic,2017,dlbcl,females,2,1317.9923398544506,1306.6428447484961,1329.6962861987645,1317.991782053921
optimistic,2018,dlbcl,females,2,1312.8762174029625,1300.1018558607398,1325.9993770414376,1313.027618284505
optimistic,2019,dlbcl,females,2,1380.128517774877,1365.0707441478278,1395.3791233420075,1380.3084309460633
optimistic,2020,dlbcl,females,2,1478.7995852018496,1461.235657012431,1497.260657346562,1478.7382104722901
optimistic,2021,dlbcl,females,2,1539.2191363627257,1518.6411442476053,1560.1499347563852,1539.087706172705
optimistic,2022,dlbcl,females,2,1577.086669884999,1527.0843888777438,1626.617463741955,1577.5888792498477
optimistic,2023,dlbcl,females,2,1608.2819389516822,1523.3837640495838,1694.35136887598,1608.9248920323892
optimistic,2024,dlbcl,females,2,1650.1462420290675,1561.5239243403369,1739.4836628044086,1649.91004239943
optimistic,2025,dlbcl,females,2,1689.79011890651,1596.3388136429737,1784.0326423471354,1690.6181227741213
optimistic,2026,dlbcl,females,2,1732.1056769692627,1634.9553297458442,1832.7282654049914,1732.5364717634943
optimistic,2027,dlbcl,females,2,1774.7352654363797,1670.3295144255783,1882.2133229447904,1774.9476578669442
optimistic,2028,dlbcl,females,2,1815.6800415889957,1705.3103628400338,1931.271931940461,1816.341647749517
optimistic,2029,dlbcl,females,2,1855.4423660050988,1738.4773839952231,1977.3385730501154,1856.6836423787772
optimistic,2030,dlbcl,females,2,1892.8560021741705,1771.5082277952404,2025.3779944200178,1895.6616255172437
optimistic,2031,dlbcl,females,2,1929.7721540264454,1799.6379069347324,2072.8245797949644,1933.2879946712233
optimistic,2032,dlbcl,females,2,1968.3176179681504,1827.277678880185,2120.6993315543627,1970.9251422993386
optimistic,2033,dlbcl,females,2,2006.371749795996,1855.3204027621002,2167.8482091655856,2008.5003009587763
optimistic,2034,dlbcl,females,2,2043.0331135380384,1882.5206604903178,2215.010963217864,2046.619556588309
optimistic,2035,dlbcl,females,2,2082.8817497543596,1911.6155071962548,2266.3070894343127,2085.616893732285
optimistic,2036,dlbcl,females,2,2123.5529720431996,1940.241558487448,2317.990189293324,2126.134855312469
optimistic,2037,dlbcl,females,2,2160.5614103382095,1966.8012965738426,2368.7812734126137,2163.945047225912
optimistic,2038,dlbcl,females,2,2190.474321528095,1985.1456833473908,2412.159826167726,2194.787244805248
optimistic,2039,dlbcl,females,2,2219.1950706945195,2004.0555994920896,2453.7855796146914,2223.8288931301854
optimistic,2040,dlbcl,females,2,2245.6780840347446,2021.2061508865381,2493.8418624301817,2250.9912299562925
optimistic,2041,dlbcl,females,2,2270.972809597843,2036.4684942450415,2532.4625470646865,2276.430990465336
optimistic,2042,dlbcl,females,2,2295.1887234289297,2047.572116895847,2568.4784705343695,2300.565697328584
optimistic,2043,dlbcl,females,2,2319.400909086926,2056.586171125424,2605.3082907114604,2324.0349559716287
optimistic,2044,dlbcl,females,2,2342.2895646652905,2070.7533739434366,2645.4091528694935,2347.743165712881
optimistic,2045,dlbcl,females,2,2366.278990201601,2081.574268398433,2686.6390844725524,2372.1097715762835
optimistic,2012,dlbcl,females,3,1674.5404793020289,1660.0143506609459,1688.7211236133116,1674.5380372172142
optimistic,2013,dlbcl,females,3,1713.772944164012,1696.2104290696968,1731.4674596865284,1714.054526274958
optimistic,2014,dlbcl,females,3,1788.0248456506579,1768.1554689195073,1806.028968264404,1787.7086070835612
optimistic,2015,dlbcl,females,3,1821.2112567641507,1801.6725815189643,1839.042611655396,1821.0276193189716
optimistic,2016,dlbcl,females,3,1862.6670510594122,1843.570956134461,1880.64230922043,1862.272596571031
optimistic,2017,dlbcl,females,3,1866.362672594879,1850.7297639456274,1881.7907667627535,1865.967574983011
optimistic,2018,dlbcl,females,3,1867.7354080889945,1850.430362847966,1884.7091357593463,1867.890465304221
optimistic,2019,dlbcl,females,3,1949.3877502601717,1931.0793921951101,1966.625349611094,1949.1661096890507
optimistic,2020,dlbcl,females,3,2033.9339019117447,2013.4188633111883,2054.5224438116215,2033.7974278235877
optimistic,2021,dlbcl,females,3,2165.495395570331,2142.8818089135602,2189.43744422107,2165.534281614873
optimistic,2022,dlbcl,females,3,2233.5952165683275,2182.6328976872805,2285.918159559328,2232.9384732152007
optimistic,2023,dlbcl,females,3,2288.4177332754293,2204.136606697553,2378.0103641226324,2287.9920770877216
optimistic,2024,dlbcl,females,3,2337.032367234011,2219.324035648762,2460.5255678950552,2338.640424500497
optimistic,2025,dlbcl,females,3,2397.635851928786,2272.6590823872975,2527.6310849194547,2399.2278781714926
optimistic,2026,dlbcl,females,3,2460.5154775056762,2328.7637241743123,2593.7885592209727,2460.6575906156518
optimistic,2027,dlbcl,females,3,2521.873430370867,2383.1831226426107,2667.08732993927,2522.939131246462
optimistic,2028,dlbcl,females,3,2583.3685302236822,2436.621581797907,2743.5353461511077,2585.23225248926
optimistic,2029,dlbcl,females,3,2645.254689675884,2487.5294002676455,2816.5310281272536,2646.169769220282
optimistic,2030,dlbcl,females,3,2702.7830594522693,2537.411837443863,2886.3553297149583,2705.3902307523617
optimistic,2031,dlbcl,females,3,2759.193697421802,2582.532515326957,2956.8911080053504,2762.70174358373
optimistic,2032,dlbcl,females,3,2816.5325486143893,2626.164985491869,3025.9929619971313,2819.436122344258
optimistic,2033,dlbcl,females,3,2870.113850148574,2668.9444904280404,3097.8412779612636,2875.6530677083542
optimistic,2034,dlbcl,females,3,2924.5545359568086,2711.052168891541,3170.544328132526,2932.3894473857044
optimistic,2035,dlbcl,females,3,2982.8718896468263,2752.9862154455805,3249.7445666793324,2990.2129164169055
optimistic,2036,dlbcl,females,3,3045.243797391,2798.106318597832,3326.5306041611075,3050.2352130611534
optimistic,2037,dlbcl,females,3,3102.1652384684894,2839.4337520020454,3406.186347737717,3107.9332393382583
optimistic,2038,dlbcl,females,3,3152.763908824929,2875.5050639729707,3475.070302138834,3159.8304907401543
optimistic,2039,dlbcl,females,3,3196.03766703412,2902.648903716913,3530.118109929444,3202.4743172975896
optimistic,2040,dlbcl,females,3,3235.039095207324,2927.239380430897,3584.324481509454,3242.6230891734626
optimistic,2041,dlbcl,females,3,3272.724220682767,2951.5995835381973,3642.565425205779,3280.2370053262407
optimistic,2042,dlbcl,females,3,3309.6868400646363,2973.226252145029,3696.5480900470247,3315.8052596974794
optimistic,2043,dlbcl,females,3,3343.502681011946,2990.2633318348435,3757.6991701744505,3349.992635592001
optimistic,2044,dlbcl,females,3,3379.0061728524106,3011.792043934375,3812.2781819198603,3383.9733144396123
optimistic,2045,dlbcl,females,3,3412.5701281280185,3031.4457264839843,3867.410370714429,3418.3943551373372
optimistic,2012,dlbcl,females,5,2529.671336896605,2509.090381272493,2551.7381239590572,2529.9385713281426
optimistic,2013,dlbcl,females,5,2603.666477060544,2580.9532729896946,2626.3954590680864,2603.6523867105802
optimistic,2014,dlbcl,females,5,2692.1465881807862,2669.105032534894,2715.3396850606764,2692.1410566123623
optimistic,2015,dlbcl,females,5,2760.066562035919,2736.137524005282,2784.186202549101,2760.450673483391
optimistic,2016,dlbcl,females,5,2810.1081929594257,2784.692426912146,2834.1723775444,2809.690702660541
optimistic,2017,dlbcl,females,5,2863.9098624912895,2841.819206711473,2885.1821921458313,2863.6536577202933
optimistic,2018,dlbcl,females,5,2899.5763670755996,2874.9459851546876,2924.050212185997,2899.6549050570334
optimistic,2019,dlbcl,females,5,2972.3738919289517,2948.211063892181,2998.4353388257077,2972.413960880749
optimistic,2020,dlbcl,females,5,3073.845071931348,3048.7735410139885,3100.126034276751,3074.0023884048287
optimistic,2021,dlbcl,females,5,3198.547861964964,3172.5759440356182,3226.3255307872037,3199.054744427021
optimistic,2022,dlbcl,females,5,3319.5556178369534,3269.908516004596,3375.1119476556346,3319.41113454258
optimistic,2023,dlbcl,females,5,3467.8571975419577,3383.7259210692573,3559.7519620075163,3467.848527177094
optimistic,2024,dlbcl,females,5,3568.4592269621126,3449.608916305462,3698.5758182412533,3568.81146045541
optimistic,2025,dlbcl,females,5,3656.227660364373,3501.871970610186,3822.351990559596,3657.35959699512
optimistic,2026,dlbcl,females,5,3742.9971302492613,3555.2534677645262,3947.099229360838,3745.6921119701665
optimistic,2027,dlbcl,females,5,3840.4185088537074,3648.2465243394176,4062.757876530001,3843.8423547741486
optimistic,2028,dlbcl,females,5,3938.9309693687683,3732.373009190882,4179.4176150502435,3942.040964849562
optimistic,2029,dlbcl,females,5,4035.705016822244,3813.511691589154,4284.888211243295,4040.2246486494337
optimistic,2030,dlbcl,females,5,4133.331508182306,3899.5810486644114,4399.8556366135035,4137.409737816225
optimistic,2031,dlbcl,females,5,4227.781278430435,3976.8206455612467,4513.109740617895,4232.11006267897
optimistic,2032,dlbcl,females,5,4319.797813692205,4047.016105193547,4624.78497452064,4325.372045001332
optimistic,2033,dlbcl,females,5,4410.336527426976,4118.797098750682,4744.860647876431,4417.042776812038
optimistic,2034,dlbcl,females,5,4499.922377877972,4188.162829290087,4853.389531926599,4508.264288087721
optimistic,2035,dlbcl,females,5,4593.757235199728,4263.060046801707,4970.624497555839,4600.050716356979
optimistic,2036,dlbcl,females,5,4687.099703894252,4331.8459481833,5091.612820515694,4694.192089315912
optimistic,2037,dlbcl,females,5,4781.572232328008,4404.3213048052985,5212.60815848171,4786.891311098275
optimistic,2038,dlbcl,females,5,4868.805304221427,4465.34892916033,5329.422241908389,4874.811748106776
optimistic,2039,dlbcl,females,5,4948.806184749383,4525.217293518521,5432.336699067759,4954.955254354072
optimistic,2040,dlbcl,females,5,5019.365584202185,4571.973726733398,5535.38810359685,5026.995197985726
optimistic,2041,dlbcl,females,5,5078.376660970871,4614.388386209933,5630.8142476082,5088.406409427918
optimistic,2042,dlbcl,females,5,5137.341750963423,4646.802457518712,5717.86376796659,5146.528817777538
optimistic,2043,dlbcl,females,5,5190.307980321406,4677.920206310773,5814.299317609457,5201.96336872669
optimistic,2044,dlbcl,females,5,5244.7815497959045,4713.082495085408,5903.706830909894,5255.989511826733
optimistic,2045,dlbcl,females,5,5297.331498703508,4736.823461225594,5992.968441736321,5309.454659884103
optimistic,2012,dlbcl,females,10,4109.896679808333,3990.196583979769,4232.679739432252,4108.535581976842
optimistic,2013,dlbcl,females,10,4251.003946394219,4136.572819774836,4370.038588176409,4250.278688221922
optimistic,2014,dlbcl,females,10,4427.354635012225,4315.585984002285,4542.124336529976,4427.710952162565
optimistic,2015,dlbcl,females,10,4514.4802510024465,4408.63280865639,4620.081829986408,4512.892509880506
optimistic,2016,dlbcl,females,10,4622.01213674298,4523.7203049456775,4728.051452572776,4621.691720437776
optimistic,2017,dlbcl,females,10,4760.471343342097,4671.324471375886,4859.164623605322,4761.008832031998
optimistic,2018,dlbcl,females,10,4855.387852933549,4779.019585560895,4939.121871154138,4855.5080877305145
optimistic,2019,dlbcl,females,10,4993.908440602408,4924.294464296063,5066.020235256073,4994.73577694375
optimistic,2020,dlbcl,females,10,5153.288936158591,5078.192439374739,5227.888797104353,5152.082799597099
optimistic,2021,dlbcl,females,10,5321.715407922574,5221.130952425418,5421.848990714468,5321.601532623393
optimistic,2022,dlbcl,females,10,5485.669367744773,5385.358155114173,5590.635206101551,5486.353804939615
optimistic,2023,dlbcl,females,10,5662.806488080101,5555.145736750275,5778.587952580533,5662.276913933733
optimistic,2024,dlbcl,females,10,5815.256897465208,5678.968299949994,5950.960201447266,5813.913842758692
optimistic,2025,dlbcl,females,10,5988.858092214477,5821.140023816783,6166.473904459955,5987.317617389192
optimistic,2026,dlbcl,females,10,6168.093250016994,5955.090747787397,6395.425465887661,6168.243435315479
optimistic,2027,dlbcl,females,10,6359.736109214323,6108.097018456703,6632.626701966755,6361.705811183134
optimistic,2028,dlbcl,females,10,6580.134445277405,6293.538787678475,6903.551855418186,6583.87205492495
optimistic,2029,dlbcl,females,10,6764.66914641483,6429.851067733206,7141.661395344436,6768.233625489335
optimistic,2030,dlbcl,females,10,6929.955996263929,6545.804126630705,7362.769712721497,6936.12470588601
optimistic,2031,dlbcl,females,10,7094.6491206618875,6666.556763455552,7589.00875115254,7106.142491685421
optimistic,2032,dlbcl,females,10,7264.667504029043,6813.294332834889,7805.053861493649,7282.140949359476
optimistic,2033,dlbcl,females,10,7443.177348847703,6940.8761439032705,8024.5112162527275,7457.1038675688
optimistic,2034,dlbcl,females,10,7613.0810059590785,7067.5611704504345,8244.975632541395,7631.837832095878
optimistic,2035,dlbcl,females,10,7787.131827203774,7201.718282417859,8464.62088803772,7806.557202126107
optimistic,2036,dlbcl,females,10,7960.402682977424,7336.957671909635,8684.78731412179,7981.8561561164315
optimistic,2037,dlbcl,females,10,8134.769726669898,7459.210886627724,8901.209110523609,8153.979821170265
optimistic,2038,dlbcl,females,10,8300.241189590766,7583.081245663116,9122.122603642287,8320.093063505074
optimistic,2039,dlbcl,females,10,8462.440763155097,7700.195921181814,9332.528763054617,8478.273329615413
optimistic,2040,dlbcl,females,10,8607.316167315876,7814.25985980816,9542.507899638633,8628.950721756119
optimistic,2041,dlbcl,females,10,8746.955008954184,7910.105424569131,9732.465831219084,8770.86261700747
optimistic,2042,dlbcl,females,10,8881.05989023824,7984.081527720401,9906.63398816304,8904.18434927553
optimistic,2043,dlbcl,females,10,9004.66525148521,8050.433801101817,10090.814912356384,9028.908277297309
optimistic,2044,dlbcl,females,10,9119.600678334176,8128.409967302275,10282.599819351339,9145.277168503682
optimistic,2045,dlbcl,females,10,9222.15014924762,8188.492143396407,10446.54515020067,9253.385651173248
optimistic,2012,dlbcl,females,40,6948.597430289699,5681.097333718843,8490.9628891277,6969.995087861965
optimistic,2013,dlbcl,females,40,7253.07963012284,5927.9607913519185,8880.198767197951,7266.641782756098
optimistic,2014,dlbcl,females,40,7594.46310014027,6223.133042364682,9302.544080312106,7616.056654422609
optimistic,2015,dlbcl,females,40,7907.34031360124,6475.7987473874655,9673.524787193484,7929.113201153236
optimistic,2016,dlbcl,females,40,8209.466446108729,6745.366917102779,10043.607250739151,8238.815821744634
optimistic,2017,dlbcl,females,40,8524.103524980581,7013.298555282383,10430.599168769762,8555.145654992342
optimistic,2018,dlbcl,females,40,8808.262996802543,7267.272687387007,10799.028331432337,8843.867455602232
optimistic,2019,dlbcl,females,40,9167.017380127574,7599.142787510765,11210.85658646161,9210.319733889086
optimistic,2020,dlbcl,females,40,9536.941271478932,7938.234179409595,11586.223478178803,9583.75797718385
optimistic,2021,dlbcl,females,40,9927.58407869558,8313.29060165734,12033.073902051528,9980.0759844866825
optimistic,2022,dlbcl,females,40,10269.126774795712,8628.616875624824,12353.166231209469,10316.413310892674
optimistic,2023,dlbcl,females,40,10615.204240787265,9025.846240027722,12698.161545821971,10660.131775612048
optimistic,2024,dlbcl,females,40,10963.569947511744,9406.328640942467,13028.895465123043,11004.82634433068
optimistic,2025,dlbcl,females,40,11319.730894079139,9790.338482100951,13360.92498024529,11356.59853135545
optimistic,2026,dlbcl,females,40,11665.848567594034,10177.841727147601,13690.179493713107,11714.65234312844
optimistic,2027,dlbcl,females,40,12044.498102287911,10566.32545473621,13957.88418354519,12074.685193661717
optimistic,2028,dlbcl,females,40,12423.370685103422,11000.142544590819,14218.851924647177,12441.397491055535
optimistic,2029,dlbcl,females,40,12793.409824512792,11419.349538979845,14484.36828499842,12813.068059810199
optimistic,2030,dlbcl,females,40,13190.930798562451,11842.047284598813,14791.183974650414,13188.263453391395
optimistic,2031,dlbcl,females,40,13566.411428654075,12255.186115084174,15109.343415170813,13563.750986430785
optimistic,2032,dlbcl,females,40,13946.072723932632,12653.736634423272,15324.759292197625,13939.481631436769
optimistic,2033,dlbcl,females,40,14313.79958623839,13075.753049349056,15680.88615152048,14323.482520114248
optimistic,2034,dlbcl,females,40,14702.413300711502,13473.17695113185,16066.235618764147,14707.518191571808
optimistic,2035,dlbcl,females,40,15073.483412665351,13844.212275783537,16387.77145319671,15094.031733942016
optimistic,2036,dlbcl,females,40,15481.79311612009,14220.543665630146,16796.95669906692,15490.871042412518
optimistic,2037,dlbcl,females,40,15868.777632656269,14603.480254977207,17273.131992993585,15891.232739327173
optimistic,2038,dlbcl,females,40,16274.34054908634,14948.783616865005,17786.386572129126,16296.048712479678
optimistic,2039,dlbcl,females,40,16658.31460588026,15204.387661324861,18336.679671166148,16699.490943485704
optimistic,2040,dlbcl,females,40,17067.242726296703,15452.703701907323,18860.495879164533,17098.064080693937
optimistic,2041,dlbcl,females,40,17453.13577163448,15633.564618900484,19449.552923455012,17496.365258816983
optimistic,2042,dlbcl,females,40,17848.548545205802,15855.004448193531,20083.870327673318,17883.77858044696
optimistic,2043,dlbcl,females,40,18256.657719317973,16118.833882800644,20719.183419067194,18288.092223796324
optimistic,2044,dlbcl,females,40,18678.214888434974,16249.654111375747,21440.95786465463,18679.598917398584
optimistic,2045,dlbcl,females,40,19063.262699962874,16314.617571883671,22103.092109765053,19054.37952324094
base,2012,follicular,males,2,1135.4699669663773,1130.0577699500811,1140.425397444216,1135.3525081354737
base,2013,follicular,males,2,1120.13992182494,1112.6849280710246,1126.7216367936599,1120.050780634325
base,2014,follicular,males,2,1131.3172838045048,1124.0873778759974,1137.6604639193893,1131.20610603495
base,2015,follicular,males,2,1190.499235936202,1182.6541410776063,1197.0735139466472,1190.297745338441
base,2016,follicular,males,2,1231.3316577980863,1222.8765915435722,1238.4088461555389,1231.1337676214664
base,2017,follicular,males,2,1333.2946220145607,1327.30232369115,1338.505964300198,1333.1884110954259
base,2018,follicular,males,2,1391.2257661614337,1385.418528577901,1396.5844564408474,1391.1530854089608
base,2019,follicular,males,2,1423.4207038174573,1416.8450045346194,1429.1891937132896,1423.2558392026085
base,2020,follicular,males,2,1543.3487811064356,1535.9748780306263,1549.7525185111776,1543.2358404133781
base,2021,follicular,males,2,1543.3892798456045,1535.1101188362943,1551.0499377372942,1543.3410056664216
base,2022,follicular,males,2,1528.2386963522836,1484.5445709473177,1573.3469234273512,1527.9908736012885
base,2023,follicular,males,2,1603.2906582851783,1515.8988079968378,1691.111012691127,1602.7734526083218
base,2024,follicular,males,2,1644.8681184398865,1555.2190393105338,1738.252311679267,1644.0629641898558
base,2025,follicular,males,2,1683.898824379594,1590.210819468585,1783.1887267329544,1683.9462635398834
base,2026,follicular,males,2,1723.874034966649,1627.3793889082608,1828.3814463412666,1724.04600057229
base,2027,follicular,males,2,1763.3024381626037,1662.6714609582507,1872.0912492124771,1763.416167073928
base,2028,follicular,males,2,1800.022446422626,1695.7094919428932,1914.9420855662179,1799.624483887861
base,2029,follicular,males,2,1832.6586305739404,1722.6373730784208,1955.8047340025487,1832.2763729983756
base,2030,follicular,males,2,1861.5015728498665,1743.8509586361317,1993.255448008705,1861.6128741419134
base,2031,follicular,males,2,1887.2454113951198,1766.6763875410104,2026.3667780112248,1888.1025801055102
base,2032,follicular,males,2,1909.3282781779733,1781.3608848239178,2055.9321420813085,1911.1957327643304
base,2033,follicular,males,2,1929.2203052183795,1795.6863520143881,2083.52915653903,1930.3077394965358
base,2034,follicular,males,2,1946.901072053121,1808.920065760162,2108.854692776906,1948.210880107582
base,2035,follicular,males,2,1963.3811676133091,1817.002572495266,2133.454737637819,1965.351258305788
base,2036,follicular,males,2,1980.194867527561,1824.9905590247902,2160.447022565751,1981.890998307578
base,2037,follicular,males,2,1994.796494887265,1830.90323311811,2182.087962326521,1996.516695583108
base,2038,follicular,males,2,2005.0600740279247,1833.7800472144836,2199.8811660561532,2006.8985759829181
base,2039,follicular,males,2,2010.17457509631,1832.6560040347933,2215.3842557297867,2012.6746389519747
base,2040,follicular,males,2,2011.4483880851076,1827.6107921542311,2226.8166156250277,2014.2710626110118
base,2041,follicular,males,2,2008.888348833647,1819.1986684706058,2231.6618472021996,2012.4951019996122
base,2042,follicular,males,2,2003.740248896408,1806.1933832786253,2235.9265839458494,2007.8892955200497
base,2043,follicular,males,2,1996.1284944844792,1790.7968558774396,2236.379900593327,2001.1216494801447
base,2044,follicular,males,2,1988.140917608744,1778.949355323107,2236.30762675486,1994.462845110238
base,2045,follicular,males,2,1982.4332493486627,1765.7001172768582,2238.5029555020715,1989.3135295439013
base,2012,follicular,males,3,1659.2351017397448,1651.6795498582128,1666.3195420386478,1659.2237230750495
base,2013,follicular,males,3,1648.01229968642,1638.946175949377,1656.0385411060904,1647.802499147758
base,2014,follicular,males,3,1683.2446086818952,1673.8960291925855,1691.8632044449826,1683.3083508539135
base,2015,follicular,males,3,1707.2196279879452,1697.5635904016626,1716.0529536137296,1707.1709942007346
base,2016,follicular,males,3,1793.3325223915513,1783.1717683913323,1802.7125364673482,1793.2587173482975
base,2017,follicular,males,3,1906.787462886924,1898.298163016862,1915.4686706535674,1906.9159781323056
base,2018,follicular,males,3,1994.863902965214,1985.6800526786237,2002.9401003317917,1994.6844078754448
base,2019,follicular,males,3,2094.4711183066693,2085.9434607831486,2101.981043742218,2094.3543080686864
base,2020,follicular,males,3,2199.3515021510448,2189.709673213401,2208.101782694332,2199.329128905228
base,2021,follicular,males,3,2247.9529649986257,2237.3555283453434,2257.96159876824,2247.936854630796
base,2022,follicular,males,3,2302.1659524051365,2258.1252783389773,2348.0555966179654,2302.1730942398917
base,2023,follicular,males,3,2309.277502018399,2222.619897219733,2398.672714994222,2309.125819062752
base,2024,follicular,males,3,2400.13088668178,2271.3831263677152,2536.300475944359,2400.9242490438
base,2025,follicular,males,3,2461.85361666404,2327.008198087971,2602.1654855127313,2461.350596488829
base,2026,follicular,males,3,2521.82461632746,2382.5324321975895,2670.920167657887,2521.034422172941
base,2027,follicular,males,3,2578.946105077942,2431.510507701091,2736.781635240837,2579.5777687287364
base,2028,follicular,males,3,2635.761952992285,2482.994438353353,2803.869852671185,2635.6028659282397
base,2029,follicular,males,3,2687.464072168108,2531.0028333900714,2861.274074815259,2686.7781841209285
base,2030,follicular,males,3,2731.7088538439893,2564.718345493771,2916.34531140676,2733.018454955664
base,2031,follicular,males,3,2773.1950245847556,2604.1892891643224,2969.444876236179,2774.690033807148
base,2032,follicular,males,3,2809.2548545187105,2627.9651412523954,3016.964063017677,2811.5439229401436
base,2033,follicular,males,3,2840.0888913918916,2651.221710694807,3062.268454811011,2843.2403492478697
base,2034,follicular,males,3,2865.254882800538,2666.053189410538,3100.4784568275218,2869.529790203496
base,2035,follicular,males,3,2889.665819581446,2682.2138658853564,3137.5482598738945,2894.213307372707
base,2036,follicular,males,3,2914.2122495466483,2695.163663707304,3174.2486982640285,2918.346203818763
base,2037,follicular,males,3,2935.607567830824,2705.2754102849003,3209.4210169193743,2940.0365347989386
base,2038,follicular,males,3,2953.828673536986,2711.355906735044,3238.9794078707932,2957.5490641621973
base,2039,follicular,males,3,2964.1407790625863,2711.059875659897,3261.362306064266,2968.6693254163597
base,2040,follicular,males,3,2967.945530535332,2706.65588455056,3278.8011252915685,2973.3851387424215
base,2041,follicular,males,3,2965.6968656459785,2694.632136653198,3289.404440463952,2972.541526801424
base,2042,follicular,males,3,2958.9958011320214,2679.0939510740036,3298.7393860491966,2966.9525870429593
base,2043,follicular,males,3,2948.261049416302,2661.9572709704844,3300.9272191066325,2957.6382374049
base,2044,follicular,males,3,2937.4018188702667,2638.7584019854903,3301.58692613569,2947.0588757421942
base,2045,follicular,males,3,2927.5684923466333,2619.6080143238787,3302.5821416339872,2937.11119046432
base,2012,follicular,males,5,2551.662371978297,2538.7692651073785,2563.5016897204887,2551.4051262033804
base,2013,follicular,males,5,2619.130873847309,2605.7652473630164,2632.4899516630535,2619.1199358620634
base,2014,follicular,males,5,2673.3675641173736,2660.097360387026,2686.740394973768,2673.3951830346073
base,2015,follicular,males,5,2725.5381027251824,2711.541862155888,2738.796088159963,2725.3564137893504
base,2016,follicular,males,5,2803.4468189691634,2789.7744243138004,2817.177568551103,2803.6043266735423
base,2017,follicular,males,5,2927.5737651165173,2914.936841846437,2939.9499262321165,2927.743823276468
base,2018,follicular,males,5,3068.7596441388223,3055.0810321774566,3082.0011900535847,3068.649322850832
base,2019,follicular,males,5,3208.110809389938,3195.552680390587,3221.747958687506,3208.3369231019756
base,2020,follicular,males,5,3406.325868850866,3393.1429871810196,3419.4056848962387,3406.496035521063
base,2021,follicular,males,5,3496.9558643499413,3483.0013188739586,3511.110161895296,3497.023199459716
base,2022,follicular,males,5,3583.2156820547043,3538.193992903276,3631.200953756092,3583.9043600307423
base,2023,follicular,males,5,3707.772776528106,3618.491530151607,3797.7521865408066,3707.062452112555
base,2024,follicular,males,5,3798.4320261881085,3665.6002875123345,3933.1978954123265,3797.7532429271764
base,2025,follicular,males,5,3841.5367062933315,3665.7565269246006,4020.7627479635184,3840.8756390546664
base,2026,follicular,males,5,3962.358552591445,3746.19080754203,4191.637720732722,3963.025540987074
base,2027,follicular,males,5,4055.8486131117265,3834.4788993321754,4294.694305203065,4058.433588245126
base,2028,follicular,males,5,4146.654835391797,3917.1295729200856,4402.828559840236,4149.976766704344
base,2029,follicular,males,5,4233.752267458501,3999.3082340649894,4507.400142353432,4236.761012663214
base,2030,follicular,males,5,4311.598551830479,4060.1878580852667,4601.203322253491,4317.821391292207
base,2031,follicular,males,5,4384.517041432933,4119.612746996381,4693.027333058356,4391.375781913526
base,2032,follicular,males,5,4447.489695016309,4167.434603954877,4775.762124553527,4456.7944939747795
base,2033,follicular,males,5,4504.600728318587,4209.690858980805,4852.373068866797,4513.699248687906
base,2034,follicular,males,5,4550.885976232285,4240.997391821627,4922.322591359524,4562.527012669086
base,2035,follicular,males,5,4592.499582649333,4269.5593661685,4979.606370413946,4603.539606576562
base,2036,follicular,males,5,4628.681121343923,4287.729780531276,5030.154469835948,4637.660281715158
base,2037,follicular,males,5,4659.575987912071,4301.36051333764,5082.767516750677,4669.1199327031945
base,2038,follicular,males,5,4687.853161166624,4313.545987601411,5130.338996713735,4696.344943450004
base,2039,follicular,males,5,4709.401895260427,4318.960175812237,5170.675387412912,4716.953094282285
base,2040,follicular,males,5,4722.2161483726795,4316.1869333331315,5200.730400781283,4729.657350789584
base,2041,follicular,males,5,4724.6424510188435,4303.900856007249,5217.570832987796,4733.16432837703
base,2042,follicular,males,5,4718.452392763635,4282.838104594715,5230.316750050022,4727.867357382155
base,2043,follicular,males,5,4705.214262350191,4254.702258170698,5224.616021977089,4715.087100495931
base,2044,follicular,males,5,4687.273167745671,4222.4575393491805,5227.0056990640005,4697.616827654475
base,2045,follicular,males,5,4666.3043260633285,4186.5683674316315,5220.199901355736,4677.756316726415
base,2012,follicular,males,10,4331.55379258187,4242.847075604806,4414.793787088901,4331.270021132262
base,2013,follicular,males,10,4432.613475839803,4346.097783262704,4514.476278325145,4432.213147527168
base,2014,follicular,males,10,4569.353719542369,4486.545532464325,4649.682164332877,4569.1798585044735
base,2015,follicular,males,10,4690.2583355241295,4613.231220618838,4765.851403969855,4690.45104781727
base,2016,follicular,males,10,4814.467044654391,4743.805333130423,4885.141860351756,4814.300873013772
base,2017,follicular,males,10,5038.343670168168,4973.788072966493,5104.515220967158,5038.970265299505
base,2018,follicular,males,10,5240.791892777514,5181.216954687405,5302.468606467182,5241.326541047792
base,2019,follicular,males,10,5437.051852053895,5383.658532163527,5493.921006863993,5437.212347773888
base,2020,follicular,males,10,5684.126747088569,5623.525402983032,5742.355066952861,5683.277989054995
base,2021,follicular,males,10,5851.707417613839,5780.085198514145,5926.833594325789,5851.592489641318
base,2022,follicular,males,10,6038.501670640812,5959.764624300044,6118.492567051562,6039.549199458113
base,2023,follicular,males,10,6268.247719929998,6168.151833780563,6382.180316034108,6270.948329924982
base,2024,follicular,males,10,6479.064218419135,6339.704022867261,6625.945580061657,6480.556424518154
base,2025,follicular,males,10,6691.63956330218,6507.1329562505625,6889.189652986026,6695.05147542867
base,2026,follicular,males,10,6886.929953582223,6650.371744806613,7127.651044745084,6889.2252284906235
base,2027,follicular,males,10,7056.105658414408,6775.280771752346,7343.640583566577,7058.577211561663
base,2028,follicular,males,10,7255.056746236853,6928.514469712915,7597.40135956567,7257.469425544622
base,2029,follicular,males,10,7415.607369410804,7040.152854461234,7810.8897563902165,7417.706438989665
base,2030,follicular,males,10,7529.603021387263,7107.690000855159,7984.269355187852,7531.980332027945
base,2031,follicular,males,10,7704.431982377868,7239.145710825734,8221.897604860847,7709.29091261693
base,2032,follicular,males,10,7854.568194477753,7361.911223455894,8413.771552117218,7858.930880762906
base,2033,follicular,males,10,7992.101879373469,7475.537479734594,8600.412604270474,7997.458506429652
base,2034,follicular,males,10,8115.04050793289,7572.069155287345,8773.3958426196,8123.901053771662
base,2035,follicular,males,10,8225.493280451503,7640.398320187266,8915.845124336867,8237.277340514178
base,2036,follicular,males,10,8326.136752238534,7702.105534202548,9061.331627658488,8336.686174531831
base,2037,follicular,males,10,8408.782425937676,7747.329716935659,9176.146312810293,8420.457611540902
base,2038,follicular,males,10,8472.581042754773,7774.1172096484515,9283.462192200694,8487.393355079992
base,2039,follicular,males,10,8523.440673657355,7788.168117391314,9366.454902461723,8536.720290181149
base,2040,follicular,males,10,8552.826386863573,7784.921107747925,9435.709386230272,8567.90093554756
base,2041,follicular,males,10,8565.817345658033,7768.402517889128,9474.492769088085,8580.655914661998
base,2042,follicular,males,10,8569.425160889969,7740.984546781942,9513.011619197323,8583.0480896007
base,2043,follicular,males,10,8558.337252680649,7703.071891017066,9546.684141307367,8575.013679320007
base,2044,follicular,males,10,8539.104275992442,7655.209747460279,9581.073316150845,8557.400272700765
base,2045,follicular,males,10,8506.34912367434,7598.9293075529,9596.330940122023,8531.325892908917
base,2012,follicular,males,40,7572.787331281631,6625.034762581983,8653.03785066358,7586.369727524591
base,2013,follicular,males,40,7879.60961703085,6887.655112444303,9008.29615835254,7895.588930246
base,2014,follicular,males,40,8230.023740344666,7196.069907274953,9428.87009023969,8246.953926292414
base,2015,follicular,males,40,8587.61045692565,7508.802590791151,9839.666159631497,8604.337804338613
base,2016,follicular,males,40,8971.08325088104,7844.983694538566,10277.11462939312,8983.313148848094
base,2017,follicular,males,40,9414.750736977085,8251.800071540785,10754.543960160889,9429.168373288328
base,2018,follicular,males,40,9839.031580430543,8639.96446197532,11242.028186385793,9853.251927488485
base,2019,follicular,males,40,10290.240775773402,9071.200088728348,11765.252898634932,10311.667745398894
base,2020,follicular,males,40,10809.017358539768,9558.435117397474,12347.183233072858,10831.447418321583
base,2021,follicular,males,40,11242.881287622527,9964.545984762204,12829.024116016064,11267.735086389472
base,2022,follicular,males,40,11681.726403673696,10382.230613256508,13258.209362600352,11695.885429426837
base,2023,follicular,males,40,12118.140124385347,10797.270271576968,13681.598654603034,12130.25546370802
base,2024,follicular,males,40,12561.212113882604,11243.496826608702,14103.887950878472,12567.147498963448
base,2025,follicular,males,40,12989.85898819927,11731.24724299182,14526.447116262048,13008.485873106698
base,2026,follicular,males,40,13436.0967024396,12197.942791954161,14920.181461742657,13452.818983455423
base,2027,follicular,males,40,13874.295595184436,12646.295797087101,15343.202906538125,13897.362987275523
base,2028,follicular,males,40,14322.156130338772,13135.634381364645,15754.464810728963,14346.605203578487
base,2029,follicular,males,40,14762.526139722297,13610.696886471007,16208.951180155214,14794.145881960801
base,2030,follicular,males,40,15186.554346531837,14052.272046322872,16605.69773494321,15228.823767382031
base,2031,follicular,males,40,15624.741033724918,14501.96633002462,16995.357326316538,15664.35485741022
base,2032,follicular,males,40,16057.382918625804,14930.852758239285,17393.334364859933,16090.095164745328
base,2033,follicular,males,40,16467.833873507552,15383.651255950099,17805.740760618824,16508.457111635966
base,2034,follicular,males,40,16887.4768309295,15812.734867506017,18235.29530725915,16926.760933383026
base,2035,follicular,males,40,17280.919911976038,16160.911630917504,18672.823711607307,17338.61466481442
base,2036,follicular,males,40,17683.91358795843,16555.078158339333,19096.493005696935,17741.33019314477
base,2037,follicular,males,40,18084.43836658775,16916.136391479024,19540.713903941436,18140.84003876546
base,2038,follicular,males,40,18491.047869906215,17235.35993501718,20012.794561895156,18532.47379063573
base,2039,follicular,males,40,18872.518311431828,17499.553524933825,20577.355281786768,18908.66336559041
base,2040,follicular,males,40,19218.190162205057,17726.729695266404,21094.383613352216,19262.448865984108
base,2041,follicular,males,40,19546.087283810833,17875.27584739641,21613.42406613093,19594.294616090785
base,2042,follicular,males,40,19862.050253590038,18079.680472307537,22136.375532150854,19912.58895354364
base,2043,follicular,males,40,20155.70572663486,18181.706420912597,22579.937847850553,20216.219989945977
base,2044,follicular,males,40,20452.442816643656,18279.858242200615,23089.95159616497,20500.996638738932
base,2045,follicular,males,40,20698.80755553441,18370.148651962914,23566.655139834962,20761.378854219634
conservative,2012,follicular,males,2,1135.4699669663773,1130.0577699500811,1140.425397444216,1135.3525081354737
conservative,2013,follicular,males,2,1120.13992182494,1112.6849280710246,1126.7216367936599,1120.050780634325
conservative,2014,follicular,males,2,1131.3172838045048,1124.0873778759974,1137.6604639193893,1131.20610603495
conservative,2015,follicular,males,2,1190.499235936202,1182.6541410776063,1197.0735139466472,1190.297745338441
conservative,2016,follicular,males,2,1231.3316577980863,1222.8765915435722,1238.4088461555389,1231.1337676214664
conservative,2017,follicular,males,2,1333.2946220145607,1327.30232369115,1338.505964300198,1333.1884110954259
conservative,2018,follicular,males,2,1391.2257661614337,1385.418528577901,1396.5844564408474,1391.1530854089608
conservative,2019,follicular,males,2,1423.4207038174573,1416.8450045346194,1429.1891937132896,1423.2558392026085
conservative,2020,follicular,males,2,1543.3487811064356,1535.9748780306263,1549.7525185111776,1543.2358404133781
conservative,2021,follicular,males,2,1543.3892798456045,1535.1101188362943,1551.0499377372942,1543.3410056664216
conservative,2022,follicular,males,2,1527.33449941177,1483.6970640553125,1572.1631810121153,1527.0579317487748
conservative,2023,follicular,males,2,1599.1147793994446,1512.2668149384888,1686.6817624906444,1599.0188757033434
conservative,2024,follicular,males,2,1637.7107879559012,1548.4253037753583,1729.1623035351226,1637.2163026838155
conservative,2025,follicular,males,2,1674.02244384179,1583.2496954317155,1770.874040563489,1673.7539658151709
conservative,2026,follicular,males,2,1710.294904570355,1614.3158828814849,1813.5732689118292,1710.2760107314944
conservative,2027,follicular,males,2,1746.2669884296201,1647.3280477429498,1854.2298723407423,1745.8966773495788
conservative,2028,follicular,males,2,1778.4213213775506,1676.4374756753298,1892.842405547766,1778.255846767292
conservative,2029,follicular,males,2,1806.824110735258,1702.4001281879707,1928.0900862354881,1806.9968989291917
conservative,2030,follicular,males,2,1831.3724662244397,1722.1316339012276,1959.494935902392,1832.357515404663
conservative,2031,follicular,males,2,1853.096465656765,1737.8542848422492,1987.259536674616,1854.8592189628
conservative,2032,follicular,males,2,1871.6999316517579,1752.2338850661242,2013.9907015846377,1874.6956669878589
conservative,2033,follicular,males,2,1889.2922333668557,1762.6696547978825,2038.3173225697042,1892.035900986323
conservative,2034,follicular,males,2,1905.1034865586098,1772.9324660900536,2063.0807071626114,1908.2781987399617
conservative,2035,follicular,males,2,1920.8751731196048,1782.49113696723,2087.824196204771,1923.846923293961
conservative,2036,follicular,males,2,1936.528783349338,1789.634042947386,2111.0657143672147,1938.8739522684043
conservative,2037,follicular,males,2,1950.057774510953,1795.44294287128,2130.4988808375574,1952.0517926339714
conservative,2038,follicular,males,2,1959.145323587996,1796.9693706730118,2145.8777093815247,1961.121065613891
conservative,2039,follicular,males,2,1963.4718138452652,1795.5875659129022,2156.6736922183454,1965.728405838019
conservative,2040,follicular,males,2,1962.7924646338902,1789.5790295774787,2163.375642589099,1966.3044494074354
conservative,2041,follicular,males,2,1959.954202087036,1779.6060942500453,2167.628864796828,1963.5963027787343
conservative,2042,follicular,males,2,1954.791229671243,1764.6256721465247,2170.7018188708844,1958.0974084707445
conservative,2043,follicular,males,2,1947.117910928471,1751.278547580474,2172.035439520612,1950.460534061262
conservative,2044,follicular,males,2,1938.2546812908972,1738.450956445358,2173.2092375210086,1942.9071555586402
conservative,2045,follicular,males,2,1930.896869830638,1726.3910830626157,2175.4239663930416,1936.8356149568367
conservative,2012,follicular,males,3,1659.2351017397448,1651.6795498582128,1666.3195420386478,1659.2237230750495
conservative,2013,follicular,males,3,1648.01229968642,1638.946175949377,1656.0385411060904,1647.802499147758
conservative,2014,follicular,males,3,1683.2446086818952,1673.8960291925855,1691.8632044449826,1683.3083508539135
conservative,2015,follicular,males,3,1707.2196279879452,1697.5635904016626,1716.0529536137296,1707.1709942007346
conservative,2016,follicular,males,3,1793.3325223915513,1783.1717683913323,1802.7125364673482,1793.2587173482975
conservative,2017,follicular,males,3,1906.787462886924,1898.298163016862,1915.4686706535674,1906.9159781323056
conservative,2018,follicular,males,3,1994.863902965214,1985.6800526786237,2002.9401003317917,1994.6844078754448
conservative,2019,follicular,males,3,2094.4711183066693,2085.9434607831486,2101.981043742218,2094.3543080686864
conservative,2020,follicular,males,3,2199.3515021510448,2189.709673213401,2208.101782694332,2199.329128905228
conservative,2021,follicular,males,3,2247.9529649986257,2237.3555283453434,2257.96159876824,2247.936854630796
conservative,2022,follicular,males,3,2301.311785033955,2257.435278670433,2346.930142933507,2301.2401523873777
conservative,2023,follicular,males,3,2305.0063364842754,2218.8433202903866,2394.641199267742,2305.3712421577734
conservative,2024,follicular,males,3,2391.794553080761,2263.127559355575,2525.416743961526,2391.6518228389914
conservative,2025,follicular,males,3,2446.1632687400433,2313.600113995096,2584.509207595477,2446.15873815728
conservative,2026,follicular,males,3,2500.129512818149,2363.5363513848315,2645.566705712675,2499.5531362947386
conservative,2027,follicular,males,3,2551.2277194001776,2408.8411522422516,2706.7241755022783,2551.4805351721475
conservative,2028,follicular,males,3,2601.049199638582,2453.8612003785925,2763.2973280544725,2600.62129444631
conservative,2029,follicular,males,3,2643.6051250394835,2492.32770360111,2818.3709206874555,2644.715848333985
conservative,2030,follicular,males,3,2682.446175617791,2523.750140816564,2864.7730384101246,2683.6691716667556
conservative,2031,follicular,males,3,2715.546765184413,2550.5160595523967,2905.7634699556825,2717.916464456678
conservative,2032,follicular,males,3,2745.1623696375746,2570.5813269942173,2944.641212318319,2747.9236537452425
conservative,2033,follicular,males,3,2771.27451362395,2583.83187581877,2985.632178804378,2774.12743881242
conservative,2034,follicular,males,3,2794.500632966136,2599.029895921531,3020.073702807138,2797.6432737434143
conservative,2035,follicular,males,3,2816.3239349312216,2614.4709220056498,3052.766229923508,2819.637016269372
conservative,2036,follicular,males,3,2837.5648737873457,2626.3796338033803,3083.343021308589,2841.13521186388
conservative,2037,follicular,males,3,2857.096736512619,2638.747312341945,3113.6045464316294,2860.2884644652436
conservative,2038,follicular,males,3,2871.2672282813824,2644.1108367191996,3141.1036911640113,2875.3955685962314
conservative,2039,follicular,males,3,2880.0914126257912,2642.107474217349,3162.5125767718555,2884.3468284771043
conservative,2040,follicular,males,3,2880.103322283816,2633.7430301465815,3174.7432482561007,2887.1679259782018
conservative,2041,follicular,males,3,2876.416666900922,2620.173491149331,3183.1654782820656,2884.682756633566
conservative,2042,follicular,males,3,2867.9684443022024,2602.076050578335,3189.5644796472297,2877.6663694104404
conservative,2043,follicular,males,3,2856.855093803193,2577.3869212387062,3194.523272877476,2867.071298513247
conservative,2044,follicular,males,3,2845.233833139556,2557.2894641925395,3189.6442590993383,2855.2719693982935
conservative,2045,follicular,males,3,2832.155066362813,2538.500261028792,3190.585354519406,2844.1207586728156
conservative,2012,follicular,males,5,2551.662371978297,2538.7692651073785,2563.5016897204887,2551.4051262033804
conservative,2013,follicular,males,5,2619.130873847309,2605.7652473630164,2632.4899516630535,2619.1199358620634
conservative,2014,follicular,males,5,2673.3675641173736,2660.097360387026,2686.740394973768,2673.3951830346073
conservative,2015,follicular,males,5,2725.5381027251824,2711.541862155888,2738.796088159963,2725.3564137893504
conservative,2016,follicular,males,5,2803.4468189691634,2789.7744243138004,2817.177568551103,2803.6043266735423
conservative,2017,follicular,males,5,2927.5737651165173,2914.936841846437,2939.9499262321165,2927.743823276468
conservative,2018,follicular,males,5,3068.7596441388223,3055.0810321774566,3082.0011900535847,3068.649322850832
conservative,2019,follicular,males,5,3208.110809389938,3195.552680390587,3221.747958687506,3208.3369231019756
conservative,2020,follicular,males,5,3406.325868850866,3393.1429871810196,3419.4056848962387,3406.496035521063
conservative,2021,follicular,males,5,3496.9558643499413,3483.0013188739586,3511.110161895296,3497.023199459716
conservative,2022,follicular,males,5,3582.3781336475145,3537.487563888048,3630.1477704269664,3582.9714181782283
conservative,2023,follicular,males,5,3703.652415453665,3614.4096230122104,3793.428729221586,3703.3078752075767
conservative,2024,follicular,males,5,3788.6419205808656,3655.359841814231,3922.2318669075585,3788.4808167223678
conservative,2025,follicular,males,5,3823.6805974874924,3647.638854724907,4000.0852307679625,3822.9013910261688
conservative,2026,follicular,males,5,3931.05925863795,3718.9930827297117,4157.865085546875,3932.644876800585
conservative,2027,follicular,males,5,4013.4409700929823,3788.6405689991007,4250.866827864322,4015.038826791646
conservative,2028,follicular,males,5,4091.0396977194923,3864.5583688013935,4339.345400763588,4093.0603240548708
conservative,2029,follicular,males,5,4164.9701883286125,3928.7643713929806,4428.147081198256,4165.866128282574
conservative,2030,follicular,males,5,4228.592039181834,3984.9696272911183,4511.66342508208,4232.479650022514
conservative,2031,follicular,males,5,4285.067572032573,4032.4801377301105,4581.112621905277,4291.203513194723
conservative,2032,follicular,males,5,4336.022152778029,4070.4531705998415,4643.264328885578,4342.098721342712
conservative,2033,follicular,males,5,4378.394918290766,4099.571343522164,4704.439428876347,4385.607185738581
conservative,2034,follicular,males,5,4415.365660082649,4122.620831205156,4766.06055526234,4423.416318782776
conservative,2035,follicular,males,5,4448.160196043236,4139.117980296773,4815.767028238468,4456.541520651758
conservative,2036,follicular,males,5,4479.1146884465115,4153.732583430441,4860.2398222851225,4486.510251673249
conservative,2037,follicular,males,5,4505.621668687174,4168.46088491139,4903.9252248843195,4513.715760477971
conservative,2038,follicular,males,5,4526.7361349544535,4176.505351269135,4944.171982375807,4536.719720080566
conservative,2039,follicular,males,5,4543.994165830009,4176.1771773503515,4974.874125090164,4553.327597653701
conservative,2040,follicular,males,5,4552.826535575016,4170.097218712207,5003.191827751392,4562.356943784046
conservative,2041,follicular,males,5,4553.345389280968,4153.142359853958,5014.5688094942825,4562.704611596374
conservative,2042,follicular,males,5,4544.454872173868,4128.519619825605,5025.2486106213655,4554.848688256447
conservative,2043,follicular,males,5,4529.554536314987,4096.68124976032,5030.810148958731,4540.105673925027
conservative,2044,follicular,males,5,4508.031991538634,4061.548641199949,5024.526234653711,4521.229100634794
conservative,2045,follicular,males,5,4485.276953266042,4024.6728743445155,5022.160381043729,4500.380680686022
conservative,2012,follicular,males,10,4331.55379258187,4242.847075604806,4414.793787088901,4331.270021132262
conservative,2013,follicular,males,10,4432.613475839803,4346.097783262704,4514.476278325145,4432.213147527168
conservative,2014,follicular,males,10,4569.353719542369,4486.545532464325,4649.682164332877,4569.1798585044735
conservative,2015,follicular,males,10,4690.2583355241295,4613.231220618838,4765.851403969855,4690.45104781727
conservative,2016,follicular,males,10,4814.467044654391,4743.805333130423,4885.141860351756,4814.300873013772
conservative,2017,follicular,males,10,5038.343670168168,4973.788072966493,5104.515220967158,5038.970265299505
conservative,2018,follicular,males,10,5240.791892777514,5181.216954687405,5302.468606467182,5241.326541047792
conservative,2019,follicular,males,10,5437.051852053895,5383.658532163527,5493.921006863993,5437.212347773888
conservative,2020,follicular,males,10,5684.126747088569,5623.525402983032,5742.355066952861,5683.277989054995
conservative,2021,follicular,males,10,5851.707417613839,5780.085198514145,5926.833594325789,5851.592489641318
conservative,2022,follicular,males,10,6037.463503960584,5958.845670354588,6117.545556419918,6038.6162576055995
conservative,2023,follicular,males,10,6264.572556041238,6164.436371859756,6377.6955252771795,6267.193753020004
conservative,2024,follicular,males,10,6470.554921597989,6329.746913705034,6614.184547952684,6471.283998313345
conservative,2025,follicular,males,10,6673.663811789991,6490.672750723442,6866.811390834019,6677.077227400172
conservative,2026,follicular,males,10,6856.835900217512,6620.7688293368155,7098.410930253954,6858.844564304134
conservative,2027,follicular,males,10,7010.319925217391,6731.06672404312,7290.798833106675,7011.079235493194
conservative,2028,follicular,males,10,7186.116223689773,6863.175225738194,7517.543912977671,7187.408770198757
conservative,2029,follicular,males,10,7316.40915467673,6951.075623723289,7699.41060585864,7318.872049797093
conservative,2030,follicular,males,10,7393.662969414427,6988.755605233408,7837.847603841719,7397.338222539039
conservative,2031,follicular,males,10,7526.520129231758,7076.879015118176,8024.074018804076,7531.067442839522
conservative,2032,follicular,males,10,7631.774310310642,7171.395388250971,8158.80393891392,7635.716948137196
conservative,2033,follicular,males,10,7724.297631942842,7242.21878030425,8275.739016420315,7728.882610885333
conservative,2034,follicular,males,10,7805.677200426989,7298.7693744245325,8394.780350136352,7811.08642139745
conservative,2035,follicular,males,10,7871.817403701316,7344.325335745758,8496.884531169371,7882.28185236612
conservative,2036,follicular,males,10,7931.349790809223,7378.897927988445,8587.703400760367,7942.337095373194
conservative,2037,follicular,males,10,7979.4904741581595,7408.239836247916,8665.164485275514,7991.057723164777
conservative,2038,follicular,males,10,8019.483118734189,7423.735813077595,8730.857085411932,8028.0685872520935
conservative,2039,follicular,males,10,8042.420653438934,7418.187962968888,8788.12030123296,8053.341473196636
conservative,2040,follicular,males,10,8055.17081830087,7401.6235309633885,8830.814492943058,8067.140950668523
conservative,2041,follicular,males,10,8060.067156979677,7381.99138000124,8865.516218769852,8070.051690463434
conservative,2042,follicular,males,10,8050.340951659497,7350.793578791542,8896.24648954845,8063.23001454677
conservative,2043,follicular,males,10,8029.427954537304,7304.2191671740375,8916.227488600784,8046.928576101265
conservative,2044,follicular,males,10,7998.557490065444,7242.8902759338625,8926.341843042825,8022.331831825218
conservative,2045,follicular,males,10,7965.1759724756,7176.567559719305,8929.848295273172,7990.713312489612
conservative,2012,follicular,males,40,7572.787331281631,6625.034762581983,8653.03785066358,7586.369727524591
conservative,2013,follicular,males,40,7879.60961703085,6887.655112444303,9008.29615835254,7895.588930246
conservative,2014,follicular,males,40,8230.023740344666,7196.069907274953,9428.87009023969,8246.953926292414
conservative,2015,follicular,males,40,8587.61045692565,7508.802590791151,9839.666159631497,8604.337804338613
conservative,2016,follicular,males,40,8971.08325088104,7844.983694538566,10277.11462939312,8983.313148848094
conservative,2017,follicular,males,40,9414.750736977085,8251.800071540785,10754.543960160889,9429.168373288328
conservative,2018,follicular,males,40,9839.031580430543,8639.96446197532,11242.028186385793,9853.251927488485
conservative,2019,follicular,males,40,10290.240775773402,9071.200088728348,11765.252898634932,10311.667745398894
conservative,2020,follicular,males,40,10809.017358539768,9558.435117397474,12347.183233072858,10831.447418321583
conservative,2021,follicular,males,40,11242.881287622527,9964.545984762204,12829.024116016064,11267.735086389472
conservative,2022,follicular,males,40,11680.820584020821,10380.874639762262,13256.915678761477,11694.952487574323
conservative,2023,follicular,males,40,12113.949242676306,10791.814167930359,13676.35092015999,12126.500886803042
conservative,2024,follicular,males,40,12553.321480938554,11231.19786206398,14094.196464228266,12557.87507275864
conservative,2025,follicular,males,40,12973.203070060343,11710.821574105905,14502.421562912787,12990.511625078201
conservative,2026,follicular,males,40,13403.541580377783,12164.816821213006,14895.930117894373,13422.438319268935
conservative,2027,follicular,males,40,13825.087490841834,12602.171720830684,15287.82108187794,13849.865011207052
conservative,2028,follicular,males,40,14253.5587634312,13065.964777898858,15679.181524444513,14276.544548232621
conservative,2029,follicular,males,40,14663.233236111537,13511.747648345641,16105.038798529169,14695.311492768229
conservative,2030,follicular,males,40,15053.021040956937,13929.345991702427,16458.737762337736,15094.181657893125
conservative,2031,follicular,males,40,15443.099861957282,14339.41740449821,16833.923464321433,15486.131387632813
conservative,2032,follicular,males,40,15821.869176323346,14720.497682625142,17185.261930119275,15860.46140816561
conservative,2033,follicular,males,40,16182.612170765395,15080.121541140457,17514.538488566723,16219.662038502036
conservative,2034,follicular,males,40,16529.33200554862,15454.909281209693,17866.240112764102,16571.680461554068
conservative,2035,follicular,males,40,16880.98606495661,15803.079562971274,18198.54548865985,16910.246896568508
conservative,2036,follicular,males,40,17183.470475898495,16102.613076605145,18553.512121970034,17232.657772007053
conservative,2037,follicular,males,40,17492.22060749744,16384.842848818793,18890.990760578643,17545.676363198036
conservative,2038,follicular,males,40,17794.56309721178,16660.48847808267,19236.135349626624,17844.909805960906
conservative,2039,follicular,males,40,18067.234588925243,16918.146608375722,19563.429501555744,18123.12260209144
conservative,2040,follicular,males,40,18330.05593549268,17075.09550582674,19888.5539780265,18373.711195486965
conservative,2041,follicular,males,40,18558.58555200922,17204.444583733002,20162.731085226445,18597.50613858918
conservative,2042,follicular,males,40,18764.48041818321,17357.278401795178,20475.756424893818,18803.32235460464
conservative,2043,follicular,males,40,18933.30782909789,17464.02777317535,20781.091995112107,18990.488840593025
conservative,2044,follicular,males,40,19095.925479167054,17550.24357754708,21056.44792732368,19155.257234167497
conservative,2045,follicular,males,40,19252.932059682156,17597.61702080244,21308.866158333007,19292.49022492459
optimistic,2012,follicular,males,2,1135.4699669663773,1130.0577699500811,1140.425397444216,1135.3525081354737
optimistic,2013,follicular,males,2,1120.13992182494,1112.6849280710246,1126.7216367936599,1120.050780634325
optimistic,2014,follicular,males,2,1131.3172838045048,1124.0873778759974,1137.6604639193893,1131.20610603495
optimistic,2015,follicular,males,2,1190.499235936202,1182.6541410776063,1197.0735139466472,1190.297745338441
optimistic,2016,follicular,males,2,1231.3316577980863,1222.8765915435722,1238.4088461555389,1231.1337676214664
optimistic,2017,follicular,males,2,1333.2946220145607,1327.30232369115,1338.505964300198,1333.1884110954259
optimistic,2018,follicular,males,2,1391.2257661614337,1385.418528577901,1396.5844564408474,1391.1530854089608
optimistic,2019,follicular,males,2,1423.4207038174573,1416.8450045346194,1429.1891937132896,1423.2558392026085
optimistic,2020,follicular,males,2,1543.3487811064356,1535.9748780306263,1549.7525185111776,1543.2358404133781
optimistic,2021,follicular,males,2,1543.3892798456045,1535.1101188362943,1551.0499377372942,1543.3410056664216
optimistic,2022,follicular,males,2,1528.2386963522836,1484.5445709473177,1573.3469234273512,1527.9908736012885
optimistic,2023,follicular,males,2,1603.2906582851783,1515.8988079968378,1691.111012691127,1602.7734526083218
optimistic,2024,follicular,males,2,1644.8681184398865,1555.2190393105338,1738.252311679267,1644.0629641898558
optimistic,2025,follicular,males,2,1683.898824379594,1590.210819468585,1783.1887267329544,1683.9462635398834
optimistic,2026,follicular,males,2,1723.874034966649,1627.3793889082608,1828.3814463412666,1724.04600057229
optimistic,2027,follicular,males,2,1763.3024381626037,1662.6714609582507,1872.0912492124771,1763.416167073928
optimistic,2028,follicular,males,2,1800.022446422626,1695.7094919428932,1914.9420855662179,1799.624483887861
optimistic,2029,follicular,males,2,1832.6586305739404,1722.6373730784208,1955.8047340025487,1832.2763729983756
optimistic,2030,follicular,males,2,1861.5015728498665,1743.8509586361317,1993.255448008705,1861.6128741419134
optimistic,2031,follicular,males,2,1887.2454113951198,1766.6763875410104,2026.3667780112248,1888.1025801055102
optimistic,2032,follicular,males,2,1910.174129768057,1782.362151035985,2056.637021424909,1911.951557660226
optimistic,2033,follicular,males,2,1932.2129198733119,1798.36136549374,2084.1387485900404,1933.2655241389728
optimistic,2034,follicular,males,2,1952.1210118711726,1811.4792416589603,2113.0674566611924,1953.247754438742
optimistic,2035,follicular,males,2,1970.0794992024416,1824.8043143601333,2142.498651163129,1972.3457556124024
optimistic,2036,follicular,males,2,1987.5675740626302,1834.55350563092,2168.213304705619,1990.7309681717236
optimistic,2037,follicular,males,2,2003.6039831671144,1841.405261220774,2190.9939598219635,2006.634541464796
optimistic,2038,follicular,males,2,2014.727440065174,1843.6247533616543,2212.1018029209654,2017.3072427168597
optimistic,2039,follicular,males,2,2020.2409004940419,1841.5267283675057,2225.2804210918785,2023.3344999492458
optimistic,2040,follicular,males,2,2021.049866055069,1835.5148781334035,2236.8461766670052,2025.139812331235
optimistic,2041,follicular,males,2,2019.498514392078,1826.1362059701398,2242.9491006205512,2023.539615776204
optimistic,2042,follicular,males,2,2014.241068754993,1813.818043546274,2246.883583244314,2019.088822071118
optimistic,2043,follicular,males,2,2007.5476842975745,1799.5815286581753,2248.137760107561,2012.4627771227567
optimistic,2044,follicular,males,2,2000.339260814373,1785.3529525437061,2248.6184807203012,2005.944782914914
optimistic,2045,follicular,males,2,1995.8008411642234,1773.0544142070216,2252.080969710937,2000.9385288093256
optimistic,2012,follicular,males,3,1659.2351017397448,1651.6795498582128,1666.3195420386478,1659.2237230750495
optimistic,2013,follicular,males,3,1648.01229968642,1638.946175949377,1656.0385411060904,1647.802499147758
optimistic,2014,follicular,males,3,1683.2446086818952,1673.8960291925855,1691.8632044449826,1683.3083508539135
optimistic,2015,follicular,males,3,1707.2196279879452,1697.5635904016626,1716.0529536137296,1707.1709942007346
optimistic,2016,follicular,males,3,1793.3325223915513,1783.1717683913323,1802.7125364673482,1793.2587173482975
optimistic,2017,follicular,males,3,1906.787462886924,1898.298163016862,1915.4686706535674,1906.9159781323056
optimistic,2018,follicular,males,3,1994.863902965214,1985.6800526786237,2002.9401003317917,1994.6844078754448
optimistic,2019,follicular,males,3,2094.4711183066693,2085.9434607831486,2101.981043742218,2094.3543080686864
optimistic,2020,follicular,males,3,2199.3515021510448,2189.709673213401,2208.101782694332,2199.329128905228
optimistic,2021,follicular,males,3,2247.9529649986257,2237.3555283453434,2257.96159876824,2247.936854630796
optimistic,2022,follicular,males,3,2302.1659524051365,2258.1252783389773,2348.0555966179654,2302.1730942398917
optimistic,2023,follicular,males,3,2309.277502018399,2222.619897219733,2398.672714994222,2309.125819062752
optimistic,2024,follicular,males,3,2400.13088668178,2271.3831263677152,2536.300475944359,2400.9242490438
optimistic,2025,follicular,males,3,2461.85361666404,2327.008198087971,2602.1654855127313,2461.350596488829
optimistic,2026,follicular,males,3,2521.82461632746,2382.5324321975895,2670.920167657887,2521.034422172941
optimistic,2027,follicular,males,3,2578.946105077942,2431.510507701091,2736.781635240837,2579.5777687287364
optimistic,2028,follicular,males,3,2635.761952992285,2482.994438353353,2803.869852671185,2635.6028659282397
optimistic,2029,follicular,males,3,2687.464072168108,2531.0028333900714,2861.274074815259,2686.7781841209285
optimistic,2030,follicular,males,3,2731.7088538439893,2564.718345493771,2916.34531140676,2733.018454955664
optimistic,2031,follicular,males,3,2773.1950245847556,2604.1892891643224,2969.444876236179,2774.690033807148
optimistic,2032,follicular,males,3,2809.7125169745855,2628.6786472531585,3018.131805553885,2812.2997478360394
optimistic,2033,follicular,males,3,2843.7417395319,2652.9675619317195,3064.4444497245795,2846.1981338903065
optimistic,2034,follicular,males,3,2873.9307415811613,2672.4605358121894,3107.5919880594734,2877.243870715067
optimistic,2035,follicular,males,3,2902.530039126611,2690.840343872995,3148.0974692632626,2906.5772958031807
optimistic,2036,follicular,males,3,2931.8521073499032,2707.746380983564,3189.0666533312587,2935.2344398940245
optimistic,2037,follicular,males,3,2958.3904680281566,2721.003163446271,3230.146551499157,2960.8316680366747
optimistic,2038,follicular,males,3,2977.7753916704955,2730.6714878544185,3263.22903015827,2981.2258417414673
optimistic,2039,follicular,males,3,2988.5602737575346,2732.971428053917,3284.7444838957326,2992.974909378428
optimistic,2040,follicular,males,3,2992.528855074938,2726.2106619466626,3301.1979067139096,2998.2293610055144
optimistic,2041,follicular,males,3,2989.238358365965,2717.7194328129162,3310.806953909671,2997.831187489979
optimistic,2042,follicular,males,3,2982.882740574215,2700.418309360586,3319.446989606123,2992.6068994887364
optimistic,2043,follicular,males,3,2973.374571306216,2679.5120715762396,3321.666704885599,2983.6039491406805
optimistic,2044,follicular,males,3,2961.98682384091,2661.353536755143,3321.9717706334204,2973.30645025241
optimistic,2045,follicular,males,3,2951.7528902765516,2643.656587927071,3322.1131282944893,2963.6297973457945
optimistic,2012,follicular,males,5,2551.662371978297,2538.7692651073785,2563.5016897204887,2551.4051262033804
optimistic,2013,follicular,males,5,2619.130873847309,2605.7652473630164,2632.4899516630535,2619.1199358620634
optimistic,2014,follicular,males,5,2673.3675641173736,2660.097360387026,2686.740394973768,2673.3951830346073
optimistic,2015,follicular,males,5,2725.5381027251824,2711.541862155888,2738.796088159963,2725.3564137893504
optimistic,2016,follicular,males,5,2803.4468189691634,2789.7744243138004,2817.177568551103,2803.6043266735423
optimistic,2017,follicular,males,5,2927.5737651165173,2914.936841846437,2939.9499262321165,2927.743823276468
optimistic,2018,follicular,males,5,3068.7596441388223,3055.0810321774566,3082.0011900535847,3068.649322850832
optimistic,2019,follicular,males,5,3208.110809389938,3195.552680390587,3221.747958687506,3208.3369231019756
optimistic,2020,follicular,males,5,3406.325868850866,3393.1429871810196,3419.4056848962387,3406.496035521063
optimistic,2021,follicular,males,5,3496.9558643499413,3483.0013188739586,3511.110161895296,3497.023199459716
optimistic,2022,follicular,males,5,3583.2156820547043,3538.193992903276,3631.200953756092,3583.9043600307423
optimistic,2023,follicular,males,5,3707.772776528106,3618.491530151607,3797.7521865408066,3707.062452112555
optimistic,2024,follicular,males,5,3798.4320261881085,3665.6002875123345,3933.1978954123265,3797.7532429271764
optimistic,2025,follicular,males,5,3841.5367062933315,3665.7565269246006,4020.7627479635184,3840.8756390546664
optimistic,2026,follicular,males,5,3962.358552591445,3746.19080754203,4191.637720732722,3963.025540987074
optimistic,2027,follicular,males,5,4055.8486131117265,3834.4788993321754,4294.694305203065,4058.433588245126
optimistic,2028,follicular,males,5,4146.654835391797,3917.1295729200856,4402.828559840236,4149.976766704344
optimistic,2029,follicular,males,5,4233.752267458501,3999.3082340649894,4507.400142353432,4236.761012663214
optimistic,2030,follicular,males,5,4311.598551830479,4060.1878580852667,4601.203322253491,4317.821391292207
optimistic,2031,follicular,males,5,4384.517041432933,4119.612746996381,4693.027333058356,4391.375781913526
optimistic,2032,follicular,males,5,4447.979225385547,4167.855716635876,4776.528131436435,4457.550318870675
optimistic,2033,follicular,males,5,4507.469459002264,4212.119135353766,4856.395716577086,4516.657033330343
optimistic,2034,follicular,males,5,4559.7339529985065,4248.030650198352,4931.0844106904215,4570.241093180657
optimistic,2035,follicular,males,5,4608.281808419502,4283.34261413705,4996.387440459528,4619.193477265353
optimistic,2036,follicular,males,5,4654.653039102501,4315.250809948441,5061.263918075092,4664.90956457591
optimistic,2037,follicular,males,5,4696.952451666466,4337.131176817378,5125.514185091569,4707.59871007797
optimistic,2038,follicular,males,5,4736.299197436261,4356.009303784763,5182.030986356886,4745.265341491905
optimistic,2039,follicular,males,5,4766.16455549568,4373.338105563881,5226.180439315519,4774.226573195497
optimistic,2040,follicular,males,5,4784.43100375102,4372.11243096137,5267.243895155541,4792.085770737674
optimistic,2041,follicular,males,5,4787.432979886492,4359.665039378412,5286.087548226866,4796.815373780976
optimistic,2042,follicular,males,5,4781.949522030727,4338.671337218636,5294.107339847369,4792.470254673565
optimistic,2043,follicular,males,5,4770.120022186535,4310.656488882532,5292.566113319294,4780.367889082456
optimistic,2044,follicular,males,5,4752.518461206677,4281.1691945644425,5285.969299231026,4763.304135853273
optimistic,2045,follicular,males,5,4732.559629518653,4243.659486890778,5288.989969550802,4743.644516009514
optimistic,2012,follicular,males,10,4331.55379258187,4242.847075604806,4414.793787088901,4331.270021132262
optimistic,2013,follicular,males,10,4432.613475839803,4346.097783262704,4514.476278325145,4432.213147527168
optimistic,2014,follicular,males,10,4569.353719542369,4486.545532464325,4649.682164332877,4569.1798585044735
optimistic,2015,follicular,males,10,4690.2583355241295,4613.231220618838,4765.851403969855,4690.45104781727
optimistic,2016,follicular,males,10,4814.467044654391,4743.805333130423,4885.141860351756,4814.300873013772
optimistic,2017,follicular,males,10,5038.343670168168,4973.788072966493,5104.515220967158,5038.970265299505
optimistic,2018,follicular,males,10,5240.791892777514,5181.216954687405,5302.468606467182,5241.326541047792
optimistic,2019,follicular,males,10,5437.051852053895,5383.658532163527,5493.921006863993,5437.212347773888
optimistic,2020,follicular,males,10,5684.126747088569,5623.525402983032,5742.355066952861,5683.277989054995
optimistic,2021,follicular,males,10,5851.707417613839,5780.085198514145,5926.833594325789,5851.592489641318
optimistic,2022,follicular,males,10,6038.501670640812,5959.764624300044,6118.492567051562,6039.549199458113
optimistic,2023,follicular,males,10,6268.247719929998,6168.151833780563,6382.180316034108,6270.948329924982
optimistic,2024,follicular,males,10,6479.064218419135,6339.704022867261,6625.945580061657,6480.556424518154
optimistic,2025,follicular,males,10,6691.63956330218,6507.1329562505625,6889.189652986026,6695.05147542867
optimistic,2026,follicular,males,10,6886.929953582223,6650.371744806613,7127.651044745084,6889.2252284906235
optimistic,2027,follicular,males,10,7056.105658414408,6775.280771752346,7343.640583566577,7058.577211561663
optimistic,2028,follicular,males,10,7255.056746236853,6928.514469712915,7597.40135956567,7257.469425544622
optimistic,2029,follicular,males,10,7415.607369410804,7040.152854461234,7810.8897563902165,7417.706438989665
optimistic,2030,follicular,males,10,7529.603021387263,7107.690000855159,7984.269355187852,7531.980332027945
optimistic,2031,follicular,males,10,7704.431982377868,7239.145710825734,8221.897604860847,7709.29091261693
optimistic,2032,follicular,males,10,7855.217600935023,7362.750472521853,8414.639007490234,7859.686705658802
optimistic,2033,follicular,males,10,7995.174590739576,7479.8893406233765,8603.991199885617,8000.416291072088
optimistic,2034,follicular,males,10,8124.191645763205,7583.825941904837,8779.972781320132,8131.615134283234
optimistic,2035,follicular,males,10,8241.621468292957,7657.519792187672,8936.65221365582,8252.93121120297
optimistic,2036,follicular,males,10,8352.373637939509,7724.826339194209,9087.372819212751,8363.935457392583
optimistic,2037,follicular,males,10,8452.406430614543,7785.3179633393665,9225.134314082403,8464.001294206619
optimistic,2038,follicular,males,10,8539.44995956852,7829.467724013868,9357.982173292341,8552.237575188137
optimistic,2039,follicular,males,10,8613.0817870621,7848.754462450019,9473.345421519492,8627.286991622652
optimistic,2040,follicular,males,10,8677.449053412483,7863.3131295373805,9573.732018221683,8688.171453433844
optimistic,2041,follicular,males,10,8727.95261463438,7857.755987651472,9665.261077769015,8734.543314662329
optimistic,2042,follicular,males,10,8758.717033250436,7851.351400654098,9734.24361091888,8765.820726322267
optimistic,2043,follicular,males,10,8772.061760262988,7832.655765273282,9785.24001101474,8781.153426468178
optimistic,2044,follicular,males,10,8767.979388091746,7798.909767317792,9833.27382632209,8780.50757374929
optimistic,2045,follicular,males,10,8746.768826414182,7748.530130457385,9860.994493086195,8764.20760360195
optimistic,2012,follicular,males,40,7572.787331281631,6625.034762581983,8653.03785066358,7586.369727524591
optimistic,2013,follicular,males,40,7879.60961703085,6887.655112444303,9008.29615835254,7895.588930246
optimistic,2014,follicular,males,40,8230.023740344666,7196.069907274953,9428.87009023969,8246.953926292414
optimistic,2015,follicular,males,40,8587.61045692565,7508.802590791151,9839.666159631497,8604.337804338613
optimistic,2016,follicular,males,40,8971.08325088104,7844.983694538566,10277.11462939312,8983.313148848094
optimistic,2017,follicular,males,40,9414.750736977085,8251.800071540785,10754.543960160889,9429.168373288328
optimistic,2018,follicular,males,40,9839.031580430543,8639.96446197532,11242.028186385793,9853.251927488485
optimistic,2019,follicular,males,40,10290.240775773402,9071.200088728348,11765.252898634932,10311.667745398894
optimistic,2020,follicular,males,40,10809.017358539768,9558.435117397474,12347.183233072858,10831.447418321583
optimistic,2021,follicular,males,40,11242.881287622527,9964.545984762204,12829.024116016064,11267.735086389472
optimistic,2022,follicular,males,40,11681.726403673696,10382.230613256508,13258.209362600352,11695.885429426837
optimistic,2023,follicular,males,40,12118.140124385347,10797.270271576968,13681.598654603034,12130.25546370802
optimistic,2024,follicular,males,40,12561.212113882604,11243.496826608702,14103.887950878472,12567.147498963448
optimistic,2025,follicular,males,40,12989.85898819927,11731.24724299182,14526.447116262048,13008.485873106698
optimistic,2026,follicular,males,40,13436.0967024396,12197.942791954161,14920.181461742657,13452.818983455423
optimistic,2027,follicular,males,40,13874.295595184436,12646.295797087101,15343.202906538125,13897.362987275523
optimistic,2028,follicular,males,40,14322.156130338772,13135.634381364645,15754.464810728963,14346.605203578487
optimistic,2029,follicular,males,40,14762.526139722297,13610.696886471007,16208.951180155214,14794.145881960801
optimistic,2030,follicular,males,40,15186.554346531837,14052.272046322872,16605.69773494321,15228.823767382031
optimistic,2031,follicular,males,40,15624.741033724918,14501.96633002462,16995.357326316538,15664.35485741022
optimistic,2032,follicular,males,40,16058.639942575646,14931.409543736803,17394.399127740082,16090.850989641223
optimistic,2033,follicular,males,40,16467.824027101204,15385.858744495528,17807.97787614472,16511.414896278402
optimistic,2034,follicular,males,40,16897.360831037426,15819.809198354866,18243.36353368657,16934.475013894596
optimistic,2035,follicular,males,40,17295.71497884008,16177.690997961308,18685.55662472822,17354.26853550321
optimistic,2036,follicular,males,40,17711.980420887987,16583.11554587468,19125.088196555615,17768.57947600552
optimistic,2037,follicular,males,40,18132.237763905832,16955.93033510266,19584.361697778473,18184.383721431175
optimistic,2038,follicular,males,40,18549.205650051594,17286.41086793248,20090.07825486609,18597.318010743875
optimistic,2039,follicular,males,40,18965.23838850308,17575.1294679028,20674.5657959909,18999.230067031913
optimistic,2040,follicular,males,40,19347.892880609084,17834.699260572783,21258.054257880896,19382.71938387039
optimistic,2041,follicular,males,40,19708.15494439847,18009.422200945723,21795.282632103765,19748.182016091116
optimistic,2042,follicular,males,40,20063.25543456793,18205.251660951726,22357.021109511625,20102.922123487973
optimistic,2043,follicular,males,40,20397.37180265815,18321.7154180425,22885.161537454547,20445.60326839353
optimistic,2044,follicular,males,40,20731.662700991383,18435.597210937,23394.132080602765,20771.7885245547
optimistic,2045,follicular,males,40,21015.883168271263,18526.22532185975,23898.69061474284,21075.7273048085
base,2012,follicular,females,2,913.3229196654758,909.4983660613372,916.8092217578973,913.2469761473536
base,2013,follicular,females,2,992.0423004464492,985.4950937041367,996.5895143130134,991.8390793391908
base,2014,follicular,females,2,1029.4774992475132,1022.7501359522427,1034.3632649081817,1029.3155498309595
base,2015,follicular,females,2,1031.6678156257592,1024.6414428040146,1036.6221761013269,1031.3764200684686
base,2016,follicular,females,2,1051.6973637786914,1044.783094310941,1056.5759804291486,1051.3862914612891
base,2017,follicular,females,2,1158.8534083396119,1153.547196420529,1163.0033055176095,1158.623336188906
base,2018,follicular,females,2,1166.0968544964535,1160.29271097703,1170.5278501556768,1165.8386491976805
base,2019,follicular,females,2,1120.3267345661393,1114.3658015106232,1124.718735535415,1120.0225136695622
base,2020,follicular,females,2,1239.2510507240497,1232.6271333157815,1244.14356100523,1239.002001476237
base,2021,follicular,females,2,1263.2858226932974,1255.5753790694446,1269.4749357066423,1263.0372351733736
base,2022,follicular,females,2,1213.3557722110204,1175.535750218315,1248.8949951722823,1212.9690448738886
base,2023,follicular,females,2,1263.131065546194,1189.7469167791787,1335.5844374757096,1262.0869019954268
base,2024,follicular,females,2,1290.3344528693813,1215.8584941290758,1363.0001211088932,1288.9252120215874
base,2025,follicular,females,2,1313.9951123394526,1238.1727182490545,1388.8624572693623,1313.6212860735375
base,2026,follicular,females,2,1337.43480272355,1259.0315836647692,1416.296010684391,1337.2330295189538
base,2027,follicular,females,2,1358.679813373704,1278.0072959537615,1442.241084635362,1358.9204885752129
base,2028,follicular,females,2,1377.0910046464423,1293.7514080181134,1464.3892114597293,1377.2661010758527
base,2029,follicular,females,2,1391.6608938901813,1306.6676457756803,1483.2669376655224,1392.591096091863
base,2030,follicular,females,2,1404.2459251410419,1314.5685250136296,1502.2292636189409,1404.9328705115252
base,2031,follicular,females,2,1413.8831288881374,1317.7276872015968,1517.9242582698869,1414.4144424919216
base,2032,follicular,females,2,1420.74165545342,1320.1204512104302,1529.5264773058318,1420.961790327958
base,2033,follicular,females,2,1424.9121769473695,1317.6395067880478,1538.78793615634,1424.8461334172898
base,2034,follicular,females,2,1429.072221548614,1315.7021780316525,1547.8587312363957,1428.0229236406653
base,2035,follicular,females,2,1430.5907365819608,1316.114109550545,1555.471328720165,1430.5177917666417
base,2036,follicular,females,2,1431.502835191337,1311.527497818363,1563.0384704765538,1432.046910552464
base,2037,follicular,females,2,1429.7750475638413,1306.4228775042034,1567.9387896108453,1431.4510825196967
base,2038,follicular,females,2,1425.5044369358468,1297.086028474067,1569.1741649159146,1427.259853490292
base,2039,follicular,females,2,1418.0648500320942,1286.7652038890924,1567.054260319746,1419.7175226942752
base,2040,follicular,females,2,1407.8459710703412,1273.2781342388655,1561.7027753322232,1409.2179137336361
base,2041,follicular,females,2,1395.5249374996827,1257.463789397352,1550.048871710796,1396.159090275445
base,2042,follicular,females,2,1380.9430127507817,1239.9256828025061,1537.3552120043653,1381.1836033576274
base,2043,follicular,females,2,1365.0290128100014,1219.1381343193846,1524.7857214333394,1365.0063714822568
base,2044,follicular,females,2,1349.9014875318453,1199.0043392798084,1512.3676008698974,1349.2822363751732
base,2045,follicular,females,2,1335.7645903812931,1180.6250114132918,1502.778100086219,1334.9912307730062
base,2012,follicular,females,3,1370.4341221469244,1364.8420657843535,1376.4369509012972,1370.436832490857
base,2013,follicular,females,3,1393.763639377109,1386.606220619348,1399.9960350204883,1393.7037949728133
base,2014,follicular,females,3,1504.6568033648214,1496.2255359122407,1511.322106456317,1504.3226962699116
base,2015,follicular,females,3,1510.2956144164584,1501.65892500982,1516.946113659086,1509.9606936415644
base,2016,follicular,females,3,1560.9039520605625,1552.1025949242849,1567.8846261688345,1560.6493797968194
base,2017,follicular,females,3,1643.3669277325469,1635.5221891458596,1649.1219566804941,1643.108572838351
base,2018,follicular,females,3,1694.1872573851376,1686.1776864338278,1701.1021336642993,1694.1020824079849
base,2019,follicular,females,3,1704.8630575457578,1698.0651111604373,1711.191671178272,1704.7431565635354
base,2020,follicular,females,3,1773.1451613087163,1765.2867821661782,1780.2251953548669,1772.9206113397345
base,2021,follicular,females,3,1805.3390948349813,1796.094430236075,1813.5003967124944,1805.043820036832
base,2022,follicular,females,3,1863.0787161970388,1825.3140509924524,1899.278155260012,1862.858242206287
base,2023,follicular,females,3,1828.6169449679421,1754.9605831944143,1900.951575956208,1828.3796886853313
base,2024,follicular,females,3,1888.1204567910097,1778.2809937733396,1995.7967417897162,1888.1915220919313
base,2025,follicular,females,3,1925.3938686491622,1814.762386994237,2038.6308585826557,1926.5353865872387
base,2026,follicular,females,3,1962.7138520240658,1848.1765715175873,2081.906187541342,1962.758214956859
base,2027,follicular,females,3,1994.9802538011652,1879.136235779808,2119.905697998148,1996.3452500152518
base,2028,follicular,females,3,2024.8419222061814,1905.7140670527988,2154.7005618804055,2026.5011919850174
base,2029,follicular,females,3,2050.071616163803,1926.1744276331972,2185.9413976885608,2051.8591073667485
base,2030,follicular,females,3,2070.692420102784,1937.858968280033,2215.171679990519,2072.6518093644586
base,2031,follicular,females,3,2086.323768759852,1948.409692944814,2237.9981354993865,2088.9643724079597
base,2032,follicular,females,3,2098.176900322374,1954.545137582,2262.518947096339,2100.7930367728595
base,2033,follicular,females,3,2105.474282154524,1956.0626773663548,2279.5615556774364,2108.6457406070353
base,2034,follicular,females,3,2110.6737205249083,1955.0395217587695,2290.247709127736,2113.161267481749
base,2035,follicular,females,3,2113.97913080957,1950.831651977032,2300.2747985210117,2116.528446657154
base,2036,follicular,females,3,2115.296197826294,1947.3002893184666,2311.2655649110447,2119.029538848314
base,2037,follicular,females,3,2114.943400179629,1940.0061555438785,2320.313485039071,2118.7655025831186
base,2038,follicular,females,3,2110.1309661288446,1931.5012539339996,2324.093737623367,2114.6139210469337
base,2039,follicular,females,3,2101.219302292891,1916.2909165298286,2320.0445909768628,2105.3071474203493
base,2040,follicular,females,3,2087.9107620459768,1897.9549054168644,2311.5893079696875,2091.199959708452
base,2041,follicular,females,3,2070.3008978989656,1870.498256904274,2300.002605015173,2072.8783987168895
base,2042,follicular,females,3,2048.168589368499,1845.5944016204887,2281.6341005384,2051.1028163431174
base,2043,follicular,females,3,2023.1066325823735,1818.4490898826787,2261.0115353048545,2026.8460113972733
base,2044,follicular,females,3,1998.2184817934572,1785.5538813622284,2242.0230764835655,2002.2011728926718
base,2045,follicular,females,3,1974.658421734703,1757.8034540456474,2224.8647543479346,1978.469703835394
base,2012,follicular,females,5,2219.946571119526,2208.5149056871473,2230.8742064568037,2219.9809355734014
base,2013,follicular,females,5,2259.2662469645848,2248.127685288993,2269.763693738597,2259.1603810869915
base,2014,follicular,females,5,2315.261165979015,2304.0194867656264,2325.0870705286975,2315.1797107210054
base,2015,follicular,females,5,2341.4899966104276,2330.092921907024,2350.8127926827556,2341.1188638662607
base,2016,follicular,females,5,2467.089964505573,2454.4002571629867,2477.573219863011,2466.7551509888185
base,2017,follicular,females,5,2581.750105763257,2569.5397826952894,2591.410364099653,2581.3093155487754
base,2018,follicular,females,5,2639.691227627075,2626.59117422003,2650.030344492903,2639.2435941877984
base,2019,follicular,females,5,2671.637289942867,2659.7408927968836,2682.6805800159173,2671.587920264973
base,2020,follicular,females,5,2838.277611549199,2826.244334372049,2849.578214703853,2838.175395303197
base,2021,follicular,females,5,2871.4669813776604,2859.4370417585515,2881.9725324976853,2871.419129193628
base,2022,follicular,females,5,2889.870498646602,2852.3817836718017,2928.464772446507,2889.861048263492
base,2023,follicular,females,5,2972.286529450007,2897.4291456358183,3044.6112361458922,2971.8172393203163
base,2024,follicular,females,5,3053.6616957917468,2944.6687484450035,3161.4019558087584,3053.3397568076775
base,2025,follicular,females,5,3046.733803962167,2902.858681137969,3190.562621272844,3046.042934140605
base,2026,follicular,females,5,3129.803009802676,2949.771676356394,3310.852167150768,3128.48353269934
base,2027,follicular,females,5,3188.154858922484,3003.148688825302,3379.377148812231,3189.154522775156
base,2028,follicular,females,5,3241.371004475499,3054.12002490076,3446.1784938192545,3244.849082284557
base,2029,follicular,females,5,3291.4318319978474,3096.0509839766896,3507.46201257918,3295.2329077174213
base,2030,follicular,females,5,3334.7781849338235,3134.992466862711,3564.897339688929,3339.604823635038
base,2031,follicular,females,5,3372.1594895136504,3161.670273319404,3613.0161295961584,3376.6087594499922
base,2032,follicular,females,5,3401.333828259993,3183.997847729885,3647.387449319359,3406.3083204919235
base,2033,follicular,females,5,3423.4645968392992,3193.362156148759,3693.7507032718368,3429.075500774799
base,2034,follicular,females,5,3440.64966319049,3194.2618632460762,3719.0435161198952,3445.7351602070444
base,2035,follicular,females,5,3450.974090033335,3195.7047864690558,3742.986724578638,3455.750515426389
base,2036,follicular,females,5,3454.975627080852,3188.046007783873,3759.938936974116,3458.942232762164
base,2037,follicular,females,5,3455.295448685142,3177.6192799105584,3779.3644320439053,3459.133375001012
base,2038,follicular,females,5,3451.488188575076,3160.921117864384,3785.9045255793376,3454.984948643397
base,2039,follicular,females,5,3442.088082484449,3138.39584530523,3789.1642058019092,3444.8127335078557
base,2040,follicular,females,5,3424.4110857814862,3114.9625186579,3781.039101957096,3427.8304576833134
base,2041,follicular,females,5,3399.8920746720632,3084.4809575552927,3766.1221613444077,3403.086386553438
base,2042,follicular,females,5,3369.3889265370344,3043.80435982305,3738.451986246705,3371.452792307031
base,2043,follicular,females,5,3331.3505292906657,2999.641999494675,3714.9832417026655,3334.2011485043745
base,2044,follicular,females,5,3290.995918216663,2955.0884835017937,3681.375873211867,3293.7712161480804
base,2045,follicular,females,5,3249.691267672225,2909.812146994031,3645.262132185889,3252.143600700988
base,2012,follicular,females,10,3782.966335149913,3703.4951678079183,3859.586063267737,3782.5786047002716
base,2013,follicular,females,10,3898.4070385894947,3819.920333820001,3969.769524468856,3897.6567226298585
base,2014,follicular,females,10,4027.2029250156193,3952.0178883388626,4096.821985372932,4026.854146171238
base,2015,follicular,females,10,4119.497667223619,4046.7038932204473,4187.035189452797,4118.374526630033
base,2016,follicular,females,10,4264.692672899482,4197.362841014668,4330.225154798569,4264.11322357223
base,2017,follicular,females,10,4440.230569773291,4379.8051362324995,4497.811498671694,4439.485006501757
base,2018,follicular,females,10,4547.6117577154655,4496.99424776433,4597.703461687824,4546.7995805934115
base,2019,follicular,females,10,4644.383287327742,4601.275526239199,4688.254189407395,4644.42087204055
base,2020,follicular,females,10,4856.618116396922,4810.941769978202,4903.394615000268,4857.3338397198695
base,2021,follicular,females,10,5013.525038120873,4950.013995752186,5072.6959594371365,5013.130415047681
base,2022,follicular,females,10,5138.25619746341,5072.735135637061,5203.608029522007,5138.6341380644935
base,2023,follicular,females,10,5270.977874333601,5182.390002314443,5361.045767434042,5272.591793843738
base,2024,follicular,females,10,5389.040097848732,5269.366526968813,5505.501465297802,5390.390833276339
base,2025,follicular,females,10,5525.19019392011,5373.317618327701,5678.970193794466,5527.401738876433
base,2026,follicular,females,10,5640.863040856043,5448.954419893183,5827.5708057953325,5642.6163438782505
base,2027,follicular,females,10,5725.644058112297,5505.4622609680355,5952.451783523884,5729.642248686916
base,2028,follicular,females,10,5871.608441072905,5613.216292484314,6140.925502002441,5873.054753944829
base,2029,follicular,females,10,6006.123797027489,5710.7885081909535,6314.52765558303,6009.0673077147985
base,2030,follicular,females,10,6056.830619903637,5725.754341970136,6412.176690251309,6062.562657647249
base,2031,follicular,females,10,6180.773646508625,5814.02348439259,6589.101557578554,6190.377745869767
base,2032,follicular,females,10,6282.994218386613,5896.70634480978,6715.439915517651,6289.752135187556
base,2033,follicular,females,10,6373.533973737496,5955.420223678598,6826.590354076917,6377.970057863456
base,2034,follicular,females,10,6449.773110377029,6006.908434022771,6917.773037946188,6454.9914509880755
base,2035,follicular,females,10,6514.616959746896,6052.86644590954,7017.274157325929,6519.315318153929
base,2036,follicular,females,10,6563.326194190189,6080.413008572514,7096.8606139661215,6569.390560613981
base,2037,follicular,females,10,6594.023594902947,6097.0256967301075,7164.31984238292,6604.13713135617
base,2038,follicular,females,10,6612.020504637911,6094.2391420439835,7210.745492606038,6622.787528703245
base,2039,follicular,females,10,6613.191005406788,6067.510831352844,7243.956700505305,6624.874877293911
base,2040,follicular,females,10,6597.75358073166,6023.819190874144,7257.970164400601,6609.981834765734
base,2041,follicular,females,10,6567.099557894982,5965.365817046831,7252.26113495797,6577.60611659658
base,2042,follicular,females,10,6524.295590491984,5906.641947195292,7224.962461958401,6535.847810923413
base,2043,follicular,females,10,6469.900225148143,5834.215758818956,7200.710729332846,6484.647850319013
base,2044,follicular,females,10,6407.635020741753,5748.231592601703,7160.331812266814,6424.774563608759
base,2045,follicular,females,10,6342.6664414176,5664.765820090572,7108.680668862152,6357.4131901366645
base,2012,follicular,females,40,6313.552567421655,5588.841762155215,7230.003166008742,6347.81343006843
base,2013,follicular,females,40,6586.203095957888,5824.562013495382,7553.236080804128,6625.912332672329
base,2014,follicular,females,40,6891.941185691534,6102.147311588217,7907.538050780895,6935.2435230981555
base,2015,follicular,females,40,7162.970195853426,6336.72594913491,8221.684945041803,7209.553477377346
base,2016,follicular,females,40,7484.864109879563,6629.391996993727,8590.076622919954,7533.195134892582
base,2017,follicular,females,40,7863.641541080448,6983.588105669584,9012.698053150953,7914.058603024059
base,2018,follicular,females,40,8188.904474360021,7289.7793062591045,9370.755538271713,8239.670189745497
base,2019,follicular,females,40,8514.63685980663,7580.775699616223,9738.027770637524,8566.23517458384
base,2020,follicular,females,40,8956.066608452527,8000.1652465029865,10218.500871937958,9008.189668395986
base,2021,follicular,females,40,9303.644403383692,8330.400109280305,10605.645159621286,9354.697284295236
base,2022,follicular,females,40,9653.242913799437,8690.55873979008,10957.927987058309,9701.552503058907
base,2023,follicular,females,40,10011.53843530941,9056.927680424868,11313.653864515074,10060.237187195524
base,2024,follicular,females,40,10377.827066733556,9437.699077933954,11643.433998661336,10423.294822521548
base,2025,follicular,females,40,10746.637793203123,9821.189567894098,11999.931879883785,10792.884207056242
base,2026,follicular,females,40,11126.913801733066,10221.34893239455,12348.681543617686,11170.647349000506
base,2027,follicular,females,40,11517.632682029121,10634.90419927243,12697.064184103176,11551.99513690507
base,2028,follicular,females,40,11912.740888640972,11040.744891959306,13064.366675154475,11942.554007241662
base,2029,follicular,females,40,12301.907985629412,11433.207844915778,13409.969393672263,12332.801132700924
base,2030,follicular,females,40,12694.898283449766,11830.177232035707,13800.949647665575,12729.20412210379
base,2031,follicular,females,40,13096.817700911126,12230.20985330926,14171.445200694372,13127.08835438842
base,2032,follicular,females,40,13491.287571107627,12602.720992442015,14535.572141780025,13520.5467258461
base,2033,follicular,females,40,13888.769050278715,13000.54763856632,14935.50935128017,13916.52682092459
base,2034,follicular,females,40,14277.55292121187,13361.43245829684,15303.957178137101,14305.339761465742
base,2035,follicular,females,40,14675.041385910168,13747.64290151726,15677.41406908581,14692.46166125368
base,2036,follicular,females,40,15064.02246671827,14088.84268249088,16082.76323223885,15072.732468952638
base,2037,follicular,females,40,15443.798857170976,14418.630933789791,16514.578627648116,15448.34179621846
base,2038,follicular,females,40,15826.344420714324,14740.7228016297,16904.87955023155,15818.043116671317
base,2039,follicular,females,40,16192.410547739386,15057.872405815673,17371.03516673128,16178.169373478542
base,2040,follicular,females,40,16546.28805661614,15306.998221957945,17806.37486528216,16521.660036388654
base,2041,follicular,females,40,16885.141851830125,15537.2378911112,18238.420977139896,16852.571296283477
base,2042,follicular,females,40,17177.024700780035,15681.236546625807,18621.869015030574,17158.63656347829
base,2043,follicular,females,40,17483.361255343603,15894.298933481838,19036.981236673346,17459.063728022407
base,2044,follicular,females,40,17771.095843480005,16041.676778089291,19456.815050320918,17740.345121327715
base,2045,follicular,females,40,18020.966070195907,16181.259795606042,19849.887229407996,18006.385984009663
conservative,2012,follicular,females,2,913.3229196654758,909.4983660613372,916.8092217578973,913.2469761473536
conservative,2013,follicular,females,2,992.0423004464492,985.4950937041367,996.5895143130134,991.8390793391908
conservative,2014,follicular,females,2,1029.4774992475132,1022.7501359522427,1034.3632649081817,1029.3155498309595
conservative,2015,follicular,females,2,1031.6678156257592,1024.6414428040146,1036.6221761013269,1031.3764200684686
conservative,2016,follicular,females,2,1051.6973637786914,1044.783094310941,1056.5759804291486,1051.3862914612891
conservative,2017,follicular,females,2,1158.8534083396119,1153.547196420529,1163.0033055176095,1158.623336188906
conservative,2018,follicular,females,2,1166.0968544964535,1160.29271097703,1170.5278501556768,1165.8386491976805
conservative,2019,follicular,females,2,1120.3267345661393,1114.3658015106232,1124.718735535415,1120.0225136695622
conservative,2020,follicular,females,2,1239.2510507240497,1232.6271333157815,1244.14356100523,1239.002001476237
conservative,2021,follicular,females,2,1263.2858226932974,1255.5753790694446,1269.4749357066423,1263.0372351733736
conservative,2022,follicular,females,2,1212.4031473645305,1174.4890591789285,1248.174436018085,1212.0960067773256
conservative,2023,follicular,females,2,1259.794172060745,1186.4552949700917,1331.5452912473356,1258.6270137487334
conservative,2024,follicular,females,2,1283.893759701004,1210.0466179522775,1356.1765394401245,1282.9248426879624
conservative,2025,follicular,females,2,1305.7659252677704,1230.504074464037,1379.8884118217557,1305.3021295193164
conservative,2026,follicular,females,2,1326.5438059587336,1250.359002413192,1406.0656382481577,1326.8449879297716
conservative,2027,follicular,females,2,1346.9462912877823,1267.5462057465727,1428.1192455798673,1346.6517182682526
conservative,2028,follicular,females,2,1362.6004627555399,1281.0747710639732,1448.889819020681,1363.2373642219181
conservative,2029,follicular,females,2,1376.3954155390325,1291.9532667161625,1467.1658110299916,1376.8686293566973
conservative,2030,follicular,females,2,1386.314395858042,1296.9485199506057,1484.6954973942004,1387.5382241841219
conservative,2031,follicular,females,2,1395.1979311951525,1301.7914672321835,1497.9319775581864,1395.382616869421
conservative,2032,follicular,females,2,1400.3969293260773,1304.1942348403134,1508.2709026697585,1400.5896037818677
conservative,2033,follicular,females,2,1403.24682032992,1302.9909550986881,1516.280591465996,1403.6766868080738
conservative,2034,follicular,females,2,1405.446464205235,1301.9241490281922,1523.6715264844147,1406.119088735228
conservative,2035,follicular,females,2,1407.3291299685234,1297.248402582,1529.344354172758,1407.926545782488
conservative,2036,follicular,females,2,1408.2179675696625,1293.631154222231,1534.780159894997,1408.805802020254
conservative,2037,follicular,females,2,1406.9186199065553,1288.3702309234404,1539.689255978206,1407.6077219411354
conservative,2038,follicular,females,2,1401.6669751587958,1280.2542132587134,1539.0448231078935,1402.8846341155324
conservative,2039,follicular,females,2,1392.982725144303,1266.8839640186172,1534.6333095519626,1394.8612733057466
conservative,2040,follicular,females,2,1381.8972962669764,1253.1335851832387,1527.0032734471677,1383.9287932327834
conservative,2041,follicular,females,2,1367.9966567662336,1237.328258209466,1516.3156490722795,1370.4719938464964
conservative,2042,follicular,females,2,1353.4977792071418,1220.398778310849,1504.0197677982976,1355.1201632744273
conservative,2043,follicular,females,2,1336.7081903818141,1201.0137891453203,1490.708422042241,1338.5734445176026
conservative,2044,follicular,females,2,1321.0483720263987,1182.044748182267,1476.112426367545,1322.4789671288863
conservative,2045,follicular,females,2,1306.111245965113,1164.6861347248084,1463.7449141181164,1307.8338051992018
conservative,2012,follicular,females,3,1370.4341221469244,1364.8420657843535,1376.4369509012972,1370.436832490857
conservative,2013,follicular,females,3,1393.763639377109,1386.606220619348,1399.9960350204883,1393.7037949728133
conservative,2014,follicular,females,3,1504.6568033648214,1496.2255359122407,1511.322106456317,1504.3226962699116
conservative,2015,follicular,females,3,1510.2956144164584,1501.65892500982,1516.946113659086,1509.9606936415644
conservative,2016,follicular,females,3,1560.9039520605625,1552.1025949242849,1567.8846261688345,1560.6493797968194
conservative,2017,follicular,females,3,1643.3669277325469,1635.5221891458596,1649.1219566804941,1643.108572838351
conservative,2018,follicular,females,3,1694.1872573851376,1686.1776864338278,1701.1021336642993,1694.1020824079849
conservative,2019,follicular,females,3,1704.8630575457578,1698.0651111604373,1711.191671178272,1704.7431565635354
conservative,2020,follicular,females,3,1773.1451613087163,1765.2867821661782,1780.2251953548669,1772.9206113397345
conservative,2021,follicular,females,3,1805.3390948349813,1796.094430236075,1813.5003967124944,1805.043820036832
conservative,2022,follicular,females,3,1862.3084808696437,1824.3429099981663,1898.596665027675,1861.985204109724
conservative,2023,follicular,females,3,1825.2771243975849,1751.3779056405963,1897.0365387752724,1824.9198004386378
conservative,2024,follicular,females,3,1880.7806857026567,1770.8057303782336,1987.1601134369475,1880.3421974469782
conservative,2025,follicular,females,3,1913.959275029903,1803.4616716133012,2024.005741097935,1914.3925140791725
conservative,2026,follicular,females,3,1945.5676833871523,1835.1810304850064,2061.285430847421,1946.4650802614804
conservative,2027,follicular,females,3,1974.6351605278278,1862.115397536597,2093.699240959639,1976.0230354545672
conservative,2028,follicular,females,3,2000.5248445805344,1882.6187146463988,2127.281898507206,2002.2903351032664
conservative,2029,follicular,females,3,2021.8314458948385,1898.5842479088267,2154.7375325138432,2023.9212914585632
conservative,2030,follicular,females,3,2038.2527285298293,1911.9690805064101,2178.9399052809163,2041.1075789512913
conservative,2031,follicular,females,3,2051.753968985392,1918.7928725985685,2200.877242896062,2053.9633578663565
conservative,2032,follicular,females,3,2060.4009274809027,1923.0146214487318,2218.2532495159485,2062.688109425249
conservative,2033,follicular,females,3,2065.447743212726,1922.397485785434,2232.9611506972983,2068.0180024603255
conservative,2034,follicular,females,3,2069.6926477456527,1918.526127752152,2241.340492477633,2071.098906937413
conservative,2035,follicular,females,3,2071.057357730273,1913.8887986112036,2253.724697440259,2073.0631632263994
conservative,2036,follicular,females,3,2072.112854511478,1908.6582780930362,2261.1684158796047,2074.2131104638574
conservative,2037,follicular,females,3,2071.0356033690155,1900.4992079417325,2264.574867491253,2072.6943928900946
conservative,2038,follicular,females,3,2065.4157811976847,1888.6152083174402,2264.4843179144173,2067.400980599139
conservative,2039,follicular,females,3,2054.6230021834945,1873.6162333266118,2260.186363670813,2057.118585481142
conservative,2040,follicular,females,3,2038.5883199335126,1854.8258655664704,2249.561865730024,2042.1970126102779
conservative,2041,follicular,females,3,2020.8476062609225,1832.5169331629793,2234.995943069085,2023.2216169864414
conservative,2042,follicular,females,3,1999.0413201497568,1807.775348512722,2215.5742698597687,2000.9521922422045
conservative,2043,follicular,females,3,1972.642407204427,1779.4581395760995,2199.0785733889256,1976.3108246914574
conservative,2044,follicular,females,3,1947.9139833091062,1751.9481967396734,2179.165090150291,1951.3478321350506
conservative,2045,follicular,females,3,1924.006884502684,1723.2103198519803,2156.5374445608495,1927.349046637655
conservative,2012,follicular,females,5,2219.946571119526,2208.5149056871473,2230.8742064568037,2219.9809355734014
conservative,2013,follicular,females,5,2259.2662469645848,2248.127685288993,2269.763693738597,2259.1603810869915
conservative,2014,follicular,females,5,2315.261165979015,2304.0194867656264,2325.0870705286975,2315.1797107210054
conservative,2015,follicular,females,5,2341.4899966104276,2330.092921907024,2350.8127926827556,2341.1188638662607
conservative,2016,follicular,females,5,2467.089964505573,2454.4002571629867,2477.573219863011,2466.7551509888185
conservative,2017,follicular,females,5,2581.750105763257,2569.5397826952894,2591.410364099653,2581.3093155487754
conservative,2018,follicular,females,5,2639.691227627075,2626.59117422003,2650.030344492903,2639.2435941877984
conservative,2019,follicular,females,5,2671.637289942867,2659.7408927968836,2682.6805800159173,2671.587920264973
conservative,2020,follicular,females,5,2838.277611549199,2826.244334372049,2849.578214703853,2838.175395303197
conservative,2021,follicular,females,5,2871.4669813776604,2859.4370417585515,2881.9725324976853,2871.419129193628
conservative,2022,follicular,females,5,2889.0337518910555,2851.5720254504095,2927.5543605855896,2888.988010166929
conservative,2023,follicular,females,5,2968.9866432062527,2894.5444902603613,3040.7786956519326,2968.357351073623
conservative,2024,follicular,females,5,3046.395101112661,2936.8774208732634,3152.5596097206044,3045.490432162724
conservative,2025,follicular,females,5,3032.5223277326468,2888.4505583202845,3175.000970635764,3031.3477542820847
conservative,2026,follicular,females,5,3103.973878793524,2924.4917245493334,3283.2480472674893,3103.1451955605016
conservative,2027,follicular,females,5,3152.11826112684,2968.72763583563,3338.5343109602604,3152.9106549790185
conservative,2028,follicular,females,5,3194.4102911393366,3008.1410749942274,3392.242193657814,3197.4894468996627
conservative,2029,follicular,females,5,3234.184899902849,3041.7922059938046,3440.474133313841,3236.5706192240928
conservative,2030,follicular,females,5,3266.803599672595,3068.1807662596552,3486.9102243386624,3269.4425672774187
conservative,2031,follicular,females,5,3291.161036876084,3085.948009178831,3517.701540074993,3294.835500163745
conservative,2032,follicular,females,5,3310.368305063122,3091.0392226216163,3546.11597653267,3313.0881163352205
conservative,2033,follicular,females,5,3322.3762728694137,3099.2448469991673,3575.7758731211147,3324.8982800753865
conservative,2034,follicular,females,5,3328.7009503418085,3096.7668465499737,3595.262308038516,3331.700054544234
conservative,2035,follicular,females,5,3333.7872633622037,3089.2528926818068,3617.1321008254486,3334.468692423173
conservative,2036,follicular,females,5,3332.2558957513447,3077.334293499587,3624.9180031929045,3334.2984316863267
conservative,2037,follicular,females,5,3329.4963999557594,3065.251845231837,3638.999520262003,3331.250383934065
conservative,2038,follicular,females,5,3322.781189789678,3049.959852990464,3642.7740513356957,3324.081971808767
conservative,2039,follicular,females,5,3310.6901828884374,3024.31894706115,3639.2639863011605,3311.208689476182
conservative,2040,follicular,females,5,3291.0505723180895,2995.6991584041357,3625.400599095107,3291.907314258406
conservative,2041,follicular,females,5,3262.287849150508,2963.721798800102,3604.2266190128894,3265.385456168928
conservative,2042,follicular,females,5,3228.2278141578554,2924.3488011516483,3578.6782003884887,3232.522184521598
conservative,2043,follicular,females,5,3188.3512167611825,2873.9030627425177,3544.915639848673,3194.553067948303
conservative,2044,follicular,females,5,3147.7210601745637,2828.6107361156105,3511.005254149667,3153.84045110592
conservative,2045,follicular,females,5,3105.1979363941027,2783.195340526309,3479.2061976901423,3112.2441083850254
conservative,2012,follicular,females,10,3782.966335149913,3703.4951678079183,3859.586063267737,3782.5786047002716
conservative,2013,follicular,females,10,3898.4070385894947,3819.920333820001,3969.769524468856,3897.6567226298585
conservative,2014,follicular,females,10,4027.2029250156193,3952.0178883388626,4096.821985372932,4026.854146171238
conservative,2015,follicular,females,10,4119.497667223619,4046.7038932204473,4187.035189452797,4118.374526630033
conservative,2016,follicular,females,10,4264.692672899482,4197.362841014668,4330.225154798569,4264.11322357223
conservative,2017,follicular,females,10,4440.230569773291,4379.8051362324995,4497.811498671694,4439.485006501757
conservative,2018,follicular,females,10,4547.6117577154655,4496.99424776433,4597.703461687824,4546.7995805934115
conservative,2019,follicular,females,10,4644.383287327742,4601.275526239199,4688.254189407395,4644.42087204055
conservative,2020,follicular,females,10,4856.618116396922,4810.941769978202,4903.394615000268,4857.3338397198695
conservative,2021,follicular,females,10,5013.525038120873,4950.013995752186,5072.6959594371365,5013.130415047681
conservative,2022,follicular,females,10,5137.37875615783,5071.865240217188,5202.498837403134,5137.761099967931
conservative,2023,follicular,females,10,5267.528217947386,5178.420636016141,5356.963045975921,5269.131905597044
conservative,2024,follicular,females,10,5380.977841197004,5261.401182336033,5496.566828956216,5382.541508631386
conservative,2025,follicular,females,10,5510.2739313300735,5359.54159602535,5663.838893950658,5512.706559017913
conservative,2026,follicular,females,10,5613.972885372033,5425.6812016030835,5800.325031042348,5617.278006739412
conservative,2027,follicular,females,10,5684.1243850692135,5464.9410362253775,5908.040549725441,5688.862288102346
conservative,2028,follicular,females,10,5807.20486457518,5551.206002139656,6071.935888302609,5811.040545566653
conservative,2029,follicular,females,10,5915.696106850127,5623.335633403253,6220.151592969082,5919.095574741104
conservative,2030,follicular,females,10,5933.738150401791,5603.3767975227665,6272.996786679704,5936.99480922851
conservative,2031,follicular,females,10,6015.6935633370285,5646.675322638404,6399.065883869607,6020.813835105171
conservative,2032,follicular,females,10,6076.031495533266,5691.388135213554,6478.9616246173455,6075.258304678928
conservative,2033,follicular,females,10,6119.991510867073,5720.018956715845,6540.261175458039,6118.149593746363
conservative,2034,follicular,females,10,6149.792656589156,5734.073597203304,6590.3209616947015,6150.287404440413
conservative,2035,follicular,females,10,6170.133971971434,5731.315907507676,6642.938159487012,6171.866224421755
conservative,2036,follicular,females,10,6178.443372438429,5727.391615274831,6675.511228954838,6182.8070638484705
conservative,2037,follicular,females,10,6178.791108884836,5708.826500329676,6695.0989628748075,6183.066981799815
conservative,2038,follicular,females,10,6166.310159392198,5677.773862582327,6703.053454733376,6172.575951152615
conservative,2039,follicular,females,10,6143.939413541873,5637.46730034022,6695.624845268025,6151.6031443346965
conservative,2040,follicular,females,10,6113.406746644973,5588.980423702952,6692.228937394865,6120.617023387723
conservative,2041,follicular,females,10,6073.266826692379,5531.548688910299,6677.765610181443,6080.061673706472
conservative,2042,follicular,females,10,6022.760423014657,5477.043127527421,6654.64921306864,6031.153463678268
conservative,2043,follicular,females,10,5965.6913367352245,5401.2040549382255,6612.684466241993,5974.163222086452
conservative,2044,follicular,females,10,5902.985121874947,5318.872399650358,6568.605053890421,5910.11892556645
conservative,2045,follicular,females,10,5832.927676856423,5229.805815342057,6521.321983482105,5840.292323928286
conservative,2012,follicular,females,40,6313.552567421655,5588.841762155215,7230.003166008742,6347.81343006843
conservative,2013,follicular,females,40,6586.203095957888,5824.562013495382,7553.236080804128,6625.912332672329
conservative,2014,follicular,females,40,6891.941185691534,6102.147311588217,7907.538050780895,6935.2435230981555
conservative,2015,follicular,females,40,7162.970195853426,6336.72594913491,8221.684945041803,7209.553477377346
conservative,2016,follicular,females,40,7484.864109879563,6629.391996993727,8590.076622919954,7533.195134892582
conservative,2017,follicular,females,40,7863.641541080448,6983.588105669584,9012.698053150953,7914.058603024059
conservative,2018,follicular,females,40,8188.904474360021,7289.7793062591045,9370.755538271713,8239.670189745497
conservative,2019,follicular,females,40,8514.63685980663,7580.775699616223,9738.027770637524,8566.23517458384
conservative,2020,follicular,females,40,8956.066608452527,8000.1652465029865,10218.500871937958,9008.189668395986
conservative,2021,follicular,females,40,9303.644403383692,8330.400109280305,10605.645159621286,9354.697284295236
conservative,2022,follicular,females,40,9652.080544589513,8689.7665910892,10957.134022344775,9700.679464962344
conservative,2023,follicular,females,40,10008.575422328902,9053.689045699892,11310.167429390141,10056.77729894883
conservative,2024,follicular,females,40,10370.904579304546,9430.945257962449,11637.007018818913,10415.445497876595
conservative,2025,follicular,females,40,10732.420392400545,9803.743049757786,11985.505304863558,10778.18902719772
conservative,2026,follicular,females,40,11102.575211772246,10197.135500073766,12319.620149158454,11145.309011861667
conservative,2027,follicular,females,40,11475.297852155478,10591.670213024885,12662.410506019101,11511.2151763205
conservative,2028,follicular,females,40,11846.32660877526,10977.137213518372,13004.642678681821,11880.539798863487
conservative,2029,follicular,females,40,12217.709303559914,11338.24193017938,13320.583753949257,12242.82939972723
conservative,2030,follicular,females,40,12569.884122138492,11701.18087272863,13675.016915956665,12603.636273685051
conservative,2031,follicular,females,40,12924.406324072965,12041.929096365158,14022.244099678299,12957.524443623824
conservative,2032,follicular,females,40,13267.20701901468,12383.575574521385,14332.973858242143,13298.158756177432
conservative,2033,follicular,females,40,13605.587113995978,12711.346293522323,14649.208514765309,13632.190781782034
conservative,2034,follicular,females,40,13926.340656575509,13007.117460693764,14952.080240839332,13950.010552021666
conservative,2035,follicular,females,40,14229.022704862142,13310.494676904076,15229.173052177857,14258.109182222015
conservative,2036,follicular,females,40,14535.62764754784,13605.092962259967,15533.422765297255,14552.173909610472
conservative,2037,follicular,females,40,14830.056532674094,13842.432652470357,15852.555873871353,14834.989509791845
conservative,2038,follicular,females,40,15105.942482497852,14081.679953519188,16161.155077472722,15105.568761295883
conservative,2039,follicular,females,40,15369.673780550465,14297.534592400729,16459.47344333529,15360.529797768993
conservative,2040,follicular,females,40,15595.96458088066,14479.326982227749,16776.885872494888,15593.160058138497
conservative,2041,follicular,females,40,15820.54273567177,14633.531063639013,17045.008892088066,15807.907788005208
conservative,2042,follicular,females,40,16005.420357929284,14717.579777603503,17298.714833972674,15992.951808586085
conservative,2043,follicular,females,40,16179.078211217879,14803.608852202977,17575.786118462885,16167.948312724306
conservative,2044,follicular,females,40,16338.397657526435,14870.215651617355,17830.123887678506,16319.82462112794
conservative,2045,follicular,females,40,16462.986602940036,14918.672187880895,18031.935813334007,16452.918189098997
optimistic,2012,follicular,females,2,913.3229196654758,909.4983660613372,916.8092217578973,913.2469761473536
optimistic,2013,follicular,females,2,992.0423004464492,985.4950937041367,996.5895143130134,991.8390793391908
optimistic,2014,follicular,females,2,1029.4774992475132,1022.7501359522427,1034.3632649081817,1029.3155498309595
optimistic,2015,follicular,females,2,1031.6678156257592,1024.6414428040146,1036.6221761013269,1031.3764200684686
optimistic,2016,follicular,females,2,1051.6973637786914,1044.783094310941,1056.5759804291486,1051.3862914612891
optimistic,2017,follicular,females,2,1158.8534083396119,1153.547196420529,1163.0033055176095,1158.623336188906
optimistic,2018,follicular,females,2,1166.0968544964535,1160.29271097703,1170.5278501556768,1165.8386491976805
optimistic,2019,follicular,females,2,1120.3267345661393,1114.3658015106232,1124.718735535415,1120.0225136695622
optimistic,2020,follicular,females,2,1239.2510507240497,1232.6271333157815,1244.14356100523,1239.002001476237
optimistic,2021,follicular,females,2,1263.2858226932974,1255.5753790694446,1269.4749357066423,1263.0372351733736
optimistic,2022,follicular,females,2,1213.3557722110204,1175.535750218315,1248.8949951722823,1212.9690448738886
optimistic,2023,follicular,females,2,1263.131065546194,1189.7469167791787,1335.5844374757096,1262.0869019954268
optimistic,2024,follicular,females,2,1290.3344528693813,1215.8584941290758,1363.0001211088932,1288.9252120215874
optimistic,2025,follicular,females,2,1313.9951123394526,1238.1727182490545,1388.8624572693623,1313.6212860735375
optimistic,2026,follicular,females,2,1337.43480272355,1259.0315836647692,1416.296010684391,1337.2330295189538
optimistic,2027,follicular,females,2,1358.679813373704,1278.0072959537615,1442.241084635362,1358.9204885752129
optimistic,2028,follicular,females,2,1377.0910046464423,1293.7514080181134,1464.3892114597293,1377.2661010758527
optimistic,2029,follicular,females,2,1391.6608938901813,1306.6676457756803,1483.2669376655224,1392.591096091863
optimistic,2030,follicular,females,2,1404.2459251410419,1314.5685250136296,1502.2292636189409,1404.9328705115252
optimistic,2031,follicular,females,2,1413.8831288881374,1317.7276872015968,1517.9242582698869,1414.4144424919216
optimistic,2032,follicular,females,2,1420.9754642669004,1320.1135929632735,1529.8183186681656,1421.2476193022242
optimistic,2033,follicular,females,2,1426.1090557050375,1318.5102780125885,1539.5138834509942,1425.9648637992148
optimistic,2034,follicular,females,2,1430.2113364709444,1316.389930311803,1549.1614228258463,1429.9390927281597
optimistic,2035,follicular,females,2,1433.2230762739537,1316.48106817781,1557.768900297527,1433.1903868880593
optimistic,2036,follicular,females,2,1434.8336279490136,1315.7803521244768,1563.0864683211753,1435.4388010277419
optimistic,2037,follicular,females,2,1434.9699131984962,1311.4360826383431,1570.3423435995946,1435.336145891196
optimistic,2038,follicular,females,2,1430.9823915303841,1302.0080190182273,1570.1737773859275,1431.242531169755
optimistic,2039,follicular,females,2,1423.5762944206695,1291.137698080078,1569.808392093875,1423.8090568764997
optimistic,2040,follicular,females,2,1412.7773081183464,1277.801997575173,1566.3042064030374,1413.4340417766934
optimistic,2041,follicular,females,2,1400.053401952106,1259.029905480912,1557.2140359485243,1400.5203423854691
optimistic,2042,follicular,females,2,1385.5619823916552,1241.084550480508,1544.7022295600298,1385.7061399296167
optimistic,2043,follicular,females,2,1369.8810770351786,1220.2715867876475,1532.6456115992887,1369.7030678886938
optimistic,2044,follicular,females,2,1354.183275992772,1201.6473693700377,1519.188506588621,1354.1601385274041
optimistic,2045,follicular,females,2,1339.6159141625278,1184.9258813956972,1507.6073453038837,1340.0479100078524
optimistic,2012,follicular,females,3,1370.4341221469244,1364.8420657843535,1376.4369509012972,1370.436832490857
optimistic,2013,follicular,females,3,1393.763639377109,1386.606220619348,1399.9960350204883,1393.7037949728133
optimistic,2014,follicular,females,3,1504.6568033648214,1496.2255359122407,1511.322106456317,1504.3226962699116
optimistic,2015,follicular,females,3,1510.2956144164584,1501.65892500982,1516.946113659086,1509.9606936415644
optimistic,2016,follicular,females,3,1560.9039520605625,1552.1025949242849,1567.8846261688345,1560.6493797968194
optimistic,2017,follicular,females,3,1643.3669277325469,1635.5221891458596,1649.1219566804941,1643.108572838351
optimistic,2018,follicular,females,3,1694.1872573851376,1686.1776864338278,1701.1021336642993,1694.1020824079849
optimistic,2019,follicular,females,3,1704.8630575457578,1698.0651111604373,1711.191671178272,1704.7431565635354
optimistic,2020,follicular,females,3,1773.1451613087163,1765.2867821661782,1780.2251953548669,1772.9206113397345
optimistic,2021,follicular,females,3,1805.3390948349813,1796.094430236075,1813.5003967124944,1805.043820036832
optimistic,2022,follicular,females,3,1863.0787161970388,1825.3140509924524,1899.278155260012,1862.858242206287
optimistic,2023,follicular,females,3,1828.6169449679421,1754.9605831944143,1900.951575956208,1828.3796886853313
optimistic,2024,follicular,females,3,1888.1204567910097,1778.2809937733396,1995.7967417897162,1888.1915220919313
optimistic,2025,follicular,females,3,1925.3938686491622,1814.762386994237,2038.6308585826557,1926.5353865872387
optimistic,2026,follicular,females,3,1962.7138520240658,1848.1765715175873,2081.906187541342,1962.758214956859
optimistic,2027,follicular,females,3,1994.9802538011652,1879.136235779808,2119.905697998148,1996.3452500152518
optimistic,2028,follicular,females,3,2024.8419222061814,1905.7140670527988,2154.7005618804055,2026.5011919850174
optimistic,2029,follicular,females,3,2050.071616163803,1926.1744276331972,2185.9413976885608,2051.8591073667485
optimistic,2030,follicular,females,3,2070.692420102784,1937.858968280033,2215.171679990519,2072.6518093644586
optimistic,2031,follicular,females,3,2086.323768759852,1948.409692944814,2237.9981354993865,2088.9643724079597
optimistic,2032,follicular,females,3,2098.276903072413,1954.620490028843,2262.7548657262687,2101.0788657471257
optimistic,2033,follicular,females,3,2107.0043395306584,1957.5475431218222,2280.0849972699357,2109.76447098896
optimistic,2034,follicular,females,3,2113.440399642532,1954.9025366474393,2292.205148415347,2116.0218857260797
optimistic,2035,follicular,females,3,2118.0864886410163,1954.0868794049422,2303.7991168363906,2121.044519487427
optimistic,2036,follicular,females,3,2121.6602542814544,1953.2650094533653,2318.4063894242486,2125.124973119997
optimistic,2037,follicular,females,3,2122.438738196527,1948.4006336616135,2329.3262620912815,2126.1872797705014
optimistic,2038,follicular,females,3,2119.2025641274136,1937.4125137384326,2333.013136408279,2122.9364861440827
optimistic,2039,follicular,females,3,2110.648661146608,1923.639001853323,2331.9485562614445,2113.824172594902
optimistic,2040,follicular,females,3,2097.200566109148,1903.6003879366763,2322.810435910039,2099.9281640740464
optimistic,2041,follicular,females,3,2079.122730512638,1879.6142290450105,2309.118550597351,2081.8397205331116
optimistic,2042,follicular,females,3,2057.5192762334873,1852.7532672008147,2291.9787314695345,2060.3210910069365
optimistic,2043,follicular,females,3,2032.8835188615985,1825.6711405010087,2273.1702273144383,2036.3402084670813
optimistic,2044,follicular,females,3,2007.6419522626638,1800.3579700640946,2252.682602347338,2011.9841235147417
optimistic,2045,follicular,females,3,1983.0271267445737,1772.5539229463363,2234.5423019306145,1988.5442796253953
optimistic,2012,follicular,females,5,2219.946571119526,2208.5149056871473,2230.8742064568037,2219.9809355734014
optimistic,2013,follicular,females,5,2259.2662469645848,2248.127685288993,2269.763693738597,2259.1603810869915
optimistic,2014,follicular,females,5,2315.261165979015,2304.0194867656264,2325.0870705286975,2315.1797107210054
optimistic,2015,follicular,females,5,2341.4899966104276,2330.092921907024,2350.8127926827556,2341.1188638662607
optimistic,2016,follicular,females,5,2467.089964505573,2454.4002571629867,2477.573219863011,2466.7551509888185
optimistic,2017,follicular,females,5,2581.750105763257,2569.5397826952894,2591.410364099653,2581.3093155487754
optimistic,2018,follicular,females,5,2639.691227627075,2626.59117422003,2650.030344492903,2639.2435941877984
optimistic,2019,follicular,females,5,2671.637289942867,2659.7408927968836,2682.6805800159173,2671.587920264973
optimistic,2020,follicular,females,5,2838.277611549199,2826.244334372049,2849.578214703853,2838.175395303197
optimistic,2021,follicular,females,5,2871.4669813776604,2859.4370417585515,2881.9725324976853,2871.419129193628
optimistic,2022,follicular,females,5,2889.870498646602,2852.3817836718017,2928.464772446507,2889.861048263492
optimistic,2023,follicular,females,5,2972.286529450007,2897.4291456358183,3044.6112361458922,2971.8172393203163
optimistic,2024,follicular,females,5,3053.6616957917468,2944.6687484450035,3161.4019558087584,3053.3397568076775
optimistic,2025,follicular,females,5,3046.733803962167,2902.858681137969,3190.562621272844,3046.042934140605
optimistic,2026,follicular,females,5,3129.803009802676,2949.771676356394,3310.852167150768,3128.48353269934
optimistic,2027,follicular,females,5,3188.154858922484,3003.148688825302,3379.377148812231,3189.154522775156
optimistic,2028,follicular,females,5,3241.371004475499,3054.12002490076,3446.1784938192545,3244.849082284557
optimistic,2029,follicular,females,5,3291.4318319978474,3096.0509839766896,3507.46201257918,3295.2329077174213
optimistic,2030,follicular,females,5,3334.7781849338235,3134.992466862711,3564.897339688929,3339.604823635038
optimistic,2031,follicular,females,5,3372.1594895136504,3161.670273319404,3613.0161295961584,3376.6087594499922
optimistic,2032,follicular,females,5,3401.6774671591256,3184.18109780248,3647.4329121212345,3406.5941494661893
optimistic,2033,follicular,females,5,3425.0190734018497,3193.386849162283,3693.7998463909826,3430.1942311567236
optimistic,2034,follicular,females,5,3444.2352613148605,3198.288992788816,3719.9733557081586,3448.5957784513753
optimistic,2035,follicular,females,5,3456.920247608473,3205.3053638802107,3752.7742368127965,3462.681276923832
optimistic,2036,follicular,females,5,3469.061376986565,3200.0938222525438,3778.434629541165,3473.376707178227
optimistic,2037,follicular,females,5,3477.133701701511,3197.60586631495,3801.548942400064,3480.503333422066
optimistic,2038,follicular,females,5,3477.7051172042748,3187.454401818156,3815.3845192152035,3482.463979090588
optimistic,2039,follicular,females,5,3474.6028194575197,3170.089981941252,3815.1498181286847,3477.286513490139
optimistic,2040,follicular,females,5,3460.490744660121,3148.13006044263,3814.200379194963,3463.3444735237426
optimistic,2041,follicular,females,5,3437.0058185603734,3118.0940305971635,3800.8260042163233,3439.219305227664
optimistic,2042,follicular,females,5,3405.1039884054235,3080.750755907995,3780.256558849817,3408.1478301862244
optimistic,2043,follicular,females,5,3367.99603543592,3038.4509002962614,3750.7555886327887,3371.406256694077
optimistic,2044,follicular,females,5,3326.478280958399,2990.5381183253935,3716.774589874514,3331.4430856660765
optimistic,2045,follicular,females,5,3286.7293788418874,2937.99235854293,3683.866145205559,3290.247517950015
optimistic,2012,follicular,females,10,3782.966335149913,3703.4951678079183,3859.586063267737,3782.5786047002716
optimistic,2013,follicular,females,10,3898.4070385894947,3819.920333820001,3969.769524468856,3897.6567226298585
optimistic,2014,follicular,females,10,4027.2029250156193,3952.0178883388626,4096.821985372932,4026.854146171238
optimistic,2015,follicular,females,10,4119.497667223619,4046.7038932204473,4187.035189452797,4118.374526630033
optimistic,2016,follicular,females,10,4264.692672899482,4197.362841014668,4330.225154798569,4264.11322357223
optimistic,2017,follicular,females,10,4440.230569773291,4379.8051362324995,4497.811498671694,4439.485006501757
optimistic,2018,follicular,females,10,4547.6117577154655,4496.99424776433,4597.703461687824,4546.7995805934115
optimistic,2019,follicular,females,10,4644.383287327742,4601.275526239199,4688.254189407395,4644.42087204055
optimistic,2020,follicular,females,10,4856.618116396922,4810.941769978202,4903.394615000268,4857.3338397198695
optimistic,2021,follicular,females,10,5013.525038120873,4950.013995752186,5072.6959594371365,5013.130415047681
optimistic,2022,follicular,females,10,5138.25619746341,5072.735135637061,5203.608029522007,5138.6341380644935
optimistic,2023,follicular,females,10,5270.977874333601,5182.390002314443,5361.045767434042,5272.591793843738
optimistic,2024,follicular,females,10,5389.040097848732,5269.366526968813,5505.501465297802,5390.390833276339
optimistic,2025,follicular,females,10,5525.19019392011,5373.317618327701,5678.970193794466,5527.401738876433
optimistic,2026,follicular,females,10,5640.863040856043,5448.954419893183,5827.5708057953325,5642.6163438782505
optimistic,2027,follicular,females,10,5725.644058112297,5505.4622609680355,5952.451783523884,5729.642248686916
optimistic,2028,follicular,females,10,5871.608441072905,5613.216292484314,6140.925502002441,5873.054753944829
optimistic,2029,follicular,females,10,6006.123797027489,5710.7885081909535,6314.52765558303,6009.0673077147985
optimistic,2030,follicular,females,10,6056.830619903637,5725.754341970136,6412.176690251309,6062.562657647249
optimistic,2031,follicular,females,10,6180.773646508625,5814.02348439259,6589.101557578554,6190.377745869767
optimistic,2032,follicular,females,10,6283.08954451305,5897.054616023148,6715.77432374357,6290.037964161822
optimistic,2033,follicular,females,10,6375.215791537563,5956.4789046259675,6827.993280521492,6379.08878824538
optimistic,2034,follicular,females,10,6451.9475988073245,6012.036828027644,6922.071140963607,6457.852069232406
optimistic,2035,follicular,females,10,6521.019102506608,6056.811186906847,7025.06119094967,6526.2460796513715
optimistic,2036,follicular,females,10,6579.369274826561,6095.477938765318,7110.912943531067,6583.825035030044
optimistic,2037,follicular,females,10,6622.846897767636,6118.49032624569,7184.787888801417,6630.144316200472
optimistic,2038,follicular,females,10,6654.470221836475,6129.880910812693,7253.803412833201,6664.694785470096
optimistic,2039,follicular,females,10,6678.1353037435965,6123.464354894932,7309.2754601129245,6687.188720810032
optimistic,2040,follicular,females,10,6688.167931465119,6098.721235106476,7351.170138363746,6696.780931967995
optimistic,2041,follicular,females,10,6682.088175450424,6070.323811787803,7373.162710104107,6692.877500128813
optimistic,2042,follicular,females,10,6663.350640772917,6030.33833656667,7383.202283878533,6675.58877502526
optimistic,2043,follicular,females,10,6632.276895479305,5981.7652381327525,7395.519497800113,6644.021177791215
optimistic,2044,follicular,females,10,6587.191534450849,5921.882093773999,7363.263529414142,6598.280793405464
optimistic,2045,follicular,females,10,6528.092824136906,5836.25867655659,7317.031531527374,6539.013473190057
optimistic,2012,follicular,females,40,6313.552567421655,5588.841762155215,7230.003166008742,6347.81343006843
optimistic,2013,follicular,females,40,6586.203095957888,5824.562013495382,7553.236080804128,6625.912332672329
optimistic,2014,follicular,females,40,6891.941185691534,6102.147311588217,7907.538050780895,6935.2435230981555
optimistic,2015,follicular,females,40,7162.970195853426,6336.72594913491,8221.684945041803,7209.553477377346
optimistic,2016,follicular,females,40,7484.864109879563,6629.391996993727,8590.076622919954,7533.195134892582
optimistic,2017,follicular,females,40,7863.641541080448,6983.588105669584,9012.698053150953,7914.058603024059
optimistic,2018,follicular,females,40,8188.904474360021,7289.7793062591045,9370.755538271713,8239.670189745497
optimistic,2019,follicular,females,40,8514.63685980663,7580.775699616223,9738.027770637524,8566.23517458384
optimistic,2020,follicular,females,40,8956.066608452527,8000.1652465029865,10218.500871937958,9008.189668395986
optimistic,2021,follicular,females,40,9303.644403383692,8330.400109280305,10605.645159621286,9354.697284295236
optimistic,2022,follicular,females,40,9653.242913799437,8690.55873979008,10957.927987058309,9701.552503058907
optimistic,2023,follicular,females,40,10011.53843530941,9056.927680424868,11313.653864515074,10060.237187195524
optimistic,2024,follicular,females,40,10377.827066733556,9437.699077933954,11643.433998661336,10423.294822521548
optimistic,2025,follicular,females,40,10746.637793203123,9821.189567894098,11999.931879883785,10792.884207056242
optimistic,2026,follicular,females,40,11126.913801733066,10221.34893239455,12348.681543617686,11170.647349000506
optimistic,2027,follicular,females,40,11517.632682029121,10634.90419927243,12697.064184103176,11551.99513690507
optimistic,2028,follicular,females,40,11912.740888640972,11040.744891959306,13064.366675154475,11942.554007241662
optimistic,2029,follicular,females,40,12301.907985629412,11433.207844915778,13409.969393672263,12332.801132700924
optimistic,2030,follicular,females,40,12694.898283449766,11830.177232035707,13800.949647665575,12729.20412210379
optimistic,2031,follicular,females,40,13096.817700911126,12230.20985330926,14171.445200694372,13127.08835438842
optimistic,2032,follicular,females,40,13491.690724551761,12603.190114939018,14535.574482867423,13520.832554820365
optimistic,2033,follicular,females,40,13890.11802468135,13001.529118688944,14936.26654200924,13917.645551306514
optimistic,2034,follicular,females,40,14278.865440687485,13363.285743375844,15306.652111258425,14308.200379710073
optimistic,2035,follicular,females,40,14681.056916097783,13754.191575356732,15684.781452399498,14699.392422751122
optimistic,2036,follicular,females,40,15078.594001839945,14108.977412300354,16104.582453207837,15087.1669433687
optimistic,2037,follicular,females,40,15474.525218285156,14442.376240706271,16537.07062266458,15474.348981062762
optimistic,2038,follicular,females,40,15866.38028116473,14783.561245271543,16953.323544308132,15859.950373438169
optimistic,2039,follicular,females,40,16256.2787282454,15127.78826042429,17431.383158620316,16240.483216994662
optimistic,2040,follicular,females,40,16630.61415295893,15379.433603923113,17891.557036985436,16608.459133590914
optimistic,2041,follicular,females,40,16991.261923414306,15640.988111347748,18361.657595523997,16967.84267981571
optimistic,2042,follicular,females,40,17316.314467910066,15826.691851912146,18784.87274043676,17306.00357270087
optimistic,2043,follicular,females,40,17652.728448195026,16077.443034258444,19219.996951264962,17641.971300293517
optimistic,2044,follicular,females,40,17979.61232866,16282.150862351788,19646.86157129915,17962.028559396378
optimistic,2045,follicular,females,40,18287.65592902563,16429.840700075663,20061.123262102396,18269.837739419458
base,2012,mantle_cell,males,2,267.39010834960476,263.20284070631317,271.17219468578554,267.38277745965684
base,2013,mantle_cell,males,2,287.7327575919109,281.29215563239904,293.3077023688513,287.6470392633275
base,2014,mantle_cell,males,2,312.35701997081594,304.84613776716776,318.64324902861625,312.3071902783364
base,2015,mantle_cell,males,2,309.3649453091971,301.5881775553137,315.79858896051013,309.2866364859463
base,2016,mantle_cell,males,2,317.2292274749568,309.32719492866903,323.8115756311098,317.0995045635206
base,2017,mantle_cell,males,2,372.050066521914,366.39115735587274,377.2474171852114,371.99688872485524
base,2018,mantle_cell,males,2,383.40547897287735,376.9933290953918,389.50156752585247,383.20523172731333
base,2019,mantle_cell,males,2,395.5560026171057,388.5494923060051,401.8197546275341,395.31995084992883
base,2020,mantle_cell,males,2,437.26770077800194,429.02929556324256,444.4718251525321,436.9870224562213
base,2021,mantle_cell,males,2,387.06694781891133,378.4052328574469,394.4255805225163,386.8360181847485
base,2022,mantle_cell,males,2,366.8166379212994,346.7549232364801,391.49732398910623,367.40139317026706
base,2023,mantle_cell,males,2,403.47081950099613,366.01815762350844,448.93919943860055,404.60117559791746
base,2024,mantle_cell,males,2,421.36430947995444,381.301850676372,470.1095122321316,422.8145290476088
base,2025,mantle_cell,males,2,440.03275594251073,396.02283555600746,490.9158215405578,441.61076292219707
base,2026,mantle_cell,males,2,460.2960722291988,411.9380887749002,517.5516290018929,461.8306052966365
base,2027,mantle_cell,males,2,482.184501305613,428.4295123472937,543.847585644605,483.27539691523657
base,2028,mantle_cell,males,2,504.0615971210266,445.89469275075174,572.5931973057224,505.053457122309
base,2029,mantle_cell,males,2,525.186147060053,461.6033685601722,600.8739252302173,526.5041368985633
base,2030,mantle_cell,males,2,545.6564287012262,475.25241084349625,630.301774668488,546.7031213905219
base,2031,mantle_cell,males,2,564.2520737537897,487.2010300753431,656.4492754933046,565.0141997094055
base,2032,mantle_cell,males,2,580.0142348890818,497.62995963730214,681.3070585300401,580.4971571905113
base,2033,mantle_cell,males,2,592.9659890115734,503.35259131959,701.9778826221878,593.0279183204111
base,2034,mantle_cell,males,2,604.0396779770205,509.1314577826158,718.8197670946089,604.5579273414459
base,2035,mantle_cell,males,2,614.2735151705558,512.9949162554191,737.0229824555428,615.5366784015526
base,2036,mantle_cell,males,2,625.1416164416456,517.9774294466398,756.829422547921,626.70042341445
base,2037,mantle_cell,males,2,636.236338980606,523.0988855838012,777.2199544414359,638.0622345144817
base,2038,mantle_cell,males,2,646.9660512381099,526.9466948302592,798.6245523163287,648.7944849798404
base,2039,mantle_cell,males,2,655.8624778948324,530.1634303286488,816.7808822975443,658.5817178633802
base,2040,mantle_cell,males,2,663.7218210663075,531.8556074689209,833.7341788777768,667.1693427851894
base,2041,mantle_cell,males,2,670.7277624072465,532.1922971617014,849.3693992572595,674.3645444526805
base,2042,mantle_cell,males,2,675.5742075734465,531.0761616045907,864.7985179429321,679.9615999758586
base,2043,mantle_cell,males,2,678.1825188434891,527.7005119110125,877.0593789063194,684.0009704827336
base,2044,mantle_cell,males,2,680.91722517213,523.3108761326489,890.1350748892517,687.009360510544
base,2045,mantle_cell,males,2,683.0660966951073,520.7166802297073,906.9231469432032,689.1960500895157
base,2012,mantle_cell,males,3,386.39003090120735,379.4021163611349,392.1575462925443,386.2331184529246
base,2013,mantle_cell,males,3,400.32857015838465,392.77907410958943,407.1899086007365,400.2087959982254
base,2014,mantle_cell,males,3,421.7025698583976,413.3202448944125,429.64590948800213,421.7291165043566
base,2015,mantle_cell,males,3,437.8150596444943,428.8001935480782,446.0545069687988,437.8904071160283
base,2016,mantle_cell,males,3,449.39928134492044,440.25045096861487,457.6454335328385,449.5176696588525
base,2017,mantle_cell,males,3,499.4472733226381,492.07550562705046,506.7421284567911,499.5601285161676
base,2018,mantle_cell,males,3,523.0119092009504,514.2618926125333,531.6546195033178,522.9533221116677
base,2019,mantle_cell,males,3,571.7194060852804,563.4653012294857,579.4230455821591,571.5401921277116
base,2020,mantle_cell,males,3,588.9092610478431,579.6762301188704,597.6956664272673,588.7964812356252
base,2021,mantle_cell,males,3,573.9011803866513,563.5565972955103,583.2342855792159,573.6806035814105
base,2022,mantle_cell,males,3,559.2844097766998,537.9676792701696,583.4963719796795,559.5095654666395
base,2023,mantle_cell,males,3,551.3647962020327,512.7130907425093,596.7214065413791,552.3848468099657
base,2024,mantle_cell,males,3,594.4845342292911,540.0156102729995,660.2056545235146,596.191162844567
base,2025,mantle_cell,males,3,622.1578134371359,563.7693192738323,691.9634608190619,624.018682082253
base,2026,mantle_cell,males,3,652.0848713444775,586.837002226546,727.4061009588827,653.4287312715949
base,2027,mantle_cell,males,3,683.1052947879348,611.6272303367758,765.7662312236355,684.6510943807334
base,2028,mantle_cell,males,3,715.5009535267488,635.9616772775614,809.427782030523,717.2324082348905
base,2029,mantle_cell,males,3,747.8794168979634,659.6960859268332,853.735612621225,749.9700161139122
base,2030,mantle_cell,males,3,779.6774200097684,683.680580602418,895.1186136645724,781.7920445173316
base,2031,mantle_cell,males,3,809.869884244258,702.5810284817185,937.7026287709367,811.5314817265446
base,2032,mantle_cell,males,3,835.6786887144498,719.053293879624,972.4110923130701,837.8761129443172
base,2033,mantle_cell,males,3,857.6275911880698,731.83461777532,1006.9657861581541,860.4003534658074
base,2034,mantle_cell,males,3,875.2012360746801,740.5859631275446,1035.6260990768096,877.875620899184
base,2035,mantle_cell,males,3,890.6215496385823,747.9970327144889,1067.1766700418445,894.0998560664311
base,2036,mantle_cell,males,3,905.2476694120949,755.1079291305477,1096.9731684575747,910.1825593771886
base,2037,mantle_cell,males,3,920.0662786609787,761.7993342490358,1123.9711319725673,925.996245997288
base,2038,mantle_cell,males,3,935.6375662692508,764.6589436294975,1150.9019384285923,941.4212335669623
base,2039,mantle_cell,males,3,951.173920430756,768.4010162777279,1181.0279712826014,955.5279030814401
base,2040,mantle_cell,males,3,962.8474940965317,770.2128296917656,1206.5393088585913,967.8968730145685
base,2041,mantle_cell,males,3,972.0018681858347,771.3799445149793,1228.936269956361,978.3080892830959
base,2042,mantle_cell,males,3,977.9517388853596,769.0343578630611,1250.210694180864,986.422833302694
base,2043,mantle_cell,males,3,983.2516374378354,765.6855187017858,1273.4105413133325,992.3314108289982
base,2044,mantle_cell,males,3,986.7819203661593,763.4288255501815,1289.267815692316,996.5314293178885
base,2045,mantle_cell,males,3,988.6324321462023,758.3331827035373,1307.8141228549684,999.3720454741346
base,2012,mantle_cell,males,5,556.878014848332,546.820694032927,566.114512309347,556.7446358491651
base,2013,mantle_cell,males,5,585.8395654427578,575.601877421563,596.1584931626547,585.957934220161
base,2014,mantle_cell,males,5,616.1685916609829,605.4028949641424,626.6383842049012,616.3041469612109
base,2015,mantle_cell,males,5,623.3581644869848,612.1574235476644,634.0651148912665,623.308478980732
base,2016,mantle_cell,males,5,645.0632540565639,633.4797283336598,656.6646109717384,645.1050893706264
base,2017,mantle_cell,males,5,713.961497964081,702.9091756837004,725.5984902010165,713.8889017439406
base,2018,mantle_cell,males,5,738.3524409503266,727.0088418880287,750.3132015449976,738.2906198052825
base,2019,mantle_cell,males,5,794.6906913596797,783.3382005946012,806.0785099658087,794.6473213339846
base,2020,mantle_cell,males,5,857.886961430328,845.945880665872,869.3768827840429,857.8290724189851
base,2021,mantle_cell,males,5,855.522821944815,843.2496223805083,866.7538282826293,855.4473801061985
base,2022,mantle_cell,males,5,853.9775195053298,830.2725730360963,879.506508360001,854.2410737281373
base,2023,mantle_cell,males,5,882.4513343767344,842.449206898082,928.0690857871876,883.2547741535459
base,2024,mantle_cell,males,5,891.4226849650418,834.4655250634237,957.0118221490983,892.9101766277475
base,2025,mantle_cell,males,5,906.4201490838083,832.0429315950412,992.9757150132064,908.216374605877
base,2026,mantle_cell,males,5,965.7752031368382,871.535600468603,1074.2550186857964,967.8711625616223
base,2027,mantle_cell,males,5,1014.7694420502646,911.0310777163946,1132.1821359085645,1016.6376638198152
base,2028,mantle_cell,males,5,1063.8727746522,949.1199218497773,1193.1607401838762,1067.4992979389467
base,2029,mantle_cell,males,5,1116.8042423644597,989.6307280607369,1260.7623968523337,1119.991014106981
base,2030,mantle_cell,males,5,1169.146793035935,1031.8025064672922,1329.3205141727415,1172.9158260828217
base,2031,mantle_cell,males,5,1220.7860348145218,1067.0534614463202,1397.7237361424814,1224.5093129163386
base,2032,mantle_cell,males,5,1268.623125068414,1101.3577358744856,1469.4344685106453,1272.8394959421607
base,2033,mantle_cell,males,5,1312.012304053214,1130.6593105567658,1529.1319622641347,1316.6961541134347
base,2034,mantle_cell,males,5,1348.3292220182343,1152.9535387088592,1581.8826973195307,1354.2704763102586
base,2035,mantle_cell,males,5,1378.0604643900588,1167.7512026861039,1632.3385891298267,1385.2287125744344
base,2036,mantle_cell,males,5,1402.4619348380893,1178.8800106090182,1680.2376716038866,1410.4063603380378
base,2037,mantle_cell,males,5,1426.1165664724726,1191.7208047167499,1728.3911033076138,1434.4247010210001
base,2038,mantle_cell,males,5,1448.2080159755294,1198.5324247306717,1768.3649128078093,1457.2918178807586
base,2039,mantle_cell,males,5,1469.220375738266,1205.636512540098,1812.4734994723299,1478.5726075057019
base,2040,mantle_cell,males,5,1487.242979273566,1209.2505265056593,1859.3799315931628,1497.8746697396841
base,2041,mantle_cell,males,5,1502.7253354153881,1208.4800191599998,1892.3525670619476,1514.3088410989076
base,2042,mantle_cell,males,5,1514.1204539050282,1209.620161280222,1919.7291286020036,1527.4100058125864
base,2043,mantle_cell,males,5,1521.518700101194,1209.2929424756062,1945.7174715041892,1537.1797990259322
base,2044,mantle_cell,males,5,1525.2896263548423,1206.5471994117672,1975.8108603311427,1544.1063740185473
base,2045,mantle_cell,males,5,1527.9858262804137,1200.3924275715465,2003.6991261620228,1548.5974939949404
base,2012,mantle_cell,males,10,763.8949371633552,724.8307266662067,806.7580112624125,764.929308650097
base,2013,mantle_cell,males,10,818.2253311107454,777.1014536588608,862.6878799756904,819.0832794391519
base,2014,mantle_cell,males,10,864.5776097150874,825.5043849911017,906.3877655452868,865.612476325541
base,2015,mantle_cell,males,10,899.6618033643861,859.5148872905124,943.5170537369783,900.704642957791
base,2016,mantle_cell,males,10,941.7977307172879,903.775564917796,982.105908746191,942.4738261179854
base,2017,mantle_cell,males,10,1017.4099347558906,983.7895356527731,1055.0871282203116,1018.0296727367461
base,2018,mantle_cell,males,10,1053.6674221031462,1022.7352822807433,1086.1410437733748,1053.9002984233737
base,2019,mantle_cell,males,10,1123.2563664963027,1092.4274117316286,1155.794171575073,1123.426290709848
base,2020,mantle_cell,males,10,1187.520215911659,1153.716138459824,1222.1028021763277,1187.3508093162268
base,2021,mantle_cell,males,10,1195.1531503338533,1152.9485355876188,1240.0596048245966,1195.3129545824522
base,2022,mantle_cell,males,10,1252.3662902915853,1206.2732446422026,1296.9638784779547,1251.764144189558
base,2023,mantle_cell,males,10,1314.1607881361451,1259.9143981498303,1367.9788140827432,1313.5706298119228
base,2024,mantle_cell,males,10,1380.1211710504567,1310.188771003176,1452.3111996947691,1380.180021574397
base,2025,mantle_cell,males,10,1456.7493250210389,1370.276202660376,1551.7745081800858,1457.8587954022755
base,2026,mantle_cell,males,10,1540.5518715985777,1429.0472233698606,1658.7529244588923,1540.711244245134
base,2027,mantle_cell,males,10,1598.6762427142987,1467.141768450629,1739.3440971147543,1599.7976149515441
base,2028,mantle_cell,males,10,1681.5854575918866,1527.3142675704003,1844.12291409924,1682.5004494432433
base,2029,mantle_cell,males,10,1750.3959169525008,1568.67451003118,1935.9686782160175,1751.2560222895206
base,2030,mantle_cell,males,10,1824.5707529135548,1609.2789144513001,2039.7260916616542,1825.1097680102416
base,2031,mantle_cell,males,10,1926.6061486965273,1682.7018064734948,2177.6405786214177,1928.8947708984801
base,2032,mantle_cell,males,10,2020.1017222359155,1749.7556910413364,2301.826778830857,2023.347879628812
base,2033,mantle_cell,males,10,2111.3719239182906,1812.5683196114203,2414.2513661592284,2114.903544438894
base,2034,mantle_cell,males,10,2197.406805248209,1871.0994023281326,2537.6684683089798,2201.2830002214137
base,2035,mantle_cell,males,10,2274.115560404626,1920.7194195865538,2659.80396022978,2281.3138046427785
base,2036,mantle_cell,males,10,2345.3942829624775,1962.7314871184826,2771.314578161737,2354.5746863086347
base,2037,mantle_cell,males,10,2410.401587148208,1996.1143143957388,2879.8604086287505,2420.123208550768
base,2038,mantle_cell,males,10,2469.3561382035086,2026.6784536054672,2977.2633362299835,2477.382745571926
base,2039,mantle_cell,males,10,2519.4369640171603,2046.7748350551317,3058.1242067080725,2525.8766062486307
base,2040,mantle_cell,males,10,2557.995006581371,2059.992175524769,3126.5766634921692,2565.2695890521222
base,2041,mantle_cell,males,10,2583.6230843435933,2069.308974669274,3188.88709728429,2595.4238540681977
base,2042,mantle_cell,males,10,2606.0688320002455,2063.708169766581,3247.549654494037,2621.2513245864066
base,2043,mantle_cell,males,10,2625.8438381767855,2054.3269070245037,3298.079796854199,2642.802649784375
base,2044,mantle_cell,males,10,2638.772922090344,2045.900360888439,3344.057604125682,2660.3920835383333
base,2045,mantle_cell,males,10,2651.975670982649,2035.247940215439,3385.9453634738607,2674.27242877653
base,2012,mantle_cell,males,40,913.3625664145394,778.1372800331696,1202.667517639946,936.8607442138407
base,2013,mantle_cell,males,40,975.8362654216583,834.5757466940422,1280.6658570192535,1001.6515560589328
base,2014,mantle_cell,males,40,1039.5673409088567,891.9589744110338,1356.1095232651865,1065.3510846541521
base,2015,mantle_cell,males,40,1090.66774376297,936.8040899437353,1421.3858197663078,1116.3784527904984
base,2016,mantle_cell,males,40,1148.4049225395408,989.4944540565593,1491.5282682510554,1175.9563603992665
base,2017,mantle_cell,males,40,1243.789160073229,1085.2345954624766,1595.2064375460293,1271.3616383177746
base,2018,mantle_cell,males,40,1302.3707914718161,1141.2895892628162,1662.0298668634669,1330.8466106561311
base,2019,mantle_cell,males,40,1393.8198466688707,1230.4906859044988,1765.2396119160023,1424.2115092963784
base,2020,mantle_cell,males,40,1487.91637958832,1323.0581820047087,1858.1717990767984,1518.5220402103796
base,2021,mantle_cell,males,40,1518.7319663477458,1358.158478849939,1902.7520770199812,1554.2716289918537
base,2022,mantle_cell,males,40,1588.3483922684002,1420.9508915909448,1977.571683480994,1623.6962836164373
base,2023,mantle_cell,males,40,1668.3771941548134,1500.974037385677,2045.5618381376987,1702.4409025762452
base,2024,mantle_cell,males,40,1759.1695140698155,1582.222962975421,2128.0341596612598,1790.3863315278588
base,2025,mantle_cell,males,40,1858.3321730993403,1667.5296160267703,2224.912812311739,1886.896692320823
base,2026,mantle_cell,males,40,1967.4384178134314,1762.7010367677053,2330.588312430088,1992.6544131136193
base,2027,mantle_cell,males,40,2088.156320207753,1860.271376421771,2450.281583491922,2107.737543186621
base,2028,mantle_cell,males,40,2220.35245844255,1965.1618749317777,2569.030980371788,2232.785944784607
base,2029,mantle_cell,males,40,2358.1572178981633,2086.807141019003,2712.6122416517464,2366.624284000241
base,2030,mantle_cell,males,40,2504.2864243843214,2200.000567048984,2846.2039775440294,2507.7854227015932
base,2031,mantle_cell,males,40,2654.1006169282023,2320.474676896909,3001.6469421971215,2656.4843724904354
base,2032,mantle_cell,males,40,2811.168680927874,2427.6522257746906,3187.702024860586,2809.528258804961
base,2033,mantle_cell,males,40,2970.0020134868446,2547.681870766944,3404.118042602891,2966.6069426724766
base,2034,mantle_cell,males,40,3131.6262585860504,2656.8789484975036,3627.441087976715,3125.2340462736965
base,2035,mantle_cell,males,40,3284.8242783311134,2767.711521164141,3856.9794679283823,3284.6613305268315
base,2036,mantle_cell,males,40,3443.3120799923954,2869.5679776508587,4087.174517876779,3444.7542162489035
base,2037,mantle_cell,males,40,3600.8670005499516,2955.8593430728297,4323.296792068537,3604.824220023869
base,2038,mantle_cell,males,40,3763.586008421159,3060.923563439263,4543.582809760712,3764.268904194807
base,2039,mantle_cell,males,40,3917.532593075529,3141.771670885097,4781.383959093882,3922.0264641003123
base,2040,mantle_cell,males,40,4065.235918671355,3210.330683052287,5047.294309214556,4077.5639862335433
base,2041,mantle_cell,males,40,4210.963805895084,3268.01113574477,5293.437970176037,4229.716857590185
base,2042,mantle_cell,males,40,4352.945900391576,3343.9043002776893,5527.208703086181,4378.450873077717
base,2043,mantle_cell,males,40,4496.285616734076,3406.3854484833064,5772.696835561664,4524.527836873899
base,2044,mantle_cell,males,40,4636.265355448918,3452.987993463747,6016.533289079985,4665.546734939611
base,2045,mantle_cell,males,40,4771.59629944522,3493.381431810152,6260.574858550983,4801.730822136743
conservative,2012,mantle_cell,males,2,267.39010834960476,263.20284070631317,271.17219468578554,267.38277745965684
conservative,2013,mantle_cell,males,2,287.7327575919109,281.29215563239904,293.3077023688513,287.6470392633275
conservative,2014,mantle_cell,males,2,312.35701997081594,304.84613776716776,318.64324902861625,312.3071902783364
conservative,2015,mantle_cell,males,2,309.3649453091971,301.5881775553137,315.79858896051013,309.2866364859463
conservative,2016,mantle_cell,males,2,317.2292274749568,309.32719492866903,323.8115756311098,317.0995045635206
conservative,2017,mantle_cell,males,2,372.050066521914,366.39115735587274,377.2474171852114,371.99688872485524
conservative,2018,mantle_cell,males,2,383.40547897287735,376.9933290953918,389.50156752585247,383.20523172731333
conservative,2019,mantle_cell,males,2,395.5560026171057,388.5494923060051,401.8197546275341,395.31995084992883
conservative,2020,mantle_cell,males,2,437.26770077800194,429.02929556324256,444.4718251525321,436.9870224562213
conservative,2021,mantle_cell,males,2,387.06694781891133,378.4052328574469,394.4255805225163,386.8360181847485
conservative,2022,mantle_cell,males,2,366.608847133681,346.4944284020919,390.96392230601134,367.1993308416541
conservative,2023,mantle_cell,males,2,402.8597588680752,365.92965918899563,448.5205148761281,403.807793251793
conservative,2024,mantle_cell,males,2,420.25598821298365,381.13780082979076,467.3199628251229,421.36253900679657
conservative,2025,mantle_cell,males,2,438.4682061596478,395.5215466159028,487.68165280723093,439.41295513103336
conservative,2026,mantle_cell,males,2,457.52199753835635,411.1078807010542,510.84348369003413,458.76873194971614
conservative,2027,mantle_cell,males,2,478.2024655714194,427.06045453691337,536.3323604899533,479.2103942290245
conservative,2028,mantle_cell,males,2,498.53586249283194,442.59321647894507,562.0409364135131,499.8343524031725
conservative,2029,mantle_cell,males,2,518.955876537548,457.643403170903,587.0995572350665,519.9755831581347
conservative,2030,mantle_cell,males,2,537.5756471315838,471.4581270039078,612.2799100387803,538.7393895375035
conservative,2031,mantle_cell,males,2,553.7279230518836,483.0464903252536,638.0883584358038,555.519887742146
conservative,2032,mantle_cell,males,2,567.721331252528,492.21902960017235,659.7112793457454,569.7979738525752
conservative,2033,mantle_cell,males,2,579.3906722113439,499.35390485496447,679.0072042410497,581.83852823391
conservative,2034,mantle_cell,males,2,589.916669716745,505.4176764673451,699.5892771455651,592.917638008534
conservative,2035,mantle_cell,males,2,600.1805247028892,510.0829836537471,716.8347424270671,603.4812954377992
conservative,2036,mantle_cell,males,2,610.7351825422618,515.6712056230301,735.8031569037389,614.26092541764
conservative,2037,mantle_cell,males,2,622.0100481759116,520.7461909885803,757.6105038420037,625.2508189614152
conservative,2038,mantle_cell,males,2,632.0343867478914,524.8397903210433,779.2169248332941,635.6430324841514
conservative,2039,mantle_cell,males,2,640.9475083388724,527.4126477596045,796.6266466795538,645.1319168164337
conservative,2040,mantle_cell,males,2,648.8638387512763,529.0732481007062,814.8678879698385,653.4761243494258
conservative,2041,mantle_cell,males,2,655.7137056397778,529.7476399333588,831.3811723467699,660.4923758741934
conservative,2042,mantle_cell,males,2,660.4047322392813,529.1955433941494,843.1872457607308,665.9603207056659
conservative,2043,mantle_cell,males,2,662.7352866513077,527.346038706111,853.0654999704177,669.9053282835332
conservative,2044,mantle_cell,males,2,665.3026174450613,523.0359154098472,865.3376141469787,672.8391759483372
conservative,2045,mantle_cell,males,2,667.1042572484133,519.5383300609129,877.775728613094,674.9649753948827
conservative,2012,mantle_cell,males,3,386.39003090120735,379.4021163611349,392.1575462925443,386.2331184529246
conservative,2013,mantle_cell,males,3,400.32857015838465,392.77907410958943,407.1899086007365,400.2087959982254
conservative,2014,mantle_cell,males,3,421.7025698583976,413.3202448944125,429.64590948800213,421.7291165043566
conservative,2015,mantle_cell,males,3,437.8150596444943,428.8001935480782,446.0545069687988,437.8904071160283
conservative,2016,mantle_cell,males,3,449.39928134492044,440.25045096861487,457.6454335328385,449.5176696588525
conservative,2017,mantle_cell,males,3,499.4472733226381,492.07550562705046,506.7421284567911,499.5601285161676
conservative,2018,mantle_cell,males,3,523.0119092009504,514.2618926125333,531.6546195033178,522.9533221116677
conservative,2019,mantle_cell,males,3,571.7194060852804,563.4653012294857,579.4230455821591,571.5401921277116
conservative,2020,mantle_cell,males,3,588.9092610478431,579.6762301188704,597.6956664272673,588.7964812356252
conservative,2021,mantle_cell,males,3,573.9011803866513,563.5565972955103,583.2342855792159,573.6806035814105
conservative,2022,mantle_cell,males,3,559.0723885243567,537.84136913544,583.0728041818289,559.3075031380265
conservative,2023,mantle_cell,males,3,550.5504937958899,512.4671099334015,595.5802122504097,551.5914644638411
conservative,2024,mantle_cell,males,3,591.6020169157325,537.156757129045,656.0906934300303,593.1620572026912
conservative,2025,mantle_cell,males,3,616.8736275791298,558.7504825130009,684.5406338383422,618.502696403492
conservative,2026,mantle_cell,males,3,643.8375834380029,580.6351840220375,716.5303734142159,645.1249661540622
conservative,2027,mantle_cell,males,3,671.5084475465592,603.0392686119633,749.8838350259613,673.181713866023
conservative,2028,mantle_cell,males,3,700.2825606154195,624.7311616779006,786.7101493038429,702.1503790952725
conservative,2029,mantle_cell,males,3,728.9892598339796,645.0182108680202,825.6466422041406,730.8200219138292
conservative,2030,mantle_cell,males,3,755.8655761511866,664.6664945311378,863.5721204704582,758.1313465527434
conservative,2031,mantle_cell,males,3,780.1812469456272,682.17696318188,895.5546797662198,783.0156234928473
conservative,2032,mantle_cell,males,3,802.2559683899669,696.2275122456343,928.7945391706742,804.6349532441504
conservative,2033,mantle_cell,males,3,820.0037307530463,706.7087303077686,958.9022904487234,823.0523806401511
conservative,2034,mantle_cell,males,3,835.2303549446802,715.1939642319679,982.1642675440053,839.0763254468177
conservative,2035,mantle_cell,males,3,849.6680606202874,721.0301057679353,1004.6246730104557,853.9808669443386
conservative,2036,mantle_cell,males,3,863.9747361324672,728.1630496428347,1033.4828049885878,868.8352546701176
conservative,2037,mantle_cell,males,3,879.480530062227,733.9278370774927,1066.2128828311506,883.5175963881577
conservative,2038,mantle_cell,males,3,892.050580113865,740.089165706428,1095.8250475533566,897.833611591132
conservative,2039,mantle_cell,males,3,904.0702556202076,745.153524317911,1118.8105798419128,910.9265746694579
conservative,2040,mantle_cell,males,3,915.1332278712523,748.8000856859908,1142.8968084462474,922.4106872817556
conservative,2041,mantle_cell,males,3,924.0807011335019,748.8073652825474,1166.9988045765283,932.0930556887192
conservative,2042,mantle_cell,males,3,930.8193803228713,743.8952705857628,1186.2044190564668,939.659093117322
conservative,2043,mantle_cell,males,3,935.3814626346109,739.7438519129544,1204.296254120073,945.1610863901553
conservative,2044,mantle_cell,males,3,938.6362299470982,736.255400662077,1219.1797922910457,949.0625694068927
conservative,2045,mantle_cell,males,3,939.9576333947316,732.0712707094154,1240.7113451233247,951.6832715320385
conservative,2012,mantle_cell,males,5,556.878014848332,546.820694032927,566.114512309347,556.7446358491651
conservative,2013,mantle_cell,males,5,585.8395654427578,575.601877421563,596.1584931626547,585.957934220161
conservative,2014,mantle_cell,males,5,616.1685916609829,605.4028949641424,626.6383842049012,616.3041469612109
conservative,2015,mantle_cell,males,5,623.3581644869848,612.1574235476644,634.0651148912665,623.308478980732
conservative,2016,mantle_cell,males,5,645.0632540565639,633.4797283336598,656.6646109717384,645.1050893706264
conservative,2017,mantle_cell,males,5,713.961497964081,702.9091756837004,725.5984902010165,713.8889017439406
conservative,2018,mantle_cell,males,5,738.3524409503266,727.0088418880287,750.3132015449976,738.2906198052825
conservative,2019,mantle_cell,males,5,794.6906913596797,783.3382005946012,806.0785099658087,794.6473213339846
conservative,2020,mantle_cell,males,5,857.886961430328,845.945880665872,869.3768827840429,857.8290724189851
conservative,2021,mantle_cell,males,5,855.522821944815,843.2496223805083,866.7538282826293,855.4473801061985
conservative,2022,mantle_cell,males,5,853.7893169977646,830.0843112278444,879.2258016849144,854.0390113995243
conservative,2023,mantle_cell,males,5,881.606795936796,842.7700838081222,926.9240811806494,882.4613918074214
conservative,2024,mantle_cell,males,5,888.76027183122,831.6634985393789,954.2736143592532,889.8810709858718
conservative,2025,mantle_cell,males,5,899.4053423676746,825.4526937604003,984.3198575044903,900.6105632627929
conservative,2026,mantle_cell,males,5,950.1488125717547,859.3763799441965,1056.36661179402,952.5522740973164
conservative,2027,mantle_cell,males,5,990.1054150234515,889.8487453113286,1102.1485374014555,992.7532639378667
conservative,2028,mantle_cell,males,5,1030.8001386246317,920.970479463822,1152.6639655342874,1034.0705614918973
conservative,2029,mantle_cell,males,5,1072.8417256902453,954.0218128398155,1207.075902044851,1075.938120863121
conservative,2030,mantle_cell,males,5,1113.183530847972,984.8120667545218,1260.461635282552,1117.134331217676
conservative,2031,mantle_cell,males,5,1152.0233168219731,1010.4819148593402,1317.956961728009,1156.012475871325
conservative,2032,mantle_cell,males,5,1186.6943901394773,1034.2218438614264,1365.908800244058,1191.188637576039
conservative,2033,mantle_cell,males,5,1216.0611245910202,1054.3415423790518,1409.6331473688815,1222.0690864445241
conservative,2034,mantle_cell,males,5,1241.497125206252,1072.0854300916394,1451.9612839287713,1249.0468974711623
conservative,2035,mantle_cell,males,5,1265.2253174570483,1083.542288513397,1492.4236587426094,1272.7457217535577
conservative,2036,mantle_cell,males,5,1288.2125497686598,1092.8220494611414,1536.2849472917435,1294.6429842617729
conservative,2037,mantle_cell,males,5,1307.6469573339796,1103.3106509763354,1581.5653326069635,1315.653723150902
conservative,2038,mantle_cell,males,5,1327.0311552732196,1111.5761216259862,1618.4534450743806,1335.6681273082434
conservative,2039,mantle_cell,males,5,1346.224820143926,1118.6417390463082,1651.0222379012241,1354.2203423088743
conservative,2040,mantle_cell,males,5,1362.7967217037603,1122.24890746892,1682.678081132688,1370.9122372698428
conservative,2041,mantle_cell,males,5,1375.7661731200383,1122.2534162282857,1712.1066625153674,1384.9996077471346
conservative,2042,mantle_cell,males,5,1384.0985845021146,1120.4214982679723,1744.6105160017785,1396.0869849003977
conservative,2043,mantle_cell,males,5,1389.0291943399216,1115.5012284625736,1772.7053162491393,1404.202138011056
conservative,2044,mantle_cell,males,5,1393.1864203132552,1107.8082039253532,1791.3713166903385,1409.814277310907
conservative,2045,mantle_cell,males,5,1394.04461034058,1098.4445435556768,1824.3269786288154,1413.2870318282019
conservative,2012,mantle_cell,males,10,763.8949371633552,724.8307266662067,806.7580112624125,764.929308650097
conservative,2013,mantle_cell,males,10,818.2253311107454,777.1014536588608,862.6878799756904,819.0832794391519
conservative,2014,mantle_cell,males,10,864.5776097150874,825.5043849911017,906.3877655452868,865.612476325541
conservative,2015,mantle_cell,males,10,899.6618033643861,859.5148872905124,943.5170537369783,900.704642957791
conservative,2016,mantle_cell,males,10,941.7977307172879,903.775564917796,982.105908746191,942.4738261179854
conservative,2017,mantle_cell,males,10,1017.4099347558906,983.7895356527731,1055.0871282203116,1018.0296727367461
conservative,2018,mantle_cell,males,10,1053.6674221031462,1022.7352822807433,1086.1410437733748,1053.9002984233737
conservative,2019,mantle_cell,males,10,1123.2563664963027,1092.4274117316286,1155.794171575073,1123.426290709848
conservative,2020,mantle_cell,males,10,1187.520215911659,1153.716138459824,1222.1028021763277,1187.3508093162268
conservative,2021,mantle_cell,males,10,1195.1531503338533,1152.9485355876188,1240.0596048245966,1195.3129545824522
conservative,2022,mantle_cell,males,10,1252.170962692551,1205.9830484879415,1296.5297718994918,1251.562081860945
conservative,2023,mantle_cell,males,10,1313.0920135683664,1259.0249630041092,1367.712904681914,1312.7772474657982
conservative,2024,mantle_cell,males,10,1377.5379254508605,1307.661197952259,1448.862673566484,1377.1509159325212
conservative,2025,mantle_cell,males,10,1450.1975316028324,1364.6632729028017,1541.7406264033152,1450.2529840591912
conservative,2026,mantle_cell,males,10,1524.3144873768847,1417.4911333658742,1643.5099619019852,1525.392355780828
conservative,2027,mantle_cell,males,10,1570.1046435255755,1445.4406271038545,1711.4571206527278,1572.7394266342455
conservative,2028,mantle_cell,males,10,1637.730972094735,1490.521831930176,1799.3650999471386,1638.9114186555034
conservative,2029,mantle_cell,males,10,1684.9200275469007,1510.4536795816275,1869.2596834240594,1685.6480927695986
conservative,2030,mantle_cell,males,10,1731.4926605118585,1532.1542661203907,1937.8408943378042,1731.3903623815715
conservative,2031,mantle_cell,males,10,1799.9160168545818,1574.3118618009673,2036.3402407262536,1800.5075218651289
conservative,2032,mantle_cell,males,10,1855.4766567655156,1616.36865261245,2109.796302798577,1858.3112093807665
conservative,2033,mantle_cell,males,10,1907.3948713255743,1651.5034453317562,2181.15999630786,1911.9119276763229
conservative,2034,mantle_cell,males,10,1956.6585895865694,1680.5008800934606,2255.91022139151,1961.3309749251728
conservative,2035,mantle_cell,males,10,1999.0185463201178,1707.050046642066,2328.7833883206563,2006.5681390177813
conservative,2036,mantle_cell,males,10,2039.9074785169332,1725.4315911164317,2395.1176130841086,2048.178271625237
conservative,2037,mantle_cell,males,10,2079.669954297439,1745.6962057580695,2455.6404940660364,2086.1687806185914
conservative,2038,mantle_cell,males,10,2113.890776952707,1759.1431193479343,2519.1806217117146,2120.3976415260677
conservative,2039,mantle_cell,males,10,2141.443114580241,1769.1826152084284,2579.646784733759,2150.756308693433
conservative,2040,mantle_cell,males,10,2167.0519111589206,1774.2664194778615,2637.810789284819,2177.1677871306442
conservative,2041,mantle_cell,males,10,2187.8141700041183,1775.4326508061338,2690.6542158553084,2199.6439432107504
conservative,2042,mantle_cell,males,10,2205.1248241323083,1771.799142828881,2739.5753980638606,2218.2544444475416
conservative,2043,mantle_cell,males,10,2218.415469500953,1764.1242993269925,2785.317328317973,2232.966428450078
conservative,2044,mantle_cell,males,10,2226.7991089855877,1757.3141931884682,2827.4239154463708,2244.104683965239
conservative,2045,mantle_cell,males,10,2232.9302158287273,1747.7480650688537,2861.4608708280975,2251.9572458820267
conservative,2012,mantle_cell,males,40,913.3625664145394,778.1372800331696,1202.667517639946,936.8607442138407
conservative,2013,mantle_cell,males,40,975.8362654216583,834.5757466940422,1280.6658570192535,1001.6515560589328
conservative,2014,mantle_cell,males,40,1039.5673409088567,891.9589744110338,1356.1095232651865,1065.3510846541521
conservative,2015,mantle_cell,males,40,1090.66774376297,936.8040899437353,1421.3858197663078,1116.3784527904984
conservative,2016,mantle_cell,males,40,1148.4049225395408,989.4944540565593,1491.5282682510554,1175.9563603992665
conservative,2017,mantle_cell,males,40,1243.789160073229,1085.2345954624766,1595.2064375460293,1271.3616383177746
conservative,2018,mantle_cell,males,40,1302.3707914718161,1141.2895892628162,1662.0298668634669,1330.8466106561311
conservative,2019,mantle_cell,males,40,1393.8198466688707,1230.4906859044988,1765.2396119160023,1424.2115092963784
conservative,2020,mantle_cell,males,40,1487.91637958832,1323.0581820047087,1858.1717990767984,1518.5220402103796
conservative,2021,mantle_cell,males,40,1518.7319663477458,1358.158478849939,1902.7520770199812,1554.2716289918537
conservative,2022,mantle_cell,males,40,1588.18195609594,1420.6927284126264,1977.370569713668,1623.4942212878243
conservative,2023,mantle_cell,males,40,1668.1238488492104,1499.743043321243,2044.3411891045755,1701.6475202301208
conservative,2024,mantle_cell,males,40,1756.9584238688153,1579.6631243593104,2124.7346959416773,1787.357225885983
conservative,2025,mantle_cell,males,40,1850.906432567167,1660.4932008916528,2215.4484965192264,1879.2908809777387
conservative,2026,mantle_cell,males,40,1953.8389178979392,1748.8919749155798,2309.3934305269872,1977.3355246493134
conservative,2027,mantle_cell,males,40,2058.6992481156262,1835.7112745308286,2414.9750438387596,2080.6793548693227
conservative,2028,mantle_cell,males,40,2174.8989562413435,1926.3917307797628,2519.3590983401605,2189.196913996868
conservative,2029,mantle_cell,males,40,2289.719343578672,2017.498812580738,2631.9019212189455,2301.016354480319
conservative,2030,mantle_cell,males,40,2407.2396388065536,2111.829990835361,2745.636930642373,2414.066017072923
conservative,2031,mantle_cell,males,40,2526.356401382908,2203.083825828487,2867.555941065963,2528.097123457084
conservative,2032,mantle_cell,males,40,2639.6210166109668,2287.516732215812,2997.475287413742,2639.9598794523254
conservative,2033,mantle_cell,males,40,2751.8961202633946,2364.960102341882,3137.866203185572,2749.5352969989603
conservative,2034,mantle_cell,males,40,2858.1625079266405,2437.172963130127,3286.537703872513,2856.217191645078
conservative,2035,mantle_cell,males,40,2959.367877746953,2506.2326706061585,3449.447212890534,2960.00423474985
conservative,2036,mantle_cell,males,40,3057.7558004638804,2572.1256762919556,3603.3405480734914,3061.293961985414
conservative,2037,mantle_cell,males,40,3154.4653985972445,2628.514571764783,3750.627611528182,3159.9804211796054
conservative,2038,mantle_cell,males,40,3245.2997718810643,2678.7406876727428,3906.7630466539686,3255.6194861164677
conservative,2039,mantle_cell,males,40,3334.4714955107956,2727.3731360755273,4052.3754878466225,3347.310013379065
conservative,2040,mantle_cell,males,40,3419.7549405928603,2775.888627957728,4168.170114041495,3434.689730215302
conservative,2041,mantle_cell,males,40,3501.005492416711,2817.096321224458,4317.990039850416,3516.765306237625
conservative,2042,mantle_cell,males,40,3572.9731685971105,2832.8159612654526,4464.173975856801,3593.6916143733565
conservative,2043,mantle_cell,males,40,3638.96424480309,2856.1824282848834,4597.228383643992,3666.3993954984985
conservative,2044,mantle_cell,males,40,3701.8411544234314,2867.839646872909,4724.516856625506,3732.6406118682903
conservative,2045,mantle_cell,males,40,3753.7995878165902,2873.074315451906,4842.73550696769,3792.798207225559
optimistic,2012,mantle_cell,males,2,267.39010834960476,263.20284070631317,271.17219468578554,267.38277745965684
optimistic,2013,mantle_cell,males,2,287.7327575919109,281.29215563239904,293.3077023688513,287.6470392633275
optimistic,2014,mantle_cell,males,2,312.35701997081594,304.84613776716776,318.64324902861625,312.3071902783364
optimistic,2015,mantle_cell,males,2,309.3649453091971,301.5881775553137,315.79858896051013,309.2866364859463
optimistic,2016,mantle_cell,males,2,317.2292274749568,309.32719492866903,323.8115756311098,317.0995045635206
optimistic,2017,mantle_cell,males,2,372.050066521914,366.39115735587274,377.2474171852114,371.99688872485524
optimistic,2018,mantle_cell,males,2,383.40547897287735,376.9933290953918,389.50156752585247,383.20523172731333
optimistic,2019,mantle_cell,males,2,395.5560026171057,388.5494923060051,401.8197546275341,395.31995084992883
optimistic,2020,mantle_cell,males,2,437.26770077800194,429.02929556324256,444.4718251525321,436.9870224562213
optimistic,2021,mantle_cell,males,2,387.06694781891133,378.4052328574469,394.4255805225163,386.8360181847485
optimistic,2022,mantle_cell,males,2,366.8166379212994,346.7549232364801,391.49732398910623,367.40139317026706
optimistic,2023,mantle_cell,males,2,403.47081950099613,366.01815762350844,448.93919943860055,404.60117559791746
optimistic,2024,mantle_cell,males,2,421.36430947995444,381.301850676372,470.1095122321316,422.8145290476088
optimistic,2025,mantle_cell,males,2,440.03275594251073,396.02283555600746,490.9158215405578,441.61076292219707
optimistic,2026,mantle_cell,males,2,460.2960722291988,411.9380887749002,517.5516290018929,461.8306052966365
optimistic,2027,mantle_cell,males,2,482.184501305613,428.4295123472937,543.847585644605,483.27539691523657
optimistic,2028,mantle_cell,males,2,504.0615971210266,445.89469275075174,572.5931973057224,505.053457122309
optimistic,2029,mantle_cell,males,2,525.186147060053,461.6033685601722,600.8739252302173,526.5041368985633
optimistic,2030,mantle_cell,males,2,545.6564287012262,475.25241084349625,630.301774668488,546.7031213905219
optimistic,2031,mantle_cell,males,2,564.2520737537897,487.2010300753431,656.4492754933046,565.0141997094055
optimistic,2032,mantle_cell,males,2,580.2588582343733,497.7816514853644,681.677524990964,580.8535475187142
optimistic,2033,mantle_cell,males,2,594.0472662320427,504.3165652538498,702.5903355729168,594.4320453106724
optimistic,2034,mantle_cell,males,2,607.0424823096929,510.39656439768174,723.4053687826138,607.0583796648563
optimistic,2035,mantle_cell,males,2,618.7711460318717,515.0156020247438,743.1054356555868,619.1619294653941
optimistic,2036,mantle_cell,males,2,629.9135358495279,520.2470236693226,762.3953568127799,631.4711272335508
optimistic,2037,mantle_cell,males,2,641.9416657382728,525.0378096814309,782.0075371754474,643.6467774953801
optimistic,2038,mantle_cell,males,2,652.3944380237086,528.7990763703629,801.9207303376214,654.5411270900352
optimistic,2039,mantle_cell,males,2,660.9818111343491,532.331956774437,824.6744341608851,664.4724135193235
optimistic,2040,mantle_cell,males,2,668.9773010708708,534.590098268555,842.2289963825564,673.1797068520756
optimistic,2041,mantle_cell,males,2,675.7442022690918,535.1051204117039,858.4855945361344,680.4654180250818
optimistic,2042,mantle_cell,males,2,681.0563965160333,534.0660937986382,872.1996124995985,686.1299515450451
optimistic,2043,mantle_cell,males,2,684.8239288044253,531.5164534050194,884.0021814808733,690.2202524437126
optimistic,2044,mantle_cell,males,2,687.3953444422984,526.6378768454473,898.9043294046121,693.269736924787
optimistic,2045,mantle_cell,males,2,688.9914939680375,522.589609723043,912.9339412724421,695.4903468657881
optimistic,2012,mantle_cell,males,3,386.39003090120735,379.4021163611349,392.1575462925443,386.2331184529246
optimistic,2013,mantle_cell,males,3,400.32857015838465,392.77907410958943,407.1899086007365,400.2087959982254
optimistic,2014,mantle_cell,males,3,421.7025698583976,413.3202448944125,429.64590948800213,421.7291165043566
optimistic,2015,mantle_cell,males,3,437.8150596444943,428.8001935480782,446.0545069687988,437.8904071160283
optimistic,2016,mantle_cell,males,3,449.39928134492044,440.25045096861487,457.6454335328385,449.5176696588525
optimistic,2017,mantle_cell,males,3,499.4472733226381,492.07550562705046,506.7421284567911,499.5601285161676
optimistic,2018,mantle_cell,males,3,523.0119092009504,514.2618926125333,531.6546195033178,522.9533221116677
optimistic,2019,mantle_cell,males,3,571.7194060852804,563.4653012294857,579.4230455821591,571.5401921277116
optimistic,2020,mantle_cell,males,3,588.9092610478431,579.6762301188704,597.6956664272673,588.7964812356252
optimistic,2021,mantle_cell,males,3,573.9011803866513,563.5565972955103,583.2342855792159,573.6806035814105
optimistic,2022,mantle_cell,males,3,559.2844097766998,537.9676792701696,583.4963719796795,559.5095654666395
optimistic,2023,mantle_cell,males,3,551.3647962020327,512.7130907425093,596.7214065413791,552.3848468099657
optimistic,2024,mantle_cell,males,3,594.4845342292911,540.0156102729995,660.2056545235146,596.191162844567
optimistic,2025,mantle_cell,males,3,622.1578134371359,563.7693192738323,691.9634608190619,624.018682082253
optimistic,2026,mantle_cell,males,3,652.0848713444775,586.837002226546,727.4061009588827,653.4287312715949
optimistic,2027,mantle_cell,males,3,683.1052947879348,611.6272303367758,765.7662312236355,684.6510943807334
optimistic,2028,mantle_cell,males,3,715.5009535267488,635.9616772775614,809.427782030523,717.2324082348905
optimistic,2029,mantle_cell,males,3,747.8794168979634,659.6960859268332,853.735612621225,749.9700161139122
optimistic,2030,mantle_cell,males,3,779.6774200097684,683.680580602418,895.1186136645724,781.7920445173316
optimistic,2031,mantle_cell,males,3,809.869884244258,702.5810284817185,937.7026287709367,811.5314817265446
optimistic,2032,mantle_cell,males,3,836.1728439611747,718.9727154633065,973.0006652436613,838.2325032725201
optimistic,2033,mantle_cell,males,3,859.5046072026985,732.4178371529986,1010.1042236695631,861.8044804560686
optimistic,2034,mantle_cell,males,3,880.0092714003052,743.6724251748194,1043.2651250637455,882.868311925902
optimistic,2035,mantle_cell,males,3,900.0169785521662,753.5662728117567,1074.6410249998328,902.7491341531999
optimistic,2036,mantle_cell,males,3,919.5834945274057,762.8004910134223,1107.767936162858,922.5167712359695
optimistic,2037,mantle_cell,males,3,938.1520941148058,771.1678538621017,1139.685357182196,941.6410686455038
optimistic,2038,mantle_cell,males,3,955.3877499201817,777.6051795460869,1170.3225211288182,959.6936528963375
optimistic,2039,mantle_cell,males,3,969.9614777866776,782.3131738933166,1200.157966328716,974.2683617465331
optimistic,2040,mantle_cell,males,3,982.0768828170418,785.0012651785993,1228.5878020203195,987.0546341434423
optimistic,2041,mantle_cell,males,3,992.6107344051584,786.0390071915369,1254.9059091653507,997.8190990969317
optimistic,2042,mantle_cell,males,3,999.5616872730157,783.5580043002923,1278.7438567803551,1006.2131676104373
optimistic,2043,mantle_cell,males,3,1003.6228589280776,779.6246558027361,1300.129113890797,1012.340367051664
optimistic,2044,mantle_cell,males,3,1007.1795595228724,775.8850919231139,1312.334937537446,1016.7083240309973
optimistic,2045,mantle_cell,males,3,1009.0538151268859,770.0460881175824,1330.4576875351174,1019.6785012587629
optimistic,2012,mantle_cell,males,5,556.878014848332,546.820694032927,566.114512309347,556.7446358491651
optimistic,2013,mantle_cell,males,5,585.8395654427578,575.601877421563,596.1584931626547,585.957934220161
optimistic,2014,mantle_cell,males,5,616.1685916609829,605.4028949641424,626.6383842049012,616.3041469612109
optimistic,2015,mantle_cell,males,5,623.3581644869848,612.1574235476644,634.0651148912665,623.308478980732
optimistic,2016,mantle_cell,males,5,645.0632540565639,633.4797283336598,656.6646109717384,645.1050893706264
optimistic,2017,mantle_cell,males,5,713.961497964081,702.9091756837004,725.5984902010165,713.8889017439406
optimistic,2018,mantle_cell,males,5,738.3524409503266,727.0088418880287,750.3132015449976,738.2906198052825
optimistic,2019,mantle_cell,males,5,794.6906913596797,783.3382005946012,806.0785099658087,794.6473213339846
optimistic,2020,mantle_cell,males,5,857.886961430328,845.945880665872,869.3768827840429,857.8290724189851
optimistic,2021,mantle_cell,males,5,855.522821944815,843.2496223805083,866.7538282826293,855.4473801061985
optimistic,2022,mantle_cell,males,5,853.9775195053298,830.2725730360963,879.506508360001,854.2410737281373
optimistic,2023,mantle_cell,males,5,882.4513343767344,842.449206898082,928.0690857871876,883.2547741535459
optimistic,2024,mantle_cell,males,5,891.4226849650418,834.4655250634237,957.0118221490983,892.9101766277475
optimistic,2025,mantle_cell,males,5,906.4201490838083,832.0429315950412,992.9757150132064,908.216374605877
optimistic,2026,mantle_cell,males,5,965.7752031368382,871.535600468603,1074.2550186857964,967.8711625616223
optimistic,2027,mantle_cell,males,5,1014.7694420502646,911.0310777163946,1132.1821359085645,1016.6376638198152
optimistic,2028,mantle_cell,males,5,1063.8727746522,949.1199218497773,1193.1607401838762,1067.4992979389467
optimistic,2029,mantle_cell,males,5,1116.8042423644597,989.6307280607369,1260.7623968523337,1119.991014106981
optimistic,2030,mantle_cell,males,5,1169.146793035935,1031.8025064672922,1329.3205141727415,1172.9158260828217
optimistic,2031,mantle_cell,males,5,1220.7860348145218,1067.0534614463202,1397.7237361424814,1224.5093129163386
optimistic,2032,mantle_cell,males,5,1269.0727305880116,1101.814175741112,1469.4278037753443,1273.1958862703636
optimistic,2033,mantle_cell,males,5,1313.41043814459,1132.3831895110268,1531.7422809195416,1318.1002811036958
optimistic,2034,mantle_cell,males,5,1354.2451177444352,1156.906642658852,1589.928916411846,1359.2631673369765
optimistic,2035,mantle_cell,males,5,1391.3925524683807,1179.9239553670263,1649.8030162424914,1397.0904122999607
optimistic,2036,mantle_cell,males,5,1426.4875968674814,1199.7075325762858,1708.1595605391663,1433.0163926393318
optimistic,2037,mantle_cell,males,5,1459.8310278508839,1219.3811126170315,1764.483452167527,1467.6490580739896
optimistic,2038,mantle_cell,males,5,1491.9497155541749,1235.0754887299647,1821.488811563341,1500.6320076202312
optimistic,2039,mantle_cell,males,5,1519.5682091294116,1246.2341522238876,1873.1144454685416,1530.033964836194
optimistic,2040,mantle_cell,males,5,1542.9778615371317,1253.5062963871069,1921.3656030287389,1554.3814677638463
optimistic,2041,mantle_cell,males,5,1558.5420110971343,1252.1784626326485,1958.1303917661733,1571.9828872684943
optimistic,2042,mantle_cell,males,5,1571.7809402637313,1249.6922511114096,1987.4845535530594,1586.0939585122
optimistic,2043,mantle_cell,males,5,1581.7421550825502,1248.4822012532525,2018.247148628901,1596.7037409575607
optimistic,2044,mantle_cell,males,5,1587.925017165789,1245.9676846541288,2046.5167816605367,1604.3020050618586
optimistic,2045,mantle_cell,males,5,1589.7998699456962,1241.246186391921,2071.9698968440116,1609.316687329684
optimistic,2012,mantle_cell,males,10,763.8949371633552,724.8307266662067,806.7580112624125,764.929308650097
optimistic,2013,mantle_cell,males,10,818.2253311107454,777.1014536588608,862.6878799756904,819.0832794391519
optimistic,2014,mantle_cell,males,10,864.5776097150874,825.5043849911017,906.3877655452868,865.612476325541
optimistic,2015,mantle_cell,males,10,899.6618033643861,859.5148872905124,943.5170537369783,900.704642957791
optimistic,2016,mantle_cell,males,10,941.7977307172879,903.775564917796,982.105908746191,942.4738261179854
optimistic,2017,mantle_cell,males,10,1017.4099347558906,983.7895356527731,1055.0871282203116,1018.0296727367461
optimistic,2018,mantle_cell,males,10,1053.6674221031462,1022.7352822807433,1086.1410437733748,1053.9002984233737
optimistic,2019,mantle_cell,males,10,1123.2563664963027,1092.4274117316286,1155.794171575073,1123.426290709848
optimistic,2020,mantle_cell,males,10,1187.520215911659,1153.716138459824,1222.1028021763277,1187.3508093162268
optimistic,2021,mantle_cell,males,10,1195.1531503338533,1152.9485355876188,1240.0596048245966,1195.3129545824522
optimistic,2022,mantle_cell,males,10,1252.3662902915853,1206.2732446422026,1296.9638784779547,1251.764144189558
optimistic,2023,mantle_cell,males,10,1314.1607881361451,1259.9143981498303,1367.9788140827432,1313.5706298119228
optimistic,2024,mantle_cell,males,10,1380.1211710504567,1310.188771003176,1452.3111996947691,1380.180021574397
optimistic,2025,mantle_cell,males,10,1456.7493250210389,1370.276202660376,1551.7745081800858,1457.8587954022755
optimistic,2026,mantle_cell,males,10,1540.5518715985777,1429.0472233698606,1658.7529244588923,1540.711244245134
optimistic,2027,mantle_cell,males,10,1598.6762427142987,1467.141768450629,1739.3440971147543,1599.7976149515441
optimistic,2028,mantle_cell,males,10,1681.5854575918866,1527.3142675704003,1844.12291409924,1682.5004494432433
optimistic,2029,mantle_cell,males,10,1750.3959169525008,1568.67451003118,1935.9686782160175,1751.2560222895206
optimistic,2030,mantle_cell,males,10,1824.5707529135548,1609.2789144513001,2039.7260916616542,1825.1097680102416
optimistic,2031,mantle_cell,males,10,1926.6061486965273,1682.7018064734948,2177.6405786214177,1928.8947708984801
optimistic,2032,mantle_cell,males,10,2020.3568131607465,1750.1904715476192,2302.0605102110035,2023.704269957015
optimistic,2033,mantle_cell,males,10,2112.059603008233,1812.023678451299,2415.703577455694,2116.307671429155
optimistic,2034,mantle_cell,males,10,2201.3867760389844,1876.5707857215173,2543.7419169810532,2206.275691248132
optimistic,2035,mantle_cell,males,10,2284.901585332128,1929.1020275816124,2680.255735950329,2293.1755043683047
optimistic,2036,mantle_cell,males,10,2368.928591411177,1985.758877980467,2800.8543324207058,2377.1847186099285
optimistic,2037,mantle_cell,males,10,2447.8866783585263,2025.145734887671,2924.93415831922,2457.599790644383
optimistic,2038,mantle_cell,males,10,2524.4260941908956,2071.333945711137,3045.0993450849714,2533.7790019143663
optimistic,2039,mantle_cell,males,10,2598.4816801143807,2110.053317080925,3151.0963044813543,2604.01394235097
optimistic,2040,mantle_cell,males,10,2663.4659520137147,2141.2043973300815,3252.7917708129844,2667.1254732617663
optimistic,2041,mantle_cell,males,10,2715.9443678763564,2163.143946523281,3348.5937166616513,2722.453669932108
optimistic,2042,mantle_cell,males,10,2759.9663678396437,2178.0089335886823,3424.434359583886,2769.5500552691647
optimistic,2043,mantle_cell,males,10,2795.569215620126,2185.217377724674,3492.4837297073586,2808.199224556349
optimistic,2044,mantle_cell,males,10,2823.2828957977854,2184.5854440851767,3550.4628415360794,2838.4319552115585
optimistic,2045,mantle_cell,males,10,2839.590150243962,2177.1333713083845,3607.677636755035,2860.2157329291126
optimistic,2012,mantle_cell,males,40,913.3625664145394,778.1372800331696,1202.667517639946,936.8607442138407
optimistic,2013,mantle_cell,males,40,975.8362654216583,834.5757466940422,1280.6658570192535,1001.6515560589328
optimistic,2014,mantle_cell,males,40,1039.5673409088567,891.9589744110338,1356.1095232651865,1065.3510846541521
optimistic,2015,mantle_cell,males,40,1090.66774376297,936.8040899437353,1421.3858197663078,1116.3784527904984
optimistic,2016,mantle_cell,males,40,1148.4049225395408,989.4944540565593,1491.5282682510554,1175.9563603992665
optimistic,2017,mantle_cell,males,40,1243.789160073229,1085.2345954624766,1595.2064375460293,1271.3616383177746
optimistic,2018,mantle_cell,males,40,1302.3707914718161,1141.2895892628162,1662.0298668634669,1330.8466106561311
optimistic,2019,mantle_cell,males,40,1393.8198466688707,1230.4906859044988,1765.2396119160023,1424.2115092963784
optimistic,2020,mantle_cell,males,40,1487.91637958832,1323.0581820047087,1858.1717990767984,1518.5220402103796
optimistic,2021,mantle_cell,males,40,1518.7319663477458,1358.158478849939,1902.7520770199812,1554.2716289918537
optimistic,2022,mantle_cell,males,40,1588.3483922684002,1420.9508915909448,1977.571683480994,1623.6962836164373
optimistic,2023,mantle_cell,males,40,1668.3771941548134,1500.974037385677,2045.5618381376987,1702.4409025762452
optimistic,2024,mantle_cell,males,40,1759.1695140698155,1582.222962975421,2128.0341596612598,1790.3863315278588
optimistic,2025,mantle_cell,males,40,1858.3321730993403,1667.5296160267703,2224.912812311739,1886.896692320823
optimistic,2026,mantle_cell,males,40,1967.4384178134314,1762.7010367677053,2330.588312430088,1992.6544131136193
optimistic,2027,mantle_cell,males,40,2088.156320207753,1860.271376421771,2450.281583491922,2107.737543186621
optimistic,2028,mantle_cell,males,40,2220.35245844255,1965.1618749317777,2569.030980371788,2232.785944784607
optimistic,2029,mantle_cell,males,40,2358.1572178981633,2086.807141019003,2712.6122416517464,2366.624284000241
optimistic,2030,mantle_cell,males,40,2504.2864243843214,2200.000567048984,2846.2039775440294,2507.7854227015932
optimistic,2031,mantle_cell,males,40,2654.1006169282023,2320.474676896909,3001.6469421971215,2656.4843724904354
optimistic,2032,mantle_cell,males,40,2811.826378931602,2427.754697762021,3187.5858321272003,2809.8846491331637
optimistic,2033,mantle_cell,males,40,2971.954845340947,2550.1801435531065,3404.7073398197476,2968.011069662738
optimistic,2034,mantle_cell,males,40,3136.507286850314,2661.0462884888952,3630.9216475754265,3130.2267373004147
optimistic,2035,mantle_cell,males,40,3297.033451291287,2778.389998064588,3866.403368176588,3296.523030252358
optimistic,2036,mantle_cell,males,40,3467.239730597819,2884.0459506528214,4109.497227540152,3467.3642485501978
optimistic,2037,mantle_cell,males,40,3634.7195762845176,2992.5622216410034,4374.680712693968,3642.3008021174846
optimistic,2038,mantle_cell,males,40,3821.056603236697,3108.7838742555573,4609.9667929585485,3820.6651605372476
optimistic,2039,mantle_cell,males,40,4000.138693557941,3203.8893307461685,4877.899618285682,4000.1638002026516
optimistic,2040,mantle_cell,males,40,4172.4636895362355,3294.800037873517,5167.1357235015175,4179.419870443187
optimistic,2041,mantle_cell,males,40,4339.851663798226,3381.415282176387,5436.685034447361,4356.746673454095
optimistic,2042,mantle_cell,males,40,4505.80633618444,3474.6843020349584,5708.398608740986,4531.677011616664
optimistic,2043,mantle_cell,males,40,4678.868062403927,3542.0225616455846,5995.533579789259,4704.879864569673
optimistic,2044,mantle_cell,males,40,4853.445927335884,3596.0514512987984,6277.813838969092,4873.871786279065
optimistic,2045,mantle_cell,males,40,5010.283913836073,3654.7574567651495,6557.358314242596,5038.798339856075
base,2012,mantle_cell,females,2,116.29568861384433,112.40997536993397,119.39328348822534,116.22213394076512
base,2013,mantle_cell,females,2,122.1721484777925,117.70794717376437,126.0547023224183,122.05820904899817
base,2014,mantle_cell,females,2,134.23145556479233,129.78050275145816,137.9908763332353,134.13135375176873
base,2015,mantle_cell,females,2,147.6227029300631,142.8504878768174,151.79315761943127,147.5578284406199
base,2016,mantle_cell,females,2,136.78615266670056,132.12273151958357,140.85020781862252,136.68693214560398
base,2017,mantle_cell,females,2,136.09447835475848,132.75019956997374,138.76640063469026,136.00617967757807
base,2018,mantle_cell,females,2,139.03874542012574,134.5276597499628,142.6900321662525,138.9563475085899
base,2019,mantle_cell,females,2,125.67906598072943,121.71177965389488,129.03038818578986,125.58161759892806
base,2020,mantle_cell,females,2,136.3525291037515,131.54623752467592,140.35006073639963,136.2431063260264
base,2021,mantle_cell,females,2,141.14680871427316,135.16218814186604,146.34978554844557,141.00947433586782
base,2022,mantle_cell,females,2,138.80875300061084,124.32658715118691,155.09765847845355,139.06313769632234
base,2023,mantle_cell,females,2,151.04271256998652,124.45204219416648,182.73504728788532,151.58649433702945
base,2024,mantle_cell,females,2,160.86148027945694,131.64189378387624,195.1216853435259,161.72570911612362
base,2025,mantle_cell,females,2,170.9492374278091,139.0779249662556,207.58440243844473,172.17871567914804
base,2026,mantle_cell,females,2,181.77831784146775,147.56584761996788,221.45794307988,183.10626553782814
base,2027,mantle_cell,females,2,193.10572383267953,156.6945965333534,236.70239304881386,194.40496394869967
base,2028,mantle_cell,females,2,204.70419294716908,164.63244667888165,253.37528398564558,205.83106365058688
base,2029,mantle_cell,females,2,215.73446369062123,171.96482691796515,270.3875626844332,217.16917256155432
base,2030,mantle_cell,females,2,226.45282368066168,178.6975361387282,286.7400822942442,228.12681533985003
base,2031,mantle_cell,females,2,236.58005674596245,184.06672707504995,304.91740215322574,238.64579689245778
base,2032,mantle_cell,females,2,246.4536751897819,187.89796105672676,322.4461517461935,248.47509627238844
base,2033,mantle_cell,females,2,255.80857532997123,192.65611097018936,337.23705286031566,257.6881602733819
base,2034,mantle_cell,females,2,264.5544482151863,197.147251692228,354.46452152862923,267.10518835172155
base,2035,mantle_cell,females,2,273.87046860794203,202.27079325965363,371.71123186200015,276.6579974481369
base,2036,mantle_cell,females,2,282.75384189689555,205.9991322004951,390.9605098094251,286.5050203992487
base,2037,mantle_cell,females,2,292.36002969588526,209.95787119813153,409.2760462094427,296.55837697603255
base,2038,mantle_cell,females,2,301.57986254550195,212.72952425408818,429.15303371050067,306.3814835139163
base,2039,mantle_cell,females,2,310.4148968926594,215.41659037651652,450.31526096798444,315.82013027466866
base,2040,mantle_cell,females,2,318.7717231809016,218.13639203300835,470.6884921858443,324.7650832068364
base,2041,mantle_cell,females,2,326.4826626323621,219.60296961325466,488.28990009444095,333.13564945092355
base,2042,mantle_cell,females,2,333.3979629111749,221.48373054327055,507.1421241596486,340.9880197796177
base,2043,mantle_cell,females,2,340.48632890611213,222.7603797960552,526.7328227312067,348.4493746279522
base,2044,mantle_cell,females,2,347.0774004249439,223.92195305144236,544.4948266539118,355.69157293682065
base,2045,mantle_cell,females,2,352.66795625002226,224.35779439016645,566.4937658802428,362.7614938855464
base,2012,mantle_cell,females,3,153.4558711118685,148.77963602279837,157.35780716922412,153.32890351836824
base,2013,mantle_cell,females,3,171.08787781892187,165.64944324056486,176.19864008878488,171.02018859921546
base,2014,mantle_cell,females,3,185.06321001765036,179.54442219464218,190.06514899035062,185.0081070133119
base,2015,mantle_cell,females,3,201.9668877688561,196.46971950346443,207.15668928670343,201.92712243772135
base,2016,mantle_cell,females,3,199.5828521145597,193.7322175259524,204.54721756463732,199.51594081230246
base,2017,mantle_cell,females,3,202.80003666729135,197.7371468168482,207.42961579772756,202.72405617018123
base,2018,mantle_cell,females,3,193.97354028726426,188.0329368777873,198.79851120570433,193.81919830294757
base,2019,mantle_cell,females,3,190.2662096712467,184.64331349411083,194.7147052516711,190.1551701831755
base,2020,mantle_cell,females,3,194.94088329309244,189.14790333335003,199.59141132180085,194.79943371000556
base,2021,mantle_cell,females,3,194.37348391338668,187.32867509469864,200.1499130555714,194.2600088230077
base,2022,mantle_cell,females,3,205.57303785383442,190.8300952285735,222.81626559853277,205.88406589196617
base,2023,mantle_cell,females,3,208.89048962840823,182.59628608334984,241.40226852778673,209.7340617383188
base,2024,mantle_cell,females,3,225.4975128986465,187.65896234651305,272.70175195955596,226.8405361411894
base,2025,mantle_cell,females,3,240.63034888228972,198.9929046596763,291.5087668817163,241.87549092730924
base,2026,mantle_cell,females,3,255.7945229722801,211.09710632882764,312.8039842353738,257.5248192143154
base,2027,mantle_cell,females,3,272.3199071859317,222.9851516861401,333.02520681114834,273.72200575753396
base,2028,mantle_cell,females,3,289.3350344214831,235.62319083011732,355.7222926673191,290.32801682922013
base,2029,mantle_cell,females,3,305.4294596006379,246.74832689560697,379.4177781125456,306.926316981727
base,2030,mantle_cell,females,3,321.22870535629846,256.0393057034532,403.1892089097725,323.19029978270237
base,2031,mantle_cell,females,3,336.1028605311011,265.3422625779611,428.67958404420614,338.88942980094055
base,2032,mantle_cell,females,3,350.5921573367988,273.3431251590722,454.2251254148734,353.68142255102504
base,2033,mantle_cell,females,3,363.62023567112396,280.69406380076583,476.2218456876628,367.6753758906688
base,2034,mantle_cell,females,3,376.476213322025,287.0151957414274,499.69176107825126,381.0414947261367
base,2035,mantle_cell,females,3,388.78661334316735,292.94447955412426,523.7775910953798,394.5966499039582
base,2036,mantle_cell,females,3,401.43939095515225,299.2398613692253,550.3809109688815,408.55138844744965
base,2037,mantle_cell,females,3,414.5330692817918,306.2524137292058,579.2186982994418,422.703541259432
base,2038,mantle_cell,females,3,427.7983555690631,312.7559438146563,606.0988850400719,436.87102090324163
base,2039,mantle_cell,females,3,441.01488794537966,316.886315545858,636.1202341469551,450.5869756097792
base,2040,mantle_cell,females,3,453.282299529154,320.81733627126096,661.168437586993,463.65312640143424
base,2041,mantle_cell,females,3,464.99881913135675,323.5957863486618,690.6859954943931,475.96608086806214
base,2042,mantle_cell,females,3,475.89099192428387,323.1748859521139,718.4262904424037,487.53694757172514
base,2043,mantle_cell,females,3,485.4594161078094,323.6706214188214,741.7105820173414,498.47524512545823
base,2044,mantle_cell,females,3,495.43046644088827,323.63579385586047,769.3332752067374,509.0097947683692
base,2045,mantle_cell,females,3,504.7292709653177,323.2515979068383,795.9015280102506,519.2295830087003
base,2012,mantle_cell,females,5,218.09597534457686,210.50611928613532,224.93794451471618,218.04316599889125
base,2013,mantle_cell,females,5,230.39578312736546,223.72464185105395,236.63617412043558,230.31112318974363
base,2014,mantle_cell,females,5,259.0722171809123,252.5163677395945,265.96367356683584,259.18246077389045
base,2015,mantle_cell,females,5,287.2161919650839,280.34922937699974,294.200824044022,287.2399843097562
base,2016,mantle_cell,females,5,287.2722643217893,279.871388711312,294.74556548262757,287.38592217547466
base,2017,mantle_cell,females,5,302.44069273018374,295.55431298382314,309.34446037905417,302.4507862935794
base,2018,mantle_cell,females,5,306.2206709517506,298.40994212072434,313.634951622368,306.12798374260024
base,2019,mantle_cell,females,5,297.2863763901464,288.9044935850645,304.10275830465525,297.16537638176186
base,2020,mantle_cell,females,5,302.7310069068392,294.61536773151715,310.11234835934795,302.64159832763295
base,2021,mantle_cell,females,5,303.65268724147,295.73281960073444,310.65464638435566,303.58604220780086
base,2022,mantle_cell,females,5,305.50927478226106,290.4861161385155,323.47260842871054,305.82886216055465
base,2023,mantle_cell,females,5,319.059153705992,292.0067486819069,352.0438522288273,319.59779822446677
base,2024,mantle_cell,females,5,340.5848595729732,301.8663374761107,389.52746189668545,341.50332049091634
base,2025,mantle_cell,females,5,354.897015309812,303.33354679936474,418.68139862636656,356.50022007872224
base,2026,mantle_cell,females,5,382.0018616900868,316.11380056273305,462.9445966189094,384.09305489578753
base,2027,mantle_cell,females,5,408.5328006258221,336.95732471228416,495.4569137716254,410.3887286634444
base,2028,mantle_cell,females,5,435.86487885771066,356.43761778006075,532.2576334710914,437.6022349816625
base,2029,mantle_cell,females,5,463.70397848883545,377.5482443588625,571.5152845142994,465.4742118476241
base,2030,mantle_cell,females,5,491.719470116365,395.5514947180644,610.7124284016717,493.5891427100214
base,2031,mantle_cell,females,5,519.5214975341744,410.1341024500762,651.9032047192429,521.4969848922401
base,2032,mantle_cell,females,5,545.5657784792276,426.6543079866289,692.9229254704455,548.6032903742897
base,2033,mantle_cell,females,5,571.3149083843635,442.60876079171567,736.0038040195392,574.722794175992
base,2034,mantle_cell,females,5,595.7485673640709,457.98459330986947,777.2191596244347,599.9182173849791
base,2035,mantle_cell,females,5,617.7118775087516,470.8555218568925,817.2346364839985,623.5804460110745
base,2036,mantle_cell,females,5,638.5259457818286,483.85887659218696,859.9995639236788,645.9049448730937
base,2037,mantle_cell,females,5,658.1959099589516,492.45156127628553,903.7943895140261,668.5860186652645
base,2038,mantle_cell,females,5,678.262318981599,501.7820508035073,947.4787238903137,691.3717446838084
base,2039,mantle_cell,females,5,699.725144587366,506.3291393764202,989.9926514203139,713.9482227944237
base,2040,mantle_cell,females,5,720.2297974408486,512.1413320640676,1033.1785953815688,736.0415739371432
base,2041,mantle_cell,females,5,737.7621262206977,519.0868500317838,1076.0801875891193,757.1543749688506
base,2042,mantle_cell,females,5,754.7302114132839,521.5729814441221,1120.8897938855634,777.1704183550177
base,2043,mantle_cell,females,5,771.0921386614002,523.774945769159,1160.883074519498,796.1019996724364
base,2044,mantle_cell,females,5,787.0875356187595,524.7330596289264,1212.8027679454435,814.1183644316519
base,2045,mantle_cell,females,5,802.7490294927494,525.7103373429378,1264.9331256795472,831.361604032345
base,2012,mantle_cell,females,10,306.6265057215128,279.61240661145644,334.8835809185819,306.7259747322321
base,2013,mantle_cell,females,10,331.86084596178955,304.22121396946994,361.01144206641044,332.01255944102405
base,2014,mantle_cell,females,10,364.4967987114192,336.17777467530726,393.6084905498179,364.4201460279348
base,2015,mantle_cell,females,10,399.4572327714045,371.566676221001,429.4785328061889,399.6111803470691
base,2016,mantle_cell,females,10,412.0444052474693,385.462440860982,442.2262402696482,412.4939731129033
base,2017,mantle_cell,females,10,434.86905245479625,411.70857086861827,463.18836543048184,435.63573519124964
base,2018,mantle_cell,females,10,446.3268634080131,426.65914071720425,469.65906211918855,447.0439880205298
base,2019,mantle_cell,females,10,458.3063692970356,438.9735920146334,480.42834819633055,458.8400661933606
base,2020,mantle_cell,females,10,484.7906350989926,461.19251276453895,509.8196989875749,484.87111616259716
base,2021,mantle_cell,females,10,492.2125084505202,460.9411308523823,523.3994573162993,492.293097683409
base,2022,mantle_cell,females,10,507.2226277393562,475.34078625952765,540.066137293663,507.2494530173871
base,2023,mantle_cell,females,10,526.3913385524952,488.2695676367297,565.4861000068057,526.6804761454812
base,2024,mantle_cell,females,10,542.7781976173031,496.06819817384843,592.9574412341241,543.5693658380372
base,2025,mantle_cell,females,10,562.1782988558189,503.7723528514581,629.5233255821686,563.4615234314076
base,2026,mantle_cell,females,10,588.4712340991703,514.0240448579655,678.0410964176883,590.493192767074
base,2027,mantle_cell,females,10,617.3105111910209,528.1814700831342,721.5499245382887,619.7179079447362
base,2028,mantle_cell,females,10,654.3545598880381,549.022507905467,775.0831355291109,657.5392334670325
base,2029,mantle_cell,females,10,698.2817903819873,575.5090079192954,837.0547976348001,701.7108296161098
base,2030,mantle_cell,females,10,737.552587681482,597.5213588173747,899.1652251170062,741.6927287276476
base,2031,mantle_cell,females,10,786.4373518296198,629.3484937041072,975.3171661761525,791.7151710755877
base,2032,mantle_cell,females,10,835.0667883175763,661.6941624558958,1040.9494202161122,840.1052616874147
base,2033,mantle_cell,females,10,883.8795015528322,690.748345573663,1117.1994495608647,888.678246005911
base,2034,mantle_cell,females,10,931.2419537401113,720.0366837432672,1196.760481579466,937.3299321338689
base,2035,mantle_cell,females,10,979.8001088580347,752.3201812168124,1277.0103790651563,985.2015784873166
base,2036,mantle_cell,females,10,1025.114053903676,773.0180770036882,1352.357044756284,1032.2119689839012
base,2037,mantle_cell,females,10,1067.6511944939568,799.1561566446647,1428.505003016656,1078.1336140469598
base,2038,mantle_cell,females,10,1110.9629377848687,822.8382160054348,1507.2517793979541,1122.6040624107745
base,2039,mantle_cell,females,10,1150.5685430764263,838.2774019311089,1588.3148558810296,1165.2747412723747
base,2040,mantle_cell,females,10,1186.9239100741736,853.1442487234706,1670.8220908431858,1205.737872117216
base,2041,mantle_cell,females,10,1221.3656159051407,864.2872466741185,1750.464511640224,1243.5524015092185
base,2042,mantle_cell,females,10,1254.743384197982,875.8228810871177,1829.521249457745,1280.4693372469112
base,2043,mantle_cell,females,10,1287.4198844085984,888.3867436431567,1911.6920346995723,1316.3200820454674
base,2044,mantle_cell,females,10,1319.4250956816632,893.918297732864,1994.8785164074939,1351.0564359867221
base,2045,mantle_cell,females,10,1348.2051995788045,903.6499130715002,2069.089066886022,1384.6184305639035
base,2012,mantle_cell,females,40,417.3096868210415,295.82326910349485,651.0525373729917,433.19187489173356
base,2013,mantle_cell,females,40,450.57871810516025,320.8176822982368,694.7944709947949,467.12931447318533
base,2014,mantle_cell,females,40,490.3232458095283,357.62920760930024,745.3803922539564,507.99782712341784
base,2015,mantle_cell,females,40,532.7509752945025,394.3894922236368,793.2956853259889,550.5206446528305
base,2016,mantle_cell,females,40,555.9336972823965,412.51431538176405,828.5846013261919,574.0533778821219
base,2017,mantle_cell,females,40,592.6866804251724,445.8887339634966,872.0134369030557,611.0697408435514
base,2018,mantle_cell,females,40,619.512146038406,469.9929031629975,904.5047908108968,637.9651542357861
base,2019,mantle_cell,females,40,639.5968500683721,489.39623942933736,933.2099772263412,659.1013162864423
base,2020,mantle_cell,females,40,675.7509004329243,525.337262384606,968.9568437087223,696.2388308520921
base,2021,mantle_cell,females,40,698.8564092956689,548.3576695012778,996.5260925826858,720.8897734453661
base,2022,mantle_cell,females,40,728.467583164698,579.3995805267413,1022.2715111645555,749.8589060309686
base,2023,mantle_cell,females,40,763.2781687536415,609.0852421766023,1058.9061874274234,783.8603942039791
base,2024,mantle_cell,females,40,802.5255729481818,643.2741645362822,1099.451065787932,821.2343750499396
base,2025,mantle_cell,females,40,842.4684651401144,680.1421405823958,1142.1464293350032,862.2637008014616
base,2026,mantle_cell,females,40,889.5928380587961,721.0397616039799,1184.6477574094179,907.0382946748547
base,2027,mantle_cell,females,40,941.2022309362923,763.2102994796163,1232.1529639565697,955.2113327150486
base,2028,mantle_cell,females,40,998.3208046928378,804.5162480173119,1286.245109251694,1007.1030203388889
base,2029,mantle_cell,females,40,1053.964672135305,850.9243815407242,1334.9886891486171,1062.4393201369933
base,2030,mantle_cell,females,40,1115.3473246921185,897.311337528631,1391.099474983704,1121.0671572647184
base,2031,mantle_cell,females,40,1179.6412244848154,942.6479418930794,1452.1153371063208,1182.4055253422846
base,2032,mantle_cell,females,40,1243.3109465946077,986.9757085750424,1537.556524066952,1245.9841557207806
base,2033,mantle_cell,females,40,1304.7581610855,1038.4293913694253,1623.3894453991736,1312.2526468661385
base,2034,mantle_cell,females,40,1374.8945740949503,1079.5282447366876,1727.9485696840925,1380.5904143243058
base,2035,mantle_cell,females,40,1441.527722855089,1120.1007155407501,1812.9005104449664,1450.1350909066562
base,2036,mantle_cell,females,40,1514.7285374026005,1162.0728810027022,1928.49258893456,1521.7783447859263
base,2037,mantle_cell,females,40,1584.7553124323917,1184.2190159346344,2055.7328924351996,1595.2977109620306
base,2038,mantle_cell,females,40,1657.3880386845642,1219.4784730537506,2185.2366656513486,1670.7303445555376
base,2039,mantle_cell,females,40,1729.1115360874255,1250.2322164131724,2324.11175529837,1747.3192623860086
base,2040,mantle_cell,females,40,1801.952357288965,1276.908712940464,2485.6546220278237,1824.7757242798239
base,2041,mantle_cell,females,40,1875.202523858286,1304.7153251380282,2644.9224341708755,1903.624886294328
base,2042,mantle_cell,females,40,1955.176649910517,1325.2047726720048,2805.8853424683757,1982.8193250110712
base,2043,mantle_cell,females,40,2028.1603102178524,1345.5353142744086,2964.521693816804,2062.9344150931097
base,2044,mantle_cell,females,40,2101.4342542140075,1362.8780818680555,3126.1833907555033,2143.667168680205
base,2045,mantle_cell,females,40,2186.8213335329488,1378.2285643266546,3309.162119415927,2225.4048415613015
conservative,2012,mantle_cell,females,2,116.29568861384433,112.40997536993397,119.39328348822534,116.22213394076512
conservative,2013,mantle_cell,females,2,122.1721484777925,117.70794717376437,126.0547023224183,122.05820904899817
conservative,2014,mantle_cell,females,2,134.23145556479233,129.78050275145816,137.9908763332353,134.13135375176873
conservative,2015,mantle_cell,females,2,147.6227029300631,142.8504878768174,151.79315761943127,147.5578284406199
conservative,2016,mantle_cell,females,2,136.78615266670056,132.12273151958357,140.85020781862252,136.68693214560398
conservative,2017,mantle_cell,females,2,136.09447835475848,132.75019956997374,138.76640063469026,136.00617967757807
conservative,2018,mantle_cell,females,2,139.03874542012574,134.5276597499628,142.6900321662525,138.9563475085899
conservative,2019,mantle_cell,females,2,125.67906598072943,121.71177965389488,129.03038818578986,125.58161759892806
conservative,2020,mantle_cell,females,2,136.3525291037515,131.54623752467592,140.35006073639963,136.2431063260264
conservative,2021,mantle_cell,females,2,141.14680871427316,135.16218814186604,146.34978554844557,141.00947433586782
conservative,2022,mantle_cell,females,2,138.56679852157308,124.2950710501903,154.86743382084813,138.79754741962478
conservative,2023,mantle_cell,females,2,149.814972337676,123.70691766672138,182.0571212275193,150.54134207656793
conservative,2024,mantle_cell,females,2,159.11562546585515,131.6182244755644,192.03493045451728,159.8498386441618
conservative,2025,mantle_cell,females,2,168.30693439567264,138.8226156351505,204.37867196346824,169.4404848414757
conservative,2026,mantle_cell,females,2,178.49148680364368,145.74380170838072,217.00789560963105,179.4804809965233
conservative,2027,mantle_cell,females,2,188.95730955005496,153.91598155480776,231.71258520228338,189.8676478020499
conservative,2028,mantle_cell,females,2,199.1883500888511,161.90470904264149,246.05833908814336,200.36570880662833
conservative,2029,mantle_cell,females,2,209.5055371313286,168.4541067445073,260.51645663653926,210.76387862568308
conservative,2030,mantle_cell,females,2,219.12125291129314,173.5460688883436,275.22017607927506,220.77346511046576
conservative,2031,mantle_cell,females,2,228.289337453043,179.0591434439544,290.2099837928843,230.34153143122074
conservative,2032,mantle_cell,females,2,237.30913958230963,184.13489926625795,305.77151336984565,239.40981421772713
conservative,2033,mantle_cell,females,2,245.9607654060067,188.254126011232,322.1047573394703,248.22263538666633
conservative,2034,mantle_cell,females,2,254.60552981868815,192.93516729795564,339.0732900752929,257.22335560728277
conservative,2035,mantle_cell,females,2,263.1986406627145,198.12126862710434,355.31838988937267,266.3405115062786
conservative,2036,mantle_cell,females,2,272.2083771475094,202.5971199681897,372.58830601356004,275.7306789549615
conservative,2037,mantle_cell,females,2,281.5399546343934,206.23504516490297,390.44120809369036,285.3039888780247
conservative,2038,mantle_cell,females,2,289.80525369404097,209.3409309949715,408.7789568644143,294.6472487697984
conservative,2039,mantle_cell,females,2,298.4088910225877,211.89159075626168,430.0993048259874,303.61617000803017
conservative,2040,mantle_cell,females,2,305.97588443486865,213.66943888291445,449.2047466402228,312.11061975271866
conservative,2041,mantle_cell,females,2,312.79684971629683,214.73969311462463,466.20869445447937,320.05757343950967
conservative,2042,mantle_cell,females,2,319.93340754722135,216.240167323201,480.29161170074957,327.5148598034798
conservative,2043,mantle_cell,females,2,326.5428335953269,217.01034245345016,499.16876495102485,334.6043639782754
conservative,2044,mantle_cell,females,2,332.4129507337649,218.21291239705803,516.9463627688143,341.49191103359937
conservative,2045,mantle_cell,females,2,337.6428484889677,217.0671810361341,536.5492666906779,348.2205927519386
conservative,2012,mantle_cell,females,3,153.4558711118685,148.77963602279837,157.35780716922412,153.32890351836824
conservative,2013,mantle_cell,females,3,171.08787781892187,165.64944324056486,176.19864008878488,171.02018859921546
conservative,2014,mantle_cell,females,3,185.06321001765036,179.54442219464218,190.06514899035062,185.0081070133119
conservative,2015,mantle_cell,females,3,201.9668877688561,196.46971950346443,207.15668928670343,201.92712243772135
conservative,2016,mantle_cell,females,3,199.5828521145597,193.7322175259524,204.54721756463732,199.51594081230246
conservative,2017,mantle_cell,females,3,202.80003666729135,197.7371468168482,207.42961579772756,202.72405617018123
conservative,2018,mantle_cell,females,3,193.97354028726426,188.0329368777873,198.79851120570433,193.81919830294757
conservative,2019,mantle_cell,females,3,190.2662096712467,184.64331349411083,194.7147052516711,190.1551701831755
conservative,2020,mantle_cell,females,3,194.94088329309244,189.14790333335003,199.59141132180085,194.79943371000556
conservative,2021,mantle_cell,females,3,194.37348391338668,187.32867509469864,200.1499130555714,194.2600088230077
conservative,2022,mantle_cell,females,3,205.29228951382083,190.75778974896525,222.45598979054677,205.6184756152686
conservative,2023,mantle_cell,females,3,207.6977441912411,182.39930547517537,240.13410623060622,208.68890947785724
conservative,2024,mantle_cell,females,3,223.0143848736713,185.74943519392136,270.1683484667642,224.4417193701058
conservative,2025,mantle_cell,females,3,236.61292367602266,196.91907704769665,285.57784356367443,238.03149586116047
conservative,2026,mantle_cell,females,3,250.34044150314458,208.5191548479322,304.6657450541689,252.1549856949476
conservative,2027,mantle_cell,females,3,264.7318325010891,219.23995724996075,323.01159778035674,266.75618792621765
conservative,2028,mantle_cell,females,3,280.19543083335753,230.07846056312766,344.127470813514,281.7056300025912
conservative,2029,mantle_cell,females,3,295.08442244030346,240.01493707819404,365.0646283772785,296.60043222753364
conservative,2030,mantle_cell,females,3,309.09813805681347,248.51892288513875,387.10115301286834,311.1285628272702
conservative,2031,mantle_cell,females,3,322.4593846005069,256.73848263511707,408.85333076164324,325.07456282160757
conservative,2032,mantle_cell,females,3,334.86095427704987,264.80611793737603,430.9177204944607,338.29690864134227
conservative,2033,mantle_cell,females,3,347.715794197855,271.0016573831405,453.31975008559135,351.07353301497926
conservative,2034,mantle_cell,females,3,360.28127988168035,277.7525372241551,476.51631708206224,363.74087291398496
conservative,2035,mantle_cell,females,3,372.2433827390455,283.8266065206122,498.7919717290174,376.57029509769
conservative,2036,mantle_cell,females,3,384.5915897512813,288.7874183247393,523.9467562750962,389.764221758955
conservative,2037,mantle_cell,females,3,397.14897385632946,293.14550826890456,549.0916138634672,403.1244616684517
conservative,2038,mantle_cell,females,3,409.89945646648346,297.32616527567524,574.7654655708828,416.4763152810604
conservative,2039,mantle_cell,females,3,421.92729718954047,302.1485538598879,598.6728792962696,429.3861915250771
conservative,2040,mantle_cell,females,3,433.77860708555244,304.74178332934446,626.1389155810604,441.6715807174954
conservative,2041,mantle_cell,females,3,444.02033360318694,307.2997751529366,649.4023053346918,453.2415201514651
conservative,2042,mantle_cell,females,3,452.63263912599854,308.9598604479482,675.2405411367578,464.11286203022223
conservative,2043,mantle_cell,females,3,462.24008402811296,309.9994637294149,703.2330322219543,474.3938781159755
conservative,2044,mantle_cell,females,3,471.03272090782536,310.2177322383635,730.7537265442911,484.3041224851663
conservative,2045,mantle_cell,females,3,479.5869701469361,309.2112133515817,758.7743871751551,493.92590853468835
conservative,2012,mantle_cell,females,5,218.09597534457686,210.50611928613532,224.93794451471618,218.04316599889125
conservative,2013,mantle_cell,females,5,230.39578312736546,223.72464185105395,236.63617412043558,230.31112318974363
conservative,2014,mantle_cell,females,5,259.0722171809123,252.5163677395945,265.96367356683584,259.18246077389045
conservative,2015,mantle_cell,females,5,287.2161919650839,280.34922937699974,294.200824044022,287.2399843097562
conservative,2016,mantle_cell,females,5,287.2722643217893,279.871388711312,294.74556548262757,287.38592217547466
conservative,2017,mantle_cell,females,5,302.44069273018374,295.55431298382314,309.34446037905417,302.4507862935794
conservative,2018,mantle_cell,females,5,306.2206709517506,298.40994212072434,313.634951622368,306.12798374260024
conservative,2019,mantle_cell,females,5,297.2863763901464,288.9044935850645,304.10275830465525,297.16537638176186
conservative,2020,mantle_cell,females,5,302.7310069068392,294.61536773151715,310.11234835934795,302.64159832763295
conservative,2021,mantle_cell,females,5,303.65268724147,295.73281960073444,310.65464638435566,303.58604220780086
conservative,2022,mantle_cell,females,5,305.1934937777691,290.34954860675197,323.08805535790424,305.56327188385706
conservative,2023,mantle_cell,females,5,318.07803692884164,292.01838440028416,350.89202288066014,318.55264596400525
conservative,2024,mantle_cell,females,5,338.13611224431196,300.387295966733,386.7363953408272,339.1045037198327
conservative,2025,mantle_cell,females,5,349.8679950120951,300.07393405095746,412.3898254747521,351.6032787561291
conservative,2026,mantle_cell,females,5,373.3099910683761,310.3113090238669,451.0578717762364,375.3161268944303
conservative,2027,mantle_cell,females,5,394.89740652683827,328.19140722597916,479.7080338271422,397.3707937861727
conservative,2028,mantle_cell,females,5,418.40510419453483,345.17039090296515,508.3156673267198,419.9718319559934
conservative,2029,mantle_cell,females,5,441.5855948268164,359.92049864513643,537.1246673259883,442.8534573808436
conservative,2030,mantle_cell,females,5,463.95962402462953,375.35627921679594,574.1640067623173,465.61811991404795
conservative,2031,mantle_cell,females,5,485.3649820740693,388.3769548208368,608.5839093674995,487.86565011434675
conservative,2032,mantle_cell,females,5,505.98100766397954,401.002179064874,641.3878516426432,509.27144542210135
conservative,2033,mantle_cell,females,5,525.4052832959637,412.8170184111969,675.815437072808,529.8938162122982
conservative,2034,mantle_cell,females,5,544.6476328040565,423.2911386920118,713.9481261511381,550.0259950263849
conservative,2035,mantle_cell,females,5,563.2651044568418,434.22292099736467,747.6311529493813,569.86101062907
conservative,2036,mantle_cell,females,5,582.6104574714129,443.7607963403316,783.0239249086659,589.8498590375941
conservative,2037,mantle_cell,females,5,600.3876627147847,451.81983425181886,820.3356234236269,610.1290619084992
conservative,2038,mantle_cell,females,5,618.9275478465288,460.3229873698826,859.0743576853763,630.4629296724672
conservative,2039,mantle_cell,females,5,636.7809107154335,466.2063797350259,896.451521726442,650.5509551124408
conservative,2040,mantle_cell,females,5,653.913747950719,470.5974113177983,939.0407629165513,670.1399357391653
conservative,2041,mantle_cell,females,5,671.3901215000694,473.37163756849264,982.0223116387546,688.8038953529156
conservative,2042,mantle_cell,females,5,688.0583171374863,476.06765798285664,1025.293018015152,706.4675478045115
conservative,2043,mantle_cell,females,5,702.8559692970259,477.73050412184915,1067.16237334319,723.1870811367974
conservative,2044,mantle_cell,females,5,717.1907594592866,478.6401911678667,1104.0609483151961,739.1402277856682
conservative,2045,mantle_cell,females,5,729.2054438719667,479.27516271414316,1141.930806114392,754.4491545808976
conservative,2012,mantle_cell,females,10,306.6265057215128,279.61240661145644,334.8835809185819,306.7259747322321
conservative,2013,mantle_cell,females,10,331.86084596178955,304.22121396946994,361.01144206641044,332.01255944102405
conservative,2014,mantle_cell,females,10,364.4967987114192,336.17777467530726,393.6084905498179,364.4201460279348
conservative,2015,mantle_cell,females,10,399.4572327714045,371.566676221001,429.4785328061889,399.6111803470691
conservative,2016,mantle_cell,females,10,412.0444052474693,385.462440860982,442.2262402696482,412.4939731129033
conservative,2017,mantle_cell,females,10,434.86905245479625,411.70857086861827,463.18836543048184,435.63573519124964
conservative,2018,mantle_cell,females,10,446.3268634080131,426.65914071720425,469.65906211918855,447.0439880205298
conservative,2019,mantle_cell,females,10,458.3063692970356,438.9735920146334,480.42834819633055,458.8400661933606
conservative,2020,mantle_cell,females,10,484.7906350989926,461.19251276453895,509.8196989875749,484.87111616259716
conservative,2021,mantle_cell,females,10,492.2125084505202,460.9411308523823,523.3994573162993,492.293097683409
conservative,2022,mantle_cell,females,10,507.02205255251135,475.0943652535901,539.5777561371269,506.9838627406895
conservative,2023,mantle_cell,females,10,525.2419962698043,487.38352001689515,563.8754644670752,525.6353238850196
conservative,2024,mantle_cell,females,10,540.6209166583008,495.23668228157,589.4834516102709,541.1705490669536
conservative,2025,mantle_cell,females,10,557.4481033455252,499.12668575191395,623.6406600750674,558.5645821088144
conservative,2026,mantle_cell,females,10,579.4008450289657,507.64142114953523,665.1408616856963,581.7162647657168
conservative,2027,mantle_cell,females,10,603.6721586129968,518.6642166352161,701.8009145085582,605.7344796662577
conservative,2028,mantle_cell,females,10,634.290343796383,535.8141038616603,748.8640135724687,636.9149616726338
conservative,2029,mantle_cell,females,10,669.9802480419859,557.0698771704433,800.2262282025275,672.8870777272841
conservative,2030,mantle_cell,females,10,699.4999397684328,573.2725577974081,848.5377763889506,702.9871370397743
conservative,2031,mantle_cell,females,10,738.1129363617156,594.0726902840036,909.5165990132712,741.3312527341549
conservative,2032,mantle_cell,females,10,772.646783445884,616.5695061247582,963.9631031032823,777.2267914922187
conservative,2033,mantle_cell,females,10,806.5111671607897,640.4726910626304,1021.0912367065681,812.6935634180552
conservative,2034,mantle_cell,females,10,841.8165641903354,658.9533693457906,1075.7313494395428,847.8420341204848
conservative,2035,mantle_cell,females,10,873.8998899265841,677.4350752153294,1131.673629536929,882.6081277118624
conservative,2036,mantle_cell,females,10,906.2892528582812,695.0948101228988,1195.8961676008435,917.1758540401681
conservative,2037,mantle_cell,females,10,938.0465842702237,710.8902153391477,1250.3153220184827,951.448869021189
conservative,2038,mantle_cell,females,10,971.4993407385259,727.1267045896273,1311.2432201696663,985.2684485540693
conservative,2039,mantle_cell,females,10,1001.8119000829142,743.221535670098,1374.2612151056533,1018.5159950304325
conservative,2040,mantle_cell,females,10,1034.8250225868412,754.1779446242234,1440.6041692427928,1051.0565703960442
conservative,2041,mantle_cell,females,10,1064.5395478696587,763.7113786736795,1502.470254885998,1082.7427344997961
conservative,2042,mantle_cell,females,10,1092.55071655126,771.1661056204845,1572.7045852339002,1113.5902662972328
conservative,2043,mantle_cell,females,10,1120.7143133254112,776.7473567874333,1650.2548060023025,1143.507165471493
conservative,2044,mantle_cell,females,10,1147.959509707544,781.4008146268689,1707.945168296369,1172.5034939020559
conservative,2045,mantle_cell,females,10,1171.4557091801207,779.6602863421139,1775.6801996798292,1200.5578370346668
conservative,2012,mantle_cell,females,40,417.3096868210415,295.82326910349485,651.0525373729917,433.19187489173356
conservative,2013,mantle_cell,females,40,450.57871810516025,320.8176822982368,694.7944709947949,467.12931447318533
conservative,2014,mantle_cell,females,40,490.3232458095283,357.62920760930024,745.3803922539564,507.99782712341784
conservative,2015,mantle_cell,females,40,532.7509752945025,394.3894922236368,793.2956853259889,550.5206446528305
conservative,2016,mantle_cell,females,40,555.9336972823965,412.51431538176405,828.5846013261919,574.0533778821219
conservative,2017,mantle_cell,females,40,592.6866804251724,445.8887339634966,872.0134369030557,611.0697408435514
conservative,2018,mantle_cell,females,40,619.512146038406,469.9929031629975,904.5047908108968,637.9651542357861
conservative,2019,mantle_cell,females,40,639.5968500683721,489.39623942933736,933.2099772263412,659.1013162864423
conservative,2020,mantle_cell,females,40,675.7509004329243,525.337262384606,968.9568437087223,696.2388308520921
conservative,2021,mantle_cell,females,40,698.8564092956689,548.3576695012778,996.5260925826858,720.8897734453661
conservative,2022,mantle_cell,females,40,728.2035973606753,579.1883858407342,1022.2341555378192,749.593315754271
conservative,2023,mantle_cell,females,40,761.9512693243948,608.5016697469576,1058.4120375881394,782.8152419435175
conservative,2024,mantle_cell,females,40,799.8579036935892,640.2261550570305,1095.8833815097894,818.835558278856
conservative,2025,mantle_cell,females,40,837.5730283816821,676.0794724670269,1136.6558295528996,857.3667594788685
conservative,2026,mantle_cell,females,40,880.2346879693772,713.1408643775657,1175.3048258484368,898.2613666734975
conservative,2027,mantle_cell,females,40,927.372053789972,751.3426234634976,1213.3843383469048,941.22790443657
conservative,2028,mantle_cell,females,40,977.5565816534063,786.8238071125974,1264.5829728925767,986.4787485444901
conservative,2029,mantle_cell,females,40,1024.8521723897632,826.3875691606643,1307.7981658196784,1033.6155682481676
conservative,2030,mantle_cell,females,40,1074.994719787729,861.703253520543,1356.5627667842339,1082.3615655768451
conservative,2031,mantle_cell,females,40,1125.3601665972396,895.9776772535782,1407.253903416045,1132.0216070008519
conservative,2032,mantle_cell,females,40,1178.5522287374365,932.0732485261104,1470.781449615963,1182.2265410532632
conservative,2033,mantle_cell,females,40,1227.4661106831504,968.1504887981786,1545.914685073952,1233.4842814613935
conservative,2034,mantle_cell,females,40,1278.124560943324,1005.6570390390923,1618.881435699624,1285.2323079848497
conservative,2035,mantle_cell,females,40,1328.6661923136644,1035.9945428729332,1692.8518558170629,1337.233380775369
conservative,2036,mantle_cell,females,40,1380.1225572082049,1064.5875278158176,1773.7473963228733,1390.4564591106548
conservative,2037,mantle_cell,females,40,1432.789595373864,1086.3235644453882,1860.7023851326726,1444.6072402207908
conservative,2038,mantle_cell,females,40,1488.4731925039923,1110.9843849909719,1952.155700493438,1499.6902327831372
conservative,2039,mantle_cell,females,40,1538.6670280932904,1132.701435615387,2049.9045510654555,1554.9341074583688
conservative,2040,mantle_cell,females,40,1591.002312115077,1158.4713805999725,2149.024076970836,1610.0676615669838
conservative,2041,mantle_cell,females,40,1646.6695133428848,1175.1317754177098,2241.9843191842047,1665.6592103906034
conservative,2042,mantle_cell,females,40,1701.7953651225287,1192.9984205911246,2355.8663911185013,1720.723128520512
conservative,2043,mantle_cell,females,40,1753.7351135759939,1211.7438847603287,2451.2565148528483,1775.9093892943074
conservative,2044,mantle_cell,females,40,1805.5585929698896,1230.4649922109338,2576.9655441089276,1830.9784453561847
conservative,2045,mantle_cell,females,40,1857.0026907095692,1250.7709637923838,2694.611933874307,1886.376896488095
optimistic,2012,mantle_cell,females,2,116.29568861384433,112.40997536993397,119.39328348822534,116.22213394076512
optimistic,2013,mantle_cell,females,2,122.1721484777925,117.70794717376437,126.0547023224183,122.05820904899817
optimistic,2014,mantle_cell,females,2,134.23145556479233,129.78050275145816,137.9908763332353,134.13135375176873
optimistic,2015,mantle_cell,females,2,147.6227029300631,142.8504878768174,151.79315761943127,147.5578284406199
optimistic,2016,mantle_cell,females,2,136.78615266670056,132.12273151958357,140.85020781862252,136.68693214560398
optimistic,2017,mantle_cell,females,2,136.09447835475848,132.75019956997374,138.76640063469026,136.00617967757807
optimistic,2018,mantle_cell,females,2,139.03874542012574,134.5276597499628,142.6900321662525,138.9563475085899
optimistic,2019,mantle_cell,females,2,125.67906598072943,121.71177965389488,129.03038818578986,125.58161759892806
optimistic,2020,mantle_cell,females,2,136.3525291037515,131.54623752467592,140.35006073639963,136.2431063260264
optimistic,2021,mantle_cell,females,2,141.14680871427316,135.16218814186604,146.34978554844557,141.00947433586782
optimistic,2022,mantle_cell,females,2,138.80875300061084,124.32658715118691,155.09765847845355,139.06313769632234
optimistic,2023,mantle_cell,females,2,151.04271256998652,124.45204219416648,182.73504728788532,151.58649433702945
optimistic,2024,mantle_cell,females,2,160.86148027945694,131.64189378387624,195.1216853435259,161.72570911612362
optimistic,2025,mantle_cell,females,2,170.9492374278091,139.0779249662556,207.58440243844473,172.17871567914804
optimistic,2026,mantle_cell,females,2,181.77831784146775,147.56584761996788,221.45794307988,183.10626553782814
optimistic,2027,mantle_cell,females,2,193.10572383267953,156.6945965333534,236.70239304881386,194.40496394869967
optimistic,2028,mantle_cell,females,2,204.70419294716908,164.63244667888165,253.37528398564558,205.83106365058688
optimistic,2029,mantle_cell,females,2,215.73446369062123,171.96482691796515,270.3875626844332,217.16917256155432
optimistic,2030,mantle_cell,females,2,226.45282368066168,178.6975361387282,286.7400822942442,228.12681533985003
optimistic,2031,mantle_cell,females,2,236.58005674596245,184.06672707504995,304.91740215322574,238.64579689245778
optimistic,2032,mantle_cell,females,2,246.71930303165436,188.07031215513226,322.8745426377447,248.67810648524457
optimistic,2033,mantle_cell,females,2,256.74742201561617,193.0459724354713,339.11131508718813,258.4817203197372
optimistic,2034,mantle_cell,females,2,266.07476694501776,198.31181796588888,356.0324153752787,268.5074935867772
optimistic,2035,mantle_cell,females,2,275.64025306094356,203.1732134876397,377.5209416881456,278.6901767655725
optimistic,2036,mantle_cell,females,2,286.1737306623903,208.18602541629127,397.13128134975346,289.1926412869585
optimistic,2037,mantle_cell,females,2,296.16029134703126,211.39354421813044,417.4578927529012,299.7545175890244
optimistic,2038,mantle_cell,females,2,305.3559611759325,215.06184070789078,436.1786148290248,309.7653255032284
optimistic,2039,mantle_cell,females,2,314.1107018051895,217.6869630559983,455.61673414078473,319.39242883502465
optimistic,2040,mantle_cell,females,2,322.52251320870835,220.32355928217916,477.97537924819267,328.5200983009471
optimistic,2041,mantle_cell,females,2,330.16826333110646,222.86355623043204,498.0994903764507,337.0631033128248
optimistic,2042,mantle_cell,females,2,336.8953323389923,223.50418960924682,517.0043367388195,345.0759680284172
optimistic,2043,mantle_cell,females,2,343.7840148119854,223.9913186300653,533.2039490871034,352.6875423154287
optimistic,2044,mantle_cell,females,2,350.24470005793165,224.89989231538786,554.3745184442532,360.0719312442269
optimistic,2045,mantle_cell,females,2,355.75811354120924,225.46960669538836,573.4617404294439,367.27661000538137
optimistic,2012,mantle_cell,females,3,153.4558711118685,148.77963602279837,157.35780716922412,153.32890351836824
optimistic,2013,mantle_cell,females,3,171.08787781892187,165.64944324056486,176.19864008878488,171.02018859921546
optimistic,2014,mantle_cell,females,3,185.06321001765036,179.54442219464218,190.06514899035062,185.0081070133119
optimistic,2015,mantle_cell,females,3,201.9668877688561,196.46971950346443,207.15668928670343,201.92712243772135
optimistic,2016,mantle_cell,females,3,199.5828521145597,193.7322175259524,204.54721756463732,199.51594081230246
optimistic,2017,mantle_cell,females,3,202.80003666729135,197.7371468168482,207.42961579772756,202.72405617018123
optimistic,2018,mantle_cell,females,3,193.97354028726426,188.0329368777873,198.79851120570433,193.81919830294757
optimistic,2019,mantle_cell,females,3,190.2662096712467,184.64331349411083,194.7147052516711,190.1551701831755
optimistic,2020,mantle_cell,females,3,194.94088329309244,189.14790333335003,199.59141132180085,194.79943371000556
optimistic,2021,mantle_cell,females,3,194.37348391338668,187.32867509469864,200.1499130555714,194.2600088230077
optimistic,2022,mantle_cell,females,3,205.57303785383442,190.8300952285735,222.81626559853277,205.88406589196617
optimistic,2023,mantle_cell,females,3,208.89048962840823,182.59628608334984,241.40226852778673,209.7340617383188
optimistic,2024,mantle_cell,females,3,225.4975128986465,187.65896234651305,272.70175195955596,226.8405361411894
optimistic,2025,mantle_cell,females,3,240.63034888228972,198.9929046596763,291.5087668817163,241.87549092730924
optimistic,2026,mantle_cell,females,3,255.7945229722801,211.09710632882764,312.8039842353738,257.5248192143154
optimistic,2027,mantle_cell,females,3,272.3199071859317,222.9851516861401,333.02520681114834,273.72200575753396
optimistic,2028,mantle_cell,females,3,289.3350344214831,235.62319083011732,355.7222926673191,290.32801682922013
optimistic,2029,mantle_cell,females,3,305.4294596006379,246.74832689560697,379.4177781125456,306.926316981727
optimistic,2030,mantle_cell,females,3,321.22870535629846,256.0393057034532,403.1892089097725,323.19029978270237
optimistic,2031,mantle_cell,females,3,336.1028605311011,265.3422625779611,428.67958404420614,338.88942980094055
optimistic,2032,mantle_cell,females,3,350.8024935177534,273.0974488736208,454.42731789726935,353.8844327638812
optimistic,2033,mantle_cell,females,3,364.44226711720466,280.1313805774897,476.90013509495117,368.4689359370241
optimistic,2034,mantle_cell,females,3,378.1506074055581,287.0439409197478,503.2626944214443,382.9944069900717
optimistic,2035,mantle_cell,females,3,392.2635553562674,294.3840776030562,529.9173452933023,397.7497030761461
optimistic,2036,mantle_cell,females,3,406.6086344020506,301.6664052356286,558.201253386929,412.95060207390685
optimistic,2037,mantle_cell,females,3,420.89002879246567,310.0003501704064,585.9178541299771,428.21723111417293
optimistic,2038,mantle_cell,females,3,434.77345807667297,316.5270371219932,614.8524425268869,443.2079519052143
optimistic,2039,mantle_cell,females,3,446.75338728838926,321.4237788985027,642.1584055274752,457.25326752865476
optimistic,2040,mantle_cell,females,3,459.3363982187276,325.5661341661194,670.3709654722029,470.6432806332712
optimistic,2041,mantle_cell,females,3,471.95491477254535,328.5911252292214,699.9108268108208,483.2656470583375
optimistic,2042,mantle_cell,females,3,483.5933123676348,330.47874626169073,729.9750048432958,495.12641013983335
optimistic,2043,mantle_cell,females,3,492.98583252847493,330.3084466293868,758.0229768616019,506.33521035527485
optimistic,2044,mantle_cell,females,3,502.47808319308507,329.2864002679619,783.2322373463843,517.1244635029161
optimistic,2045,mantle_cell,females,3,511.30374061571683,327.569535637255,808.2081121945672,527.5857823738079
optimistic,2012,mantle_cell,females,5,218.09597534457686,210.50611928613532,224.93794451471618,218.04316599889125
optimistic,2013,mantle_cell,females,5,230.39578312736546,223.72464185105395,236.63617412043558,230.31112318974363
optimistic,2014,mantle_cell,females,5,259.0722171809123,252.5163677395945,265.96367356683584,259.18246077389045
optimistic,2015,mantle_cell,females,5,287.2161919650839,280.34922937699974,294.200824044022,287.2399843097562
optimistic,2016,mantle_cell,females,5,287.2722643217893,279.871388711312,294.74556548262757,287.38592217547466
optimistic,2017,mantle_cell,females,5,302.44069273018374,295.55431298382314,309.34446037905417,302.4507862935794
optimistic,2018,mantle_cell,females,5,306.2206709517506,298.40994212072434,313.634951622368,306.12798374260024
optimistic,2019,mantle_cell,females,5,297.2863763901464,288.9044935850645,304.10275830465525,297.16537638176186
optimistic,2020,mantle_cell,females,5,302.7310069068392,294.61536773151715,310.11234835934795,302.64159832763295
optimistic,2021,mantle_cell,females,5,303.65268724147,295.73281960073444,310.65464638435566,303.58604220780086
optimistic,2022,mantle_cell,females,5,305.50927478226106,290.4861161385155,323.47260842871054,305.82886216055465
optimistic,2023,mantle_cell,females,5,319.059153705992,292.0067486819069,352.0438522288273,319.59779822446677
optimistic,2024,mantle_cell,females,5,340.5848595729732,301.8663374761107,389.52746189668545,341.50332049091634
optimistic,2025,mantle_cell,females,5,354.897015309812,303.33354679936474,418.68139862636656,356.50022007872224
optimistic,2026,mantle_cell,females,5,382.0018616900868,316.11380056273305,462.9445966189094,384.09305489578753
optimistic,2027,mantle_cell,females,5,408.5328006258221,336.95732471228416,495.4569137716254,410.3887286634444
optimistic,2028,mantle_cell,females,5,435.86487885771066,356.43761778006075,532.2576334710914,437.6022349816625
optimistic,2029,mantle_cell,females,5,463.70397848883545,377.5482443588625,571.5152845142994,465.4742118476241
optimistic,2030,mantle_cell,females,5,491.719470116365,395.5514947180644,610.7124284016717,493.5891427100214
optimistic,2031,mantle_cell,females,5,519.5214975341744,410.1341024500762,651.9032047192429,521.4969848922401
optimistic,2032,mantle_cell,females,5,545.7524142232418,426.7636708586316,692.7581358346298,548.8063005871459
optimistic,2033,mantle_cell,females,5,572.1606146900374,443.0127835647648,737.5767560912886,575.5163542223473
optimistic,2034,mantle_cell,females,5,596.8399837482949,458.8309614839632,781.3010573079017,601.8711296489141
optimistic,2035,mantle_cell,females,5,621.7486068377125,473.02194259901415,826.2431591478138,627.9999288250791
optimistic,2036,mantle_cell,females,5,646.4051170536911,488.20869043797137,871.199927723038,654.407654023311
optimistic,2037,mantle_cell,females,5,670.6241418926516,501.1259758776582,916.8516870795157,681.1217711272224
optimistic,2038,mantle_cell,females,5,694.6104379501269,512.0359155042556,968.1617657480871,707.7232040951288
optimistic,2039,mantle_cell,females,5,718.6239671923969,520.914370926122,1019.3826018613463,733.6897698266208
optimistic,2040,mantle_cell,females,5,740.0980600715077,528.5543729815327,1065.8792956486195,758.1910396238153
optimistic,2041,mantle_cell,females,5,758.6499281739093,533.0184275088933,1108.9738035383064,780.3114494966353
optimistic,2042,mantle_cell,females,5,777.0277327660742,539.0019409229232,1154.946194620883,801.3021453968348
optimistic,2043,mantle_cell,females,5,794.7747256014823,543.7579991172662,1197.1775381552827,821.1537133580526
optimistic,2044,mantle_cell,females,5,812.1752070244274,545.0188114380967,1242.9295516034094,840.0258018643602
optimistic,2045,mantle_cell,females,5,826.5150022399912,543.7768777024386,1294.449505152924,858.0665052052746
optimistic,2012,mantle_cell,females,10,306.6265057215128,279.61240661145644,334.8835809185819,306.7259747322321
optimistic,2013,mantle_cell,females,10,331.86084596178955,304.22121396946994,361.01144206641044,332.01255944102405
optimistic,2014,mantle_cell,females,10,364.4967987114192,336.17777467530726,393.6084905498179,364.4201460279348
optimistic,2015,mantle_cell,females,10,399.4572327714045,371.566676221001,429.4785328061889,399.6111803470691
optimistic,2016,mantle_cell,females,10,412.0444052474693,385.462440860982,442.2262402696482,412.4939731129033
optimistic,2017,mantle_cell,females,10,434.86905245479625,411.70857086861827,463.18836543048184,435.63573519124964
optimistic,2018,mantle_cell,females,10,446.3268634080131,426.65914071720425,469.65906211918855,447.0439880205298
optimistic,2019,mantle_cell,females,10,458.3063692970356,438.9735920146334,480.42834819633055,458.8400661933606
optimistic,2020,mantle_cell,females,10,484.7906350989926,461.19251276453895,509.8196989875749,484.87111616259716
optimistic,2021,mantle_cell,females,10,492.2125084505202,460.9411308523823,523.3994573162993,492.293097683409
optimistic,2022,mantle_cell,females,10,507.2226277393562,475.34078625952765,540.066137293663,507.2494530173871
optimistic,2023,mantle_cell,females,10,526.3913385524952,488.2695676367297,565.4861000068057,526.6804761454812
optimistic,2024,mantle_cell,females,10,542.7781976173031,496.06819817384843,592.9574412341241,543.5693658380372
optimistic,2025,mantle_cell,females,10,562.1782988558189,503.7723528514581,629.5233255821686,563.4615234314076
optimistic,2026,mantle_cell,females,10,588.4712340991703,514.0240448579655,678.0410964176883,590.493192767074
optimistic,2027,mantle_cell,females,10,617.3105111910209,528.1814700831342,721.5499245382887,619.7179079447362
optimistic,2028,mantle_cell,females,10,654.3545598880381,549.022507905467,775.0831355291109,657.5392334670325
optimistic,2029,mantle_cell,females,10,698.2817903819873,575.5090079192954,837.0547976348001,701.7108296161098
optimistic,2030,mantle_cell,females,10,737.552587681482,597.5213588173747,899.1652251170062,741.6927287276476
optimistic,2031,mantle_cell,females,10,786.4373518296198,629.3484937041072,975.3171661761525,791.7151710755877
optimistic,2032,mantle_cell,females,10,835.383899673124,661.7416801689874,1041.2568151852513,840.3082719002708
optimistic,2033,mantle_cell,females,10,884.2307875826614,690.1967010628424,1117.2400444807786,889.4718060522662
optimistic,2034,mantle_cell,females,10,933.3236991094245,721.4707938962237,1198.5837159065513,939.2828443978037
optimistic,2035,mantle_cell,females,10,983.3892175236306,754.3843983050845,1280.1858132264583,989.6210613013211
optimistic,2036,mantle_cell,females,10,1033.890769033966,781.1914166896452,1363.8331966360847,1040.7146781341185
optimistic,2037,mantle_cell,females,10,1082.8800806077672,809.4515124471573,1449.7254454930421,1092.2904845342541
optimistic,2038,mantle_cell,females,10,1132.5760354741087,834.7389317134115,1535.4259363226477,1143.975026414815
optimistic,2039,mantle_cell,females,10,1180.431491110149,857.2996353599619,1629.1756948770978,1195.3881052662289
optimistic,2040,mantle_cell,females,10,1228.0166920518282,880.5777838640508,1721.523981078078,1245.737537788485
optimistic,2041,mantle_cell,females,10,1272.6323466369963,900.2354545591056,1814.4609048920502,1294.3648496337012
optimistic,2042,mantle_cell,females,10,1314.9714397700914,922.1260090312577,1917.354783814727,1340.998175069378
optimistic,2043,mantle_cell,females,10,1356.258696058765,939.9291048894512,1995.788455674415,1385.1725133720124
optimistic,2044,mantle_cell,females,10,1393.860570574072,946.6487699152945,2094.1120388451614,1426.5487864078832
optimistic,2045,mantle_cell,females,10,1430.0838054207798,954.0045267643416,2198.904361566146,1464.8147118845625
optimistic,2012,mantle_cell,females,40,417.3096868210415,295.82326910349485,651.0525373729917,433.19187489173356
optimistic,2013,mantle_cell,females,40,450.57871810516025,320.8176822982368,694.7944709947949,467.12931447318533
optimistic,2014,mantle_cell,females,40,490.3232458095283,357.62920760930024,745.3803922539564,507.99782712341784
optimistic,2015,mantle_cell,females,40,532.7509752945025,394.3894922236368,793.2956853259889,550.5206446528305
optimistic,2016,mantle_cell,females,40,555.9336972823965,412.51431538176405,828.5846013261919,574.0533778821219
optimistic,2017,mantle_cell,females,40,592.6866804251724,445.8887339634966,872.0134369030557,611.0697408435514
optimistic,2018,mantle_cell,females,40,619.512146038406,469.9929031629975,904.5047908108968,637.9651542357861
optimistic,2019,mantle_cell,females,40,639.5968500683721,489.39623942933736,933.2099772263412,659.1013162864423
optimistic,2020,mantle_cell,females,40,675.7509004329243,525.337262384606,968.9568437087223,696.2388308520921
optimistic,2021,mantle_cell,females,40,698.8564092956689,548.3576695012778,996.5260925826858,720.8897734453661
optimistic,2022,mantle_cell,females,40,728.467583164698,579.3995805267413,1022.2715111645555,749.8589060309686
optimistic,2023,mantle_cell,females,40,763.2781687536415,609.0852421766023,1058.9061874274234,783.8603942039791
optimistic,2024,mantle_cell,females,40,802.5255729481818,643.2741645362822,1099.451065787932,821.2343750499396
optimistic,2025,mantle_cell,females,40,842.4684651401144,680.1421405823958,1142.1464293350032,862.2637008014616
optimistic,2026,mantle_cell,females,40,889.5928380587961,721.0397616039799,1184.6477574094179,907.0382946748547
optimistic,2027,mantle_cell,females,40,941.2022309362923,763.2102994796163,1232.1529639565697,955.2113327150486
optimistic,2028,mantle_cell,females,40,998.3208046928378,804.5162480173119,1286.245109251694,1007.1030203388889
optimistic,2029,mantle_cell,females,40,1053.964672135305,850.9243815407242,1334.9886891486171,1062.4393201369933
optimistic,2030,mantle_cell,females,40,1115.3473246921185,897.311337528631,1391.099474983704,1121.0671572647184
optimistic,2031,mantle_cell,females,40,1179.6412244848154,942.6479418930794,1452.1153371063208,1182.4055253422846
optimistic,2032,mantle_cell,females,40,1243.7090726476486,987.2647041665616,1537.5273669179232,1246.1871659336366
optimistic,2033,mantle_cell,females,40,1305.927557977424,1039.8997325038129,1624.6032843702974,1313.046206912494
optimistic,2034,mantle_cell,females,40,1377.4399027247082,1082.2781940525551,1732.4942429439532,1382.5433265882407
optimistic,2035,mantle_cell,females,40,1445.072953136873,1122.6751890312094,1818.0835374338421,1454.5545737206608
optimistic,2036,mantle_cell,females,40,1520.6047117958701,1167.2233410553072,1938.507449535598,1530.2810539361437
optimistic,2037,mantle_cell,females,40,1597.41664380034,1196.661194740152,2068.3997124518783,1609.454581449325
optimistic,2038,mantle_cell,females,40,1680.0063443817912,1237.593990775319,2209.4038345261415,1692.101308559578
optimistic,2039,mantle_cell,females,40,1758.053930888459,1270.1296821077208,2363.7984048253606,1777.4326263798628
optimistic,2040,mantle_cell,females,40,1841.2666279664932,1299.0631761231323,2534.934918814392,1864.775389951093
optimistic,2041,mantle_cell,females,40,1930.4415844090122,1331.790701693464,2718.6359201557257,1954.4373344188107
optimistic,2042,mantle_cell,females,40,2011.0168752587006,1360.9428617965655,2888.3963214319856,2045.344365255056
optimistic,2043,mantle_cell,females,40,2098.555670454073,1389.2824118376755,3066.588631108819,2138.0003601376566
optimistic,2044,mantle_cell,females,40,2191.626681063576,1410.487154385277,3262.766165566166,2232.0306761152056
optimistic,2045,mantle_cell,females,40,2284.6954127616555,1434.2190347918327,3463.8026770073034,2327.757054674246
base,2012,hodgkin,males,2,685.274388659976,679.9574751904543,689.9430899763856,685.2693623206661
base,2013,hodgkin,males,2,676.8402071353748,669.7633501208262,684.1903312505993,676.8505771084245
base,2014,hodgkin,males,2,647.6791190858321,641.384390671347,653.6392699696675,647.7001183347819
base,2015,hodgkin,males,2,692.2810248871376,685.8418404822545,698.8462689663004,692.3735075187845
base,2016,hodgkin,males,2,681.2054171022321,673.5300143254485,688.5843566756388,681.2476430316211
base,2017,hodgkin,males,2,701.6005421834882,696.09238929590515,706.7169471384628,701.5777457992613
base,2018,hodgkin,males,2,739.0531322703885,732.8140596094595,744.8897185902217,739.0669411377984
base,2019,hodgkin,males,2,729.9425008628742,723.6663162421625,735.7840516298007,729.8613211376475
base,2020,hodgkin,males,2,777.0766610372311,769.7814330725698,784.076538576508,777.0840714836022
base,2021,hodgkin,males,2,800.510561615174,791.2074572640477,808.7804367694774,800.4023570314303
base,2022,hodgkin,males,2,796.5750660306131,770.3348404639913,823.5006459396964,796.6083012351608
base,2023,hodgkin,males,2,816.2975274379164,767.6129204008466,867.7326980284392,816.3221899837055
base,2024,hodgkin,males,2,839.6043457341387,791.7428462892692,891.213464576641,840.1146723624821
base,2025,hodgkin,males,2,862.5099322889697,815.3096966916941,915.5727836406587,862.9737499060556
base,2026,hodgkin,males,2,885.8974710627342,835.4328887612048,939.1200194391332,885.9395062800583
base,2027,hodgkin,males,2,908.5460393333847,855.8199028990554,962.5755192841353,908.783526932643
base,2028,hodgkin,males,2,930.9279809983718,875.8805133152545,987.1483877485102,931.3872279377157
base,2029,hodgkin,males,2,953.9581146987587,895.533484315098,1012.7513963169947,953.8242782585995
base,2030,hodgkin,males,2,976.4492016467271,914.2695084155368,1036.6438857825594,976.0005404120751
base,2031,hodgkin,males,2,998.1559589566752,932.370308142607,1059.8459747665845,998.0009619086251
base,2032,hodgkin,males,2,1019.5284642051928,950.7990232291013,1086.2049850937044,1019.4624091367424
base,2033,hodgkin,males,2,1039.695863228509,969.3197754440268,1108.84067697734,1040.0179278441608
base,2034,hodgkin,males,2,1059.431130310361,987.6336722018027,1134.2611830848173,1060.0806522436626
base,2035,hodgkin,males,2,1078.6552948023273,1004.5690452059182,1156.2126017967207,1079.1379440547419
base,2036,hodgkin,males,2,1097.4768327087327,1020.5024644885533,1177.572801469572,1097.8467379095569
base,2037,hodgkin,males,2,1116.4148697779417,1036.7878661017044,1200.6452966970114,1116.9200882487453
base,2038,hodgkin,males,2,1135.7390231285458,1053.8844979164076,1222.8388453312211,1136.2274853414415
base,2039,hodgkin,males,2,1154.9601169645864,1069.8586644869881,1244.7746389087229,1155.414489414157
base,2040,hodgkin,males,2,1173.950325399605,1086.838638882734,1267.3783208308744,1174.3681221869422
base,2041,hodgkin,males,2,1192.899382149349,1102.641431674762,1289.109308099609,1193.1221521315788
base,2042,hodgkin,males,2,1211.6400089910019,1117.1581756350408,1310.5494947898637,1211.5052105124216
base,2043,hodgkin,males,2,1229.8157961478914,1131.2443558178722,1332.7031267555838,1229.4628573036148
base,2044,hodgkin,males,2,1246.478160302022,1145.2502141269401,1353.710783940232,1246.3398122502908
base,2045,hodgkin,males,2,1261.571520389519,1157.9753469712573,1371.5869250947908,1261.413573850527
base,2012,hodgkin,males,3,975.5004474325335,968.6761555601508,982.6754528531103,975.5497417718907
base,2013,hodgkin,males,3,983.5443015181667,975.4251609089425,992.2000978830215,983.5149777726417
base,2014,hodgkin,males,3,987.4485958372043,978.9776142901377,995.8217290504128,987.4529489728694
base,2015,hodgkin,males,3,990.4438032421318,982.0362368236479,998.529558080483,990.3149372972961
base,2016,hodgkin,males,3,996.2610929321163,987.0153133742385,1004.5649721819713,996.0804088910693
base,2017,hodgkin,males,3,1038.4591313505323,1030.6783630639823,1045.4135446117664,1038.4362972942488
base,2018,hodgkin,males,3,1042.6794707860731,1034.6908517449212,1050.3744406276533,1042.7569264613344
base,2019,hodgkin,males,3,1087.6924511892648,1079.9327604167045,1094.669148955472,1087.6296247019732
base,2020,hodgkin,males,3,1121.5744208257884,1113.104704043863,1129.3984004493932,1121.5618505988987
base,2021,hodgkin,males,3,1151.4507100143703,1141.2881523283504,1160.2351723622262,1151.2853580768965
base,2022,hodgkin,males,3,1183.238592132569,1157.5164833780482,1211.758721579951,1183.4251433890042
base,2023,hodgkin,males,3,1191.8436406419994,1144.1186118392113,1243.3198918304947,1191.982034062936
base,2024,hodgkin,males,3,1221.5668278289186,1151.5778770582472,1297.7976521184669,1221.839022784856
base,2025,hodgkin,males,3,1256.1311176750285,1184.317993603059,1333.896529633947,1256.3349652007303
base,2026,hodgkin,males,3,1289.515952982667,1218.0639976899977,1368.0066890471135,1289.9390226563962
base,2027,hodgkin,males,3,1323.2906645901753,1250.3514695879542,1401.7880947564547,1323.4494339158523
base,2028,hodgkin,males,3,1356.7750377483956,1280.8545918909851,1437.857510738135,1356.6951107924592
base,2029,hodgkin,males,3,1389.8158478245336,1310.1491870976047,1472.9108532503071,1389.5831827281665
base,2030,hodgkin,males,3,1422.1007605975144,1338.2204445152477,1507.7399331655358,1422.105270985875
base,2031,hodgkin,males,3,1454.0970809552387,1366.6985220545248,1543.056440956688,1454.3343531454377
base,2032,hodgkin,males,3,1484.9711277421607,1396.1273321406557,1578.032234732088,1485.8652987702462
base,2033,hodgkin,males,3,1515.798934685122,1422.7139387647744,1611.3476737008184,1516.4542711507822
base,2034,hodgkin,males,3,1545.5582587809113,1447.4250255411735,1645.7775171351939,1545.7332988098462
base,2035,hodgkin,males,3,1573.3105019614047,1471.7113966667673,1677.2351211019209,1573.9705382431844
base,2036,hodgkin,males,3,1601.0263268089939,1495.2132275058225,1708.5347435193498,1601.3453282884773
base,2037,hodgkin,males,3,1628.1902582322232,1518.2884544615192,1739.3788374367653,1628.5360978621507
base,2038,hodgkin,males,3,1655.6023814363543,1541.4706324044307,1769.2012134754684,1656.0424000337093
base,2039,hodgkin,males,3,1683.4485447175566,1565.184754493323,1802.6478297882172,1683.659414463433
base,2040,hodgkin,males,3,1711.0417869726482,1589.33619279912,1834.892591661276,1711.0897883871578
base,2041,hodgkin,males,3,1738.4907130696645,1611.559337215275,1867.6204894003577,1738.2406426172886
base,2042,hodgkin,males,3,1764.8343071631239,1635.8681086471272,1898.8785435610207,1764.937008347728
base,2043,hodgkin,males,3,1790.377461502485,1658.6368847190477,1929.5868891235543,1791.1279285221503
base,2044,hodgkin,males,3,1815.7111177881934,1677.6778732952996,1959.5348379239128,1815.97865094012
base,2045,hodgkin,males,3,1838.573874450055,1695.399543123018,1985.8156305963812,1838.849840025044
base,2012,hodgkin,males,5,1496.1155351463626,1485.6111597410795,1506.2336907035956,1496.1066330202739
base,2013,hodgkin,males,5,1521.573720629323,1510.6907069919403,1532.4285838160436,1521.5442047731983
base,2014,hodgkin,males,5,1561.114860342999,1549.3267825477953,1572.4165606269028,1560.9840799983972
base,2015,hodgkin,males,5,1615.9077545790376,1604.3189770986935,1626.3833366696426,1615.708517124927
base,2016,hodgkin,males,5,1614.6608748641074,1603.1804518526253,1625.826416700023,1614.7213278653667
base,2017,hodgkin,males,5,1635.3784194987707,1625.0648594656857,1645.044528735573,1635.1157234805664
base,2018,hodgkin,males,5,1678.9718210977323,1668.053311459911,1689.8428065325888,1678.861758246873
base,2019,hodgkin,males,5,1710.6182152437145,1700.5682756939657,1720.9213629267124,1710.6753287452693
base,2020,hodgkin,males,5,1763.3383611352942,1752.1567948910465,1773.5165505379694,1763.3736971578305
base,2021,hodgkin,males,5,1829.9960191081857,1818.8657180341904,1841.0132104864895,1829.9143183436179
base,2022,hodgkin,males,5,1856.9304027701323,1829.5474622241265,1884.961502314489,1856.7701682691427
base,2023,hodgkin,males,5,1907.3727357055816,1857.3754691503207,1959.8359183489003,1907.504942894479
base,2024,hodgkin,males,5,1960.245732206965,1889.2433312649978,2038.1838853853162,1961.097806728734
base,2025,hodgkin,males,5,1991.0239451546108,1898.1978196844589,2090.943357040847,1991.4500803422372
base,2026,hodgkin,males,5,2042.7481876500233,1927.609894154175,2167.105455205815,2042.8596571480066
base,2027,hodgkin,males,5,2098.541848346911,1980.2188028802498,2220.9781016924844,2098.5285849485335
base,2028,hodgkin,males,5,2153.2425636148337,2033.1697086403847,2277.5815431876213,2153.02976387422
base,2029,hodgkin,males,5,2206.882629292588,2083.447927125617,2334.4937423899846,2207.2657276690675
base,2030,hodgkin,males,5,2258.665306512504,2134.5042666763984,2393.2790544730647,2261.025348981446
base,2031,hodgkin,males,5,2312.53247974577,2183.32648825001,2452.691881067507,2314.3276363906466
base,2032,hodgkin,males,5,2365.6806980267925,2226.0231029906054,2512.0616345205653,2366.8505027544657
base,2033,hodgkin,males,5,2418.16415628663,2269.226129042304,2569.7266631412467,2418.2725936652687
base,2034,hodgkin,males,5,2468.688033118927,2310.6952049343463,2626.2570745839193,2468.325708985923
base,2035,hodgkin,males,5,2516.654759608062,2350.872889896814,2680.409749152032,2516.1558446319814
base,2036,hodgkin,males,5,2563.0396790133,2388.657709468431,2729.8424228316667,2561.402481775183
base,2037,hodgkin,males,5,2607.060686606013,2426.305221457542,2781.2888843927853,2605.944721414143
base,2038,hodgkin,males,5,2650.2217311200016,2464.567394407349,2830.320606494826,2649.737162725658
base,2039,hodgkin,males,5,2693.09122198377,2502.787812588086,2881.3726000631714,2693.1595176075643
base,2040,hodgkin,males,5,2736.928258009612,2542.1307598261433,2933.9738497626454,2736.696658478619
base,2041,hodgkin,males,5,2779.906463259247,2580.2447193867774,2985.4438479056603,2780.2254289591137
base,2042,hodgkin,males,5,2822.9143270028208,2617.5349719827655,3036.650651157421,2823.245464833333
base,2043,hodgkin,males,5,2865.5268856459406,2653.6768535622023,3085.8107624670392,2865.555509899436
base,2044,hodgkin,males,5,2906.4136150641457,2688.63743188169,3132.431941393102,2906.3020930225853
base,2045,hodgkin,males,5,2945.1943485046763,2720.67295822326,3178.891377688391,2944.697048226865
base,2012,hodgkin,males,10,2567.9738349157524,2509.978201386989,2619.8445114854057,2566.7529400751996
base,2013,hodgkin,males,10,2638.7825093051833,2581.8674900483643,2687.3180345978426,2637.484688028023
base,2014,hodgkin,males,10,2724.8467278846456,2668.6037234686946,2773.679592779737,2724.13758769422
base,2015,hodgkin,males,10,2810.77961155511,2758.201704068004,2860.045576567049,2810.7563074969244
base,2016,hodgkin,males,10,2861.238158936626,2810.2264338322684,2910.2094080576876,2861.203124744883
base,2017,hodgkin,males,10,2953.2695758101645,2906.5391888098816,2996.7572969334783,2952.43388936333
base,2018,hodgkin,males,10,3025.0832716444947,2983.311345392736,3064.4279592762136,3024.3713007324695
base,2019,hodgkin,males,10,3100.926471296495,3062.0670904981635,3139.707167571208,3100.8728874718486
base,2020,hodgkin,males,10,3204.9862094887576,3165.997594243207,3246.123994549622,3204.600181161763
base,2021,hodgkin,males,10,3273.525693385936,3220.9499679529795,3322.3010207503003,3273.068624563642
base,2022,hodgkin,males,10,3318.9035607972446,3268.5008650417126,3371.403004709759,3319.293360271798
base,2023,hodgkin,males,10,3411.1462162302464,3351.2397309047947,3474.942596672321,3411.4115110412768
base,2024,hodgkin,males,10,3493.055439870129,3417.0810352667795,3576.823079316794,3493.7048893618344
base,2025,hodgkin,males,10,3568.8691133265725,3473.0126392446564,3674.9483346128977,3570.0439755443986
base,2026,hodgkin,males,10,3687.9310690584407,3567.12233128259,3816.717786670984,3687.96797661588
base,2027,hodgkin,males,10,3770.165489627746,3630.851227192016,3925.361588641296,3771.3509899448027
base,2028,hodgkin,males,10,3871.531979804954,3712.8936423593223,4052.628892818966,3874.180893922463
base,2029,hodgkin,males,10,3974.480335763904,3794.839978394581,4183.0426504954185,3978.7538775918533
base,2030,hodgkin,males,10,4058.5729727270655,3854.477619510072,4291.575452622155,4061.9269224762943
base,2031,hodgkin,males,10,4157.592850880452,3934.0750413118876,4423.789105123866,4163.9256540054885
base,2032,hodgkin,males,10,4259.436192033834,4027.030462504503,4535.089425239136,4268.74366138952
base,2033,hodgkin,males,10,4361.1836210383535,4115.310429377345,4653.3500287300285,4371.290316367699
base,2034,hodgkin,males,10,4462.75135513601,4212.3443968475085,4771.185298051206,4472.23567521137
base,2035,hodgkin,males,10,4562.030307425778,4296.335370544844,4876.136445428071,4570.630868272081
base,2036,hodgkin,males,10,4658.822444780444,4376.60805398403,4985.547552942316,4666.261334124605
base,2037,hodgkin,males,10,4752.342484908341,4454.987726105677,5091.247665856583,4759.141595447607
base,2038,hodgkin,males,10,4842.224903234156,4529.436040719911,5192.74758187802,4849.30015812303
base,2039,hodgkin,males,10,4930.401854392881,4602.070365954142,5292.462644989544,4936.693373937523
base,2040,hodgkin,males,10,5015.242867120449,4673.897555223847,5390.979320506562,5021.290827468892
base,2041,hodgkin,males,10,5097.852641919229,4739.373730580652,5487.226468155615,5102.935127090353
base,2042,hodgkin,males,10,5178.341434178048,4803.574117552495,5582.693789399487,5183.246329157261
base,2043,hodgkin,males,10,5257.381606434436,4868.145526105928,5676.930781893456,5262.01872301385
base,2044,hodgkin,males,10,5331.567718395436,4929.107446003634,5767.119241281705,5338.796197848473
base,2045,hodgkin,males,10,5407.166132519005,4992.1609373068595,5850.977917541088,5413.2233352125895
base,2012,hodgkin,males,40,5079.360464805075,4313.2152448710485,5779.917473664047,5078.254747388923
base,2013,hodgkin,males,40,5289.915636329137,4490.861059137559,6027.988478901922,5289.776960376812
base,2014,hodgkin,males,40,5514.750334300244,4678.095227989318,6286.281603779206,5511.853349317304
base,2015,hodgkin,males,40,5768.53437890283,4896.300961747497,6570.042488218493,5764.648157240848
base,2016,hodgkin,males,40,5982.009726476695,5077.8476714434755,6818.02275257944,5976.653556898821
base,2017,hodgkin,males,40,6248.062945922452,5310.8689502250945,7114.8925843232055,6240.86219715913
base,2018,hodgkin,males,40,6492.644797506238,5527.639119978823,7392.858639700236,6487.238709087516
base,2019,hodgkin,males,40,6740.690673405441,5755.939798496401,7680.95805775992,6739.006848952511
base,2020,hodgkin,males,40,7030.78143236627,6021.17267889142,8001.642426289702,7028.980781124217
base,2021,hodgkin,males,40,7300.904176842885,6266.511349365783,8297.452116322174,7298.685973060465
base,2022,hodgkin,males,40,7496.195280050378,6488.8095653422015,8465.527735608297,7495.387113046398
base,2023,hodgkin,males,40,7700.698667740959,6736.149090672905,8630.607551551346,7697.167375999377
base,2024,hodgkin,males,40,7933.170119787765,6994.5024416975975,8837.844925636367,7922.916874304279
base,2025,hodgkin,males,40,8161.451310620134,7236.275396106735,9051.381708229816,8153.738247128011
base,2026,hodgkin,males,40,8404.360080337374,7478.555905483577,9271.85012871717,8394.552972933496
base,2027,hodgkin,males,40,8658.89083885046,7742.972657074918,9499.688413284806,8645.839617401116
base,2028,hodgkin,males,40,8901.363122336934,8022.614993917617,9720.097520189789,8892.322761538584
base,2029,hodgkin,males,40,9162.382953423907,8293.538181218952,9948.593180450809,9150.712050065269
base,2030,hodgkin,males,40,9414.292201979042,8588.936271616036,10171.342189559173,9403.483459675244
base,2031,hodgkin,males,40,9698.40777177098,8900.053622640407,10438.418934640282,9687.082762738544
base,2032,hodgkin,males,40,9985.813575114045,9205.90050440145,10686.762971521783,9969.962313413973
base,2033,hodgkin,males,40,10265.491723352738,9511.598538992568,10952.268020596137,10255.930940603219
base,2034,hodgkin,males,40,10561.29307448569,9814.095948768707,11249.095437802263,10551.120993275988
base,2035,hodgkin,males,40,10864.476994954814,10117.267495585664,11576.337320742752,10853.633499113688
base,2036,hodgkin,males,40,11160.072043862601,10392.538575479786,11881.37679639015,11145.120391164308
base,2037,hodgkin,males,40,11462.506623289193,10676.279025833024,12213.094689141351,11445.536887827198
base,2038,hodgkin,males,40,11757.373305897683,10974.912810056529,12543.300285050751,11748.298995009696
base,2039,hodgkin,males,40,12046.125478141448,11228.448660144342,12876.656441123745,12044.67519749661
base,2040,hodgkin,males,40,12344.610183565299,11476.60718928862,13225.783007856211,12344.73144731519
base,2041,hodgkin,males,40,12645.097044982986,11738.9742047157,13581.85989689484,12650.833105278763
base,2042,hodgkin,males,40,12939.944908176845,11955.115361662954,13950.897120756143,12952.862128696788
base,2043,hodgkin,males,40,13239.892601025136,12187.133065058231,14342.727153853957,13258.987494961977
base,2044,hodgkin,males,40,13549.171231727716,12399.456321554328,14741.510530506801,13571.302547654854
base,2045,hodgkin,males,40,13852.815804325546,12648.544060671642,15135.553711829469,13864.475220068636
conservative,2012,hodgkin,males,2,685.274388659976,679.9574751904543,689.9430899763856,685.2693623206661
conservative,2013,hodgkin,males,2,676.8402071353748,669.7633501208262,684.1903312505993,676.8505771084245
conservative,2014,hodgkin,males,2,647.6791190858321,641.384390671347,653.6392699696675,647.7001183347819
conservative,2015,hodgkin,males,2,692.2810248871376,685.8418404822545,698.8462689663004,692.3735075187845
conservative,2016,hodgkin,males,2,681.2054171022321,673.5300143254485,688.5843566756388,681.2476430316211
conservative,2017,hodgkin,males,2,701.6005421834882,696.09238929590515,706.7169471384628,701.5777457992613
conservative,2018,hodgkin,males,2,739.0531322703885,732.8140596094595,744.8897185902217,739.0669411377984
conservative,2019,hodgkin,males,2,729.9425008628742,723.6663162421625,735.7840516298007,729.8613211376475
conservative,2020,hodgkin,males,2,777.0766610372311,769.7814330725698,784.076538576508,777.0840714836022
conservative,2021,hodgkin,males,2,800.510561615174,791.2074572640477,808.7804367694774,800.4023570314303
conservative,2022,hodgkin,males,2,796.447239859343,770.2800834773334,823.2494247568671,796.2865104582497
conservative,2023,hodgkin,males,2,814.6446140546973,767.6805268343718,866.307956473335,815.0737290982383
conservative,2024,hodgkin,males,2,837.0901197823913,790.1379566648316,888.2416669686157,837.8773528016442
conservative,2025,hodgkin,males,2,859.1991591778119,811.9848465655109,910.8854332306987,859.688786959699
conservative,2026,hodgkin,males,2,881.3663267468737,833.7935822686497,933.8063224859902,881.5465655508218
conservative,2027,hodgkin,males,2,902.9311124212586,854.1645377803598,955.7199637520057,903.2222062081876
conservative,2028,hodgkin,males,2,924.2984089617556,873.4713400303107,977.8539703376435,924.6026062036071
conservative,2029,hodgkin,males,2,945.0141348995792,892.2752280208302,1000.5196072420548,945.7629577254132
conservative,2030,hodgkin,males,2,965.8249254492112,910.3793564271404,1022.1707361959861,966.6241120435762
conservative,2031,hodgkin,males,2,986.174480839719,928.5925199329571,1045.5167275667698,987.2721384615267
conservative,2032,hodgkin,males,2,1006.6451451989956,946.5941023239071,1068.5101461245965,1007.698700103643
conservative,2033,hodgkin,males,2,1026.8835918816171,963.4132407629163,1092.4702035036541,1027.8507218070167
conservative,2034,hodgkin,males,2,1046.4431357709182,980.3361528415202,1115.2747698822689,1047.489356244419
conservative,2035,hodgkin,males,2,1065.1788243081014,996.4180118169669,1136.6533937273277,1066.1021509634556
conservative,2036,hodgkin,males,2,1083.1914624471892,1012.7151747620159,1156.2896266618575,1084.346544473628
conservative,2037,hodgkin,males,2,1101.9464716961159,1028.994563752886,1178.215729724484,1102.9284277435559
conservative,2038,hodgkin,males,2,1120.6356726602103,1044.9439791578525,1199.8215503133401,1121.7403122311034
conservative,2039,hodgkin,males,2,1139.4313459835048,1060.7967165496752,1221.5439706519994,1140.4370593590422
conservative,2040,hodgkin,males,2,1157.5994909121023,1077.0742656353927,1243.2747606619582,1158.9105024294772
conservative,2041,hodgkin,males,2,1175.4970284858223,1092.899081498812,1264.966397393743,1177.1981438147152
conservative,2042,hodgkin,males,2,1193.3166955463967,1108.2438799840518,1286.055196600833,1195.127844089441
conservative,2043,hodgkin,males,2,1210.9775075328826,1122.5678371090614,1306.4796511397747,1212.6394269425812
conservative,2044,hodgkin,males,2,1227.4077519879424,1135.949382716172,1326.6335565378258,1229.0649243224548
conservative,2045,hodgkin,males,2,1242.477681109064,1149.2832540570528,1344.0049295829592,1243.669901726475
conservative,2012,hodgkin,males,3,975.5004474325335,968.6761555601508,982.6754528531103,975.5497417718907
conservative,2013,hodgkin,males,3,983.5443015181667,975.4251609089425,992.2000978830215,983.5149777726417
conservative,2014,hodgkin,males,3,987.4485958372043,978.9776142901377,995.8217290504128,987.4529489728694
conservative,2015,hodgkin,males,3,990.4438032421318,982.0362368236479,998.529558080483,990.3149372972961
conservative,2016,hodgkin,males,3,996.2610929321163,987.0153133742385,1004.5649721819713,996.0804088910693
conservative,2017,hodgkin,males,3,1038.4591313505323,1030.6783630639823,1045.4135446117664,1038.4362972942488
conservative,2018,hodgkin,males,3,1042.6794707860731,1034.6908517449212,1050.3744406276533,1042.7569264613344
conservative,2019,hodgkin,males,3,1087.6924511892648,1079.9327604167045,1094.669148955472,1087.6296247019732
conservative,2020,hodgkin,males,3,1121.5744208257884,1113.104704043863,1129.3984004493932,1121.5618505988987
conservative,2021,hodgkin,males,3,1151.4507100143703,1141.2881523283504,1160.2351723622262,1151.2853580768965
conservative,2022,hodgkin,males,3,1182.8469004931476,1157.34060774589,1211.401752801028,1183.1033526120932
conservative,2023,hodgkin,males,3,1190.9311305128235,1143.1703036797508,1241.8835564807214,1190.7335731774688
conservative,2024,hodgkin,males,3,1218.3103943373285,1148.2377701358687,1293.858779924918,1218.8919877359372
conservative,2025,hodgkin,males,3,1251.263935894745,1180.7480684403574,1327.1447378156104,1251.5802872592456
conservative,2026,hodgkin,males,3,1282.400959262667,1213.747638535294,1360.0849692253682,1283.2782570368029
conservative,2027,hodgkin,males,3,1313.8165564611486,1244.7653126141442,1391.1622318647342,1314.7954122771716
conservative,2028,hodgkin,males,3,1345.640169407306,1273.2739699618032,1424.6445618351313,1345.976571596712
conservative,2029,hodgkin,males,3,1375.9693438410723,1300.8904698878687,1456.637960840613,1376.7437073623444
conservative,2030,hodgkin,males,3,1406.0749168020407,1329.365066919781,1489.9281180661367,1407.0942526683657
conservative,2031,hodgkin,males,3,1436.1408011181227,1356.6204244365074,1523.4318234348443,1437.1166166927894
conservative,2032,hodgkin,males,3,1464.9861248866687,1380.47302670898,1555.3063630395386,1466.750131480548
conservative,2033,hodgkin,males,3,1493.5354176789047,1404.4285518490744,1588.5779627532042,1496.0551647439393
conservative,2034,hodgkin,males,3,1522.29124518874,1429.284845985562,1621.442459005287,1524.627334735054
conservative,2035,hodgkin,males,3,1550.0891032353434,1452.49382966663,1653.9252638107082,1552.1290277018966
conservative,2036,hodgkin,males,3,1576.8656733032728,1474.4440936372873,1682.5191355446614,1578.7375651953182
conservative,2037,hodgkin,males,3,1602.8744016333453,1498.1347957329226,1713.26125592981,1605.127974218666
conservative,2038,hodgkin,males,3,1630.1177715818058,1520.3235247786813,1744.4825711639455,1631.817499466266
conservative,2039,hodgkin,males,3,1656.7758759583344,1544.2458262817684,1774.9029018331694,1658.612278749785
conservative,2040,hodgkin,males,3,1683.2623019927541,1567.1845335955454,1804.525151152768,1685.2149988507929
conservative,2041,hodgkin,males,3,1709.0453781245872,1590.347095840598,1835.3881422275472,1711.553067247201
conservative,2042,hodgkin,males,3,1735.3552722784034,1611.741651363784,1866.5097084526324,1737.4608870930265
conservative,2043,hodgkin,males,3,1760.7115618172452,1633.8328248324774,1896.7616060180492,1762.8828864503248
conservative,2044,hodgkin,males,3,1785.028346358846,1654.973115534783,1925.14100173535,1786.965666245229
conservative,2045,hodgkin,males,3,1806.8847167494184,1674.0557731144543,1950.2525071896118,1809.05429143345
conservative,2012,hodgkin,males,5,1496.1155351463626,1485.6111597410795,1506.2336907035956,1496.1066330202739
conservative,2013,hodgkin,males,5,1521.573720629323,1510.6907069919403,1532.4285838160436,1521.5442047731983
conservative,2014,hodgkin,males,5,1561.114860342999,1549.3267825477953,1572.4165606269028,1560.9840799983972
conservative,2015,hodgkin,males,5,1615.9077545790376,1604.3189770986935,1626.3833366696426,1615.708517124927
conservative,2016,hodgkin,males,5,1614.6608748641074,1603.1804518526253,1625.826416700023,1614.7213278653667
conservative,2017,hodgkin,males,5,1635.3784194987707,1625.0648594656857,1645.044528735573,1635.1157234805664
conservative,2018,hodgkin,males,5,1678.9718210977323,1668.053311459911,1689.8428065325888,1678.861758246873
conservative,2019,hodgkin,males,5,1710.6182152437145,1700.5682756939657,1720.9213629267124,1710.6753287452693
conservative,2020,hodgkin,males,5,1763.3383611352942,1752.1567948910465,1773.5165505379694,1763.3736971578305
conservative,2021,hodgkin,males,5,1829.9960191081857,1818.8657180341904,1841.0132104864895,1829.9143183436179
conservative,2022,hodgkin,males,5,1856.5398036801193,1829.4885209779795,1884.7982698685682,1856.4483774922317
conservative,2023,hodgkin,males,5,1905.9051062731874,1856.6103910975362,1958.4258878094056,1906.2564820090117
conservative,2024,hodgkin,males,5,1957.8372501669048,1886.6799912639751,2034.4387589591058,1958.150771679815
conservative,2025,hodgkin,males,5,1985.1299188787957,1892.9591125303555,2085.6376533788807,1985.8649248689587
conservative,2026,hodgkin,males,5,2032.6579730687404,1919.2684213547875,2155.3493578336847,2033.1727550421817
conservative,2027,hodgkin,males,5,2084.410075260117,1968.090883824318,2209.2058082994067,2084.498948956806
conservative,2028,hodgkin,males,5,2133.8926944146315,2019.8185395756886,2257.8871266662786,2134.4422730349615
conservative,2029,hodgkin,males,5,2181.1227577046857,2066.7132124250793,2307.5173702136017,2183.904636462505
conservative,2030,hodgkin,males,5,2229.8495492746406,2108.2497186809155,2361.2502898819407,2232.681966678639
conservative,2031,hodgkin,males,5,2277.578433771094,2151.9091753425964,2412.8153371152885,2280.819349715569
conservative,2032,hodgkin,males,5,2324.856826227966,2194.1711563504455,2464.353064003124,2328.3436620208886
conservative,2033,hodgkin,males,5,2372.264470870782,2235.7075214508777,2516.720742631126,2375.272014746352
conservative,2034,hodgkin,males,5,2418.9866654382413,2275.900433613088,2570.390474134155,2421.2723111405276
conservative,2035,hodgkin,males,5,2464.0520061462557,2315.1696565843486,2621.784680585716,2465.9533331608886
conservative,2036,hodgkin,males,5,2507.5276667103926,2352.347857840924,2674.7754531317846,2509.49209478268
conservative,2037,hodgkin,males,5,2550.4018495415216,2391.8033681099255,2722.2369430882695,2552.2343211564594
conservative,2038,hodgkin,males,5,2592.461414222203,2426.881437242313,2767.0189522169235,2594.1699089390936
conservative,2039,hodgkin,males,5,2633.7395065123883,2461.2736989078244,2812.719333419721,2635.6962757287124
conservative,2040,hodgkin,males,5,2674.862178246907,2496.9164320186997,2861.4571013870627,2677.2844662182365
conservative,2041,hodgkin,males,5,2715.9615624879016,2531.7039960292686,2910.350848093828,2718.8517081700716
conservative,2042,hodgkin,males,5,2756.4685025535327,2565.008769808493,2957.2547693211714,2759.9350114462304
conservative,2043,hodgkin,males,5,2796.180408798192,2597.8620554009153,3007.112247158487,2800.3735675918283
conservative,2044,hodgkin,males,5,2835.090856221103,2632.6180443097983,3053.307500448375,2839.322756672747
conservative,2045,hodgkin,males,5,2871.8687535007048,2663.1384325224412,3097.330796733976,2875.954629471553
conservative,2012,hodgkin,males,10,2567.9738349157524,2509.978201386989,2619.8445114854057,2566.7529400751996
conservative,2013,hodgkin,males,10,2638.7825093051833,2581.8674900483643,2687.3180345978426,2637.484688028023
conservative,2014,hodgkin,males,10,2724.8467278846456,2668.6037234686946,2773.679592779737,2724.13758769422
conservative,2015,hodgkin,males,10,2810.77961155511,2758.201704068004,2860.045576567049,2810.7563074969244
conservative,2016,hodgkin,males,10,2861.238158936626,2810.2264338322684,2910.2094080576876,2861.203124744883
conservative,2017,hodgkin,males,10,2953.2695758101645,2906.5391888098816,2996.7572969334783,2952.43388936333
conservative,2018,hodgkin,males,10,3025.0832716444947,2983.311345392736,3064.4279592762136,3024.3713007324695
conservative,2019,hodgkin,males,10,3100.926471296495,3062.0670904981635,3139.707167571208,3100.8728874718486
conservative,2020,hodgkin,males,10,3204.9862094887576,3165.997594243207,3246.123994549622,3204.600181161763
conservative,2021,hodgkin,males,10,3273.525693385936,3220.9499679529795,3322.3010207503003,3273.068624563642
conservative,2022,hodgkin,males,10,3318.49939424713,3268.602648174498,3371.098890178342,3318.9715694948873
conservative,2023,hodgkin,males,10,3409.769048905127,3350.649948843873,3473.4762068256573,3410.1630501558097
conservative,2024,hodgkin,males,10,3489.850299556846,3412.7132098788434,3573.4189907233504,3490.7578543129152
conservative,2025,hodgkin,males,10,3563.6635742422236,3465.2012806397865,3670.341966667663,3564.45882007112
conservative,2026,hodgkin,males,10,3678.3031409437053,3557.4719302318254,3805.6090692352504,3678.2810745100555
conservative,2027,hodgkin,males,10,3754.467634281109,3616.9849731329286,3907.6889732475006,3755.870286201342
conservative,2028,hodgkin,males,10,3849.242248810632,3689.28257782761,4026.991571736792,3851.038404350461
conservative,2029,hodgkin,males,10,3943.1549976214874,3761.6386636779816,4146.529698018383,3945.908231388698
conservative,2030,hodgkin,males,10,4015.0264518140884,3809.7062756663654,4241.946158014971,4017.176409368964
conservative,2031,hodgkin,males,10,4099.95764340886,3876.4105978934194,4352.460482124631,4104.930806718361
conservative,2032,hodgkin,males,10,4190.586386371408,3959.599054754008,4446.333302789759,4195.330641727915
conservative,2033,hodgkin,males,10,4277.498874655223,4037.326108256427,4537.530300586866,4283.606859311028
conservative,2034,hodgkin,males,10,4363.145756465545,4113.718681584275,4631.792091837545,4370.3424361734815
conservative,2035,hodgkin,males,10,4447.341827305156,4194.837413797624,4721.952893996181,4455.028514073716
conservative,2036,hodgkin,males,10,4529.340854287646,4271.576590954279,4812.7972518744255,4537.964361164716
conservative,2037,hodgkin,males,10,4611.00340443396,4347.0313661332375,4907.88446291821,4619.509249736297
conservative,2038,hodgkin,males,10,4691.993454914733,4414.647241743897,4995.757737213096,4699.729927388196
conservative,2039,hodgkin,males,10,4768.019228457054,4481.605714415945,5085.479726671223,4778.580142379507
conservative,2040,hodgkin,males,10,4845.931212078665,4548.7844227671385,5172.079439713277,4856.087588923595
conservative,2041,hodgkin,males,10,4923.668448490063,4612.033971076499,5260.918721231525,4932.21468612344
conservative,2042,hodgkin,males,10,4999.063959658426,4674.130129934892,5345.342118200485,5006.872859983985
conservative,2043,hodgkin,males,10,5072.7426353339,4734.128504124459,5434.318447265142,5079.95327347334
conservative,2044,hodgkin,males,10,5143.404825457434,4793.4276541184445,5514.5637077676065,5151.079596041902
conservative,2045,hodgkin,males,10,5213.99069391513,4850.595292163665,5596.428909422865,5219.91756459454
conservative,2012,hodgkin,males,40,5079.360464805075,4313.2152448710485,5779.917473664047,5078.254747388923
conservative,2013,hodgkin,males,40,5289.915636329137,4490.861059137559,6027.988478901922,5289.776960376812
conservative,2014,hodgkin,males,40,5514.750334300244,4678.095227989318,6286.281603779206,5511.853349317304
conservative,2015,hodgkin,males,40,5768.53437890283,4896.300961747497,6570.042488218493,5764.648157240848
conservative,2016,hodgkin,males,40,5982.009726476695,5077.8476714434755,6818.02275257944,5976.653556898821
conservative,2017,hodgkin,males,40,6248.062945922452,5310.8689502250945,7114.8925843232055,6240.86219715913
conservative,2018,hodgkin,males,40,6492.644797506238,5527.639119978823,7392.858639700236,6487.238709087516
conservative,2019,hodgkin,males,40,6740.690673405441,5755.939798496401,7680.95805775992,6739.006848952511
conservative,2020,hodgkin,males,40,7030.78143236627,6021.17267889142,8001.642426289702,7028.980781124217
conservative,2021,hodgkin,males,40,7300.904176842885,6266.511349365783,8297.452116322174,7298.685973060465
conservative,2022,hodgkin,males,40,7495.817141060425,6488.508892779809,8465.038723618825,7495.065322269486
conservative,2023,hodgkin,males,40,7698.71489271608,6734.913227743185,8628.736690192722,7695.91891511391
conservative,2024,hodgkin,males,40,7930.512481642585,6992.082641880507,8836.05806651225,7919.96983925536
conservative,2025,hodgkin,males,40,8155.9407934398605,7230.946850435772,9046.73712009705,8148.153091654732
conservative,2026,hodgkin,males,40,8394.64019528852,7470.549350831848,9259.547706612806,8384.86607082767
conservative,2027,hodgkin,males,40,8645.763275377201,7723.056885984726,9484.259761074281,8630.358913657656
conservative,2028,hodgkin,males,40,8880.118791622945,7989.899469386451,9693.706339147604,8869.180271966581
conservative,2029,hodgkin,males,40,9133.792735551955,8255.387559294342,9919.365405839973,9117.866403862114
conservative,2030,hodgkin,males,40,9367.357339098457,8539.423954237707,10128.206160722082,9358.732946567914
conservative,2031,hodgkin,males,40,9638.224638376636,8832.600580746966,10383.158698267935,9628.087915451417
conservative,2032,hodgkin,males,40,9909.658609730814,9124.798992088581,10624.412462500131,9894.594725718067
conservative,2033,hodgkin,males,40,10175.142238068493,9399.353859922569,10862.478424316221,10162.247480148251
conservative,2034,hodgkin,males,40,10445.223053853511,9683.693553801184,11139.226781835985,10437.00060179572
conservative,2035,hodgkin,males,40,10729.075730597953,9950.661034598555,11431.34150216283,10717.276058161662
conservative,2036,hodgkin,males,40,10999.37507035222,10235.49067024003,11713.798934414357,10985.10588477716
conservative,2037,hodgkin,males,40,11270.327290632024,10495.831035306339,12014.061092699281,11260.663476908361
conservative,2038,hodgkin,males,40,11557.807667299094,10755.005002427428,12314.871747203655,11537.248759230319
conservative,2039,hodgkin,males,40,11812.072869075688,11025.210148968286,12622.836614904172,11806.015346511764
conservative,2040,hodgkin,males,40,12087.13087929876,11280.88598937429,12926.200721235178,12076.931858071946
conservative,2041,hodgkin,males,40,12352.752539915879,11518.92389862405,13245.64030133784,12352.294109928782
conservative,2042,hodgkin,males,40,12625.67019753244,11769.665434015653,13550.516103664337,12621.954021867305
conservative,2043,hodgkin,males,40,12898.87663493066,11997.560282457456,13880.637176291262,12894.08153465653
conservative,2044,hodgkin,males,40,13169.790071141695,12187.717184900755,14214.979377486277,13170.764816532286
conservative,2045,hodgkin,males,40,13427.153216420456,12422.021488545268,14498.771477516297,13426.660591577398
optimistic,2012,hodgkin,males,2,685.274388659976,679.9574751904543,689.9430899763856,685.2693623206661
optimistic,2013,hodgkin,males,2,676.8402071353748,669.7633501208262,684.1903312505993,676.8505771084245
optimistic,2014,hodgkin,males,2,647.6791190858321,641.384390671347,653.6392699696675,647.7001183347819
optimistic,2015,hodgkin,males,2,692.2810248871376,685.8418404822545,698.8462689663004,692.3735075187845
optimistic,2016,hodgkin,males,2,681.2054171022321,673.5300143254485,688.5843566756388,681.2476430316211
optimistic,2017,hodgkin,males,2,701.6005421834882,696.09238929590515,706.7169471384628,701.5777457992613
optimistic,2018,hodgkin,males,2,739.0531322703885,732.8140596094595,744.8897185902217,739.0669411377984
optimistic,2019,hodgkin,males,2,729.9425008628742,723.6663162421625,735.7840516298007,729.8613211376475
optimistic,2020,hodgkin,males,2,777.0766610372311,769.7814330725698,784.076538576508,777.0840714836022
optimistic,2021,hodgkin,males,2,800.510561615174,791.2074572640477,808.7804367694774,800.4023570314303
optimistic,2022,hodgkin,males,2,796.5750660306131,770.3348404639913,823.5006459396964,796.6083012351608
optimistic,2023,hodgkin,males,2,816.2975274379164,767.6129204008466,867.7326980284392,816.3221899837055
optimistic,2024,hodgkin,males,2,839.6043457341387,791.7428462892692,891.213464576641,840.1146723624821
optimistic,2025,hodgkin,males,2,862.5099322889697,815.3096966916941,915.5727836406587,862.9737499060556
optimistic,2026,hodgkin,males,2,885.8974710627342,835.4328887612048,939.1200194391332,885.9395062800583
optimistic,2027,hodgkin,males,2,908.5460393333847,855.8199028990554,962.5755192841353,908.783526932643
optimistic,2028,hodgkin,males,2,930.9279809983718,875.8805133152545,987.1483877485102,931.3872279377157
optimistic,2029,hodgkin,males,2,953.9581146987587,895.533484315098,1012.7513963169947,953.8242782585995
optimistic,2030,hodgkin,males,2,976.4492016467271,914.2695084155368,1036.6438857825594,976.0005404120751
optimistic,2031,hodgkin,males,2,998.1559589566752,932.370308142607,1059.8459747665845,998.0009619086251
optimistic,2032,hodgkin,males,2,1020.091256802952,950.4403835993068,1086.3698746755306,1019.8070758484097
optimistic,2033,hodgkin,males,2,1041.3899656787985,968.2235686584181,1111.2228613514674,1041.3516278964119
optimistic,2034,hodgkin,males,2,1062.512881160654,986.413577948589,1137.0832985765335,1062.4249722726106
optimistic,2035,hodgkin,males,2,1082.7857123201802,1004.0678302621122,1161.328944003853,1082.5239337323967
optimistic,2036,hodgkin,males,2,1102.499808506894,1018.7605454617142,1185.1534875014684,1102.3077586548372
optimistic,2037,hodgkin,males,2,1122.021042388285,1034.1320610639918,1208.2504780958989,1122.1668216328244
optimistic,2038,hodgkin,males,2,1141.5825566127073,1051.1161387493057,1230.2057431463602,1141.6761066463357
optimistic,2039,hodgkin,males,2,1160.6619281397948,1067.9602634684172,1253.8615008813329,1161.06038525083
optimistic,2040,hodgkin,males,2,1180.0223748738476,1082.61003808199,1277.4078635670433,1180.2055021414567
optimistic,2041,hodgkin,males,2,1199.08326407809,1099.1992661376878,1299.8684172683752,1199.1436642398687
optimistic,2042,hodgkin,males,2,1217.3085706781324,1115.646678303381,1322.1292438377018,1217.7049589648516
optimistic,2043,hodgkin,males,2,1235.55336420154,1131.3570551678915,1344.503214186519,1235.8386229504817
optimistic,2044,hodgkin,males,2,1252.7722153670488,1145.8266159412387,1365.3121814968097,1252.8958588647859
optimistic,2045,hodgkin,males,2,1267.9309598632287,1158.2074724618572,1381.1154043585113,1268.1598073867108
optimistic,2012,hodgkin,males,3,975.5004474325335,968.6761555601508,982.6754528531103,975.5497417718907
optimistic,2013,hodgkin,males,3,983.5443015181667,975.4251609089425,992.2000978830215,983.5149777726417
optimistic,2014,hodgkin,males,3,987.4485958372043,978.9776142901377,995.8217290504128,987.4529489728694
optimistic,2015,hodgkin,males,3,990.4438032421318,982.0362368236479,998.529558080483,990.3149372972961
optimistic,2016,hodgkin,males,3,996.2610929321163,987.0153133742385,1004.5649721819713,996.0804088910693
optimistic,2017,hodgkin,males,3,1038.4591313505323,1030.6783630639823,1045.4135446117664,1038.4362972942488
optimistic,2018,hodgkin,males,3,1042.6794707860731,1034.6908517449212,1050.3744406276533,1042.7569264613344
optimistic,2019,hodgkin,males,3,1087.6924511892648,1079.9327604167045,1094.669148955472,1087.6296247019732
optimistic,2020,hodgkin,males,3,1121.5744208257884,1113.104704043863,1129.3984004493932,1121.5618505988987
optimistic,2021,hodgkin,males,3,1151.4507100143703,1141.2881523283504,1160.2351723622262,1151.2853580768965
optimistic,2022,hodgkin,males,3,1183.238592132569,1157.5164833780482,1211.758721579951,1183.4251433890042
optimistic,2023,hodgkin,males,3,1191.8436406419994,1144.1186118392113,1243.3198918304947,1191.982034062936
optimistic,2024,hodgkin,males,3,1221.5668278289186,1151.5778770582472,1297.7976521184669,1221.839022784856
optimistic,2025,hodgkin,males,3,1256.1311176750285,1184.317993603059,1333.896529633947,1256.3349652007303
optimistic,2026,hodgkin,males,3,1289.515952982667,1218.0639976899977,1368.0066890471135,1289.9390226563962
optimistic,2027,hodgkin,males,3,1323.2906645901753,1250.3514695879542,1401.7880947564547,1323.4494339158523
optimistic,2028,hodgkin,males,3,1356.7750377483956,1280.8545918909851,1437.857510738135,1356.6951107924592
optimistic,2029,hodgkin,males,3,1389.8158478245336,1310.1491870976047,1472.9108532503071,1389.5831827281665
optimistic,2030,hodgkin,males,3,1422.1007605975144,1338.2204445152477,1507.7399331655358,1422.105270985875
optimistic,2031,hodgkin,males,3,1454.0970809552387,1366.6985220545248,1543.056440956688,1454.3343531454377
optimistic,2032,hodgkin,males,3,1485.5791573946622,1396.443353875433,1578.6436805434203,1486.2099654819135
optimistic,2033,hodgkin,males,3,1516.9903484481688,1422.759285420575,1613.5146408692972,1517.7879712030333
optimistic,2034,hodgkin,males,3,1547.998538638008,1447.9875754628017,1649.486305397864,1548.6653932932297
optimistic,2035,hodgkin,males,3,1578.1334463909734,1472.8128089370528,1685.125651943369,1578.5457551150419
optimistic,2036,hodgkin,males,3,1607.6812324393372,1496.4329596613022,1718.6209772297148,1607.620241888013
optimistic,2037,hodgkin,males,3,1636.8244913720973,1520.7948299434404,1750.1353675439386,1636.2432782152305
optimistic,2038,hodgkin,males,3,1665.5582309215033,1544.6986988792335,1781.4898562351,1664.6253878647578
optimistic,2039,hodgkin,males,3,1693.384069795912,1568.317920061678,1813.8265457831346,1692.5659109495891
optimistic,2040,hodgkin,males,3,1721.4971809543506,1590.7456238693928,1846.0048004983773,1720.3146696796089
optimistic,2041,hodgkin,males,3,1748.5590767563385,1613.7419955791152,1878.6859630015438,1747.774017843419
optimistic,2042,hodgkin,males,3,1775.492539111326,1636.32115532056,1911.8685689119561,1774.7658774462607
optimistic,2043,hodgkin,males,3,1802.0162816697646,1658.40990851487,1942.6244821481923,1801.2440669066464
optimistic,2044,hodgkin,males,3,1827.3071147788364,1679.4791747423553,1973.2793425541622,1826.3846966865408
optimistic,2045,hodgkin,males,3,1850.4046836985565,1699.1493293478675,2000.92545934597,1849.5569174640682
optimistic,2012,hodgkin,males,5,1496.1155351463626,1485.6111597410795,1506.2336907035956,1496.1066330202739
optimistic,2013,hodgkin,males,5,1521.573720629323,1510.6907069919403,1532.4285838160436,1521.5442047731983
optimistic,2014,hodgkin,males,5,1561.114860342999,1549.3267825477953,1572.4165606269028,1560.9840799983972
optimistic,2015,hodgkin,males,5,1615.9077545790376,1604.3189770986935,1626.3833366696426,1615.708517124927
optimistic,2016,hodgkin,males,5,1614.6608748641074,1603.1804518526253,1625.826416700023,1614.7213278653667
optimistic,2017,hodgkin,males,5,1635.3784194987707,1625.0648594656857,1645.044528735573,1635.1157234805664
optimistic,2018,hodgkin,males,5,1678.9718210977323,1668.053311459911,1689.8428065325888,1678.861758246873
optimistic,2019,hodgkin,males,5,1710.6182152437145,1700.5682756939657,1720.9213629267124,1710.6753287452693
optimistic,2020,hodgkin,males,5,1763.3383611352942,1752.1567948910465,1773.5165505379694,1763.3736971578305
optimistic,2021,hodgkin,males,5,1829.9960191081857,1818.8657180341904,1841.0132104864895,1829.9143183436179
optimistic,2022,hodgkin,males,5,1856.9304027701323,1829.5474622241265,1884.961502314489,1856.7701682691427
optimistic,2023,hodgkin,males,5,1907.3727357055816,1857.3754691503207,1959.8359183489003,1907.504942894479
optimistic,2024,hodgkin,males,5,1960.245732206965,1889.2433312649978,2038.1838853853162,1961.097806728734
optimistic,2025,hodgkin,males,5,1991.0239451546108,1898.1978196844589,2090.943357040847,1991.4500803422372
optimistic,2026,hodgkin,males,5,2042.7481876500233,1927.609894154175,2167.105455205815,2042.8596571480066
optimistic,2027,hodgkin,males,5,2098.541848346911,1980.2188028802498,2220.9781016924844,2098.5285849485335
optimistic,2028,hodgkin,males,5,2153.2425636148337,2033.1697086403847,2277.5815431876213,2153.02976387422
optimistic,2029,hodgkin,males,5,2206.882629292588,2083.447927125617,2334.4937423899846,2207.2657276690675
optimistic,2030,hodgkin,males,5,2258.665306512504,2134.5042666763984,2393.2790544730647,2261.025348981446
optimistic,2031,hodgkin,males,5,2312.53247974577,2183.32648825001,2452.691881067507,2314.3276363906466
optimistic,2032,hodgkin,males,5,2366.0710795205932,2226.479526173148,2512.512566483542,2367.195169466133
optimistic,2033,hodgkin,males,5,2419.968979784984,2270.1381151778423,2571.3008596518766,2419.6062937175197
optimistic,2034,hodgkin,males,5,2471.8489040429126,2313.703981412452,2630.3283887067482,2471.257803469306
optimistic,2035,hodgkin,males,5,2523.005856779705,2356.9388302015436,2688.2645950539472,2521.7520045810916
optimistic,2036,hodgkin,males,5,2572.129175567574,2399.622668656654,2742.864684454791,2571.258470885023
optimistic,2037,hodgkin,males,5,2620.2595450667322,2440.479986766708,2796.6835455364094,2619.906234881115
optimistic,2038,hodgkin,males,5,2667.9800804594634,2481.7475900356912,2851.045542095676,2667.3677357241195
optimistic,2039,hodgkin,males,5,2713.3386522683745,2522.714165307291,2904.381976715499,2714.026896494376
optimistic,2040,hodgkin,males,5,2758.2310235050704,2562.5109401864115,2959.676786425024,2759.8713467434613
optimistic,2041,hodgkin,males,5,2801.9627286767545,2599.6105516524312,3012.0284921949087,2804.2268941002667
optimistic,2042,hodgkin,males,5,2845.3915770952035,2635.047669611584,3065.97149857995,2848.0574147094026
optimistic,2043,hodgkin,males,5,2888.893762552836,2669.7200573950067,3118.7343032349186,2891.146460093838
optimistic,2044,hodgkin,males,5,2931.314510084841,2703.122300101044,3168.038516452127,2932.6389721022333
optimistic,2045,hodgkin,males,5,2970.9486478816107,2734.894984352195,3213.0588542194246,2971.7690007821802
optimistic,2012,hodgkin,males,10,2567.9738349157524,2509.978201386989,2619.8445114854057,2566.7529400751996
optimistic,2013,hodgkin,males,10,2638.7825093051833,2581.8674900483643,2687.3180345978426,2637.484688028023
optimistic,2014,hodgkin,males,10,2724.8467278846456,2668.6037234686946,2773.679592779737,2724.13758769422
optimistic,2015,hodgkin,males,10,2810.77961155511,2758.201704068004,2860.045576567049,2810.7563074969244
optimistic,2016,hodgkin,males,10,2861.238158936626,2810.2264338322684,2910.2094080576876,2861.203124744883
optimistic,2017,hodgkin,males,10,2953.2695758101645,2906.5391888098816,2996.7572969334783,2952.43388936333
optimistic,2018,hodgkin,males,10,3025.0832716444947,2983.311345392736,3064.4279592762136,3024.3713007324695
optimistic,2019,hodgkin,males,10,3100.926471296495,3062.0670904981635,3139.707167571208,3100.8728874718486
optimistic,2020,hodgkin,males,10,3204.9862094887576,3165.997594243207,3246.123994549622,3204.600181161763
optimistic,2021,hodgkin,males,10,3273.525693385936,3220.9499679529795,3322.3010207503003,3273.068624563642
optimistic,2022,hodgkin,males,10,3318.9035607972446,3268.5008650417126,3371.403004709759,3319.293360271798
optimistic,2023,hodgkin,males,10,3411.1462162302464,3351.2397309047947,3474.942596672321,3411.4115110412768
optimistic,2024,hodgkin,males,10,3493.055439870129,3417.0810352667795,3576.823079316794,3493.7048893618344
optimistic,2025,hodgkin,males,10,3568.8691133265725,3473.0126392446564,3674.9483346128977,3570.0439755443986
optimistic,2026,hodgkin,males,10,3687.9310690584407,3567.12233128259,3816.717786670984,3687.96797661588
optimistic,2027,hodgkin,males,10,3770.165489627746,3630.851227192016,3925.361588641296,3771.3509899448027
optimistic,2028,hodgkin,males,10,3871.531979804954,3712.8936423593223,4052.628892818966,3874.180893922463
optimistic,2029,hodgkin,males,10,3974.480335763904,3794.839978394581,4183.0426504954185,3978.7538775918533
optimistic,2030,hodgkin,males,10,4058.5729727270655,3854.477619510072,4291.575452622155,4061.9269224762943
optimistic,2031,hodgkin,males,10,4157.592850880452,3934.0750413118876,4423.789105123866,4163.9256540054885
optimistic,2032,hodgkin,males,10,4260.015881626634,4026.971027278814,4535.593335846692,4269.088328101187
optimistic,2033,hodgkin,males,10,4363.631440732361,4116.092293589192,4654.300574990065,4372.624016419951
optimistic,2034,hodgkin,males,10,4466.421766329955,4215.221186053513,4773.493821767465,4475.167769694754
optimistic,2035,hodgkin,males,10,4569.01770524791,4300.891915780384,4884.734543907523,4576.227028221191
optimistic,2036,hodgkin,males,10,4666.885624539604,4384.8934225825915,4995.359579777935,4676.117323234445
optimistic,2037,hodgkin,males,10,4767.045907155238,4468.266153250903,5106.074749286379,4774.926966096776
optimistic,2038,hodgkin,males,10,4865.779840125935,4544.766186655434,5216.109263167023,4872.447899377712
optimistic,2039,hodgkin,males,10,4958.533445609499,4627.20759927963,5332.125143199695,4968.720505604584
optimistic,2040,hodgkin,males,10,5054.491062288982,4703.074938844799,5441.267286644972,5063.308755977313
optimistic,2041,hodgkin,males,10,5148.823742262013,4781.444977666751,5552.008392408663,5155.620253417705
optimistic,2042,hodgkin,males,10,5241.016130201157,4854.7096390446195,5656.231403420496,5245.139067721255
optimistic,2043,hodgkin,males,10,5328.665589840697,4926.416915780908,5758.665049627774,5331.59027697135
optimistic,2044,hodgkin,males,10,5410.933356913509,4994.643637373318,5857.958914062609,5414.423048157873
optimistic,2045,hodgkin,males,10,5489.959652671402,5056.248845647462,5954.875234684556,5493.164677518196
optimistic,2012,hodgkin,males,40,5079.360464805075,4313.2152448710485,5779.917473664047,5078.254747388923
optimistic,2013,hodgkin,males,40,5289.915636329137,4490.861059137559,6027.988478901922,5289.776960376812
optimistic,2014,hodgkin,males,40,5514.750334300244,4678.095227989318,6286.281603779206,5511.853349317304
optimistic,2015,hodgkin,males,40,5768.53437890283,4896.300961747497,6570.042488218493,5764.648157240848
optimistic,2016,hodgkin,males,40,5982.009726476695,5077.8476714434755,6818.02275257944,5976.653556898821
optimistic,2017,hodgkin,males,40,6248.062945922452,5310.8689502250945,7114.8925843232055,6240.86219715913
optimistic,2018,hodgkin,males,40,6492.644797506238,5527.639119978823,7392.858639700236,6487.238709087516
optimistic,2019,hodgkin,males,40,6740.690673405441,5755.939798496401,7680.95805775992,6739.006848952511
optimistic,2020,hodgkin,males,40,7030.78143236627,6021.17267889142,8001.642426289702,7028.980781124217
optimistic,2021,hodgkin,males,40,7300.904176842885,6266.511349365783,8297.452116322174,7298.685973060465
optimistic,2022,hodgkin,males,40,7496.195280050378,6488.8095653422015,8465.527735608297,7495.387113046398
optimistic,2023,hodgkin,males,40,7700.698667740959,6736.149090672905,8630.607551551346,7697.167375999377
optimistic,2024,hodgkin,males,40,7933.170119787765,6994.5024416975975,8837.844925636367,7922.916874304279
optimistic,2025,hodgkin,males,40,8161.451310620134,7236.275396106735,9051.381708229816,8153.738247128011
optimistic,2026,hodgkin,males,40,8404.360080337374,7478.555905483577,9271.85012871717,8394.552972933496
optimistic,2027,hodgkin,males,40,8658.89083885046,7742.972657074918,9499.688413284806,8645.839617401116
optimistic,2028,hodgkin,males,40,8901.363122336934,8022.614993917617,9720.097520189789,8892.322761538584
optimistic,2029,hodgkin,males,40,9162.382953423907,8293.538181218952,9948.593180450809,9150.712050065269
optimistic,2030,hodgkin,males,40,9414.292201979042,8588.936271616036,10171.342189559173,9403.483459675244
optimistic,2031,hodgkin,males,40,9698.40777177098,8900.053622640407,10438.418934640282,9687.082762738544
optimistic,2032,hodgkin,males,40,9986.374464039807,9206.0041816601115,10686.956574431546,9970.30698012564
optimistic,2033,hodgkin,males,40,10267.543279633846,9512.409005550877,10954.639791222213,10257.26464065547
optimistic,2034,hodgkin,males,40,10562.880670108278,9817.558621500531,11253.176141192836,10554.053087759372
optimistic,2035,hodgkin,males,40,10871.458633733655,10124.942881311583,11586.56417205745,10859.2296590628
optimistic,2036,hodgkin,males,40,11172.771604927657,10406.464375282529,11894.218882143576,11154.976380274147
optimistic,2037,hodgkin,males,40,11482.661377020355,10685.643560229137,12232.560929986796,11461.322258476368
optimistic,2038,hodgkin,males,40,11779.07136940134,10987.314870260174,12567.185446376392,11771.446736264379
optimistic,2039,hodgkin,males,40,12082.706958500832,11260.853087471862,12916.985301684397,12076.702329163672
optimistic,2040,hodgkin,males,40,12389.407189753387,11507.39697194225,13278.833083427646,12386.74937582361
optimistic,2041,hodgkin,males,40,12696.934959985294,11774.415392748377,13655.488482277106,12703.518231606115
optimistic,2042,hodgkin,males,40,13004.886429787583,11984.670619452545,14033.209803193002,13016.536040998402
optimistic,2043,hodgkin,males,40,13309.197875388369,12221.064990993713,14453.522454554633,13334.03995108883
optimistic,2044,hodgkin,males,40,13639.79366082756,12462.849975996683,14872.08368850199,13658.178044730264
optimistic,2045,hodgkin,males,40,13959.257338560421,12682.142237204156,15277.674966485249,13963.664130373742
base,2012,hodgkin,females,2,512.7749369470209,508.5059280101168,516.2969707722034,512.6196298589496
base,2013,hodgkin,females,2,539.0697567798983,533.7891999436349,543.1074767789742,538.8982815129187
base,2014,hodgkin,females,2,574.8140916302566,568.6962001346869,579.2330824559674,574.644568802269
base,2015,hodgkin,females,2,554.1327056748034,548.3661490768244,558.574712859004,554.0092121680701
base,2016,hodgkin,females,2,589.1133788336987,583.3000124274824,593.7414074473963,588.9777365387498
base,2017,hodgkin,females,2,604.8803756521978,600.26270875293,608.7445409357877,604.8479430399885
base,2018,hodgkin,females,2,552.562805088477,547.8499081290441,556.4566669120865,552.4604304815571
base,2019,hodgkin,females,2,575.3325992120665,569.7323744219178,580.2416750805455,575.2459627835522
base,2020,hodgkin,females,2,620.9488362790169,614.6195239563757,626.9282586161047,620.8945764717472
base,2021,hodgkin,females,2,655.7028003933817,648.349546046869,662.6604515943241,655.6470076386446
base,2022,hodgkin,females,2,670.9218283717975,647.6668681170411,697.0708911548246,671.533871134595
base,2023,hodgkin,females,2,667.2155699543787,623.2526323540519,714.9987242668483,668.1083024029083
base,2024,hodgkin,females,2,686.1864961745673,642.6800942783691,733.1829157741072,686.7654327063826
base,2025,hodgkin,females,2,702.9650277129698,659.0273253261234,750.4167421101683,703.902927316516
base,2026,hodgkin,females,2,719.8451112183122,673.7156552616979,768.7554546519444,720.3912562613781
base,2027,hodgkin,females,2,735.8656244730432,688.5187380291048,785.6781761367191,736.0004337151735
base,2028,hodgkin,females,2,750.7473769016926,702.0257431375068,802.4290399934987,750.9120816208152
base,2029,hodgkin,females,2,764.9738631897307,714.5259347139992,817.380928141111,765.3696788948305
base,2030,hodgkin,females,2,779.4427019970558,727.2254895256197,833.3642668023298,779.3967048832786
base,2031,hodgkin,females,2,793.2623336033934,738.5567491827195,850.1673897040382,793.048647349954
base,2032,hodgkin,females,2,805.7431017566266,749.4586020025862,865.915071373618,806.2179974814431
base,2033,hodgkin,females,2,817.9831841080199,760.5743674066722,880.886169455076,818.5489517328982
base,2034,hodgkin,females,2,830.3045295490999,769.9299413664043,896.1185723226421,830.5051433976716
base,2035,hodgkin,females,2,841.8633228755241,779.6712344923619,909.1344939813094,842.055922747197
base,2036,hodgkin,females,2,852.8559271175993,788.8647010579152,922.8182808507852,853.3100751666666
base,2037,hodgkin,females,2,864.03503674624,798.8430395310118,936.6199266467365,864.3919820378916
base,2038,hodgkin,females,2,875.2283099291051,808.393615390614,948.6985226570205,875.2390562327162
base,2039,hodgkin,females,2,885.735293384118,817.2692957295469,963.2320623967988,885.7427813896477
base,2040,hodgkin,females,2,895.7703181668381,824.9257449362734,975.2904455240638,895.9634210965393
base,2041,hodgkin,females,2,905.6578942775395,832.3051464005088,987.9297158692609,906.0428620065168
base,2042,hodgkin,females,2,915.8076436242322,839.1285259302737,1001.1690723831863,916.0488837369865
base,2043,hodgkin,females,2,925.5219186563482,845.8797516029439,1013.0478943367668,925.9701018018336
base,2044,hodgkin,females,2,935.256266707309,854.5755094140301,1025.7315641602374,935.8152177132337
base,2045,hodgkin,females,2,944.8051088338425,862.1916816764278,1036.0354194082406,945.4829766238676
base,2012,hodgkin,females,3,755.2920518325445,749.3476024924186,760.0382338046528,755.0446168118632
base,2013,hodgkin,females,3,794.2768012588758,788.2052348230054,799.3008245827796,794.0763777060773
base,2014,hodgkin,females,3,813.2511834069676,806.299053279695,818.7132006175399,813.1532059298545
base,2015,hodgkin,females,3,833.4380744282782,826.2754014302966,839.2136461612258,833.291033059062
base,2016,hodgkin,females,3,862.7636692045246,855.5278791400558,868.886153205128,862.5995432511584
base,2017,hodgkin,females,3,865.096415087501,859.1235390079929,870.43689069744255,865.0913833824839
base,2018,hodgkin,females,3,860.0691844003429,853.5916865932015,866.4222875634578,860.0230593095645
base,2019,hodgkin,females,3,851.0541899778891,845.211324765879,857.0327040085675,851.1666855152413
base,2020,hodgkin,females,3,875.899745310234,868.6287823171994,882.8798927887566,875.953032949517
base,2021,hodgkin,females,3,951.7006542121884,943.0638681583514,959.8614828966231,951.6423494001245
base,2022,hodgkin,females,3,971.7314590177216,947.7942492933946,998.3265694428678,972.2388822648273
base,2023,hodgkin,females,3,997.8204728356227,952.7945662368976,1046.6911800505807,998.3188300862389
base,2024,hodgkin,females,3,1001.83541618458,935.1504339528864,1071.7701416236089,1002.7231425944932
base,2025,hodgkin,females,3,1029.0300842833608,963.524168712145,1098.290019396515,1029.6316735660057
base,2026,hodgkin,females,3,1054.338210367348,987.5028302488953,1124.065397632521,1054.5240222501955
base,2027,hodgkin,females,3,1078.5464484488202,1009.95371107509,1150.0194886494514,1078.3410290124054
base,2028,hodgkin,females,3,1101.1845186482833,1031.5905170435353,1174.4538675053454,1100.9693167039215
base,2029,hodgkin,females,3,1123.0441854407813,1049.223030877453,1198.3617366164965,1122.7032318625352
base,2030,hodgkin,females,3,1144.287199506622,1068.3683829759675,1222.4992780250702,1143.695202823179
base,2031,hodgkin,females,3,1164.8852735148657,1086.0849389453938,1244.8890949846975,1164.0755567174876
base,2032,hodgkin,females,3,1184.5168971527216,1102.698530459589,1266.7805058675324,1183.6694791196542
base,2033,hodgkin,females,3,1203.4944928877603,1118.5506788719176,1288.781351654946,1202.2867813590847
base,2034,hodgkin,females,3,1220.7877061033328,1131.730792980825,1310.420970924199,1219.4535733220062
base,2035,hodgkin,females,3,1237.4261957045624,1145.9538429069207,1331.4217935223508,1236.1258708609844
base,2036,hodgkin,females,3,1253.4290723430236,1159.2022401988513,1349.614170607669,1252.3140772767122
base,2037,hodgkin,females,3,1269.076423456149,1173.0603492342914,1368.134040718844,1268.1510919078473
base,2038,hodgkin,females,3,1284.473064708631,1184.7808656614386,1387.5740107578395,1283.6637522431051
base,2039,hodgkin,females,3,1299.7843666247727,1197.2524821151335,1404.8719834653123,1298.8437734523952
base,2040,hodgkin,females,3,1314.5046349127156,1207.984734312879,1423.5574469337407,1313.5764954614183
base,2041,hodgkin,females,3,1329.8524825572729,1218.712925497214,1440.3613446173288,1328.0910158383879
base,2042,hodgkin,females,3,1344.482730001585,1230.8320470588872,1458.588779259612,1342.431015981794
base,2043,hodgkin,females,3,1358.461995660597,1241.1533198780319,1477.5915806008684,1356.7312585182167
base,2044,hodgkin,females,3,1372.6372198462,1252.3014121576102,1496.6721406196014,1370.8903267868398
base,2045,hodgkin,females,3,1386.8701285353827,1262.9447576725124,1514.3367370113583,1384.8635140591077
base,2012,hodgkin,females,5,1176.5723498480647,1168.1432057635382,1184.2845408802616,1176.6083603535856
base,2013,hodgkin,females,5,1257.9856298241193,1249.0379416872634,1266.2395913782686,1257.9311039986376
base,2014,hodgkin,females,5,1294.266953896794,1285.5604541737816,1302.4545389034984,1294.3778536681266
base,2015,hodgkin,females,5,1310.7832686191682,1302.3361348227234,1318.7086708414433,1310.820630342331
base,2016,hodgkin,females,5,1363.5605128296404,1354.7337110565857,1372.5248777417494,1363.5415715955662
base,2017,hodgkin,females,5,1399.6856864404504,1391.3778686699168,1407.9612002286328,1399.5985688273645
base,2018,hodgkin,females,5,1376.6951879070189,1368.736462927066,1385.7621913854118,1376.929991397036
base,2019,hodgkin,females,5,1403.3210875846526,1394.3890025658188,1412.1718250301608,1403.263004183288
base,2020,hodgkin,females,5,1442.4487150480727,1433.1121870065663,1450.7435418500625,1442.2912350324123
base,2021,hodgkin,females,5,1469.2596306446294,1459.8951770313508,1478.1855906785706,1469.209839358584
base,2022,hodgkin,females,5,1509.4898848102443,1483.9740338069748,1537.369977938384,1510.049828570338
base,2023,hodgkin,females,5,1579.8503367967246,1533.85448535743,1629.9204957203067,1580.9097184275913
base,2024,hodgkin,females,5,1618.399488379132,1550.9932769680095,1690.79641995905,1619.8237273036032
base,2025,hodgkin,females,5,1660.7737389250606,1572.1417616398255,1755.155214738203,1662.1867376043476
base,2026,hodgkin,females,5,1683.8020488933296,1575.1657102502859,1799.4943806254942,1684.7289932941424
base,2027,hodgkin,females,5,1726.5418167479304,1619.141935672598,1843.6735718897096,1727.1795521267993
base,2028,hodgkin,females,5,1766.4779463397722,1658.140882649622,1885.3218210728123,1766.8681741614125
base,2029,hodgkin,females,5,1805.983532927501,1692.65224730615,1926.3083785329784,1804.9607309494058
base,2030,hodgkin,females,5,1842.6115484534262,1724.5862349987674,1968.3085964757283,1841.3743430311638
base,2031,hodgkin,females,5,1877.645273085429,1755.7772970788094,2005.5305360580317,1876.4532962751978
base,2032,hodgkin,females,5,1911.2754488220194,1785.262202636394,2046.2601251379665,1910.2303826802918
base,2033,hodgkin,females,5,1944.0124487746712,1811.279354713802,2083.4098563035586,1942.528248054251
base,2034,hodgkin,females,5,1973.8219624907967,1838.47214029187,2119.537888048796,1972.98057791734
base,2035,hodgkin,females,5,2002.7498763383232,1861.9590530550713,2152.2374037286477,2001.5338233313478
base,2036,hodgkin,females,5,2028.9226135268045,1884.9246261363605,2186.8895629826284,2027.9304145037947
base,2037,hodgkin,females,5,2054.8143766022963,1905.8729988429848,2216.9499378646856,2053.6960778078405
base,2038,hodgkin,females,5,2081.0883524469655,1924.6698378889466,2247.3332729625768,2078.76819119748
base,2039,hodgkin,females,5,2105.880742693861,1944.458154830465,2274.7344185666275,2103.23825331065
base,2040,hodgkin,females,5,2130.389860383195,1964.8165347212137,2303.6857490362854,2127.165474969187
base,2041,hodgkin,females,5,2153.7058328842136,1983.488937314206,2330.5127136299693,2150.7294846643763
base,2042,hodgkin,females,5,2176.4755401119032,2001.7465786105995,2357.1953050158377,2173.8939247127855
base,2043,hodgkin,females,5,2199.246599351917,2020.5470953944525,2385.330162194962,2196.8527533054703
base,2044,hodgkin,females,5,2221.5202980047316,2039.7419444183965,2416.33213389455,2219.616697271475
base,2045,hodgkin,females,5,2243.9620328253823,2058.706813017816,2445.966980172629,2242.164330080021
base,2012,hodgkin,females,10,2113.171142117719,2064.541478696275,2156.218445466336,2112.2089335935093
base,2013,hodgkin,females,10,2226.822172930602,2179.2004379791797,2268.918537819407,2225.705359448575
base,2014,hodgkin,females,10,2295.7385845893186,2249.714172691006,2335.7121550272996,2294.4544413458448
base,2015,hodgkin,females,10,2333.706757146719,2289.877166755278,2371.005365392629,2332.4165463095123
base,2016,hodgkin,females,10,2426.249508856752,2382.920207116111,2462.8822844023166,2425.4190231015104
base,2017,hodgkin,females,10,2475.8638941299664,2437.8389689647734,2506.6868234843837,2475.0996584259533
base,2018,hodgkin,females,10,2526.6322140772663,2494.1243591223747,2555.105614853705,2526.5625114573727
base,2019,hodgkin,females,10,2585.801984555077,2556.8911573870137,2612.305533569335,2585.511815217046
base,2020,hodgkin,females,10,2639.8657590467537,2606.8832511299765,2669.2998757995047,2639.865763527815
base,2021,hodgkin,females,10,2716.7349308240837,2674.44996671539,2755.882854942649,2716.782429212093
base,2022,hodgkin,females,10,2794.742104366668,2746.4238132803857,2840.3641741473543,2793.9566214923166
base,2023,hodgkin,females,10,2845.583429150762,2784.9514126402187,2905.702302116831,2845.835481533432
base,2024,hodgkin,females,10,2908.595033513688,2836.1649235929917,2986.059748421274,2910.3115277938737
base,2025,hodgkin,females,10,2991.925802486525,2896.0255621629844,3089.912667454597,2992.427787709327
base,2026,hodgkin,females,10,3039.367212583589,2923.4133801882194,3157.870765775852,3041.0667781465722
base,2027,hodgkin,females,10,3119.2319328752146,2983.1643140236356,3260.263033106028,3120.862111519123
base,2028,hodgkin,females,10,3226.3538031919375,3067.082915482492,3390.796717175233,3227.1663466778755
base,2029,hodgkin,females,10,3302.8639467223097,3121.4426608263893,3489.547573362543,3303.3921499982357
base,2030,hodgkin,females,10,3379.970076213157,3174.1454929789757,3591.0794564028606,3381.046077226573
base,2031,hodgkin,females,10,3438.6165892567296,3208.219584890032,3673.2167371378914,3440.1821124112384
base,2032,hodgkin,females,10,3513.6977296552186,3276.823670558481,3755.1989657115973,3514.2085492457168
base,2033,hodgkin,females,10,3582.9322055600514,3338.1012921747274,3832.425087964992,3583.879021898834
base,2034,hodgkin,females,10,3647.9798342514387,3399.918147571055,3911.9522285295143,3650.0090944640465
base,2035,hodgkin,females,10,3710.6115015416176,3453.049982562638,3979.8480436904015,3712.5699340066712
base,2036,hodgkin,females,10,3769.293299366634,3502.401212837035,4048.507350596514,3771.8075317705816
base,2037,hodgkin,females,10,3829.4257616484188,3549.034266804395,4120.238541147717,3828.0872289292706
base,2038,hodgkin,females,10,3881.542671329784,3592.462394261623,4184.743183905161,3881.5369762815526
base,2039,hodgkin,females,10,3933.976928296007,3628.7947289925664,4249.240586469607,3932.2098785758026
base,2040,hodgkin,females,10,3981.537314410043,3664.1354314347777,4308.134149782512,3980.1569386320803
base,2041,hodgkin,females,10,4026.740372772018,3698.92561979466,4365.9343489119765,4025.439226944047
base,2042,hodgkin,females,10,4070.1883534872304,3730.380812628103,4422.432305423234,4069.6874633429197
base,2043,hodgkin,females,10,4113.41580885876,3761.2712344862985,4478.929230840796,4113.037099351669
base,2044,hodgkin,females,10,4154.3774060227315,3792.8303078358394,4531.665175811951,4155.641735214462
base,2045,hodgkin,females,10,4193.814261227784,3825.5863868453107,4582.794158801297,4197.548600673288
base,2012,hodgkin,females,40,4167.382547074549,3609.3879286769698,4686.454577213457,4157.003769696381
base,2013,hodgkin,females,40,4396.905412808911,3810.1788919930577,4943.103991016684,4384.339703659004
base,2014,hodgkin,females,40,4614.235288179771,3996.9154055908393,5192.5977925924335,4603.343704417071
base,2015,hodgkin,females,40,4814.571999232803,4166.37102692433,5424.444340875184,4805.7851269377015
base,2016,hodgkin,females,40,5063.570300490459,4381.793476785715,5704.079564031806,5054.666811541407
base,2017,hodgkin,females,40,5280.673752379758,4570.638052295242,5947.575027277425,5269.5652169966115
base,2018,hodgkin,females,40,5472.033608303597,4742.686618716044,6163.543888161633,5462.644432458897
base,2019,hodgkin,females,40,5706.733040855101,4954.457570555245,6425.6982035305455,5697.3999628263455
base,2020,hodgkin,females,40,5939.559678229616,5170.565461169719,6678.236428772373,5931.408248440706
base,2021,hodgkin,females,40,6201.716981372676,5416.874119651577,6969.617342609663,6196.6703297748545
base,2022,hodgkin,females,40,6394.575805434613,5613.255797191768,7158.150987178917,6388.033623968916
base,2023,hodgkin,females,40,6592.953219727917,5814.813644001153,7359.456312956748,6590.958909493412
base,2024,hodgkin,females,40,6798.459809774375,6022.456221139562,7547.9469048695455,6794.9677788074605
base,2025,hodgkin,females,40,7027.4179215034055,6255.668995241729,7755.553317026769,7018.049647538094
base,2026,hodgkin,females,40,7240.313775544409,6484.700159524827,7962.900307197081,7233.7714955561505
base,2027,hodgkin,females,40,7457.426509567911,6718.006548385165,8157.7719238018635,7450.896908014773
base,2028,hodgkin,females,40,7680.287934878581,6953.865356920923,8364.407521886178,7677.052446540514
base,2029,hodgkin,females,40,7910.811374052952,7195.978231190445,8574.564414220498,7904.50708219257
base,2030,hodgkin,females,40,8136.907150063967,7436.167028924293,8777.031255263244,8132.271089963298
base,2031,hodgkin,females,40,8378.140721258316,7677.464997048393,9003.28836037472,8370.263236856497
base,2032,hodgkin,females,40,8602.18583587102,7928.6368748357,9213.294505105132,8593.776069522772
base,2033,hodgkin,females,40,8834.815243428056,8184.819579110814,9440.008616600859,8831.780258911213
base,2034,hodgkin,females,40,9071.561702843535,8411.22584619192,9676.875896244464,9070.343292779304
base,2035,hodgkin,females,40,9309.059423673387,8665.186402246965,9914.312548252861,9306.921508920861
base,2036,hodgkin,females,40,9549.273631970034,8895.535523854813,10161.208322085187,9544.16221277812
base,2037,hodgkin,females,40,9780.173073884152,9105.359640249253,10394.477512272722,9767.505974963358
base,2038,hodgkin,females,40,10012.230361017839,9344.462266867164,10641.778588911682,10002.079952898754
base,2039,hodgkin,females,40,10232.786926257086,9541.32357274246,10905.766684538496,10232.662381397837
base,2040,hodgkin,females,40,10460.408467609624,9732.314749630546,11167.295594549609,10466.168635101913
base,2041,hodgkin,females,40,10696.107752896132,9944.55677541441,11458.592812801722,10702.237126821507
base,2042,hodgkin,females,40,10928.748011388801,10119.859101116284,11745.597768672758,10929.161885028767
base,2043,hodgkin,females,40,11183.908255672959,10290.420140971424,12018.32331494436,11170.2587765358
base,2044,hodgkin,females,40,11408.453466666291,10439.561023637922,12306.14149075648,11386.297446145596
base,2045,hodgkin,females,40,11607.647324408475,10568.918977337762,12550.040334546276,11592.081755566935
conservative,2012,hodgkin,females,2,512.7749369470209,508.5059280101168,516.2969707722034,512.6196298589496
conservative,2013,hodgkin,females,2,539.0697567798983,533.7891999436349,543.1074767789742,538.8982815129187
conservative,2014,hodgkin,females,2,574.8140916302566,568.6962001346869,579.2330824559674,574.644568802269
conservative,2015,hodgkin,females,2,554.1327056748034,548.3661490768244,558.574712859004,554.0092121680701
conservative,2016,hodgkin,females,2,589.1133788336987,583.3000124274824,593.7414074473963,588.9777365387498
conservative,2017,hodgkin,females,2,604.8803756521978,600.26270875293,608.7445409357877,604.8479430399885
conservative,2018,hodgkin,females,2,552.562805088477,547.8499081290441,556.4566669120865,552.4604304815571
conservative,2019,hodgkin,females,2,575.3325992120665,569.7323744219178,580.2416750805455,575.2459627835522
conservative,2020,hodgkin,females,2,620.9488362790169,614.6195239563757,626.9282586161047,620.8945764717472
conservative,2021,hodgkin,females,2,655.7028003933817,648.349546046869,662.6604515943241,655.6470076386446
conservative,2022,hodgkin,females,2,670.7078212523618,647.4603461884933,696.850323101841,671.2787041470442
conservative,2023,hodgkin,females,2,666.4076938138878,622.0481455617232,713.8123619124037,667.1293074020437
conservative,2024,hodgkin,females,2,684.2667466088312,640.3846753396891,730.9369526783978,685.0021493997139
conservative,2025,hodgkin,females,2,700.6488533255277,657.4521703132701,746.6945713474015,701.2938910408478
conservative,2026,hodgkin,females,2,716.2302328307021,672.3555934792073,763.238629569703,716.873467021187
conservative,2027,hodgkin,females,2,731.295875905518,686.6047636278895,779.7324906317959,731.5181327984608
conservative,2028,hodgkin,females,2,745.963303704086,698.6011178539272,795.7769131131516,745.4228666756638
conservative,2029,hodgkin,females,2,759.2808749802673,710.6641113083183,811.1383908365531,758.8439265448908
conservative,2030,hodgkin,females,2,772.3674437919625,721.5344646671493,824.9309026295622,771.8245232616867
conservative,2031,hodgkin,females,2,784.5958017817463,732.7366302843627,837.4970450661656,784.4299858569691
conservative,2032,hodgkin,females,2,796.9698407044318,743.0511089085973,852.1601327055422,796.834410698662
conservative,2033,hodgkin,females,2,809.534447927601,753.3041415996994,866.4976426089645,808.9009420047072
conservative,2034,hodgkin,females,2,821.1312903891846,763.5866084794031,879.6765051066016,820.5795155539348
conservative,2035,hodgkin,females,2,832.3591665953911,773.7499897970605,894.5826847648616,831.8468931465048
conservative,2036,hodgkin,females,2,843.3397715149777,782.6965507307896,907.3146317943261,842.8128047914583
conservative,2037,hodgkin,females,2,854.3745690750751,791.7769502489152,920.1770720560072,853.5958866563819
conservative,2038,hodgkin,females,2,865.1612377005074,800.690316726462,931.9882217693075,864.1605288095321
conservative,2039,hodgkin,females,2,874.7840308123962,809.6701082855449,944.3095004498895,874.4020784034227
conservative,2040,hodgkin,females,2,884.635050950134,817.6430387495276,957.0984986970217,884.377948044101
conservative,2041,hodgkin,females,2,894.5520743327024,825.0167049215511,970.3108441645993,894.223312973131
conservative,2042,hodgkin,females,2,904.0732677168414,833.0378661068778,983.5326591353919,903.9865051903154
conservative,2043,hodgkin,females,2,913.6116947142327,840.5665354191386,995.6695203489055,913.6396873827446
conservative,2044,hodgkin,females,2,922.8317219690305,847.6810485760087,1006.9884180068386,923.1786989184354
conservative,2045,hodgkin,females,2,932.4757563904484,854.7944278071295,1017.7783470051062,932.4960178304484
conservative,2012,hodgkin,females,3,755.2920518325445,749.3476024924186,760.0382338046528,755.0446168118632
conservative,2013,hodgkin,females,3,794.2768012588758,788.2052348230054,799.3008245827796,794.0763777060773
conservative,2014,hodgkin,females,3,813.2511834069676,806.299053279695,818.7132006175399,813.1532059298545
conservative,2015,hodgkin,females,3,833.4380744282782,826.2754014302966,839.2136461612258,833.291033059062
conservative,2016,hodgkin,females,3,862.7636692045246,855.5278791400558,868.886153205128,862.5995432511584
conservative,2017,hodgkin,females,3,865.096415087501,859.1235390079929,870.43689069744255,865.0913833824839
conservative,2018,hodgkin,females,3,860.0691844003429,853.5916865932015,866.4222875634578,860.0230593095645
conservative,2019,hodgkin,females,3,851.0541899778891,845.211324765879,857.0327040085675,851.1666855152413
conservative,2020,hodgkin,females,3,875.899745310234,868.6287823171994,882.8798927887566,875.953032949517
conservative,2021,hodgkin,females,3,951.7006542121884,943.0638681583514,959.8614828966231,951.6423494001245
conservative,2022,hodgkin,females,3,971.5048640751927,947.766147478741,998.0478336047869,971.9837152772767
conservative,2023,hodgkin,females,3,996.8572128326778,951.913582544852,1044.5516029835776,997.3398350853743
conservative,2024,hodgkin,females,3,999.1219087976226,933.1162283133514,1069.1599660318611,1000.1610486569612
conservative,2025,hodgkin,females,3,1024.6249892741296,958.073916118626,1093.7129442338316,1025.3909917626543
conservative,2026,hodgkin,females,3,1047.956137420332,982.0568625289649,1117.421134918301,1048.50340281192
conservative,2027,hodgkin,females,3,1070.4550951020963,1004.4467737565024,1140.0618909531568,1070.4470787413873
conservative,2028,hodgkin,females,3,1091.873909664831,1023.0439704621576,1163.9084600524939,1091.1155645054928
conservative,2029,hodgkin,females,3,1111.417128346127,1041.5113266515177,1185.4787375692792,1110.8367047889508
conservative,2030,hodgkin,females,3,1130.0992484582268,1057.7874386752142,1206.1531159684266,1129.7900253232326
conservative,2031,hodgkin,females,3,1148.7683124212,1074.1001769599156,1225.22187486547,1148.1179340210524
conservative,2032,hodgkin,females,3,1166.4592172086009,1089.2621598851758,1246.3855219529253,1165.9506221978809
conservative,2033,hodgkin,females,3,1183.8512001340782,1104.5572086026573,1265.95858853383,1183.3097025385625
conservative,2034,hodgkin,females,3,1200.7733730186778,1118.0361661902873,1286.3130590795129,1199.949112363666
conservative,2035,hodgkin,females,3,1217.3382763104253,1131.7191970518986,1306.7341982718258,1216.0803513104208
conservative,2036,hodgkin,females,3,1233.3092223541178,1145.1088243810636,1326.2887808945864,1231.7086146057395
conservative,2037,hodgkin,females,3,1248.5891438230879,1157.2771889937435,1344.739062447221,1246.9713310894924
conservative,2038,hodgkin,females,3,1263.1152713338347,1170.5102778853188,1361.3084972084175,1261.899595472115
conservative,2039,hodgkin,females,3,1277.8416519804828,1183.0793156260222,1378.4668058270152,1276.5170458572766
conservative,2040,hodgkin,females,3,1292.542238145545,1193.068619916759,1396.054051533299,1290.710703486291
conservative,2041,hodgkin,females,3,1305.8955609139434,1204.8004965406874,1413.7062904935813,1304.6967208572496
conservative,2042,hodgkin,females,3,1319.3757519531366,1215.0448505186773,1431.3983018948863,1318.4930717539644
conservative,2043,hodgkin,females,3,1333.3062590386105,1224.700421133423,1449.260209444632,1332.2117313007684
conservative,2044,hodgkin,females,3,1346.5628976870703,1235.959790328888,1466.6514002637116,1345.7281567870832
conservative,2045,hodgkin,females,3,1359.7185853546787,1246.52530712373,1482.8066096657976,1358.9893592843382
conservative,2012,hodgkin,females,5,1176.5723498480647,1168.1432057635382,1184.2845408802616,1176.6083603535856
conservative,2013,hodgkin,females,5,1257.9856298241193,1249.0379416872634,1266.2395913782686,1257.9311039986376
conservative,2014,hodgkin,females,5,1294.266953896794,1285.5604541737816,1302.4545389034984,1294.3778536681266
conservative,2015,hodgkin,females,5,1310.7832686191682,1302.3361348227234,1318.7086708414433,1310.820630342331
conservative,2016,hodgkin,females,5,1363.5605128296404,1354.7337110565857,1372.5248777417494,1363.5415715955662
conservative,2017,hodgkin,females,5,1399.6856864404504,1391.3778686699168,1407.9612002286328,1399.5985688273645
conservative,2018,hodgkin,females,5,1376.6951879070189,1368.736462927066,1385.7621913854118,1376.929991397036
conservative,2019,hodgkin,females,5,1403.3210875846526,1394.3890025658188,1412.1718250301608,1403.263004183288
conservative,2020,hodgkin,females,5,1442.4487150480727,1433.1121870065663,1450.7435418500625,1442.2912350324123
conservative,2021,hodgkin,females,5,1469.2596306446294,1459.8951770313508,1478.1855906785706,1469.209839358584
conservative,2022,hodgkin,females,5,1509.2156580528147,1483.8529643445013,1537.2108892056924,1509.7946615827873
conservative,2023,hodgkin,females,5,1579.0506701005593,1533.2231659088754,1629.2395153214488,1579.9307234267267
conservative,2024,hodgkin,females,5,1616.1305951412908,1549.2600180618685,1687.826952056942,1617.261633366071
conservative,2025,hodgkin,females,5,1655.6954661217342,1567.3923698733547,1749.0229622189324,1656.7215475516048
conservative,2026,hodgkin,females,5,1673.612122541645,1565.3118935774094,1788.5020487357083,1674.779252588981
conservative,2027,hodgkin,females,5,1712.2114444762233,1604.1935949283547,1827.640504061631,1712.6427043261858
conservative,2028,hodgkin,females,5,1746.5630907291088,1638.462483560098,1862.7654780257255,1747.6083546927614
conservative,2029,hodgkin,females,5,1781.0643170702656,1670.517240975936,1899.5225662723776,1780.8558563062693
conservative,2030,hodgkin,females,5,1813.2430728428678,1697.3696883270163,1935.3217770534811,1812.3395463194695
conservative,2031,hodgkin,females,5,1843.1257339267845,1727.1442847309843,1970.4953468064384,1842.4249911527513
conservative,2032,hodgkin,females,5,1872.4639216136625,1752.0105968863782,1999.5434777694768,1871.4557338663676
conservative,2033,hodgkin,females,5,1899.9814538080993,1774.9576796527192,2035.6140018986946,1899.495896785579
conservative,2034,hodgkin,females,5,1926.6655351069705,1796.8505519872442,2068.2499273226426,1926.4089041935854
conservative,2035,hodgkin,females,5,1952.4377661410053,1819.7515049543356,2098.0661206409504,1952.3697664056829
conservative,2036,hodgkin,females,5,1977.314714293396,1840.473451868397,2126.5580560480266,1977.4131103434063
conservative,2037,hodgkin,females,5,2001.3139989238127,1862.906299059594,2157.9713526670275,2001.7770898856884
conservative,2038,hodgkin,females,5,2025.2232301189117,1882.9902724972296,2184.4584968630584,2025.410342191915
conservative,2039,hodgkin,females,5,2048.436459079686,1901.441786374748,2215.3964106606795,2048.42175445966
conservative,2040,hodgkin,females,5,2071.6252316517994,1921.5973072752768,2241.789520032089,2070.882436541523
conservative,2041,hodgkin,females,5,2093.698656578663,1937.3816770432438,2269.276723325248,2092.995507026685
conservative,2042,hodgkin,females,5,2115.048132436471,1952.7689051300729,2297.4505777894865,2114.6927561741663
conservative,2043,hodgkin,females,5,2135.7532856895045,1969.0744930450421,2323.4424491322006,2136.1348753676884
conservative,2044,hodgkin,females,5,2157.0239524606823,1985.1378384898346,2350.247758674429,2157.2992340702494
conservative,2045,hodgkin,females,5,2178.7398174263935,2002.6428303769667,2376.481126765649,2178.1372977478427
conservative,2012,hodgkin,females,10,2113.171142117719,2064.541478696275,2156.218445466336,2112.2089335935093
conservative,2013,hodgkin,females,10,2226.822172930602,2179.2004379791797,2268.918537819407,2225.705359448575
conservative,2014,hodgkin,females,10,2295.7385845893186,2249.714172691006,2335.7121550272996,2294.4544413458448
conservative,2015,hodgkin,females,10,2333.706757146719,2289.877166755278,2371.005365392629,2332.4165463095123
conservative,2016,hodgkin,females,10,2426.249508856752,2382.920207116111,2462.8822844023166,2425.4190231015104
conservative,2017,hodgkin,females,10,2475.8638941299664,2437.8389689647734,2506.6868234843837,2475.0996584259533
conservative,2018,hodgkin,females,10,2526.6322140772663,2494.1243591223747,2555.105614853705,2526.5625114573727
conservative,2019,hodgkin,females,10,2585.801984555077,2556.8911573870137,2612.305533569335,2585.511815217046
conservative,2020,hodgkin,females,10,2639.8657590467537,2606.8832511299765,2669.2998757995047,2639.865763527815
conservative,2021,hodgkin,females,10,2716.7349308240837,2674.44996671539,2755.882854942649,2716.782429212093
conservative,2022,hodgkin,females,10,2794.4095501829806,2746.076325605641,2839.908459566448,2793.701454504766
conservative,2023,hodgkin,females,10,2844.6537864061006,2784.457408094783,2904.6295793656323,2844.856486532567
conservative,2024,hodgkin,females,10,2905.9048613431546,2833.662212774033,2983.7515581769653,2907.749433856342
conservative,2025,hodgkin,females,10,2986.4281649604827,2890.5637723976092,3083.206951351877,2986.962597656584
conservative,2026,hodgkin,females,10,3029.478849591637,2915.174618681487,3145.0765418206206,3031.117037441411
conservative,2027,hodgkin,females,10,3103.384260604221,2967.6700991449347,3241.020240292876,3104.882368863689
conservative,2028,hodgkin,females,10,3202.2510643182986,3044.4034796548476,3360.462530162438,3203.5440284151787
conservative,2029,hodgkin,females,10,3269.6199063633553,3089.890587776383,3451.535304154973,3270.4831233424866
conservative,2030,hodgkin,females,10,3336.0406224573408,3135.4271384549465,3543.8066073855794,3337.1804368190124
conservative,2031,hodgkin,females,10,3381.7366511469045,3164.952015162302,3607.2387516913386,3383.635527175861
conservative,2032,hodgkin,females,10,3443.772616912381,3221.6109926716904,3677.069688462345,3445.2241346235583
conservative,2033,hodgkin,females,10,3501.178738213687,3271.92640260435,3740.7292783821044,3502.897142031484
conservative,2034,hodgkin,females,10,3555.337220663264,3321.2895639949456,3800.701715942319,3557.655817284498
conservative,2035,hodgkin,females,10,3607.9132651403415,3366.9773648433966,3854.618254445729,3609.6540850271294
conservative,2036,hodgkin,females,10,3657.5423052922756,3408.350290471918,3914.414639490007,3659.3746612039226
conservative,2037,hodgkin,females,10,3706.9588205996997,3448.8709380203422,3972.1530587917196,3707.19538496814
conservative,2038,hodgkin,females,10,3753.0885796525517,3487.8229651540055,4030.9168342746643,3753.28614413556
conservative,2039,hodgkin,females,10,3797.5235736277064,3523.418628412783,4085.865931279137,3797.7522803069205
conservative,2040,hodgkin,females,10,3840.6652951654924,3560.939920657741,4138.433689563229,3840.7311918903515
conservative,2041,hodgkin,females,10,3881.0879078282205,3592.811283001719,4190.926443256493,3882.3842743971563
conservative,2042,hodgkin,females,10,3921.3283778284886,3623.0023276704974,4241.4579434820735,3922.934495230172
conservative,2043,hodgkin,females,10,3960.2847385611253,3655.3792615713314,4294.232721311771,3962.511255482741
conservative,2044,hodgkin,females,10,3998.4577778647736,3683.088924443894,4343.229405218578,4001.253873789291
conservative,2045,hodgkin,females,10,4036.65457811954,3714.8833555276,4390.240566575545,4039.195314793693
conservative,2012,hodgkin,females,40,4167.382547074549,3609.3879286769698,4686.454577213457,4157.003769696381
conservative,2013,hodgkin,females,40,4396.905412808911,3810.1788919930577,4943.103991016684,4384.339703659004
conservative,2014,hodgkin,females,40,4614.235288179771,3996.9154055908393,5192.5977925924335,4603.343704417071
conservative,2015,hodgkin,females,40,4814.571999232803,4166.37102692433,5424.444340875184,4805.7851269377015
conservative,2016,hodgkin,females,40,5063.570300490459,4381.793476785715,5704.079564031806,5054.666811541407
conservative,2017,hodgkin,females,40,5280.673752379758,4570.638052295242,5947.575027277425,5269.5652169966115
conservative,2018,hodgkin,females,40,5472.033608303597,4742.686618716044,6163.543888161633,5462.644432458897
conservative,2019,hodgkin,females,40,5706.733040855101,4954.457570555245,6425.6982035305455,5697.3999628263455
conservative,2020,hodgkin,females,40,5939.559678229616,5170.565461169719,6678.236428772373,5931.408248440706
conservative,2021,hodgkin,females,40,6201.716981372676,5416.874119651577,6969.617342609663,6196.6703297748545
conservative,2022,hodgkin,females,40,6394.246163487525,5613.025595379246,7157.683013942886,6387.778456981366
conservative,2023,hodgkin,females,40,6592.484771547617,5814.347512885022,7358.149904371445,6589.979914492547
conservative,2024,hodgkin,females,40,6795.016035787603,6020.045996066599,7544.593551015024,6792.405684869928
conservative,2025,hodgkin,females,40,7020.546557302232,6252.097056851555,7747.945157534584,7012.584457485352
conservative,2026,hodgkin,females,40,7232.471871325665,6475.396945198173,7950.913036003217,7223.821754850989
conservative,2027,hodgkin,females,40,7441.171681244314,6701.843302227101,8139.121280467767,7434.9171653593385
conservative,2028,hodgkin,females,40,7655.776232684835,6929.475136042002,8340.477389237178,7653.430128277817
conservative,2029,hodgkin,females,40,7876.8035146793845,7157.164768330907,8539.093873856724,7871.5980555368205
conservative,2030,hodgkin,females,40,8094.900235396839,7389.804117725669,8735.873728123723,8088.4054495557375
conservative,2031,hodgkin,females,40,8322.00024378478,7615.886740397131,8942.818844055822,8313.71665162112
conservative,2032,hodgkin,females,40,8534.548183340452,7865.094861332069,9143.2935657493,8523.062513064982
conservative,2033,hodgkin,females,40,8757.502907184855,8099.915053882412,9348.909033697431,8745.565372648765
conservative,2034,hodgkin,females,40,8978.505413029667,8323.63254804585,9576.15237636502,8967.433403603709
conservative,2035,hodgkin,females,40,9194.255404681193,8542.606675421079,9795.43389709254,9186.253477225337
conservative,2036,hodgkin,females,40,9411.425061421742,8757.893359902107,10019.61608170419,9404.851008556858
conservative,2037,hodgkin,females,40,9617.496646897951,8960.56992796595,10233.696269993457,9608.587778352576
conservative,2038,hodgkin,females,40,9841.224879384248,9164.92105739698,10456.399862777324,9822.515433036064
conservative,2039,hodgkin,females,40,10048.504170936481,9355.621629210013,10679.058607741457,10031.362019968636
conservative,2040,hodgkin,females,40,10252.988986357012,9546.513951436476,10905.715749086161,10242.013993425944
conservative,2041,hodgkin,females,40,10454.70381617235,9746.76978988957,11146.224163193576,10454.080881127791
conservative,2042,hodgkin,females,40,10652.618000765684,9921.832050393385,11401.799551638822,10655.811944444376
conservative,2043,hodgkin,females,40,10862.447100372301,10094.104642903201,11677.87916580303,10870.481470752455
conservative,2044,hodgkin,females,40,11055.310574856325,10237.64572520689,11898.191177600691,11058.82327382908
conservative,2045,hodgkin,females,40,11240.600541373537,10347.122914256384,12098.121378591231,11235.617511378041
optimistic,2012,hodgkin,females,2,512.7749369470209,508.5059280101168,516.2969707722034,512.6196298589496
optimistic,2013,hodgkin,females,2,539.0697567798983,533.7891999436349,543.1074767789742,538.8982815129187
optimistic,2014,hodgkin,females,2,574.8140916302566,568.6962001346869,579.2330824559674,574.644568802269
optimistic,2015,hodgkin,females,2,554.1327056748034,548.3661490768244,558.574712859004,554.0092121680701
optimistic,2016,hodgkin,females,2,589.1133788336987,583.3000124274824,593.7414074473963,588.9777365387498
optimistic,2017,hodgkin,females,2,604.8803756521978,600.26270875293,608.7445409357877,604.8479430399885
optimistic,2018,hodgkin,females,2,552.562805088477,547.8499081290441,556.4566669120865,552.4604304815571
optimistic,2019,hodgkin,females,2,575.3325992120665,569.7323744219178,580.2416750805455,575.2459627835522
optimistic,2020,hodgkin,females,2,620.9488362790169,614.6195239563757,626.9282586161047,620.8945764717472
optimistic,2021,hodgkin,females,2,655.7028003933817,648.349546046869,662.6604515943241,655.6470076386446
optimistic,2022,hodgkin,females,2,670.9218283717975,647.6668681170411,697.0708911548246,671.533871134595
optimistic,2023,hodgkin,females,2,667.2155699543787,623.2526323540519,714.9987242668483,668.1083024029083
optimistic,2024,hodgkin,females,2,686.1864961745673,642.6800942783691,733.1829157741072,686.7654327063826
optimistic,2025,hodgkin,females,2,702.9650277129698,659.0273253261234,750.4167421101683,703.902927316516
optimistic,2026,hodgkin,females,2,719.8451112183122,673.7156552616979,768.7554546519444,720.3912562613781
optimistic,2027,hodgkin,females,2,735.8656244730432,688.5187380291048,785.6781761367191,736.0004337151735
optimistic,2028,hodgkin,females,2,750.7473769016926,702.0257431375068,802.4290399934987,750.9120816208152
optimistic,2029,hodgkin,females,2,764.9738631897307,714.5259347139992,817.380928141111,765.3696788948305
optimistic,2030,hodgkin,females,2,779.4427019970558,727.2254895256197,833.3642668023298,779.3967048832786
optimistic,2031,hodgkin,females,2,793.2623336033934,738.5567491827195,850.1673897040382,793.048647349954
optimistic,2032,hodgkin,females,2,806.0878165021247,749.6028062883206,866.2397207168882,806.486871772109
optimistic,2033,hodgkin,females,2,819.1698956777584,760.957832172222,882.5509813435848,819.5750378071518
optimistic,2034,hodgkin,females,2,831.9326083931347,771.6719602080452,898.712668641655,832.2945657536527
optimistic,2035,hodgkin,females,2,844.4824397756198,780.9590706667016,913.3552919105146,844.6143414586503
optimistic,2036,hodgkin,females,2,856.3260411870883,790.8106886228672,927.5395163801973,856.6355400789275
optimistic,2037,hodgkin,females,2,867.6895442100497,799.3609039659464,941.2359406767797,868.2474711112433
optimistic,2038,hodgkin,females,2,878.5154538859697,807.8178173007461,954.4658787637021,879.2001187273881
optimistic,2039,hodgkin,females,2,888.9410353054178,816.3364574750127,966.762211469656,889.8000405299304
optimistic,2040,hodgkin,females,2,899.1289956963351,825.5178097136001,979.4148745683966,900.1070484122491
optimistic,2041,hodgkin,females,2,909.3851138346225,832.0889606477066,991.9133088643046,910.2652303839343
optimistic,2042,hodgkin,females,2,919.2478610322848,839.785246556016,1004.9276398991916,920.3508395676057
optimistic,2043,hodgkin,females,2,929.4305122021557,848.0454555460601,1018.5158803039045,930.3596472286212
optimistic,2044,hodgkin,females,2,939.3400934797971,855.4034456748387,1031.5218805126158,940.3064392149945
optimistic,2045,hodgkin,females,2,949.5310663857149,863.8359987683816,1041.9462208130337,950.0924362138401
optimistic,2012,hodgkin,females,3,755.2920518325445,749.3476024924186,760.0382338046528,755.0446168118632
optimistic,2013,hodgkin,females,3,794.2768012588758,788.2052348230054,799.3008245827796,794.0763777060773
optimistic,2014,hodgkin,females,3,813.2511834069676,806.299053279695,818.7132006175399,813.1532059298545
optimistic,2015,hodgkin,females,3,833.4380744282782,826.2754014302966,839.2136461612258,833.291033059062
optimistic,2016,hodgkin,females,3,862.7636692045246,855.5278791400558,868.886153205128,862.5995432511584
optimistic,2017,hodgkin,females,3,865.096415087501,859.1235390079929,870.43689069744255,865.0913833824839
optimistic,2018,hodgkin,females,3,860.0691844003429,853.5916865932015,866.4222875634578,860.0230593095645
optimistic,2019,hodgkin,females,3,851.0541899778891,845.211324765879,857.0327040085675,851.1666855152413
optimistic,2020,hodgkin,females,3,875.899745310234,868.6287823171994,882.8798927887566,875.953032949517
optimistic,2021,hodgkin,females,3,951.7006542121884,943.0638681583514,959.8614828966231,951.6423494001245
optimistic,2022,hodgkin,females,3,971.7314590177216,947.7942492933946,998.3265694428678,972.2388822648273
optimistic,2023,hodgkin,females,3,997.8204728356227,952.7945662368976,1046.6911800505807,998.3188300862389
optimistic,2024,hodgkin,females,3,1001.83541618458,935.1504339528864,1071.7701416236089,1002.7231425944932
optimistic,2025,hodgkin,females,3,1029.0300842833608,963.524168712145,1098.290019396515,1029.6316735660057
optimistic,2026,hodgkin,females,3,1054.338210367348,987.5028302488953,1124.065397632521,1054.5240222501955
optimistic,2027,hodgkin,females,3,1078.5464484488202,1009.95371107509,1150.0194886494514,1078.3410290124054
optimistic,2028,hodgkin,females,3,1101.1845186482833,1031.5905170435353,1174.4538675053454,1100.9693167039215
optimistic,2029,hodgkin,females,3,1123.0441854407813,1049.223030877453,1198.3617366164965,1122.7032318625352
optimistic,2030,hodgkin,females,3,1144.287199506622,1068.3683829759675,1222.4992780250702,1143.695202823179
optimistic,2031,hodgkin,females,3,1164.8852735148657,1086.0849389453938,1244.8890949846975,1164.0755567174876
optimistic,2032,hodgkin,females,3,1184.715875400786,1102.7852780816188,1267.2039825373588,1183.9383534103201
optimistic,2033,hodgkin,females,3,1204.7035307054264,1118.6968616355803,1290.7309281834425,1203.3128674333382
optimistic,2034,hodgkin,females,3,1223.4019714624626,1133.4198999524976,1312.3768157390687,1221.9861463437192
optimistic,2035,hodgkin,females,3,1241.1269988420872,1150.2478976344646,1333.9691020555067,1240.1755706021017
optimistic,2036,hodgkin,females,3,1259.4548203293448,1164.334920494253,1354.8275508270997,1257.8817405412524
optimistic,2037,hodgkin,females,3,1276.6990065252212,1177.3133620730214,1376.1889249263008,1275.0017909362214
optimistic,2038,hodgkin,females,3,1292.4714926447118,1189.5769715626323,1397.296235119731,1291.3842171435656
optimistic,2039,hodgkin,females,3,1307.7271826093595,1203.3227034286385,1415.8875570702714,1306.7715759094774
optimistic,2040,hodgkin,females,3,1322.8706067219994,1213.98766385082,1434.9467673992615,1321.6979452796875
optimistic,2041,hodgkin,females,3,1338.0087231976063,1224.852567546682,1451.4456371193148,1336.3949006300818
optimistic,2042,hodgkin,females,3,1352.7375882147185,1236.3765888281869,1469.4413029361153,1350.9156176598951
optimistic,2043,hodgkin,females,3,1367.0128830278836,1247.1995332660128,1488.9984004867476,1365.4057091954671
optimistic,2044,hodgkin,females,3,1381.3530689745467,1257.6196604096842,1508.2790458954885,1379.7746272340894
optimistic,2045,hodgkin,females,3,1395.8815457649264,1269.566190039807,1525.6350575833653,1393.9826000055334
optimistic,2012,hodgkin,females,5,1176.5723498480647,1168.1432057635382,1184.2845408802616,1176.6083603535856
optimistic,2013,hodgkin,females,5,1257.9856298241193,1249.0379416872634,1266.2395913782686,1257.9311039986376
optimistic,2014,hodgkin,females,5,1294.266953896794,1285.5604541737816,1302.4545389034984,1294.3778536681266
optimistic,2015,hodgkin,females,5,1310.7832686191682,1302.3361348227234,1318.7086708414433,1310.820630342331
optimistic,2016,hodgkin,females,5,1363.5605128296404,1354.7337110565857,1372.5248777417494,1363.5415715955662
optimistic,2017,hodgkin,females,5,1399.6856864404504,1391.3778686699168,1407.9612002286328,1399.5985688273645
optimistic,2018,hodgkin,females,5,1376.6951879070189,1368.736462927066,1385.7621913854118,1376.929991397036
optimistic,2019,hodgkin,females,5,1403.3210875846526,1394.3890025658188,1412.1718250301608,1403.263004183288
optimistic,2020,hodgkin,females,5,1442.4487150480727,1433.1121870065663,1450.7435418500625,1442.2912350324123
optimistic,2021,hodgkin,females,5,1469.2596306446294,1459.8951770313508,1478.1855906785706,1469.209839358584
optimistic,2022,hodgkin,females,5,1509.4898848102443,1483.9740338069748,1537.369977938384,1510.049828570338
optimistic,2023,hodgkin,females,5,1579.8503367967246,1533.85448535743,1629.9204957203067,1580.9097184275913
optimistic,2024,hodgkin,females,5,1618.399488379132,1550.9932769680095,1690.79641995905,1619.8237273036032
optimistic,2025,hodgkin,females,5,1660.7737389250606,1572.1417616398255,1755.155214738203,1662.1867376043476
optimistic,2026,hodgkin,females,5,1683.8020488933296,1575.1657102502859,1799.4943806254942,1684.7289932941424
optimistic,2027,hodgkin,females,5,1726.5418167479304,1619.141935672598,1843.6735718897096,1727.1795521267993
optimistic,2028,hodgkin,females,5,1766.4779463397722,1658.140882649622,1885.3218210728123,1766.8681741614125
optimistic,2029,hodgkin,females,5,1805.983532927501,1692.65224730615,1926.3083785329784,1804.9607309494058
optimistic,2030,hodgkin,females,5,1842.6115484534262,1724.5862349987674,1968.3085964757283,1841.3743430311638
optimistic,2031,hodgkin,females,5,1877.645273085429,1755.7772970788094,2005.5305360580317,1876.4532962751978
optimistic,2032,hodgkin,females,5,1911.324151041137,1785.1677000141412,2046.7239636999777,1910.4992569709575
optimistic,2033,hodgkin,females,5,1944.7089200988078,1810.9719882860309,2084.173623706283,1943.5543341285047
optimistic,2034,hodgkin,females,5,1976.5832544768564,1840.1404417046176,2121.350603075065,1975.513150939053
optimistic,2035,hodgkin,females,5,2007.5629216841412,1865.6578121928803,2158.7022442007074,2006.561678234783
optimistic,2036,hodgkin,females,5,2037.9167044130047,1889.8421521132489,2193.250124470205,2036.7335377360146
optimistic,2037,hodgkin,females,5,2067.261214016072,1913.2831443977761,2229.8265527062917,2066.065098176768
optimistic,2038,hodgkin,females,5,2097.3341092438927,1937.6485821059364,2265.2405279647596,2094.3089321051425
optimistic,2039,hodgkin,females,5,2124.6888857968047,1960.7913341520034,2296.3283562301795,2121.3190807695028
optimistic,2040,hodgkin,females,5,2150.3302673015905,1980.0589356001997,2324.3943552915516,2146.948075772893
optimistic,2041,hodgkin,females,5,2174.2133992438175,2000.5442639247383,2353.434903837724,2171.0329103060853
optimistic,2042,hodgkin,females,5,2198.2829103779886,2020.0585324984936,2382.5889007304113,2194.7063258084067
optimistic,2043,hodgkin,females,5,2220.859837866964,2039.4878890218142,2411.1981406733235,2218.1752583599978
optimistic,2044,hodgkin,females,5,2243.3947280027405,2058.948861588967,2439.8279401848763,2241.4667791893694
optimistic,2045,hodgkin,females,5,2265.9595244403145,2079.410751636349,2467.041939371698,2264.575481496764
optimistic,2012,hodgkin,females,10,2113.171142117719,2064.541478696275,2156.218445466336,2112.2089335935093
optimistic,2013,hodgkin,females,10,2226.822172930602,2179.2004379791797,2268.918537819407,2225.705359448575
optimistic,2014,hodgkin,females,10,2295.7385845893186,2249.714172691006,2335.7121550272996,2294.4544413458448
optimistic,2015,hodgkin,females,10,2333.706757146719,2289.877166755278,2371.005365392629,2332.4165463095123
optimistic,2016,hodgkin,females,10,2426.249508856752,2382.920207116111,2462.8822844023166,2425.4190231015104
optimistic,2017,hodgkin,females,10,2475.8638941299664,2437.8389689647734,2506.6868234843837,2475.0996584259533
optimistic,2018,hodgkin,females,10,2526.6322140772663,2494.1243591223747,2555.105614853705,2526.5625114573727
optimistic,2019,hodgkin,females,10,2585.801984555077,2556.8911573870137,2612.305533569335,2585.511815217046
optimistic,2020,hodgkin,females,10,2639.8657590467537,2606.8832511299765,2669.2998757995047,2639.865763527815
optimistic,2021,hodgkin,females,10,2716.7349308240837,2674.44996671539,2755.882854942649,2716.782429212093
optimistic,2022,hodgkin,females,10,2794.742104366668,2746.4238132803857,2840.3641741473543,2793.9566214923166
optimistic,2023,hodgkin,females,10,2845.583429150762,2784.9514126402187,2905.702302116831,2845.835481533432
optimistic,2024,hodgkin,females,10,2908.595033513688,2836.1649235929917,2986.059748421274,2910.3115277938737
optimistic,2025,hodgkin,females,10,2991.925802486525,2896.0255621629844,3089.912667454597,2992.427787709327
optimistic,2026,hodgkin,females,10,3039.367212583589,2923.4133801882194,3157.870765775852,3041.0667781465722
optimistic,2027,hodgkin,females,10,3119.2319328752146,2983.1643140236356,3260.263033106028,3120.862111519123
optimistic,2028,hodgkin,females,10,3226.3538031919375,3067.082915482492,3390.796717175233,3227.1663466778755
optimistic,2029,hodgkin,females,10,3302.8639467223097,3121.4426608263893,3489.547573362543,3303.3921499982357
optimistic,2030,hodgkin,females,10,3379.970076213157,3174.1454929789757,3591.0794564028606,3381.046077226573
optimistic,2031,hodgkin,females,10,3438.6165892567296,3208.219584890032,3673.2167371378914,3440.1821124112384
optimistic,2032,hodgkin,females,10,3514.0750387534517,3277.1426522005218,3755.3257592395835,3514.4774235363825
optimistic,2033,hodgkin,females,10,3583.517373305666,3340.5611774060744,3833.6688602467652,3584.9051079730875
optimistic,2034,hodgkin,females,10,3649.9725203789153,3401.7292301271837,3915.532027220708,3652.5416674857597
optimistic,2035,hodgkin,females,10,3716.244380523399,3457.514501056735,3983.725052641071,3717.5977889101064
optimistic,2036,hodgkin,females,10,3778.7283808588054,3507.3518377307482,4060.4479128344087,3780.610655002801
optimistic,2037,hodgkin,females,10,3843.41892484058,3560.8515773432014,4139.043132412808,3841.7677118665733
optimistic,2038,hodgkin,females,10,3902.7000514142915,3609.63513592892,4209.008052797481,3901.0664916166897
optimistic,2039,hodgkin,females,10,3959.4134067647938,3652.1004684806126,4275.7772333055955,3958.395223320689
optimistic,2040,hodgkin,females,10,4014.1509296971917,3688.2128839544184,4347.5751998114065,4013.6820645837797
optimistic,2041,hodgkin,females,10,4067.0463673864524,3728.4820185864537,4417.050248404637,4066.7443737474377
optimistic,2042,hodgkin,females,10,4116.327810144487,3765.867611992529,4483.594062841759,4117.740556304933
optimistic,2043,hodgkin,females,10,4162.222807010354,3800.2263333469177,4546.729995780114,4166.708781600596
optimistic,2044,hodgkin,females,10,4208.189771309011,3830.0576104283323,4605.626123304024,4213.695998541134
optimistic,2045,hodgkin,females,10,4252.517963411388,3861.3405117254238,4661.190633773769,4258.652982133489
optimistic,2012,hodgkin,females,40,4167.382547074549,3609.3879286769698,4686.454577213457,4157.003769696381
optimistic,2013,hodgkin,females,40,4396.905412808911,3810.1788919930577,4943.103991016684,4384.339703659004
optimistic,2014,hodgkin,females,40,4614.235288179771,3996.9154055908393,5192.5977925924335,4603.343704417071
optimistic,2015,hodgkin,females,40,4814.571999232803,4166.37102692433,5424.444340875184,4805.7851269377015
optimistic,2016,hodgkin,females,40,5063.570300490459,4381.793476785715,5704.079564031806,5054.666811541407
optimistic,2017,hodgkin,females,40,5280.673752379758,4570.638052295242,5947.575027277425,5269.5652169966115
optimistic,2018,hodgkin,females,40,5472.033608303597,4742.686618716044,6163.543888161633,5462.644432458897
optimistic,2019,hodgkin,females,40,5706.733040855101,4954.457570555245,6425.6982035305455,5697.3999628263455
optimistic,2020,hodgkin,females,40,5939.559678229616,5170.565461169719,6678.236428772373,5931.408248440706
optimistic,2021,hodgkin,females,40,6201.716981372676,5416.874119651577,6969.617342609663,6196.6703297748545
optimistic,2022,hodgkin,females,40,6394.575805434613,5613.255797191768,7158.150987178917,6388.033623968916
optimistic,2023,hodgkin,females,40,6592.953219727917,5814.813644001153,7359.456312956748,6590.958909493412
optimistic,2024,hodgkin,females,40,6798.459809774375,6022.456221139562,7547.9469048695455,6794.9677788074605
optimistic,2025,hodgkin,females,40,7027.4179215034055,6255.668995241729,7755.553317026769,7018.049647538094
optimistic,2026,hodgkin,females,40,7240.313775544409,6484.700159524827,7962.900307197081,7233.7714955561505
optimistic,2027,hodgkin,females,40,7457.426509567911,6718.006548385165,8157.7719238018635,7450.896908014773
optimistic,2028,hodgkin,females,40,7680.287934878581,6953.865356920923,8364.407521886178,7677.052446540514
optimistic,2029,hodgkin,females,40,7910.811374052952,7195.978231190445,8574.564414220498,7904.50708219257
optimistic,2030,hodgkin,females,40,8136.907150063967,7436.167028924293,8777.031255263244,8132.271089963298
optimistic,2031,hodgkin,females,40,8378.140721258316,7677.464997048393,9003.28836037472,8370.263236856497
optimistic,2032,hodgkin,females,40,8602.454124064683,7928.686059583242,9213.824634928473,8594.044943813438
optimistic,2033,hodgkin,females,40,8834.812291582275,8186.091565433618,9441.55059493701,8832.806344985467
optimistic,2034,hodgkin,females,40,9074.316615374912,8413.363299643699,9679.668991080573,9072.875865801016
optimistic,2035,hodgkin,females,40,9315.390554533697,8669.989608260705,9919.647032245912,9311.949363824297
optimistic,2036,hodgkin,females,40,9558.043618269408,8902.858405597504,10169.780594673768,9552.965336010338
optimistic,2037,hodgkin,females,40,9793.845684325785,9117.398411588625,10406.972939534204,9781.18645790066
optimistic,2038,hodgkin,females,40,10030.659760894716,9360.009182671536,10663.8686635257,10021.609468233892
optimistic,2039,hodgkin,females,40,10261.927150022899,9567.722371409574,10936.056995651597,10258.847726142723
optimistic,2040,hodgkin,females,40,10492.589497562312,9764.618841594287,11215.380787429538,10499.693761053612
optimistic,2041,hodgkin,females,40,10735.615097100166,9977.271573092276,11510.084070123685,10743.542273624898
optimistic,2042,hodgkin,females,40,10977.944080835705,10165.752851010204,11801.341461651919,10978.678865537884
optimistic,2043,hodgkin,females,40,11242.738107898356,10343.28634566714,12093.687208122408,11228.442189321191
optimistic,2044,hodgkin,females,40,11474.616064381486,10484.039974345647,12382.097947976086,11453.622259919994
optimistic,2045,hodgkin,females,40,11684.09185704945,10622.884265200168,12651.75560255554,11669.039793677393
base,2012,nhl,males,2,4643.961179084672,4626.377019898137,4662.343282879515,4644.154219184904
base,2013,nhl,males,2,4803.181522136629,4773.816633100632,4826.44631834796,4802.023262017702
base,2014,nhl,males,2,4918.291433061095,4889.593850368421,4942.27487236749,4917.347419032505
base,2015,nhl,males,2,5017.6896831202575,4988.114933365472,5042.192500085429,5016.7080303046905
base,2016,nhl,males,2,5170.705507022574,5139.090548023419,5197.366556477999,5170.025479209473
base,2017,nhl,males,2,5505.8098452720715,5482.532995483283,5525.164239541241,5505.158796754136
base,2018,nhl,males,2,5695.961298936628,5671.040253480185,5720.086935394072,5695.8249515276875
base,2019,nhl,males,2,5820.031791830153,5792.960822256717,5846.789139477043,5819.776342995374
base,2020,nhl,males,2,6085.02127386464,6053.949171067361,6114.949346020276,6084.537243854233
base,2021,nhl,males,2,6087.6904760629095,6051.2938625387515,6122.110729624262,6087.386652804021
base,2022,nhl,males,2,6152.926769258811,6071.692159600566,6233.623905448073,6153.465375636431
base,2023,nhl,males,2,6459.0856784413645,6311.681981053603,6598.4114950979365,6460.199517149106
base,2024,nhl,males,2,6689.164260589092,6538.875766389021,6838.929077063911,6689.810095082241
base,2025,nhl,males,2,6917.2550566406835,6768.36509113228,7070.145977621542,6918.41742671662
base,2026,nhl,males,2,7152.972440289773,6994.344499740102,7308.792753512721,7153.107461245142
base,2027,nhl,males,2,7388.968511194251,7227.2191597328665,7552.58341264309,7390.856531503511
base,2028,nhl,males,2,7624.3398609070155,7450.978870910272,7792.03582505387,7624.09829117846
base,2029,nhl,males,2,7850.1336006908805,7669.958308639013,8027.222949316315,7850.66361943358
base,2030,nhl,males,2,8067.013803254047,7874.18039166375,8252.157357475124,8067.654685677256
base,2031,nhl,males,2,8275.288109877562,8069.432434945407,8475.759366009068,8276.453674552764
base,2032,nhl,males,2,8464.806284362156,8245.773714525887,8678.250718182971,8465.416825573426
base,2033,nhl,males,2,8619.284071928101,8391.247590034814,8848.535190311704,8621.141782444656
base,2034,nhl,males,2,8771.064204732698,8535.761272907072,9010.783368541977,8773.590944861951
base,2035,nhl,males,2,8920.375753693723,8676.079247969541,9175.038166223112,8924.950035247733
base,2036,nhl,males,2,9073.190343448572,8820.554037672426,9339.524923773552,9078.245011010786
base,2037,nhl,males,2,9224.003269747674,8959.521200891195,9503.33796472673,9229.30304955414
base,2038,nhl,males,2,9365.95532426101,9087.536499687523,9655.650502427809,9369.14359727245
base,2039,nhl,males,2,9492.033764082367,9200.835031239632,9793.326325069647,9494.789829148065
base,2040,nhl,males,2,9601.921267560905,9299.936569789485,9918.876779052749,9605.341305167754
base,2041,nhl,males,2,9701.49226667239,9385.480196079026,10034.293337761228,9702.643020059191
base,2042,nhl,males,2,9785.73365047322,9457.224885432719,10137.974628333528,9787.849641289002
base,2043,nhl,males,2,9860.601099411357,9522.13047352051,10231.911031923728,9863.726892846767
base,2044,nhl,males,2,9934.072180420975,9584.345580711162,10318.980799486837,9938.392988924183
base,2045,nhl,males,2,10011.149416700086,9650.354873386872,10410.984278619768,10015.837471868033
base,2012,nhl,males,3,6505.386700849525,6481.261769911803,6531.794089756143,6506.0308589508995
base,2013,nhl,males,3,6764.942607682094,6734.242626052069,6795.883674288323,6765.010641036595
base,2014,nhl,males,3,7013.311208590966,6977.505685188978,7041.771469605915,7011.989204358881
base,2015,nhl,males,3,7127.836075006049,7091.487250230455,7157.171090649295,7126.752012446717
base,2016,nhl,males,3,7378.013771332755,7339.028426701649,7410.098014671183,7376.974706933474
base,2017,nhl,males,3,7708.613484639867,7676.4320903549515,7736.47994268338,7708.10771719686
base,2018,nhl,males,3,8036.472019963769,8004.580007987617,8066.166109083492,8035.970032865283
base,2019,nhl,males,3,8319.954132525505,8289.26080475308,8352.176693300333,8320.303801148644
base,2020,nhl,males,3,8605.13016242053,8570.995149566252,8640.8741759138,8605.305014354668
base,2021,nhl,males,3,8715.401723177387,8678.089373119887,8756.313897201024,8715.75332848854
base,2022,nhl,males,3,8925.505161817451,8842.59831521988,9010.426310271798,8926.272138877785
base,2023,nhl,males,3,9106.88141314798,8959.42800088038,9251.524854698448,9107.404271821313
base,2024,nhl,males,3,9510.772519712002,9303.150293309294,9713.727914673149,9512.623484154212
base,2025,nhl,males,3,9848.734316744594,9641.431674866151,10056.380520929255,9850.43143733318
base,2026,nhl,males,3,10192.234150716904,9982.324534191115,10407.716524497586,10192.631234472352
base,2027,nhl,males,3,10539.93326335239,10320.26098256123,10762.680556038651,10539.38663808137
base,2028,nhl,males,3,10887.252407623391,10652.739844608164,11124.283345373606,10886.543136715132
base,2029,nhl,males,3,11225.768235975744,10974.469629481355,11468.556739628093,11225.58350370874
base,2030,nhl,males,3,11551.023583624617,11282.221196012959,11818.488761786466,11553.556243728015
base,2031,nhl,males,3,11864.421787279249,11582.057002993155,12152.091055006325,11868.796292140873
base,2032,nhl,males,3,12156.713113005628,11857.822804647325,12454.456779415037,12159.832083680893
base,2033,nhl,males,3,12413.506248599593,12095.660109227863,12720.564238776498,12414.529796268413
base,2034,nhl,males,3,12630.68333176928,12295.0779877721,12950.538531050928,12630.190411199348
base,2035,nhl,males,3,12839.801950426263,12491.915936002852,13179.067126150889,12842.605000224437
base,2036,nhl,males,3,13051.499427590657,12691.751585162292,13412.867282566538,13057.917424583355
base,2037,nhl,males,3,13266.357567800875,12889.195549680475,13644.21180146541,13269.909361506327
base,2038,nhl,males,3,13468.554032549902,13076.44201813033,13865.870933306975,13473.785101136684
base,2039,nhl,males,3,13653.660900636936,13241.490920393822,14072.76816700507,13659.32566883966
base,2040,nhl,males,3,13822.189821584083,13392.778147626354,14259.874396977577,13824.335610752301
base,2041,nhl,males,3,13967.060979140375,13516.89622753546,14422.076762432112,13969.73018433582
base,2042,nhl,males,3,14093.26430077057,13627.90030317377,14569.17462310292,14096.469619241423
base,2043,nhl,males,3,14201.631321476205,13726.650607437634,14696.048867013158,14208.416032715779
base,2044,nhl,males,3,14307.1642129182,13813.684180467642,14827.786051563196,14314.017260081724
base,2045,nhl,males,3,14412.925924393541,13899.81939154334,14958.411907852378,14419.291161283794
base,2012,nhl,males,5,9620.743420836057,9583.783044182665,9658.410291359396,9620.854691694332
base,2013,nhl,males,5,10068.96926656548,10030.064169119729,10110.930743325976,10069.419054520038
base,2014,nhl,males,5,10517.7629017741,10473.992307774355,10556.027999266642,10517.226513923453
base,2015,nhl,males,5,10835.211085050247,10790.301373923514,10876.024829490763,10834.187596425822
base,2016,nhl,males,5,11209.58687747745,11163.200870725537,11254.475022356586,11209.160608359296
base,2017,nhl,males,5,11643.546376498529,11603.34493647196,11687.086594032275,11643.983201777519
base,2018,nhl,males,5,12057.250771889421,12016.08364241588,12098.29922662964,12057.06942496207
base,2019,nhl,males,5,12462.758001246788,12419.694759385822,12505.509506677892,12462.585478281537
base,2020,nhl,males,5,13033.706444062456,12989.038179553707,13081.024508446708,13033.015148492877
base,2021,nhl,males,5,13314.251630094323,13266.376364071872,13361.751992928135,13313.334773304707
base,2022,nhl,males,5,13647.823854260881,13559.709319799322,13739.987963094105,13647.517940359501
base,2023,nhl,males,5,14072.445990466222,13921.109045857203,14223.774376147365,14071.050196997146
base,2024,nhl,males,5,14486.295028818291,14273.909617295352,14698.362306849815,14485.396618269871
base,2025,nhl,males,5,14870.746979528434,14595.513593335747,15138.7803212304,14871.541849481553
base,2026,nhl,males,5,15470.587343210656,15130.468922461074,15791.657976621453,15471.088259153403
base,2027,nhl,males,5,16016.402085289228,15672.35038301814,16349.647459654638,16015.932850317004
base,2028,nhl,males,5,16562.438934363476,16218.797583282776,16913.229514727976,16561.15347675649
base,2029,nhl,males,5,17106.000248520624,16748.958939076023,17473.521866736603,17104.12914247041
base,2030,nhl,males,5,17640.98217065825,17263.414255962263,18024.71317850985,17638.868935776747
base,2031,nhl,males,5,18158.36562490087,17755.269961101407,18563.605849471423,18157.977887969984
base,2032,nhl,males,5,18645.50919629432,18230.48815873783,19068.415541827133,18646.785726648402
base,2033,nhl,males,5,19089.366584826574,18646.798215415227,19536.021627713268,19090.05411878556
base,2034,nhl,males,5,19485.01052272359,19012.61379121384,19956.999684894057,19486.486334392117
base,2035,nhl,males,5,19838.90606694307,19334.688791571163,20338.365415864766,19838.528159106507
base,2036,nhl,males,5,20153.409773752945,19630.432894833488,20684.255594846618,20153.278434535154
base,2037,nhl,males,5,20466.19571012928,19921.738691351675,21036.135863401316,20464.92658893831
base,2038,nhl,males,5,20769.813680469335,20189.7945391277,21353.161401878257,20769.040886616633
base,2039,nhl,males,5,21056.100225664246,20446.06702067992,21674.851564692573,21057.136320524383
base,2040,nhl,males,5,21320.120409177645,20684.926371769823,21961.362865084207,21323.915943036467
base,2041,nhl,males,5,21559.33411418007,20901.28613557972,22234.745858840583,21562.80543331318
base,2042,nhl,males,5,21769.21069501946,21089.649181746987,22467.418003171715,21772.920708240286
base,2043,nhl,males,5,21951.717152266792,21248.42004446359,22683.77616436364,21957.447029535997
base,2044,nhl,males,5,22121.618371718563,21388.345354650308,22883.201093351374,22125.306370952876
base,2045,nhl,males,5,22278.436993875057,21525.694584626865,23070.054228837937,22283.62709692538
base,2012,nhl,males,10,15278.180741720924,15057.115262852429,15494.410252119613,15279.21881855383
base,2013,nhl,males,10,15897.327119794874,15690.90036413207,16106.831882488323,15898.240266737677
base,2014,nhl,males,10,16563.961502080005,16371.653337822752,16765.171123137963,16566.210849580555
base,2015,nhl,males,10,17179.330986407625,16994.998573969016,17372.655719790866,17181.379305533308
base,2016,nhl,males,10,17883.34364727667,17705.146184456204,18071.209403696084,17883.945725985832
base,2017,nhl,males,10,18736.33485238517,18576.94968186048,18901.72468929224,18737.206650346197
base,2018,nhl,males,10,19495.134036876934,19345.493764096518,19646.002921815572,19496.702191509496
base,2019,nhl,males,10,20268.76008350482,20122.305315057325,20412.10213876492,20268.54303331936
base,2020,nhl,males,10,21093.048537079387,20928.739304372968,21254.968640912706,21092.339520201465
base,2021,nhl,males,10,21666.40968249984,21458.875793049807,21875.4545934971,21666.469969237332
base,2022,nhl,males,10,22337.597021501275,22123.92119313389,22539.236143636794,22340.0937360978
base,2023,nhl,males,10,23106.87515539922,22865.922151653762,23306.106343380387,23102.49092966885
base,2024,nhl,males,10,23873.15918363574,23605.702335187892,24111.057135650735,23867.82299982124
base,2025,nhl,males,10,24731.052009905048,24413.725751142585,25014.206670781743,24725.962511095116
base,2026,nhl,males,10,25585.566458430872,25199.95328732486,25950.292299105582,25580.14032871355
base,2027,nhl,males,10,26408.41523940117,25955.83847195206,26833.86015253125,26401.413380403916
base,2028,nhl,males,10,27296.223645213446,26787.06327827888,27812.04779569275,27291.93097613217
base,2029,nhl,males,10,28157.933045989026,27583.607807307955,28740.148615141115,28160.001410544566
base,2030,nhl,males,10,28990.016733867727,28345.82836853392,29667.685123287414,28997.782041147824
base,2031,nhl,males,10,29995.72199754672,29263.52629432972,30740.629698693647,29997.89754538375
base,2032,nhl,males,10,30922.925306571167,30153.672080247197,31722.886519920838,30923.953805570887
base,2033,nhl,males,10,31798.364897915835,30996.217686207438,32636.40774423015,31806.661468543884
base,2034,nhl,males,10,32625.949942851803,31777.653397166705,33530.86088846985,32640.722057397437
base,2035,nhl,males,10,33408.47530548854,32501.331890413334,34369.11883132719,33423.544759744495
base,2036,nhl,males,10,34136.818145246805,33165.347273751235,35172.165905878195,34155.3487316497
base,2037,nhl,males,10,34799.789444404,33769.85008989911,35911.84038104021,34829.8392148875
base,2038,nhl,males,10,35423.79917383537,34326.62358977317,36600.79988388466,35441.7473995332
base,2039,nhl,males,10,35973.09354662955,34824.89617654354,37214.85975560117,35987.459575486086
base,2040,nhl,males,10,36442.63440063038,35264.67079582703,37741.155181022055,36464.372625076685
base,2041,nhl,males,10,36847.28029177253,35634.99010117382,38189.55497270842,36871.659954201335
base,2042,nhl,males,10,37217.660515636875,35969.5355628968,38625.98181762705,37250.705244785655
base,2043,nhl,males,10,37568.19537804088,36284.92836636131,39026.85060990313,37601.11844049273
base,2044,nhl,males,10,37896.95273771355,36566.42517382113,39395.26911605021,37926.36075624499
base,2045,nhl,males,10,38207.87565979264,36792.87513593096,39756.66676399777,38229.99708649278
base,2012,nhl,males,40,23319.209632469647,21192.894536333577,25785.052289485517,23375.82987519568
base,2013,nhl,males,40,24497.426883735458,22304.547539900785,27095.717150417702,24574.215160132757
base,2014,nhl,males,40,25743.28291518196,23471.370035444404,28450.707388472572,25824.84118110435
base,2015,nhl,males,40,26944.997079282588,24599.06081094612,29766.620209920882,27022.25747959194
base,2016,nhl,males,40,28248.658959534892,25839.300212197828,31180.681972437,28333.914527792243
base,2017,nhl,males,40,29695.34342470644,27207.321827583608,32729.806403462546,29781.560331096694
base,2018,nhl,males,40,31084.537692169564,28533.20304509242,34254.880077846,31182.71440370019
base,2019,nhl,males,40,32543.10636159022,29919.70333188078,35833.59092541218,32634.510628485372
base,2020,nhl,males,40,34111.280691323765,31414.313967185713,37502.24989931708,34210.89687244585
base,2021,nhl,males,40,35485.300817073665,32753.778747633616,38962.80486344758,35581.175388645504
base,2022,nhl,males,40,36951.320399987635,34182.1913167662,40407.71459024658,37028.5517577276
base,2023,nhl,males,40,38454.50120169439,35709.50236465334,41902.13431929766,38531.7274178993
base,2024,nhl,males,40,40011.4371240774,37335.15557773763,43350.88267171082,40094.55420893718
base,2025,nhl,males,40,41649.131774131994,38958.43692516809,44867.19359622652,41715.3901984433
base,2026,nhl,males,40,43327.91629419706,40717.40978682542,46447.65314858257,43396.34919784768
base,2027,nhl,males,40,45040.00410247104,42545.14859094848,48114.24484273812,45113.72270374341
base,2028,nhl,males,40,46797.753240909864,44423.146977260185,49809.727858756705,46878.02651653233
base,2029,nhl,males,40,48624.8662656949,46332.68863030845,51522.592298680844,48694.76206663721
base,2030,nhl,males,40,50468.516252921414,48263.38623327112,53176.857672859274,50526.55972593703
base,2031,nhl,males,40,52366.08487646889,50217.86974557624,54930.15566722737,52388.67196647168
base,2032,nhl,males,40,54258.78635986254,52157.57358101195,56738.91842489594,54264.88766837589
base,2033,nhl,males,40,56118.55779071416,54037.112816547575,58577.352180488866,56129.20852806455
base,2034,nhl,males,40,57989.8520084943,55923.1028513287,60390.34090030107,58005.758292472405
base,2035,nhl,males,40,59868.772727389165,57735.16891270705,62191.48871519881,59867.66579103062
base,2036,nhl,males,40,61736.01543971848,59444.13820353207,64101.41525752587,61717.36333538951
base,2037,nhl,males,40,63582.17655901867,61219.121758796,66065.90275950833,63574.064322269085
base,2038,nhl,males,40,65416.0192975223,62865.44798741147,68138.46068494409,65406.77044216403
base,2039,nhl,males,40,67204.42538296222,64454.8156239186,70133.6425448688,67227.01092898982
base,2040,nhl,males,40,68940.872820033,65941.66008770924,72222.75237594706,68992.61573118439
base,2041,nhl,males,40,70646.12016824126,67304.18990466275,74316.24083509862,70715.03021992696
base,2042,nhl,males,40,72300.88249803794,68606.5672842706,76386.286178173,72407.26445448861
base,2043,nhl,males,40,73928.38612896172,69812.19687168283,78442.42527696944,74035.01564500363
base,2044,nhl,males,40,75509.55529048995,70970.42718032506,80444.311942443,75626.53068883008
base,2045,nhl,males,40,77038.38307160063,72096.70872044636,82461.99788441298,77186.80198799456
conservative,2012,nhl,males,2,4643.961179084672,4626.377019898137,4662.343282879515,4644.154219184904
conservative,2013,nhl,males,2,4803.181522136629,4773.816633100632,4826.44631834796,4802.023262017702
conservative,2014,nhl,males,2,4918.291433061095,4889.593850368421,4942.27487236749,4917.347419032505
conservative,2015,nhl,males,2,5017.6896831202575,4988.114933365472,5042.192500085429,5016.7080303046905
conservative,2016,nhl,males,2,5170.705507022574,5139.090548023419,5197.366556477999,5170.025479209473
conservative,2017,nhl,males,2,5505.8098452720715,5482.532995483283,5525.164239541241,5505.158796754136
conservative,2018,nhl,males,2,5695.961298936628,5671.040253480185,5720.086935394072,5695.8249515276875
conservative,2019,nhl,males,2,5820.031791830153,5792.960822256717,5846.789139477043,5819.776342995374
conservative,2020,nhl,males,2,6085.02127386464,6053.949171067361,6114.949346020276,6084.537243854233
conservative,2021,nhl,males,2,6087.6904760629095,6051.2938625387515,6122.110729624262,6087.386652804021
conservative,2022,nhl,males,2,6142.555829476578,6061.946413575681,6222.634093664466,6143.286680357791
conservative,2023,nhl,males,2,6418.985195427479,6275.799048320375,6558.482544548114,6420.999604673029
conservative,2024,nhl,males,2,6617.652958825946,6474.33800505658,6759.658782720913,6619.057874676802
conservative,2025,nhl,males,2,6812.043713983559,6666.827023399501,6955.119549499629,6813.605539983362
conservative,2026,nhl,males,2,7010.119641201175,6864.870856302121,7155.027703506243,7011.624403502478
conservative,2027,nhl,males,2,7208.834642574713,7061.696641717517,7356.890336967248,7210.046952020097
conservative,2028,nhl,males,2,7400.589118433507,7250.526588672616,7553.051757622089,7401.473407420673
conservative,2029,nhl,males,2,7583.583029165528,7425.435934571248,7745.313124126431,7583.769676042349
conservative,2030,nhl,males,2,7752.694144369024,7589.750897957761,7924.685460027612,7754.044928367173
conservative,2031,nhl,males,2,7911.380589412192,7742.2075422038815,8092.22173712829,7913.759518209528
conservative,2032,nhl,males,2,8061.60612187668,7884.770867520417,8253.851563973072,8064.894849938207
conservative,2033,nhl,males,2,8202.711596839687,8017.980229479381,8403.949488387105,8206.78040337222
conservative,2034,nhl,males,2,8341.604533602253,8147.062377446484,8551.331252953809,8346.092087598932
conservative,2035,nhl,males,2,8477.984035087356,8277.116161404825,8701.200864791377,8484.663857652908
conservative,2036,nhl,males,2,8619.779631989903,8409.047637270603,8852.976201457686,8625.279508058686
conservative,2037,nhl,males,2,8756.59104690297,8538.89839422437,9001.764615900267,8763.811754678773
conservative,2038,nhl,males,2,8883.40854287189,8654.21626562805,9140.860704912955,8891.95776964148
conservative,2039,nhl,males,2,9000.096305133138,8759.471993741628,9270.10326585073,9006.957371774191
conservative,2040,nhl,males,2,9102.2718003488,8852.504965827253,9389.455435516147,9108.131762810563
conservative,2041,nhl,males,2,9190.586072490634,8932.312109385637,9492.301651418114,9197.077612753257
conservative,2042,nhl,males,2,9266.07533311557,8996.899790152778,9582.772779241366,9274.741469583356
conservative,2043,nhl,males,2,9333.850902420709,9053.98765260783,9664.593729333015,9343.755818408054
conservative,2044,nhl,males,2,9402.510774700384,9110.726100838268,9746.040579151322,9411.695523476472
conservative,2045,nhl,males,2,9472.336139980256,9168.49329753428,9832.879946309713,9482.313612286427
conservative,2012,nhl,males,3,6505.386700849525,6481.261769911803,6531.794089756143,6506.0308589508995
conservative,2013,nhl,males,3,6764.942607682094,6734.242626052069,6795.883674288323,6765.010641036595
conservative,2014,nhl,males,3,7013.311208590966,6977.505685188978,7041.771469605915,7011.989204358881
conservative,2015,nhl,males,3,7127.836075006049,7091.487250230455,7157.171090649295,7126.752012446717
conservative,2016,nhl,males,3,7378.013771332755,7339.028426701649,7410.098014671183,7376.974706933474
conservative,2017,nhl,males,3,7708.613484639867,7676.4320903549515,7736.47994268338,7708.10771719686
conservative,2018,nhl,males,3,8036.472019963769,8004.580007987617,8066.166109083492,8035.970032865283
conservative,2019,nhl,males,3,8319.954132525505,8289.26080475308,8352.176693300333,8320.303801148644
conservative,2020,nhl,males,3,8605.13016242053,8570.995149566252,8640.8741759138,8605.305014354668
conservative,2021,nhl,males,3,8715.401723177387,8678.089373119887,8756.313897201024,8715.75332848854
conservative,2022,nhl,males,3,8915.61624453917,8835.563581722587,8998.825631522874,8916.093443599144
conservative,2023,nhl,males,3,9067.641727419632,8924.622181678582,9208.172098802193,9068.204359345236
conservative,2024,nhl,males,3,9417.32887606832,9219.246951078243,9611.98364896103,9419.684178639289
conservative,2025,nhl,males,3,9698.619214838465,9501.430613224235,9894.81449444988,9699.302376680103
conservative,2026,nhl,males,3,9980.31935306894,9778.368457457535,10177.08395347342,9978.88204127437
conservative,2027,nhl,males,3,10260.336254746453,10053.527337378588,10465.192756745619,10258.478386135646
conservative,2028,nhl,males,3,10533.656890251943,10324.414320797781,10751.636129698632,10534.0205244008
conservative,2029,nhl,males,3,10797.036565920156,10575.039800715984,11027.08308123479,10797.233319484194
conservative,2030,nhl,males,3,11045.570221464026,10819.568336985372,11277.851726298204,11045.232431416804
conservative,2031,nhl,males,3,11272.453601784431,11040.253316418104,11525.079639498255,11276.66813665943
conservative,2032,nhl,males,3,11492.317424124281,11245.983329644281,11752.061774015114,11493.736147851025
conservative,2033,nhl,males,3,11694.508668693987,11435.996865674075,11967.150412019462,11696.960259939862
conservative,2034,nhl,males,3,11886.78244914592,11620.319751401828,12174.488905826558,11891.180887901382
conservative,2035,nhl,males,3,12076.080731666763,11798.654967170276,12378.467214512499,12082.785207879411
conservative,2036,nhl,males,3,12269.135419575212,11982.008895852257,12582.697878522784,12277.428293907664
conservative,2037,nhl,males,3,12459.421519322043,12158.773966065093,12793.912021041922,12469.092447278348
conservative,2038,nhl,males,3,12642.021401854337,12326.971033131545,12999.819994098569,12653.185160202225
conservative,2039,nhl,males,3,12807.813273396852,12478.450918999353,13188.419164465584,12820.47912666016
conservative,2040,nhl,males,3,12957.020242116858,12612.032397394412,13354.304010268821,12969.13133764217
conservative,2041,nhl,males,3,13088.151749328206,12727.146768862704,13498.12016579853,13100.071079717627
conservative,2042,nhl,males,3,13202.505180973358,12822.425617043822,13628.270308245204,13214.12250053409
conservative,2043,nhl,males,3,13302.61377268409,12908.735746545624,13751.726910485571,13314.750920901424
conservative,2044,nhl,males,3,13396.159016172009,12986.967893361807,13867.14215592155,13409.760436308625
conservative,2045,nhl,males,3,13487.939691312922,13063.624848439635,13983.716342538879,13504.615085648555
conservative,2012,nhl,males,5,9620.743420836057,9583.783044182665,9658.410291359396,9620.854691694332
conservative,2013,nhl,males,5,10068.96926656548,10030.064169119729,10110.930743325976,10069.419054520038
conservative,2014,nhl,males,5,10517.7629017741,10473.992307774355,10556.027999266642,10517.226513923453
conservative,2015,nhl,males,5,10835.211085050247,10790.301373923514,10876.024829490763,10834.187596425822
conservative,2016,nhl,males,5,11209.58687747745,11163.200870725537,11254.475022356586,11209.160608359296
conservative,2017,nhl,males,5,11643.546376498529,11603.34493647196,11687.086594032275,11643.983201777519
conservative,2018,nhl,males,5,12057.250771889421,12016.08364241588,12098.29922662964,12057.06942496207
conservative,2019,nhl,males,5,12462.758001246788,12419.694759385822,12505.509506677892,12462.585478281537
conservative,2020,nhl,males,5,13033.706444062456,12989.038179553707,13081.024508446708,13033.015148492877
conservative,2021,nhl,males,5,13314.251630094323,13266.376364071872,13361.751992928135,13313.334773304707
conservative,2022,nhl,males,5,13637.857556530485,13549.797753210318,13728.070868714842,13637.33924508086
conservative,2023,nhl,males,5,14033.29556536931,13880.25553188135,14179.340950230146,14031.85028452107
conservative,2024,nhl,males,5,14394.850009151756,14183.156049565558,14592.976716186593,14392.457312754948
conservative,2025,nhl,males,5,14698.657216671781,14426.768327786223,14949.78075261367,14697.190257621258
conservative,2026,nhl,males,5,15183.861953406802,14863.746624031508,15491.921961176738,15184.716275611998
conservative,2027,nhl,males,5,15608.503785399855,15289.69446396775,15929.893306061846,15609.216687683214
conservative,2028,nhl,males,5,16030.168077324286,15700.312732193337,16356.430060549872,16025.933436681993
conservative,2029,nhl,males,5,16433.202504633875,16094.633287228591,16776.092303595025,16432.361921980504
conservative,2030,nhl,males,5,16822.89779905465,16472.71555236993,17174.26371370647,16822.818361772363
conservative,2031,nhl,males,5,17186.03868722479,16827.07744173573,17558.70335915942,17190.516078735625
conservative,2032,nhl,males,5,17531.522547450273,17158.0237795978,17925.863142064685,17534.984434541453
conservative,2033,nhl,males,5,17848.992675749072,17466.379654962253,18262.965822280392,17854.088254330185
conservative,2034,nhl,males,5,18148.45043495977,17750.065677236307,18577.101606911918,18154.1148024364
conservative,2035,nhl,males,5,18433.27011612927,18012.951852753977,18888.158330001625,18439.99502175626
conservative,2036,nhl,males,5,18714.22356091723,18276.33942098332,19190.672524743575,18720.349379141844
conservative,2037,nhl,males,5,18989.57522619189,18523.310747646465,19490.410577797593,18997.9014278004
conservative,2038,nhl,males,5,19258.502993275873,18778.314437590994,19781.26761221533,19268.524448463075
conservative,2039,nhl,males,5,19515.071558370662,19013.680833711944,20056.93271893725,19524.449391129514
conservative,2040,nhl,males,5,19745.247184490985,19226.958488381675,20322.59126913856,19760.99851331296
conservative,2041,nhl,males,5,19955.154523023233,19413.825613410012,20568.595452049452,19972.654383759935
conservative,2042,nhl,males,5,20137.265714839778,19570.40828766139,20785.43375615062,20158.771223572705
conservative,2043,nhl,males,5,20297.584410508407,19703.332680384,20984.634179780955,20322.463907303903
conservative,2044,nhl,males,5,20449.11821250806,19836.10792785678,21161.24400544019,20471.904354617192
conservative,2045,nhl,males,5,20590.858359213125,19954.423932689362,21327.752388724766,20613.251960848764
conservative,2012,nhl,males,10,15278.180741720924,15057.115262852429,15494.410252119613,15279.21881855383
conservative,2013,nhl,males,10,15897.327119794874,15690.90036413207,16106.831882488323,15898.240266737677
conservative,2014,nhl,males,10,16563.961502080005,16371.653337822752,16765.171123137963,16566.210849580555
conservative,2015,nhl,males,10,17179.330986407625,16994.998573969016,17372.655719790866,17181.379305533308
conservative,2016,nhl,males,10,17883.34364727667,17705.146184456204,18071.209403696084,17883.945725985832
conservative,2017,nhl,males,10,18736.33485238517,18576.94968186048,18901.72468929224,18737.206650346197
conservative,2018,nhl,males,10,19495.134036876934,19345.493764096518,19646.002921815572,19496.702191509496
conservative,2019,nhl,males,10,20268.76008350482,20122.305315057325,20412.10213876492,20268.54303331936
conservative,2020,nhl,males,10,21093.048537079387,20928.739304372968,21254.968640912706,21092.339520201465
conservative,2021,nhl,males,10,21666.40968249984,21458.875793049807,21875.4545934971,21666.469969237332
conservative,2022,nhl,males,10,22328.085274306777,22115.375748062655,22529.064572169525,22329.91504081916
conservative,2023,nhl,males,10,23067.602784076487,22832.670955012258,23264.444056926786,23063.291017192772
conservative,2024,nhl,males,10,23778.78485144832,23511.408399055716,24014.327074790075,23774.883694306318
conservative,2025,nhl,males,10,24557.829627479277,24240.534454170738,24838.37809101245,24551.61091923482
conservative,2026,nhl,males,10,25298.960692485598,24920.26785256273,25660.781247639414,25293.768345172146
conservative,2027,nhl,males,10,25972.246735989258,25544.167264333075,26391.184917058323,25968.17126860955
conservative,2028,nhl,males,10,26675.418638491697,26199.829071715867,27156.103551879904,26673.915744587473
conservative,2029,nhl,males,10,27314.513302156978,26782.739161914422,27854.582336741936,27316.48450478869
conservative,2030,nhl,males,10,27879.666857294156,27281.691894651158,28478.01414907939,27885.499940181493
conservative,2031,nhl,males,10,28565.67068305594,27913.783700068772,29225.30959715117,28571.326445769075
conservative,2032,nhl,males,10,29173.170322385493,28518.663849446464,29869.29367731501,29180.591341625757
conservative,2033,nhl,males,10,29747.55162804354,29090.148308660006,30475.399849047906,29757.4527140171
conservative,2034,nhl,males,10,30291.675141997126,29608.71881029573,31038.342192736647,30304.95295243221
conservative,2035,nhl,males,10,30805.46652997107,30110.954447626304,31587.01241441962,30823.883888142675
conservative,2036,nhl,males,10,31304.327748668577,30555.453776767856,32119.0401347987,31317.208494766164
conservative,2037,nhl,males,10,31776.499391227408,30993.806629050887,32620.731175727393,31783.582530088526
conservative,2038,nhl,males,10,32213.07220634037,31402.66092758564,33103.01795368377,32221.094000223304
conservative,2039,nhl,males,10,32614.578735321193,31758.87598499975,33558.291918808834,32628.87443645562
conservative,2040,nhl,males,10,32990.36919061428,32088.835260008807,33989.44916611869,33006.92654370249
conservative,2041,nhl,males,10,33335.593214162116,32406.93409773875,34391.791669614264,33356.584991856296
conservative,2042,nhl,males,10,33653.26039387023,32691.685642447734,34749.33827475131,33681.134791104654
conservative,2043,nhl,males,10,33948.54940205594,32960.412759205225,35086.85577707599,33980.710640542326
conservative,2044,nhl,males,10,34226.59871134037,33190.106916490986,35423.903828866765,34259.03483808656
conservative,2045,nhl,males,10,34482.553499421934,33390.92759291138,35731.76241837124,34519.437560388666
conservative,2012,nhl,males,40,23319.209632469647,21192.894536333577,25785.052289485517,23375.82987519568
conservative,2013,nhl,males,40,24497.426883735458,22304.547539900785,27095.717150417702,24574.215160132757
conservative,2014,nhl,males,40,25743.28291518196,23471.370035444404,28450.707388472572,25824.84118110435
conservative,2015,nhl,males,40,26944.997079282588,24599.06081094612,29766.620209920882,27022.25747959194
conservative,2016,nhl,males,40,28248.658959534892,25839.300212197828,31180.681972437,28333.914527792243
conservative,2017,nhl,males,40,29695.34342470644,27207.321827583608,32729.806403462546,29781.560331096694
conservative,2018,nhl,males,40,31084.537692169564,28533.20304509242,34254.880077846,31182.71440370019
conservative,2019,nhl,males,40,32543.10636159022,29919.70333188078,35833.59092541218,32634.510628485372
conservative,2020,nhl,males,40,34111.280691323765,31414.313967185713,37502.24989931708,34210.89687244585
conservative,2021,nhl,males,40,35485.300817073665,32753.778747633616,38962.80486344758,35581.175388645504
conservative,2022,nhl,males,40,36940.42529245325,34173.11973800441,40395.19828313358,37018.373062448954
conservative,2023,nhl,males,40,38418.41454288146,35667.74524428457,41855.12680294066,38492.527505423226
conservative,2024,nhl,males,40,39932.36508237041,37251.30351640428,43260.136979927694,40001.61490342226
conservative,2025,nhl,males,40,41468.915128140274,38795.65770436846,44696.526111124054,41541.038606583
conservative,2026,nhl,males,40,43050.18360979222,40450.818276986836,46143.069085742456,43109.97721430627
conservative,2027,nhl,males,40,44608.313244302786,42124.148928149276,47654.64653408532,44680.480591949046
conservative,2028,nhl,males,40,46186.16575846255,43824.68708540512,49153.78186675591,46260.01128498763
conservative,2029,nhl,males,40,47780.77695477399,45485.93931743246,50638.164203328124,47851.24516088133
conservative,2030,nhl,males,40,49352.03965820689,47128.60326691326,52112.190990302246,49414.2776249707
conservative,2031,nhl,males,40,50938.53623218613,48803.55972220104,53535.84596301373,50962.10086685701
conservative,2032,nhl,males,40,52479.399732839025,50397.55691435481,55028.645379141824,52490.27933565556
conservative,2033,nhl,males,40,53979.38701902471,51964.97652482022,56453.11617680124,53983.60900175899
conservative,2034,nhl,males,40,55465.28747687423,53462.722785904785,57815.41227100854,55472.10651508324
conservative,2035,nhl,males,40,56938.90238745985,54926.80830626244,59190.58753838553,56929.860578003834
conservative,2036,nhl,males,40,58383.57388240662,56311.56505660783,60597.054706278024,58359.44058233652
conservative,2037,nhl,males,40,59819.55004385002,57639.90337603012,62032.65138314751,59782.82448907796
conservative,2038,nhl,males,40,61182.196478885526,58920.037997576,63548.7875805857,61170.29625083006
conservative,2039,nhl,males,40,62555.07972125735,60250.679402445676,65015.882935781105,62534.74911589521
conservative,2040,nhl,males,40,63862.08715873019,61417.01312806565,66406.78078086907,63835.564781682864
conservative,2041,nhl,males,40,65088.25033497051,62509.99327072742,67742.92416069847,65085.50193337169
conservative,2042,nhl,males,40,66266.7969063393,63616.80201014391,69011.55227869363,66298.83723869876
conservative,2043,nhl,males,40,67382.45127777458,64610.58436217308,70364.12051629394,67442.42390624408
conservative,2044,nhl,males,40,68478.74163444343,65502.95182391365,71668.32369496407,68545.04474077075
conservative,2045,nhl,males,40,69519.1835167867,66387.87429036679,72928.09872126096,69612.09207097764
optimistic,2012,nhl,males,2,4643.961179084672,4626.377019898137,4662.343282879515,4644.154219184904
optimistic,2013,nhl,males,2,4803.181522136629,4773.816633100632,4826.44631834796,4802.023262017702
optimistic,2014,nhl,males,2,4918.291433061095,4889.593850368421,4942.27487236749,4917.347419032505
optimistic,2015,nhl,males,2,5017.6896831202575,4988.114933365472,5042.192500085429,5016.7080303046905
optimistic,2016,nhl,males,2,5170.705507022574,5139.090548023419,5197.366556477999,5170.025479209473
optimistic,2017,nhl,males,2,5505.8098452720715,5482.532995483283,5525.164239541241,5505.158796754136
optimistic,2018,nhl,males,2,5695.961298936628,5671.040253480185,5720.086935394072,5695.8249515276875
optimistic,2019,nhl,males,2,5820.031791830153,5792.960822256717,5846.789139477043,5819.776342995374
optimistic,2020,nhl,males,2,6085.02127386464,6053.949171067361,6114.949346020276,6084.537243854233
optimistic,2021,nhl,males,2,6087.6904760629095,6051.2938625387515,6122.110729624262,6087.386652804021
optimistic,2022,nhl,males,2,6152.926769258811,6071.692159600566,6233.623905448073,6153.465375636431
optimistic,2023,nhl,males,2,6459.0856784413645,6311.681981053603,6598.4114950979365,6460.199517149106
optimistic,2024,nhl,males,2,6689.164260589092,6538.875766389021,6838.929077063911,6689.810095082241
optimistic,2025,nhl,males,2,6917.2550566406835,6768.36509113228,7070.145977621542,6918.41742671662
optimistic,2026,nhl,males,2,7152.972440289773,6994.344499740102,7308.792753512721,7153.107461245142
optimistic,2027,nhl,males,2,7388.968511194251,7227.2191597328665,7552.58341264309,7390.856531503511
optimistic,2028,nhl,males,2,7624.3398609070155,7450.978870910272,7792.03582505387,7624.09829117846
optimistic,2029,nhl,males,2,7850.1336006908805,7669.958308639013,8027.222949316315,7850.66361943358
optimistic,2030,nhl,males,2,8067.013803254047,7874.18039166375,8252.157357475124,8067.654685677256
optimistic,2031,nhl,males,2,8275.288109877562,8069.432434945407,8475.759366009068,8276.453674552764
optimistic,2032,nhl,males,2,8478.970937004102,8259.423651696789,8692.581661752507,8479.633053054324
optimistic,2033,nhl,males,2,8676.270770718063,8440.440993450155,8910.728410178905,8676.303262099627
optimistic,2034,nhl,males,2,8871.384671959131,8622.56607047108,9124.564717941203,8872.087928893518
optimistic,2035,nhl,males,2,9068.36617023896,8802.28407847224,9339.76693980956,9069.05940162249
optimistic,2036,nhl,males,2,9270.650602779675,8987.806566496718,9560.09626445843,9270.233557698995
optimistic,2037,nhl,males,2,9455.347809272633,9158.908935887643,9763.502221625502,9455.419748608552
optimistic,2038,nhl,males,2,9597.824504217275,9292.992561294923,9923.477651439565,9600.993337488244
optimistic,2039,nhl,males,2,9729.971133220173,9410.435163637434,10064.815241376211,9731.86234447437
optimistic,2040,nhl,males,2,9845.958372336514,9512.647801087633,10194.434390011405,9847.01073664478
optimistic,2041,nhl,males,2,9947.573526991275,9603.542988115552,10316.227606768032,9948.402844147333
optimistic,2042,nhl,males,2,10035.385908696671,9673.456356313796,10421.293172124937,10037.299622063883
optimistic,2043,nhl,males,2,10113.90640103128,9740.373596230413,10513.740714801845,10116.530003939655
optimistic,2044,nhl,males,2,10192.603952634307,9804.382914123822,10603.914716156854,10194.473328934895
optimistic,2045,nhl,males,2,10275.732356098551,9879.166813845755,10698.00962955966,10275.230362241307
optimistic,2012,nhl,males,3,6505.386700849525,6481.261769911803,6531.794089756143,6506.0308589508995
optimistic,2013,nhl,males,3,6764.942607682094,6734.242626052069,6795.883674288323,6765.010641036595
optimistic,2014,nhl,males,3,7013.311208590966,6977.505685188978,7041.771469605915,7011.989204358881
optimistic,2015,nhl,males,3,7127.836075006049,7091.487250230455,7157.171090649295,7126.752012446717
optimistic,2016,nhl,males,3,7378.013771332755,7339.028426701649,7410.098014671183,7376.974706933474
optimistic,2017,nhl,males,3,7708.613484639867,7676.4320903549515,7736.47994268338,7708.10771719686
optimistic,2018,nhl,males,3,8036.472019963769,8004.580007987617,8066.166109083492,8035.970032865283
optimistic,2019,nhl,males,3,8319.954132525505,8289.26080475308,8352.176693300333,8320.303801148644
optimistic,2020,nhl,males,3,8605.13016242053,8570.995149566252,8640.8741759138,8605.305014354668
optimistic,2021,nhl,males,3,8715.401723177387,8678.089373119887,8756.313897201024,8715.75332848854
optimistic,2022,nhl,males,3,8925.505161817451,8842.59831521988,9010.426310271798,8926.272138877785
optimistic,2023,nhl,males,3,9106.88141314798,8959.42800088038,9251.524854698448,9107.404271821313
optimistic,2024,nhl,males,3,9510.772519712002,9303.150293309294,9713.727914673149,9512.623484154212
optimistic,2025,nhl,males,3,9848.734316744594,9641.431674866151,10056.380520929255,9850.43143733318
optimistic,2026,nhl,males,3,10192.234150716904,9982.324534191115,10407.716524497586,10192.631234472352
optimistic,2027,nhl,males,3,10539.93326335239,10320.26098256123,10762.680556038651,10539.38663808137
optimistic,2028,nhl,males,3,10887.252407623391,10652.739844608164,11124.283345373606,10886.543136715132
optimistic,2029,nhl,males,3,11225.768235975744,10974.469629481355,11468.556739628093,11225.58350370874
optimistic,2030,nhl,males,3,11551.023583624617,11282.221196012959,11818.488761786466,11553.556243728015
optimistic,2031,nhl,males,3,11864.421787279249,11582.057002993155,12152.091055006325,11868.796292140873
optimistic,2032,nhl,males,3,12169.831429170787,11870.856076405276,12469.410714861495,12174.04831116179
optimistic,2033,nhl,males,3,12466.590516732944,12147.70397532444,12787.568763971192,12469.691275923382
optimistic,2034,nhl,males,3,12756.804412186735,12416.459049958423,13096.683024402302,12759.421474706023
optimistic,2035,nhl,males,3,13043.67014282439,12683.701418683508,13408.264360732906,13049.694385710922
optimistic,2036,nhl,males,3,13339.308218424063,12956.449068399035,13728.85144807181,13346.636768500612
optimistic,2037,nhl,males,3,13621.819546073897,13211.268840320487,14035.7159554868,13627.925591684874
optimistic,2038,nhl,males,3,13870.894501400246,13435.849817676695,14298.67132361603,13874.269609478857
optimistic,2039,nhl,males,3,14066.28679367846,13614.56346747493,14518.994813248872,14068.82457016412
optimistic,2040,nhl,males,3,14239.32135091871,13769.985431372852,14722.117068486208,14241.915007480777
optimistic,2041,nhl,males,3,14393.040028919571,13904.771638433525,14892.078549105598,14394.443854322502
optimistic,2042,nhl,males,3,14524.978836393388,14020.77173988289,15046.55581480297,14527.441863703076
optimistic,2043,nhl,males,3,14642.109169265226,14122.44677019594,15178.431680090282,14644.96234544069
optimistic,2044,nhl,males,3,14752.809051771594,14217.673065221567,15307.872134238924,14755.766114964936
optimistic,2045,nhl,males,3,14860.86393172074,14312.002438618947,15436.924672356674,14866.141933823477
optimistic,2012,nhl,males,5,9620.743420836057,9583.783044182665,9658.410291359396,9620.854691694332
optimistic,2013,nhl,males,5,10068.96926656548,10030.064169119729,10110.930743325976,10069.419054520038
optimistic,2014,nhl,males,5,10517.7629017741,10473.992307774355,10556.027999266642,10517.226513923453
optimistic,2015,nhl,males,5,10835.211085050247,10790.301373923514,10876.024829490763,10834.187596425822
optimistic,2016,nhl,males,5,11209.58687747745,11163.200870725537,11254.475022356586,11209.160608359296
optimistic,2017,nhl,males,5,11643.546376498529,11603.34493647196,11687.086594032275,11643.983201777519
optimistic,2018,nhl,males,5,12057.250771889421,12016.08364241588,12098.29922662964,12057.06942496207
optimistic,2019,nhl,males,5,12462.758001246788,12419.694759385822,12505.509506677892,12462.585478281537
optimistic,2020,nhl,males,5,13033.706444062456,12989.038179553707,13081.024508446708,13033.015148492877
optimistic,2021,nhl,males,5,13314.251630094323,13266.376364071872,13361.751992928135,13313.334773304707
optimistic,2022,nhl,males,5,13647.823854260881,13559.709319799322,13739.987963094105,13647.517940359501
optimistic,2023,nhl,males,5,14072.445990466222,13921.109045857203,14223.774376147365,14071.050196997146
optimistic,2024,nhl,males,5,14486.295028818291,14273.909617295352,14698.362306849815,14485.396618269871
optimistic,2025,nhl,males,5,14870.746979528434,14595.513593335747,15138.7803212304,14871.541849481553
optimistic,2026,nhl,males,5,15470.587343210656,15130.468922461074,15791.657976621453,15471.088259153403
optimistic,2027,nhl,males,5,16016.402085289228,15672.35038301814,16349.647459654638,16015.932850317004
optimistic,2028,nhl,males,5,16562.438934363476,16218.797583282776,16913.229514727976,16561.15347675649
optimistic,2029,nhl,males,5,17106.000248520624,16748.958939076023,17473.521866736603,17104.12914247041
optimistic,2030,nhl,males,5,17640.98217065825,17263.414255962263,18024.71317850985,17638.868935776747
optimistic,2031,nhl,males,5,18158.36562490087,17755.269961101407,18563.605849471423,18157.977887969984
optimistic,2032,nhl,males,5,18659.55272888642,18243.979502432154,19082.51583740437,18661.0019541293
optimistic,2033,nhl,males,5,19143.842416193795,18689.94187755849,19595.93981805263,19145.21559844053
optimistic,2034,nhl,males,5,19615.207935841223,19127.68398657646,20091.416055057773,19615.717397898796
optimistic,2035,nhl,males,5,20073.696965030376,19554.81693058067,20584.44455824534,20076.907765328244
optimistic,2036,nhl,males,5,20532.89896433091,19990.164726646337,21077.452825498727,20538.030696324342
optimistic,2037,nhl,males,5,20981.88644407338,20408.87985706494,21564.87094984631,20986.293456028092
optimistic,2038,nhl,males,5,21399.99384589012,20795.40871817449,22018.54517529219,21402.731458919803
optimistic,2039,nhl,males,5,21769.6777651825,21137.87723535867,22417.468556127184,21772.371737518864
optimistic,2040,nhl,males,5,22082.496652749152,21416.916639570052,22769.35577004594,22087.99510420072
optimistic,2041,nhl,males,5,22332.408039347443,21638.430030768854,23043.200575389543,22340.403562496846
optimistic,2042,nhl,males,5,22553.36944787436,21830.666538251236,23294.882126337176,22562.42681741589
optimistic,2043,nhl,males,5,22746.54767935229,21995.787927579568,23530.997433924367,22757.27923939862
optimistic,2044,nhl,males,5,22925.905963698915,22144.241277106692,23746.668009236146,22934.24295278854
optimistic,2045,nhl,males,5,23090.333267235925,22283.308068052866,23945.008478438598,23100.91935526372
optimistic,2012,nhl,males,10,15278.180741720924,15057.115262852429,15494.410252119613,15279.21881855383
optimistic,2013,nhl,males,10,15897.327119794874,15690.90036413207,16106.831882488323,15898.240266737677
optimistic,2014,nhl,males,10,16563.961502080005,16371.653337822752,16765.171123137963,16566.210849580555
optimistic,2015,nhl,males,10,17179.330986407625,16994.998573969016,17372.655719790866,17181.379305533308
optimistic,2016,nhl,males,10,17883.34364727667,17705.146184456204,18071.209403696084,17883.945725985832
optimistic,2017,nhl,males,10,18736.33485238517,18576.94968186048,18901.72468929224,18737.206650346197
optimistic,2018,nhl,males,10,19495.134036876934,19345.493764096518,19646.002921815572,19496.702191509496
optimistic,2019,nhl,males,10,20268.76008350482,20122.305315057325,20412.10213876492,20268.54303331936
optimistic,2020,nhl,males,10,21093.048537079387,20928.739304372968,21254.968640912706,21092.339520201465
optimistic,2021,nhl,males,10,21666.40968249984,21458.875793049807,21875.4545934971,21666.469969237332
optimistic,2022,nhl,males,10,22337.597021501275,22123.92119313389,22539.236143636794,22340.0937360978
optimistic,2023,nhl,males,10,23106.87515539922,22865.922151653762,23306.106343380387,23102.49092966885
optimistic,2024,nhl,males,10,23873.15918363574,23605.702335187892,24111.057135650735,23867.82299982124
optimistic,2025,nhl,males,10,24731.052009905048,24413.725751142585,25014.206670781743,24725.962511095116
optimistic,2026,nhl,males,10,25585.566458430872,25199.95328732486,25950.292299105582,25580.14032871355
optimistic,2027,nhl,males,10,26408.41523940117,25955.83847195206,26833.86015253125,26401.413380403916
optimistic,2028,nhl,males,10,27296.223645213446,26787.06327827888,27812.04779569275,27291.93097613217
optimistic,2029,nhl,males,10,28157.933045989026,27583.607807307955,28740.148615141115,28160.001410544566
optimistic,2030,nhl,males,10,28990.016733867727,28345.82836853392,29667.685123287414,28997.782041147824
optimistic,2031,nhl,males,10,29995.72199754672,29263.52629432972,30740.629698693647,29997.89754538375
optimistic,2032,nhl,males,10,30936.523532144678,30166.954650687392,31737.12539529982,30938.170033051785
optimistic,2033,nhl,males,10,31851.325504501787,31040.374212368926,32698.218805314922,31861.822948198853
optimistic,2034,nhl,males,10,32755.683983358354,31896.732980199424,33669.17213839152,32769.95312090411
optimistic,2035,nhl,males,10,33643.210478700465,32730.9259226353,34627.72476808564,33661.92436596623
optimistic,2036,nhl,males,10,34517.2330875811,33528.40688624551,35579.88371031629,34540.100993438886
optimistic,2037,nhl,males,10,35364.72705102087,34300.88456337396,36499.48625247887,35385.941207544594
optimistic,2038,nhl,males,10,36167.52280470688,35029.1887737285,37374.77310687571,36181.81180716186
optimistic,2039,nhl,males,10,36904.64657389045,35694.26153211787,38186.30614769785,36919.69310883369
optimistic,2040,nhl,males,10,37588.90282022244,36315.1244448915,38937.0262179395,37596.90256419443
optimistic,2041,nhl,males,10,38201.7330073293,36860.99495836066,39628.106919946644,38211.94317525974
optimistic,2042,nhl,males,10,38745.29623160722,37323.91466053776,40274.94948333302,38764.78721304505
optimistic,2043,nhl,males,10,39225.04352209136,37730.02797597706,40852.171371154436,39252.930062373394
optimistic,2044,nhl,males,10,39636.33859063741,38087.99509118708,41325.844428048615,39678.11276906993
optimistic,2045,nhl,males,10,39997.63194203841,38405.421625121235,41766.11731729719,40042.3944711818
optimistic,2012,nhl,males,40,23319.209632469647,21192.894536333577,25785.052289485517,23375.82987519568
optimistic,2013,nhl,males,40,24497.426883735458,22304.547539900785,27095.717150417702,24574.215160132757
optimistic,2014,nhl,males,40,25743.28291518196,23471.370035444404,28450.707388472572,25824.84118110435
optimistic,2015,nhl,males,40,26944.997079282588,24599.06081094612,29766.620209920882,27022.25747959194
optimistic,2016,nhl,males,40,28248.658959534892,25839.300212197828,31180.681972437,28333.914527792243
optimistic,2017,nhl,males,40,29695.34342470644,27207.321827583608,32729.806403462546,29781.560331096694
optimistic,2018,nhl,males,40,31084.537692169564,28533.20304509242,34254.880077846,31182.71440370019
optimistic,2019,nhl,males,40,32543.10636159022,29919.70333188078,35833.59092541218,32634.510628485372
optimistic,2020,nhl,males,40,34111.280691323765,31414.313967185713,37502.24989931708,34210.89687244585
optimistic,2021,nhl,males,40,35485.300817073665,32753.778747633616,38962.80486344758,35581.175388645504
optimistic,2022,nhl,males,40,36951.320399987635,34182.1913167662,40407.71459024658,37028.5517577276
optimistic,2023,nhl,males,40,38454.50120169439,35709.50236465334,41902.13431929766,38531.7274178993
optimistic,2024,nhl,males,40,40011.4371240774,37335.15557773763,43350.88267171082,40094.55420893718
optimistic,2025,nhl,males,40,41649.131774131994,38958.43692516809,44867.19359622652,41715.3901984433
optimistic,2026,nhl,males,40,43327.91629419706,40717.40978682542,46447.65314858257,43396.34919784768
optimistic,2027,nhl,males,40,45040.00410247104,42545.14859094848,48114.24484273812,45113.72270374341
optimistic,2028,nhl,males,40,46797.753240909864,44423.146977260185,49809.727858756705,46878.02651653233
optimistic,2029,nhl,males,40,48624.8662656949,46332.68863030845,51522.592298680844,48694.76206663721
optimistic,2030,nhl,males,40,50468.516252921414,48263.38623327112,53176.857672859274,50526.55972593703
optimistic,2031,nhl,males,40,52366.08487646889,50217.86974557624,54930.15566722737,52388.67196647168
optimistic,2032,nhl,males,40,54274.4264503735,52168.72790896902,56751.97924796699,54279.103895856795
optimistic,2033,nhl,males,40,56175.86132035994,54091.207096318496,58625.72630449197,56184.37000771952
optimistic,2034,nhl,males,40,58119.51868952996,56048.57442645445,60535.102861373714,58134.98935597908
optimistic,2035,nhl,males,40,60106.899474495855,57954.684481173856,62424.576212831824,60106.045397252354
optimistic,2036,nhl,males,40,62118.01510136842,59831.654388949646,64487.09317897132,62102.1155971787
optimistic,2037,nhl,males,40,64143.90673672743,61783.91248930254,66655.93654884119,64130.16631492618
optimistic,2038,nhl,males,40,66154.09142578868,63600.09788175592,68891.90366126438,66146.83484979268
optimistic,2039,nhl,males,40,68148.75494640952,65348.48274206692,71031.02975835983,68159.24446233743
optimistic,2040,nhl,males,40,70078.5958584674,66974.3957688365,73394.5399908255,70125.14567030214
optimistic,2041,nhl,males,40,71999.04459101493,68571.3407476817,75713.27977617626,72055.31344098537
optimistic,2042,nhl,males,40,73854.68572022888,70016.93839030321,78076.59380052588,73960.58286889468
optimistic,2043,nhl,males,40,75699.95773031763,71467.81220344958,80429.78377333155,75806.06789863919
optimistic,2044,nhl,males,40,77514.26350930045,72708.30481094273,82690.81998407588,77619.70184067886
optimistic,2045,nhl,males,40,79308.5799143556,73989.98684912134,85001.65839076803,79406.21960095028
base,2012,nhl,females,2,3439.2751904937736,3424.455011133848,3454.094760136921,3439.2803168372143
base,2013,nhl,females,2,3581.8831877288762,3560.9588825082956,3604.766970185737,3582.1291808621677
base,2014,nhl,females,2,3793.057926958463,3771.8984008541092,3815.678309681796,3793.1768535586984
base,2015,nhl,females,2,3937.8577159768615,3914.7589045456116,3961.0561032097185,3937.9853530396504
base,2016,nhl,females,2,3985.8874082988873,3961.2633989839287,4008.872547218327,3986.039009288016
base,2017,nhl,females,2,4119.353683735359,4101.769317173086,4136.519702219458,4119.2756439239465
base,2018,nhl,females,2,4185.694339479662,4165.825636802364,4205.947172850617,4185.5276769857865
base,2019,nhl,females,2,4265.421853408996,4241.778133759946,4288.6768597957425,4265.034322390606
base,2020,nhl,females,2,4560.321330293262,4533.313697114798,4586.678673651249,4560.19351704612
base,2021,nhl,females,2,4701.8236113374505,4670.041843677835,4730.780002212903,4701.557411903812
base,2022,nhl,females,2,4732.102422892701,4660.999764248263,4805.548800334345,4730.818160221895
base,2023,nhl,females,2,4930.37757939336,4801.516592425351,5059.86764286504,4928.412763849969
base,2024,nhl,females,2,5109.173880512535,4978.390150008964,5241.642608159781,5107.786609077587
base,2025,nhl,females,2,5289.898093227002,5151.256031799014,5428.540565679828,5288.03290213181
base,2026,nhl,females,2,5476.2246625395,5331.812685982307,5620.488527244712,5474.498181251434
base,2027,nhl,females,2,5663.456499081949,5509.722651332468,5818.19338988601,5664.067670907453
base,2028,nhl,females,2,5850.2419263839565,5689.444761837505,6011.4481598879,5852.061348991175
base,2029,nhl,females,2,6036.468211369673,5865.399098844701,6208.65149510269,6036.979418838583
base,2030,nhl,females,2,6216.45191879658,6033.999448583289,6396.454181213506,6216.732238402043
base,2031,nhl,females,2,6392.215720328989,6200.504937706963,6582.370241090896,6392.109051641132
base,2032,nhl,females,2,6550.598153403997,6349.456079332203,6751.747209104144,6551.788316221944
base,2033,nhl,females,2,6685.611536688471,6476.2899310385965,6898.501000101157,6686.584603645508
base,2034,nhl,females,2,6820.999561883532,6603.296641634955,7048.138793848076,6822.263150639226
base,2035,nhl,females,2,6957.335603349675,6726.217343616169,7196.478092316691,6958.088319333048
base,2036,nhl,females,2,7095.885572639019,6850.374103054408,7349.520942223146,7096.074705329099
base,2037,nhl,females,2,7230.996215686022,6973.807800139468,7503.457420915714,7233.542527716639
base,2038,nhl,females,2,7360.62580621398,7090.321795058361,7652.03970749283,7363.890316355371
base,2039,nhl,females,2,7480.170711530378,7196.077752877828,7791.512889031718,7485.270074546351
base,2040,nhl,females,2,7590.782827274144,7292.477036710786,7916.099643571527,7596.487473353081
base,2041,nhl,females,2,7692.243540404601,7379.565543093502,8030.64606459892,7697.873422943286
base,2042,nhl,females,2,7785.25511787201,7461.660417283671,8145.161339044904,7791.768996786935
base,2043,nhl,females,2,7872.756405481004,7535.4995669252,8255.36652019809,7881.143788639551
base,2044,nhl,females,2,7960.785740987697,7610.881796322317,8360.35268095398,7969.761565780661
base,2045,nhl,females,2,8048.785454148975,7686.717647240604,8463.458493001375,8058.854961448066
base,2012,nhl,females,3,4874.302250402032,4855.482726494333,4895.432354626546,4874.625235324115
base,2013,nhl,females,3,5052.870151832376,5028.309816047661,5078.524308598772,5052.768583714009
base,2014,nhl,females,3,5379.061459736629,5352.210099104488,5406.568535915662,5379.44903446244
base,2015,nhl,females,3,5535.509514434993,5507.531781340138,5562.309911958256,5535.594093640703
base,2016,nhl,females,3,5760.629822782039,5731.238508423553,5789.344417519082,5760.654072966664
base,2017,nhl,females,3,5870.229025715773,5845.651906028506,5893.985024741023,5870.1649432101485
base,2018,nhl,females,3,6008.043724679746,5981.250497685218,6033.177117293854,6007.614500745926
base,2019,nhl,females,3,6141.522563250767,6116.454074952911,6167.812874336105,6141.2989246933985
base,2020,nhl,females,3,6454.916026217571,6425.980941211051,6484.776902524881,6454.69494002368
base,2021,nhl,females,3,6656.796049429591,6624.61181892271,6690.759203220374,6656.734733244467
base,2022,nhl,females,3,6909.615016018076,6835.4191417169,6983.502477131617,6908.6474710292605
base,2023,nhl,females,3,7034.47744012166,6902.567407872401,7169.073456765359,7032.009614502833
base,2024,nhl,females,3,7317.165670251009,7131.303971076002,7513.87034258634,7315.34419805091
base,2025,nhl,females,3,7584.240088290454,7393.064186089187,7781.557674031287,7583.388195539422
base,2026,nhl,females,3,7856.548488875473,7659.1229370945275,8063.5685600221395,7856.870801823962
base,2027,nhl,females,3,8137.774600887478,7929.933654373098,8348.106516048689,8135.793346497141
base,2028,nhl,females,3,8418.103602639378,8197.029849862352,8636.507119526195,8417.479153053106
base,2029,nhl,females,3,8695.771474474817,8467.218643898494,8928.013951303636,8695.509062057989
base,2030,nhl,females,3,8971.789004985067,8728.858177312695,9217.43017680592,8968.374813729391
base,2031,nhl,females,3,9237.81860739714,8976.914279747036,9503.700338829134,9234.441821049271
base,2032,nhl,females,3,9485.224703475633,9209.736831152875,9765.351422980171,9482.8369291478
base,2033,nhl,females,3,9708.792364401786,9418.938119678613,10002.119626207563,9704.903796083729
base,2034,nhl,females,3,9902.194674096354,9601.88094015601,10210.806330626889,9899.625126222501
base,2035,nhl,females,3,10093.854681126237,9778.545440247357,10419.747044316056,10094.858721849525
base,2036,nhl,females,3,10293.322146512406,9957.950191608545,10640.370013309974,10293.234636949255
base,2037,nhl,females,3,10488.258540893756,10137.02098451463,10856.780435350704,10490.385419526137
base,2038,nhl,females,3,10677.107106704945,10305.508425285703,11069.331306462362,10683.165504700313
base,2039,nhl,females,3,10856.19638283279,10465.458302556042,11276.334246923101,10864.17423591799
base,2040,nhl,females,3,11022.855957373466,10615.215851146353,11457.62343681268,11031.41121299101
base,2041,nhl,females,3,11177.250788913385,10748.449631987383,11628.027033334709,11184.462178625703
base,2042,nhl,females,3,11316.975754520452,10864.277916068317,11786.731732253536,11325.256245111972
base,2043,nhl,females,3,11451.196928333065,10979.350919570252,11950.103376053174,11457.402497845504
base,2044,nhl,females,3,11579.945881799173,11091.211796599868,12108.849676123496,11586.085645085705
base,2045,nhl,females,3,11707.451431074129,11193.42056094993,12258.31206846775,11713.697576418355
base,2012,nhl,females,5,7413.02689950513,7376.964054295702,7443.917912803217,7412.346098124833
base,2013,nhl,females,5,7680.571813373222,7644.634354988424,7714.758946512646,7680.827647096493
base,2014,nhl,females,5,8074.437569414776,8040.969162780008,8107.727263629621,8074.49030880885
base,2015,nhl,females,5,8373.185284841658,8338.446605000601,8406.130478110155,8373.262355723573
base,2016,nhl,females,5,8726.73451086467,8690.646454791267,8764.2942119707,8727.15706390417
base,2017,nhl,females,5,9014.99691169842,8980.166437023283,9049.959483823865,9015.179441999977
base,2018,nhl,females,5,9295.699000709821,9257.637978782901,9332.617540681837,9295.594885384495
base,2019,nhl,females,5,9481.79791813681,9444.337904223366,9519.966329868625,9481.576956525965
base,2020,nhl,females,5,9912.65395493023,9874.75058446901,9949.909972528447,9912.257909476139
base,2021,nhl,females,5,10164.919315766172,10125.099247934471,10204.154939268617,10165.438308764016
base,2022,nhl,females,5,10489.622342492694,10411.903136883418,10563.003581274244,10489.191236274446
base,2023,nhl,females,5,10888.508229833747,10757.627321485477,11019.36957013113,10887.695299507363
base,2024,nhl,females,5,11311.312026690179,11128.25059001908,11509.532299011133,11311.162766608864
base,2025,nhl,females,5,11611.04080791524,11374.49330694278,11867.107625467546,11610.52362694604
base,2026,nhl,females,5,12063.728738714643,11770.761872212544,12387.566619044463,12065.1660977772
base,2027,nhl,females,5,12507.985405191825,12207.33336799993,12831.828078929659,12509.616372089404
base,2028,nhl,females,5,12955.3739169059,12641.527759400025,13287.540243825702,12958.488734361275
base,2029,nhl,females,5,13408.400260336613,13080.370351961177,13761.78431007301,13410.214119152417
base,2030,nhl,females,5,13860.453534017677,13509.027508595143,14220.35151419969,13860.491279293956
base,2031,nhl,females,5,14300.3534740682,13924.446806690576,14679.796644699605,14303.599290393702
base,2032,nhl,females,5,14723.201277506985,14318.401391898167,15120.254732688432,14726.722243305132
base,2033,nhl,females,5,15112.918742005706,14683.322622942327,15532.492349711178,15119.150334801647
base,2034,nhl,females,5,15471.885259161458,15018.626314246843,15920.264419486377,15480.901931914847
base,2035,nhl,females,5,15804.199660130354,15318.980421537639,16283.690466885286,15812.708672589586
base,2036,nhl,females,5,16109.803247602413,15595.06631923104,16616.461130873246,16116.134980243623
base,2037,nhl,females,5,16412.886419180606,15874.793089871744,16953.18377674934,16420.018474768
base,2038,nhl,females,5,16713.786654636795,16155.194322748328,17277.004672957766,16719.93576858
base,2039,nhl,females,5,17001.495287129954,16429.713416522576,17604.706192117817,17010.094428767417
base,2040,nhl,females,5,17272.253491109597,16681.259347853815,17912.085838622243,17286.53577585647
base,2041,nhl,females,5,17525.364127485736,16899.918838907786,18199.246684881815,17542.95938419153
base,2042,nhl,females,5,17765.452483080226,17107.4632516863,18464.67920677781,17779.86828792293
base,2043,nhl,females,5,17987.422952626875,17306.818904497988,18721.051913420462,18000.02083490279
base,2044,nhl,females,5,18194.893708490563,17491.678446059545,18962.189650781762,18208.78422485367
base,2045,nhl,females,5,18397.211188363035,17660.801253509642,19209.310426268574,18410.35079329876
base,2012,nhl,females,10,12138.494240874636,11950.671740871387,12330.970217105474,12140.39075500197
base,2013,nhl,females,10,12588.877168131548,12403.460180280195,12769.485696258318,12591.19394380849
base,2014,nhl,females,10,13182.74356959781,13007.073468121733,13354.57481796886,13182.640238536513
base,2015,nhl,females,10,13639.617956372678,13473.836903426662,13803.83608396571,13639.425723865394
base,2016,nhl,females,10,14192.538158608626,14039.998779421869,14349.352368173157,14194.246247174671
base,2017,nhl,females,10,14751.3094569503,14611.782656854404,14888.32770113381,14751.558848062534
base,2018,nhl,females,10,15272.867505551756,15152.804380646,15390.8088262431,15273.073110473893
base,2019,nhl,females,10,15796.285666197111,15682.072804117455,15906.993640044451,15795.44223466811
base,2020,nhl,females,10,16511.541816746118,16380.001475649795,16636.65684858508,16511.757502335222
base,2021,nhl,females,10,17089.60446431062,16916.49259858896,17243.002248969708,17086.10128585551
base,2022,nhl,females,10,17656.489167697797,17486.217755438596,17809.31054325779,17654.84402197196
base,2023,nhl,females,10,18286.99577209709,18102.066843189285,18479.530258089042,18287.829301177542
base,2024,nhl,females,10,18859.294812533757,18653.465371499864,19085.314217170497,18863.31289709443
base,2025,nhl,females,10,19505.600856609173,19253.014604201086,19785.19007143844,19511.057051047195
base,2026,nhl,females,10,20170.105735357043,19860.871977033745,20522.59380075652,20180.429501724182
base,2027,nhl,females,10,20904.011995026955,20529.53324173549,21317.73778176604,20911.90578525212
base,2028,nhl,females,10,21710.40972042995,21282.114316336294,22177.446908023332,21720.19276386689
base,2029,nhl,females,10,22539.584323335395,22035.321701921348,23073.533984754882,22548.78226495857
base,2030,nhl,females,10,23252.963096260915,22698.8867307449,23851.017863870984,23263.267384371542
base,2031,nhl,females,10,24092.896031984215,23470.55163461474,24774.3534407061,24104.177133634315
base,2032,nhl,females,10,24918.100239626037,24244.489436684733,25648.52976766836,24919.043723936225
base,2033,nhl,females,10,25706.77342958469,24972.46133505359,26489.42299709126,25709.222390449097
base,2034,nhl,females,10,26470.797310750488,25665.863708904544,27329.365499430292,26472.58022934548
base,2035,nhl,females,10,27213.28217783999,26340.841338676626,28114.222471132023,27206.014539780375
base,2036,nhl,females,10,27906.649215479614,26985.05236959695,28887.866988672853,27906.031830720243
base,2037,nhl,females,10,28568.497984123685,27590.316383802936,29610.951243378768,28568.88523813952
base,2038,nhl,females,10,29190.18288640944,28143.706873340667,30311.888617890356,29189.71637824991
base,2039,nhl,females,10,29764.646804142583,28654.22878328524,30966.98666088396,29765.061117585818
base,2040,nhl,females,10,30289.955328505086,29134.963023385473,31547.392381956553,30291.107022090364
base,2041,nhl,females,10,30763.115574124095,29551.06735853307,32083.16041380389,30764.322024885
base,2042,nhl,females,10,31214.984482759057,29951.512855030967,32611.36995610327,31219.623568171923
base,2043,nhl,females,10,31654.049428904385,30332.968399850193,33124.261180503425,31655.991891268663
base,2044,nhl,females,10,32073.510986282497,30668.70344368013,33624.59234981865,32074.54190222309
base,2045,nhl,females,10,32474.931972374656,31001.735433351245,34109.81680950512,32476.64115334769
base,2012,nhl,females,40,20063.547426745237,18166.876521074406,22685.86481450503,20178.62435751329
base,2013,nhl,females,40,21001.90948746042,19011.12388420792,23734.080362860128,21123.954307599324
base,2014,nhl,females,40,22100.44780039214,20037.44804770422,24951.410028612183,22232.972889241493
base,2015,nhl,females,40,23133.739752118054,20976.926049163758,26095.191375119026,23263.50096179332
base,2016,nhl,females,40,24223.389362273298,22001.746074217815,27294.27733827988,24361.878171046363
base,2017,nhl,females,40,25333.529542244454,23042.018404540704,28536.376991262787,25486.32353120021
base,2018,nhl,females,40,26425.127367762136,24064.31649488324,29732.94072830634,26596.025252612744
base,2019,nhl,females,40,27572.930597556624,25147.36075265672,30992.454052190147,27749.226666920586
base,2020,nhl,females,40,28929.982068107558,26443.31259544401,32444.76219343508,29114.303425226815
base,2021,nhl,females,40,30149.90156775373,27619.74427864135,33737.58856009198,30346.310882627444
base,2022,nhl,females,40,31340.438953778532,28868.50149118621,34843.6421466423,31533.54334320021
base,2023,nhl,females,40,32628.430571966353,30135.257954252007,36082.226432447496,32791.94207640117
base,2024,nhl,females,40,33947.47596926572,31449.653053780912,37359.88361697855,34092.984194743585
base,2025,nhl,females,40,35333.16491241455,32908.58812593958,38635.87399910961,35447.95101052845
base,2026,nhl,females,40,36749.874796405595,34360.088690742436,39933.7316570956,36856.89675952266
base,2027,nhl,females,40,38209.71712628197,35864.2777474592,41329.500489499536,38306.235534137195
base,2028,nhl,females,40,39746.1647099416,37508.57635441938,42711.88393865062,39816.23370037127
base,2029,nhl,females,40,41307.25034157365,39164.60915958945,44195.32163316386,41366.34449952297
base,2030,nhl,females,40,42916.271797568785,40803.402006192235,45634.375476426096,42960.61861194207
base,2031,nhl,females,40,44569.64011555258,42490.953200979704,47065.96029865335,44594.39293849332
base,2032,nhl,females,40,46212.36886417571,44194.725481973095,48525.88840868618,46235.6378422654
base,2033,nhl,females,40,47902.03000685864,45919.17213867884,50126.719492418146,47902.77811539463
base,2034,nhl,females,40,49546.472469317705,47616.80795235927,51757.02259956868,49566.52357450242
base,2035,nhl,females,40,51218.85049694736,49247.018159353625,53373.408966803254,51236.69317848061
base,2036,nhl,females,40,52911.04792385722,50798.68194457226,55071.298253971836,52917.18876017957
base,2037,nhl,females,40,54605.0874780467,52338.137946300376,56924.10673430229,54608.30671181028
base,2038,nhl,females,40,56310.57888719835,53816.86486071864,58794.8872065619,56311.639180820624
base,2039,nhl,females,40,57989.1297243433,55296.33187994927,60788.59824687325,58014.57887790829
base,2040,nhl,females,40,59685.06565980759,56664.58381580851,62796.60552927484,59696.571758061975
base,2041,nhl,females,40,61339.364944895126,58028.35013488349,64791.48134263043,61365.68829135876
base,2042,nhl,females,40,62981.30186389362,59406.24413601368,66836.56752143083,62994.493262031974
base,2043,nhl,females,40,64619.64684426217,60757.99600711815,68926.07848607909,64633.77984642449
base,2044,nhl,females,40,66206.08282750734,61979.37168399924,71065.96178560841,66247.44676182383
base,2045,nhl,females,40,67837.53181835948,63159.54016827967,73250.67321632887,67831.54724582967
conservative,2012,nhl,females,2,3439.2751904937736,3424.455011133848,3454.094760136921,3439.2803168372143
conservative,2013,nhl,females,2,3581.8831877288762,3560.9588825082956,3604.766970185737,3582.1291808621677
conservative,2014,nhl,females,2,3793.057926958463,3771.8984008541092,3815.678309681796,3793.1768535586984
conservative,2015,nhl,females,2,3937.8577159768615,3914.7589045456116,3961.0561032097185,3937.9853530396504
conservative,2016,nhl,females,2,3985.8874082988873,3961.2633989839287,4008.872547218327,3986.039009288016
conservative,2017,nhl,females,2,4119.353683735359,4101.769317173086,4136.519702219458,4119.2756439239465
conservative,2018,nhl,females,2,4185.694339479662,4165.825636802364,4205.947172850617,4185.5276769857865
conservative,2019,nhl,females,2,4265.421853408996,4241.778133759946,4288.6768597957425,4265.034322390606
conservative,2020,nhl,females,2,4560.321330293262,4533.313697114798,4586.678673651249,4560.19351704612
conservative,2021,nhl,females,2,4701.8236113374505,4670.041843677835,4730.780002212903,4701.557411903812
conservative,2022,nhl,females,2,4723.264010330304,4653.3999104383765,4796.167278492683,4722.208292228786
conservative,2023,nhl,females,2,4896.578013424773,4771.870537404712,5026.246233840679,4895.411537745733
conservative,2024,nhl,females,2,5049.253845885472,4922.904723010739,5181.934124497454,5048.250882191066
conservative,2025,nhl,females,2,5200.339424273029,5070.1609445624135,5333.013998489195,5199.785890995
conservative,2026,nhl,females,2,5355.749581329688,5221.237200925101,5493.452253624946,5355.249997242427
conservative,2027,nhl,females,2,5511.474790900929,5373.252978088367,5649.347867342985,5511.509721542621
conservative,2028,nhl,females,2,5661.997944648796,5521.120647878465,5807.1409837188185,5663.9186625280145
conservative,2029,nhl,females,2,5807.061828999897,5661.694203197158,5961.379713844335,5810.887934154133
conservative,2030,nhl,females,2,5947.280868898406,5792.944983638436,6109.759790589858,5950.346008799089
conservative,2031,nhl,females,2,6082.335401492714,5916.1504788175,6250.837611768115,6083.1240001500955
conservative,2032,nhl,females,2,6207.649038960762,6033.459018296466,6387.527869804744,6209.545093676022
conservative,2033,nhl,females,2,6328.872994029833,6146.33416963237,6517.058374397632,6331.520407112785
conservative,2034,nhl,females,2,6451.284262570351,6259.865569004595,6650.546981340096,6454.565685779764
conservative,2035,nhl,females,2,6574.813022418477,6372.210173498114,6783.790489384017,6577.851702291072
conservative,2036,nhl,females,2,6699.309677087731,6485.969538442604,6917.608259677066,6703.2702867240805
conservative,2037,nhl,females,2,6823.921770490371,6600.117898776642,7054.681759053404,6828.239365334232
conservative,2038,nhl,females,2,6940.865281888852,6707.350936585288,7188.697443211234,6946.752556819518
conservative,2039,nhl,females,2,7049.056655306418,6805.102262588207,7312.63083752467,7057.0978539585785
conservative,2040,nhl,females,2,7149.127364343679,6890.32874236014,7429.4373435257385,7158.401580891352
conservative,2041,nhl,females,2,7242.01172201917,6969.705451441595,7540.733308034473,7251.000577399883
conservative,2042,nhl,females,2,7326.430289174767,7044.3503607065995,7646.355329330734,7336.900453785357
conservative,2043,nhl,females,2,7407.915587844259,7116.1168278286,7743.904062492293,7418.648208921547
conservative,2044,nhl,females,2,7490.226183340445,7184.922534239803,7839.48095505906,7499.601560211198
conservative,2045,nhl,females,2,7570.413970168151,7253.11025063703,7935.416834300669,7580.906246782404
conservative,2012,nhl,females,3,4874.302250402032,4855.482726494333,4895.432354626546,4874.625235324115
conservative,2013,nhl,females,3,5052.870151832376,5028.309816047661,5078.524308598772,5052.768583714009
conservative,2014,nhl,females,3,5379.061459736629,5352.210099104488,5406.568535915662,5379.44903446244
conservative,2015,nhl,females,3,5535.509514434993,5507.531781340138,5562.309911958256,5535.594093640703
conservative,2016,nhl,females,3,5760.629822782039,5731.238508423553,5789.344417519082,5760.654072966664
conservative,2017,nhl,females,3,5870.229025715773,5845.651906028506,5893.985024741023,5870.1649432101485
conservative,2018,nhl,females,3,6008.043724679746,5981.250497685218,6033.177117293854,6007.614500745926
conservative,2019,nhl,females,3,6141.522563250767,6116.454074952911,6167.812874336105,6141.2989246933985
conservative,2020,nhl,females,3,6454.916026217571,6425.980941211051,6484.776902524881,6454.69494002368
conservative,2021,nhl,females,3,6656.796049429591,6624.61181892271,6690.759203220374,6656.734733244467
conservative,2022,nhl,females,3,6901.357299419265,6827.460369811025,6974.401544453014,6900.037603036152
conservative,2023,nhl,females,3,7000.072652569729,6871.410704143924,7136.2889300242405,6999.008388398596
conservative,2024,nhl,females,3,7239.5107752189015,7060.651245832459,7431.700733519317,7238.386393257638
conservative,2025,nhl,females,3,7458.807129223388,7278.434977591015,7653.185562027203,7458.706917374378
conservative,2026,nhl,females,3,7681.786355127885,7497.482069152543,7872.505596568585,7680.624956185501
conservative,2027,nhl,females,3,7904.4131408723215,7711.692816337384,8098.233222978007,7904.017494376092
conservative,2028,nhl,females,3,8125.2431943106285,7924.806606328977,8326.715288579848,8126.2081472435775
conservative,2029,nhl,females,3,8338.427601848784,8130.702240434363,8547.519631986781,8340.769874048401
conservative,2030,nhl,females,3,8543.357852512558,8324.163965988737,8765.688204404507,8546.142020357602
conservative,2031,nhl,females,3,8739.362930280793,8504.100607846518,8972.00783458566,8740.80856212307
conservative,2032,nhl,females,3,8923.075655664969,8677.636868908736,9170.691002294843,8925.526910149516
conservative,2033,nhl,females,3,9100.526460590025,8840.631991796532,9357.666779968571,9102.797217802241
conservative,2034,nhl,females,3,9273.880730862797,9001.591617766657,9547.743130597168,9276.288034888776
conservative,2035,nhl,females,3,9448.900489752345,9163.165246157338,9734.86876822398,9450.457628450857
conservative,2036,nhl,females,3,9624.102758579,9328.366932793078,9931.215324022398,9627.780074715505
conservative,2037,nhl,females,3,9797.849096411283,9489.581664252635,10125.75911917097,9804.010574152708
conservative,2038,nhl,females,3,9970.105717571743,9647.640075082785,10318.49573917631,9976.317588733182
conservative,2039,nhl,females,3,10130.489061874694,9792.480120034787,10502.834877462406,10138.107797444532
conservative,2040,nhl,females,3,10279.079523487744,9923.972633611324,10675.291567493841,10287.683336748352
conservative,2041,nhl,females,3,10415.485234779619,10042.436255121635,10834.08081946428,10424.935078498778
conservative,2042,nhl,females,3,10541.64736742266,10150.445435495962,10982.699538107037,10551.59762916158
conservative,2043,nhl,females,3,10662.24005674759,10250.521951372662,11122.890883421087,10670.648789653158
conservative,2044,nhl,females,3,10778.583208641312,10347.322860991895,11256.509508138335,10786.569067155178
conservative,2045,nhl,females,3,10892.07978816545,10443.088952494976,11394.405361007668,10901.379349710733
conservative,2012,nhl,females,5,7413.02689950513,7376.964054295702,7443.917912803217,7412.346098124833
conservative,2013,nhl,females,5,7680.571813373222,7644.634354988424,7714.758946512646,7680.827647096493
conservative,2014,nhl,females,5,8074.437569414776,8040.969162780008,8107.727263629621,8074.49030880885
conservative,2015,nhl,females,5,8373.185284841658,8338.446605000601,8406.130478110155,8373.262355723573
conservative,2016,nhl,females,5,8726.73451086467,8690.646454791267,8764.2942119707,8727.15706390417
conservative,2017,nhl,females,5,9014.99691169842,8980.166437023283,9049.959483823865,9015.179441999977
conservative,2018,nhl,females,5,9295.699000709821,9257.637978782901,9332.617540681837,9295.594885384495
conservative,2019,nhl,females,5,9481.79791813681,9444.337904223366,9519.966329868625,9481.576956525965
conservative,2020,nhl,females,5,9912.65395493023,9874.75058446901,9949.909972528447,9912.257909476139
conservative,2021,nhl,females,5,10164.919315766172,10125.099247934471,10204.154939268617,10165.438308764016
conservative,2022,nhl,females,5,10480.972576185159,10403.728866000725,10553.645849635608,10480.581368281339
conservative,2023,nhl,females,5,10854.907336004353,10726.230061687495,10986.216054254863,10854.694073403127
conservative,2024,nhl,females,5,11233.646249087404,11055.473035179006,11427.2199512493,11234.204961815592
conservative,2025,nhl,females,5,11468.270451197863,11239.28688167885,11721.156359114206,11468.172736932265
conservative,2026,nhl,females,5,11833.390569706531,11546.507160691095,12140.72885788115,11832.224430367425
conservative,2027,nhl,females,5,12177.488509044466,11893.274714644922,12490.793712430392,12178.817037679353
conservative,2028,nhl,females,5,12523.18530799646,12219.875303343322,12846.10562840506,12522.49322055072
conservative,2029,nhl,females,5,12860.60942952814,12550.368499980155,13198.226288915726,12861.507120952538
conservative,2030,nhl,females,5,13188.570113453785,12858.208183701752,13535.61797518226,13191.534854025696
conservative,2031,nhl,females,5,13505.31006371583,13147.04620126937,13859.553627594258,13507.023064827144
conservative,2032,nhl,females,5,13805.184570808484,13429.917350684667,14175.594313079177,13806.861516052877
conservative,2033,nhl,females,5,14087.803132548075,13693.191514453085,14479.284387784555,14091.683606321896
conservative,2034,nhl,females,5,14362.073738740359,13947.690462610102,14781.278233126008,14366.267814060739
conservative,2035,nhl,females,5,14628.642669755267,14198.292295631803,15071.218030093045,14633.492768890463
conservative,2036,nhl,females,5,14892.650161099733,14445.944143284609,15359.379420469046,14899.124154373074
conservative,2037,nhl,females,5,15160.007970520472,14698.042806172665,15646.190725880511,15165.328364937875
conservative,2038,nhl,females,5,15422.865236533886,14935.630528478374,15936.154339662515,15428.057777159258
conservative,2039,nhl,females,5,15673.916384084874,15152.93814952786,16214.81187502578,15682.105835658127
conservative,2040,nhl,females,5,15914.74479534959,15369.279565796138,16490.702366630285,15924.124693165106
conservative,2041,nhl,females,5,16133.679105780138,15569.056286934921,16750.08689429679,16148.943404987911
conservative,2042,nhl,females,5,16342.343097464647,15752.451973571095,16997.804694862825,16357.16813499486
conservative,2043,nhl,females,5,16537.45681868741,15908.79135541219,17230.66478155531,16551.320019766776
conservative,2044,nhl,females,5,16721.042034238715,16072.656071427708,17450.53720141646,16736.00267713918
conservative,2045,nhl,females,5,16897.80284457726,16225.142085883368,17668.767584308003,16914.526084212444
conservative,2012,nhl,females,10,12138.494240874636,11950.671740871387,12330.970217105474,12140.39075500197
conservative,2013,nhl,females,10,12588.877168131548,12403.460180280195,12769.485696258318,12591.19394380849
conservative,2014,nhl,females,10,13182.74356959781,13007.073468121733,13354.57481796886,13182.640238536513
conservative,2015,nhl,females,10,13639.617956372678,13473.836903426662,13803.83608396571,13639.425723865394
conservative,2016,nhl,females,10,14192.538158608626,14039.998779421869,14349.352368173157,14194.246247174671
conservative,2017,nhl,females,10,14751.3094569503,14611.782656854404,14888.32770113381,14751.558848062534
conservative,2018,nhl,females,10,15272.867505551756,15152.804380646,15390.8088262431,15273.073110473893
conservative,2019,nhl,females,10,15796.285666197111,15682.072804117455,15906.993640044451,15795.44223466811
conservative,2020,nhl,females,10,16511.541816746118,16380.001475649795,16636.65684858508,16511.757502335222
conservative,2021,nhl,females,10,17089.60446431062,16916.49259858896,17243.002248969708,17086.10128585551
conservative,2022,nhl,females,10,17647.4799111221,17478.754031808876,17800.641226089017,17646.23415397885
conservative,2023,nhl,females,10,18253.10452139363,18067.881133888724,18446.349310147263,18254.828075073303
conservative,2024,nhl,females,10,18780.53366099107,18582.88477960212,19002.62069223189,18786.35509230116
conservative,2025,nhl,females,10,19361.463861131502,19120.432263968847,19640.29459276488,19368.70616103342
conservative,2026,nhl,females,10,19940.803261097022,19638.29447876022,20279.289825760716,19947.487834314405
conservative,2027,nhl,females,10,20554.096857252658,20196.386431835817,20947.15473474769,20560.789588880263
conservative,2028,nhl,females,10,21214.20596537515,20791.998436650178,21673.281440455437,21220.549719099265
conservative,2029,nhl,females,10,21859.964256597712,21383.96824426729,22379.31762369515,21867.51123965828
conservative,2030,nhl,females,10,22352.563137852507,21823.924362171176,22942.53593784258,22364.620503368726
conservative,2031,nhl,females,10,22938.977142062926,22354.417088051916,23590.892598933468,22949.92597491806
conservative,2032,nhl,females,10,23496.83250289479,22887.279990303236,24159.80936040159,23503.922701680855
conservative,2033,nhl,females,10,24025.88902987553,23391.842088119352,24724.352329853882,24039.312786799645
conservative,2034,nhl,females,10,24546.43837985122,23877.980472762843,25264.91787389386,24558.90137184604
conservative,2035,nhl,females,10,25044.382469279415,24344.655485732143,25814.295537518014,25062.07412958845
conservative,2036,nhl,females,10,25530.610341586755,24790.05387025524,26331.820343785264,25550.11800980908
conservative,2037,nhl,females,10,26004.628891332573,25212.459375789782,26833.913920860807,26022.097294520936
conservative,2038,nhl,females,10,26459.279693025484,25620.981884990244,27332.559049530715,26476.51964878187
conservative,2039,nhl,females,10,26897.929354073574,26007.57419700789,27816.747494157076,26912.995293946267
conservative,2040,nhl,females,10,27318.76951029794,26388.23405606464,28263.649181458622,27330.836653314913
conservative,2041,nhl,females,10,27708.555232492254,26745.064434843727,28710.290671005125,27729.642956845524
conservative,2042,nhl,females,10,28095.186588560828,27095.9174899029,29140.718678909234,28113.240748043027
conservative,2043,nhl,females,10,28462.002912888653,27413.450754765738,29564.273552495484,28481.06906188809
conservative,2044,nhl,females,10,28813.97781898745,27723.748368025586,29969.999358219575,28834.397077699297
conservative,2045,nhl,females,10,29157.518281954515,27999.606326019646,30387.35393708587,29174.545590390535
conservative,2012,nhl,females,40,20063.547426745237,18166.876521074406,22685.86481450503,20178.62435751329
conservative,2013,nhl,females,40,21001.90948746042,19011.12388420792,23734.080362860128,21123.954307599324
conservative,2014,nhl,females,40,22100.44780039214,20037.44804770422,24951.410028612183,22232.972889241493
conservative,2015,nhl,females,40,23133.739752118054,20976.926049163758,26095.191375119026,23263.50096179332
conservative,2016,nhl,females,40,24223.389362273298,22001.746074217815,27294.27733827988,24361.878171046363
conservative,2017,nhl,females,40,25333.529542244454,23042.018404540704,28536.376991262787,25486.32353120021
conservative,2018,nhl,females,40,26425.127367762136,24064.31649488324,29732.94072830634,26596.025252612744
conservative,2019,nhl,females,40,27572.930597556624,25147.36075265672,30992.454052190147,27749.226666920586
conservative,2020,nhl,females,40,28929.982068107558,26443.31259544401,32444.76219343508,29114.303425226815
conservative,2021,nhl,females,40,30149.90156775373,27619.74427864135,33737.58856009198,30346.310882627444
conservative,2022,nhl,females,40,31331.81106068383,28859.825396017848,34834.42339894985,31524.9334752071
conservative,2023,nhl,females,40,32593.750852592315,30101.922030345417,36051.75389603096,32758.940850296927
conservative,2024,nhl,females,40,33870.458725141805,31372.34315092681,37286.72124970655,34016.02638995031
conservative,2025,nhl,females,40,35194.66010554111,32777.74106055453,38488.83689214496,35305.600120514675
conservative,2026,nhl,females,40,36514.93133821394,34121.40345789631,39700.844352963875,36623.955092112876
conservative,2027,nhl,females,40,37854.798696117876,35547.44053390375,40962.35285390155,37955.11933776534
conservative,2028,nhl,females,40,39234.2118113451,36995.46436954438,42259.68152176654,39316.59065560364
conservative,2029,nhl,females,40,40625.83729180216,38469.134066459344,43503.09536824262,40685.073474222685
conservative,2030,nhl,females,40,42006.41709819311,39922.42290187376,44766.483526581695,42061.97173093924
conservative,2031,nhl,females,40,43416.97960375117,41329.610302190194,45975.08742505139,43440.14177977706
conservative,2032,nhl,females,40,44772.12984146789,42739.054551799185,47166.28486201361,44796.818026650704
conservative,2033,nhl,females,40,46141.49398691872,44182.62607790951,48463.93498430623,46159.29602954647
conservative,2034,nhl,females,40,47524.408754066506,45552.01658808716,49752.67387434508,47500.8698933338
conservative,2035,nhl,females,40,48832.085910742804,46893.89384479399,51026.743481341386,48831.395679772126
conservative,2036,nhl,females,40,50144.271456622424,48199.66702714503,52290.07081093146,50156.99127120524
conservative,2037,nhl,females,40,51483.17038976423,49468.67734303141,53591.755382494805,51478.53472910936
conservative,2038,nhl,females,40,52799.24227593023,50687.00883712803,54969.01583024828,52798.67676392862
conservative,2039,nhl,females,40,54107.49486451729,51843.38897977396,56373.401361940436,54106.00394944841
conservative,2040,nhl,females,40,55368.92553346335,52998.186106194546,57755.51776756918,55381.26211037342
conservative,2041,nhl,females,40,56610.44069203713,54088.982330670886,59230.32859054951,56633.88020209381
conservative,2042,nhl,females,40,57791.76117578414,55145.3913547486,60635.3362557046,57837.45728410137
conservative,2043,nhl,females,40,59000.39531287612,56199.10059240873,62048.807836856366,59043.51009741863
conservative,2044,nhl,females,40,60181.03593991515,57209.46978117486,63518.6607392228,60216.38006421479
conservative,2045,nhl,females,40,61325.875086427804,58176.53165132608,64951.141360820344,61352.611943031734
optimistic,2012,nhl,females,2,3439.2751904937736,3424.455011133848,3454.094760136921,3439.2803168372143
optimistic,2013,nhl,females,2,3581.8831877288762,3560.9588825082956,3604.766970185737,3582.1291808621677
optimistic,2014,nhl,females,2,3793.057926958463,3771.8984008541092,3815.678309681796,3793.1768535586984
optimistic,2015,nhl,females,2,3937.8577159768615,3914.7589045456116,3961.0561032097185,3937.9853530396504
optimistic,2016,nhl,females,2,3985.8874082988873,3961.2633989839287,4008.872547218327,3986.039009288016
optimistic,2017,nhl,females,2,4119.353683735359,4101.769317173086,4136.519702219458,4119.2756439239465
optimistic,2018,nhl,females,2,4185.694339479662,4165.825636802364,4205.947172850617,4185.5276769857865
optimistic,2019,nhl,females,2,4265.421853408996,4241.778133759946,4288.6768597957425,4265.034322390606
optimistic,2020,nhl,females,2,4560.321330293262,4533.313697114798,4586.678673651249,4560.19351704612
optimistic,2021,nhl,females,2,4701.8236113374505,4670.041843677835,4730.780002212903,4701.557411903812
optimistic,2022,nhl,females,2,4732.102422892701,4660.999764248263,4805.548800334345,4730.818160221895
optimistic,2023,nhl,females,2,4930.37757939336,4801.516592425351,5059.86764286504,4928.412763849969
optimistic,2024,nhl,females,2,5109.173880512535,4978.390150008964,5241.642608159781,5107.786609077587
optimistic,2025,nhl,females,2,5289.898093227002,5151.256031799014,5428.540565679828,5288.03290213181
optimistic,2026,nhl,females,2,5476.2246625395,5331.812685982307,5620.488527244712,5474.498181251434
optimistic,2027,nhl,females,2,5663.456499081949,5509.722651332468,5818.19338988601,5664.067670907453
optimistic,2028,nhl,females,2,5850.2419263839565,5689.444761837505,6011.4481598879,5852.061348991175
optimistic,2029,nhl,females,2,6036.468211369673,5865.399098844701,6208.65149510269,6036.979418838583
optimistic,2030,nhl,females,2,6216.45191879658,6033.999448583289,6396.454181213506,6216.732238402043
optimistic,2031,nhl,females,2,6392.215720328989,6200.504937706963,6582.370241090896,6392.109051641132
optimistic,2032,nhl,females,2,6563.045888667869,6359.634434990702,6764.5611555488595,6563.800338070436
optimistic,2033,nhl,females,2,6733.775960306057,6518.7806578715945,6951.484061933034,6733.767121115685
optimistic,2034,nhl,females,2,6907.236911433807,6676.684906860591,7141.239577866265,6906.942778566058
optimistic,2035,nhl,females,2,7082.704501967211,6837.968738649273,7336.883143465135,7082.381268912223
optimistic,2036,nhl,females,2,7261.355644090951,6998.705369122142,7533.23754778758,7261.6996776433725
optimistic,2037,nhl,females,2,7429.283766799192,7149.836189330635,7718.653302689068,7428.920719066676
optimistic,2038,nhl,females,2,7565.326474425758,7271.640073827683,7870.231552247895,7565.004607239177
optimistic,2039,nhl,females,2,7689.304542277958,7382.975383757704,8003.386949043795,7691.7359110562365
optimistic,2040,nhl,females,2,7803.846950775306,7483.029218152795,8130.7453585457415,7807.76252460394
optimistic,2041,nhl,females,2,7908.43079245566,7575.272729724545,8247.631840243646,7913.413020839243
optimistic,2042,nhl,females,2,8005.026522276848,7660.799698817579,8356.172893073219,8011.187357225594
optimistic,2043,nhl,females,2,8095.856806739559,7739.317013621744,8462.817347304463,8104.258852393211
optimistic,2044,nhl,females,2,8187.193942750849,7816.794266518004,8572.658345050744,8196.58876400152
optimistic,2045,nhl,females,2,8277.842721217847,7890.296428828872,8686.111358388389,8289.456968169081
optimistic,2012,nhl,females,3,4874.302250402032,4855.482726494333,4895.432354626546,4874.625235324115
optimistic,2013,nhl,females,3,5052.870151832376,5028.309816047661,5078.524308598772,5052.768583714009
optimistic,2014,nhl,females,3,5379.061459736629,5352.210099104488,5406.568535915662,5379.44903446244
optimistic,2015,nhl,females,3,5535.509514434993,5507.531781340138,5562.309911958256,5535.594093640703
optimistic,2016,nhl,females,3,5760.629822782039,5731.238508423553,5789.344417519082,5760.654072966664
optimistic,2017,nhl,females,3,5870.229025715773,5845.651906028506,5893.985024741023,5870.1649432101485
optimistic,2018,nhl,females,3,6008.043724679746,5981.250497685218,6033.177117293854,6007.614500745926
optimistic,2019,nhl,females,3,6141.522563250767,6116.454074952911,6167.812874336105,6141.2989246933985
optimistic,2020,nhl,females,3,6454.916026217571,6425.980941211051,6484.776902524881,6454.69494002368
optimistic,2021,nhl,females,3,6656.796049429591,6624.61181892271,6690.759203220374,6656.734733244467
optimistic,2022,nhl,females,3,6909.615016018076,6835.4191417169,6983.502477131617,6908.6474710292605
optimistic,2023,nhl,females,3,7034.47744012166,6902.567407872401,7169.073456765359,7032.009614502833
optimistic,2024,nhl,females,3,7317.165670251009,7131.303971076002,7513.87034258634,7315.34419805091
optimistic,2025,nhl,females,3,7584.240088290454,7393.064186089187,7781.557674031287,7583.388195539422
optimistic,2026,nhl,females,3,7856.548488875473,7659.1229370945275,8063.5685600221395,7856.870801823962
optimistic,2027,nhl,females,3,8137.774600887478,7929.933654373098,8348.106516048689,8135.793346497141
optimistic,2028,nhl,females,3,8418.103602639378,8197.029849862352,8636.507119526195,8417.479153053106
optimistic,2029,nhl,females,3,8695.771474474817,8467.218643898494,8928.013951303636,8695.509062057989
optimistic,2030,nhl,females,3,8971.789004985067,8728.858177312695,9217.43017680592,8968.374813729391
optimistic,2031,nhl,females,3,9237.81860739714,8976.914279747036,9503.700338829134,9234.441821049271
optimistic,2032,nhl,females,3,9497.411083040337,9221.164912934786,9778.95897643088,9494.848950996291
optimistic,2033,nhl,females,3,9756.489596691383,9461.809088906428,10053.666053238288,9752.086313553906
optimistic,2034,nhl,females,3,10012.625316740932,9700.793644871837,10331.823894930998,10009.61184099727
optimistic,2035,nhl,females,3,10274.211914896747,9943.058346114158,10611.196044694514,10271.414651882045
optimistic,2036,nhl,females,3,10542.211958542526,10190.231100476087,10901.613208922057,10539.710168225645
optimistic,2037,nhl,females,3,10797.508890887944,10419.2610111447,11174.361020024317,10796.809354194787
optimistic,2038,nhl,females,3,11026.192145837787,10629.861087137548,11424.644423606538,11027.237033890635
optimistic,2039,nhl,females,3,11215.031369046694,10798.844607950228,11637.490096670048,11217.685334759426
optimistic,2040,nhl,females,3,11388.56835333978,10952.922236920502,11834.61604195032,11393.602239805157
optimistic,2041,nhl,females,3,11548.498371074347,11093.028999105134,12015.542078317683,11554.418926747445
optimistic,2042,nhl,females,3,11697.476791025256,11220.071174202978,12179.519463440287,11702.153851933888
optimistic,2043,nhl,females,3,11837.005546817192,11332.14961370619,12341.482589878482,11840.722124973232
optimistic,2044,nhl,females,3,11973.141552244968,11447.657979374131,12501.55270454654,11975.655027252824
optimistic,2045,nhl,females,3,12106.765303905606,11559.716579651596,12666.484238696998,12109.535777515313
optimistic,2012,nhl,females,5,7413.02689950513,7376.964054295702,7443.917912803217,7412.346098124833
optimistic,2013,nhl,females,5,7680.571813373222,7644.634354988424,7714.758946512646,7680.827647096493
optimistic,2014,nhl,females,5,8074.437569414776,8040.969162780008,8107.727263629621,8074.49030880885
optimistic,2015,nhl,females,5,8373.185284841658,8338.446605000601,8406.130478110155,8373.262355723573
optimistic,2016,nhl,females,5,8726.73451086467,8690.646454791267,8764.2942119707,8727.15706390417
optimistic,2017,nhl,females,5,9014.99691169842,8980.166437023283,9049.959483823865,9015.179441999977
optimistic,2018,nhl,females,5,9295.699000709821,9257.637978782901,9332.617540681837,9295.594885384495
optimistic,2019,nhl,females,5,9481.79791813681,9444.337904223366,9519.966329868625,9481.576956525965
optimistic,2020,nhl,females,5,9912.65395493023,9874.75058446901,9949.909972528447,9912.257909476139
optimistic,2021,nhl,females,5,10164.919315766172,10125.099247934471,10204.154939268617,10165.438308764016
optimistic,2022,nhl,females,5,10489.622342492694,10411.903136883418,10563.003581274244,10489.191236274446
optimistic,2023,nhl,females,5,10888.508229833747,10757.627321485477,11019.36957013113,10887.695299507363
optimistic,2024,nhl,females,5,11311.312026690179,11128.25059001908,11509.532299011133,11311.162766608864
optimistic,2025,nhl,females,5,11611.04080791524,11374.49330694278,11867.107625467546,11610.52362694604
optimistic,2026,nhl,females,5,12063.728738714643,11770.761872212544,12387.566619044463,12065.1660977772
optimistic,2027,nhl,females,5,12507.985405191825,12207.33336799993,12831.828078929659,12509.616372089404
optimistic,2028,nhl,females,5,12955.3739169059,12641.527759400025,13287.540243825702,12958.488734361275
optimistic,2029,nhl,females,5,13408.400260336613,13080.370351961177,13761.78431007301,13410.214119152417
optimistic,2030,nhl,females,5,13860.453534017677,13509.027508595143,14220.35151419969,13860.491279293956
optimistic,2031,nhl,females,5,14300.3534740682,13924.446806690576,14679.796644699605,14303.599290393702
optimistic,2032,nhl,females,5,14735.67467508718,14329.56687056689,15133.790280008101,14738.734265153624
optimistic,2033,nhl,females,5,15159.698094645602,14726.527953964978,15585.675338680492,15166.332852271824
optimistic,2034,nhl,females,5,15583.782312251744,15124.382151340353,16042.113102294867,15590.888646689615
optimistic,2035,nhl,females,5,16008.010086117927,15519.939983236154,16496.684985399344,16014.929780619734
optimistic,2036,nhl,females,5,16435.48084896808,15913.815476774871,16957.592559427947,16444.009245047288
optimistic,2037,nhl,females,5,16860.645203157415,16301.476207269552,17409.97830878153,16866.842075448392
optimistic,2038,nhl,females,5,17262.046751543287,16667.089262674912,17836.13186120233,17266.648960180482
optimistic,2039,nhl,females,5,17624.965350747363,17007.573426959796,18240.173003511944,17631.837774851025
optimistic,2040,nhl,females,5,17948.473080839474,17296.79893793789,18604.37980573768,17956.277785628394
optimistic,2041,nhl,females,5,18218.446355396805,17532.921851511503,18912.937892344384,18228.360401013386
optimistic,2042,nhl,females,5,18469.818935749718,17753.45353070206,19197.603655068953,18479.477974956902
optimistic,2043,nhl,females,5,18704.653770684472,17953.906259302697,19459.777222204528,18712.497678313903
optimistic,2044,nhl,females,5,18925.451251473463,18149.84125405944,19721.18465448556,18933.163614161447
optimistic,2045,nhl,females,5,19137.606276636125,18338.408861876862,19980.047459585556,19146.114187691386
optimistic,2012,nhl,females,10,12138.494240874636,11950.671740871387,12330.970217105474,12140.39075500197
optimistic,2013,nhl,females,10,12588.877168131548,12403.460180280195,12769.485696258318,12591.19394380849
optimistic,2014,nhl,females,10,13182.74356959781,13007.073468121733,13354.57481796886,13182.640238536513
optimistic,2015,nhl,females,10,13639.617956372678,13473.836903426662,13803.83608396571,13639.425723865394
optimistic,2016,nhl,females,10,14192.538158608626,14039.998779421869,14349.352368173157,14194.246247174671
optimistic,2017,nhl,females,10,14751.3094569503,14611.782656854404,14888.32770113381,14751.558848062534
optimistic,2018,nhl,females,10,15272.867505551756,15152.804380646,15390.8088262431,15273.073110473893
optimistic,2019,nhl,females,10,15796.285666197111,15682.072804117455,15906.993640044451,15795.44223466811
optimistic,2020,nhl,females,10,16511.541816746118,16380.001475649795,16636.65684858508,16511.757502335222
optimistic,2021,nhl,females,10,17089.60446431062,16916.49259858896,17243.002248969708,17086.10128585551
optimistic,2022,nhl,females,10,17656.489167697797,17486.217755438596,17809.31054325779,17654.84402197196
optimistic,2023,nhl,females,10,18286.99577209709,18102.066843189285,18479.530258089042,18287.829301177542
optimistic,2024,nhl,females,10,18859.294812533757,18653.465371499864,19085.314217170497,18863.31289709443
optimistic,2025,nhl,females,10,19505.600856609173,19253.014604201086,19785.19007143844,19511.057051047195
optimistic,2026,nhl,females,10,20170.105735357043,19860.871977033745,20522.59380075652,20180.429501724182
optimistic,2027,nhl,females,10,20904.011995026955,20529.53324173549,21317.73778176604,20911.90578525212
optimistic,2028,nhl,females,10,21710.40972042995,21282.114316336294,22177.446908023332,21720.19276386689
optimistic,2029,nhl,females,10,22539.584323335395,22035.321701921348,23073.533984754882,22548.78226495857
optimistic,2030,nhl,females,10,23252.963096260915,22698.8867307449,23851.017863870984,23263.267384371542
optimistic,2031,nhl,females,10,24092.896031984215,23470.55163461474,24774.3534407061,24104.177133634315
optimistic,2032,nhl,females,10,24929.736148203836,24254.487481119813,25661.788625764588,24931.055745784717
optimistic,2033,nhl,females,10,25755.204787318304,25011.334257740265,26541.617378462408,25756.404907919274
optimistic,2034,nhl,females,10,26579.65958465801,25768.31895585721,27444.001558009015,26582.566944120248
optimistic,2035,nhl,females,10,27411.62919482545,26533.863334779293,28320.836008589646,27408.235647810525
optimistic,2036,nhl,females,10,28234.85354048218,27302.494162027226,29204.983028107552,28233.906095523904
optimistic,2037,nhl,females,10,29040.566492768572,28058.029365680428,30105.490489658936,29044.791205299916
optimistic,2038,nhl,females,10,29821.62345503243,28753.994401233966,30988.44247488659,29826.29810298091
optimistic,2039,nhl,females,10,30563.961401066215,29430.782271866847,31828.770670379694,30571.70693349127
optimistic,2040,nhl,females,10,31259.91365044228,30041.96969638203,32612.34335192102,31277.45537072829
optimistic,2041,nhl,females,10,31917.181110160265,30628.450136615564,33362.32980772055,31937.2360986275
optimistic,2042,nhl,females,10,32537.768163897912,31186.365595880437,34066.44669837999,32552.635489661152
optimistic,2043,nhl,females,10,33103.333158799476,31671.410360584017,34738.311468377804,33120.038743344674
optimistic,2044,nhl,females,10,33615.50828950864,32089.265284097168,35342.41957685478,33638.10097575046
optimistic,2045,nhl,females,10,34087.57946680783,32469.190800181466,35896.7681977015,34105.79071433379
optimistic,2012,nhl,females,40,20063.547426745237,18166.876521074406,22685.86481450503,20178.62435751329
optimistic,2013,nhl,females,40,21001.90948746042,19011.12388420792,23734.080362860128,21123.954307599324
optimistic,2014,nhl,females,40,22100.44780039214,20037.44804770422,24951.410028612183,22232.972889241493
optimistic,2015,nhl,females,40,23133.739752118054,20976.926049163758,26095.191375119026,23263.50096179332
optimistic,2016,nhl,females,40,24223.389362273298,22001.746074217815,27294.27733827988,24361.878171046363
optimistic,2017,nhl,females,40,25333.529542244454,23042.018404540704,28536.376991262787,25486.32353120021
optimistic,2018,nhl,females,40,26425.127367762136,24064.31649488324,29732.94072830634,26596.025252612744
optimistic,2019,nhl,females,40,27572.930597556624,25147.36075265672,30992.454052190147,27749.226666920586
optimistic,2020,nhl,females,40,28929.982068107558,26443.31259544401,32444.76219343508,29114.303425226815
optimistic,2021,nhl,females,40,30149.90156775373,27619.74427864135,33737.58856009198,30346.310882627444
optimistic,2022,nhl,females,40,31340.438953778532,28868.50149118621,34843.6421466423,31533.54334320021
optimistic,2023,nhl,females,40,32628.430571966353,30135.257954252007,36082.226432447496,32791.94207640117
optimistic,2024,nhl,females,40,33947.47596926572,31449.653053780912,37359.88361697855,34092.984194743585
optimistic,2025,nhl,females,40,35333.16491241455,32908.58812593958,38635.87399910961,35447.95101052845
optimistic,2026,nhl,females,40,36749.874796405595,34360.088690742436,39933.7316570956,36856.89675952266
optimistic,2027,nhl,females,40,38209.71712628197,35864.2777474592,41329.500489499536,38306.235534137195
optimistic,2028,nhl,females,40,39746.1647099416,37508.57635441938,42711.88393865062,39816.23370037127
optimistic,2029,nhl,females,40,41307.25034157365,39164.60915958945,44195.32163316386,41366.34449952297
optimistic,2030,nhl,females,40,42916.271797568785,40803.402006192235,45634.375476426096,42960.61861194207
optimistic,2031,nhl,females,40,44569.64011555258,42490.953200979704,47065.96029865335,44594.39293849332
optimistic,2032,nhl,females,40,46224.87282320279,44204.61571726026,48536.871697691924,46247.6498641139
optimistic,2033,nhl,females,40,47944.28384388578,45959.50781787656,50174.05233409982,47949.9606328648
optimistic,2034,nhl,females,40,49657.209778595905,47713.17666933019,51878.63089705292,49676.51028927718
optimistic,2035,nhl,females,40,51423.51059739712,49450.38041013483,53573.60511154232,51438.91428651076
optimistic,2036,nhl,females,40,53237.55315148122,51129.14532222791,55399.5218659296,53245.06302498323
optimistic,2037,nhl,females,40,55068.38561278903,52812.482219264995,57401.74570352703,55084.212678970674
optimistic,2038,nhl,females,40,56946.61217847925,54424.88466056172,59450.06776605181,56948.22090555162
optimistic,2039,nhl,females,40,58792.55810142394,56072.80557388824,61595.27582089586,58821.22469381374
optimistic,2040,nhl,females,40,60661.29245401663,57588.99785205048,63793.482983116526,60682.9201066999
optimistic,2041,nhl,females,40,62512.20756475688,59128.96330721013,66028.69153538546,62538.602365101266
optimistic,2042,nhl,females,40,64345.52977240167,60631.038492472064,68320.4348216183,64360.71893593024
optimistic,2043,nhl,females,40,66166.96354008568,62095.57341222992,70650.11447248548,66199.70902714976
optimistic,2044,nhl,females,40,67992.68500130018,63383.74581311221,73065.52598970449,68019.25210538528
optimistic,2045,nhl,females,40,69833.84759383448,64773.61239138368,75439.04262077263,69815.16043657568
base,2012,dlbcl,persons,2,2803.7956034818053,2787.5610542727914,2818.677971166825,2803.6415869341395
base,2013,dlbcl,persons,2,2870.792208961102,2847.680409164928,2892.912765797764,2870.536271282858
base,2014,dlbcl,persons,2,2937.7685192547747,2915.1547800847366,2958.8729093336196,2937.4277750669658
base,2015,dlbcl,persons,2,2995.0160204571575,2972.4779574292656,3016.9635739855703,2994.9158807109534
base,2016,dlbcl,persons,2,3026.6197509055446,3002.585672416751,3049.277238790218,3026.679671315238
base,2017,dlbcl,persons,2,3093.101203852021,3075.275129239588,3110.2098617239976,3093.0919143248143
base,2018,dlbcl,persons,2,3171.0820411967798,3148.6467898815704,3191.310147209797,3170.8251886631647
base,2019,dlbcl,persons,2,3299.4756855583196,3273.465663205366,3321.663997350291,3299.0780494560795
base,2020,dlbcl,persons,2,3463.8960077117,3434.28089743522,3488.999571796504,3463.404463893898
base,2021,dlbcl,persons,2,3572.0212593794868,3536.2721685172564,3599.6381908361454,3571.254734615286
base,2022,dlbcl,persons,2,3639.747067594138,3565.47760154432,3712.405841554215,3639.5519012833506
base,2023,dlbcl,persons,2,3746.442301940676,3616.7883417281414,3877.97886119358,3746.19768837729
base,2024,dlbcl,persons,2,3850.59711700974,3715.363767836015,3983.8131856272303,3849.4370579861993
base,2025,dlbcl,persons,2,3951.6375356324625,3807.8943614748628,4092.917102203961,3951.393269042883
base,2026,dlbcl,persons,2,4056.707929550219,3905.2864875202254,4208.259865541541,4056.5717650354204
base,2027,dlbcl,persons,2,4162.175248122024,4004.2176537776177,4330.092612320957,4163.548655650221
base,2028,dlbcl,persons,2,4265.70731614151,4100.710810668137,4447.667094036889,4267.953130378702
base,2029,dlbcl,persons,2,4365.996033370656,4187.5418733909855,4562.567616695438,4368.808334998858
base,2030,dlbcl,persons,2,4461.159918737299,4273.8891491797,4675.038195117971,4464.437347635467
base,2031,dlbcl,persons,2,4551.391307190346,4348.160659623933,4781.271430349653,4554.977590066362
base,2032,dlbcl,persons,2,4631.667459597102,4414.705476530711,4879.106953242304,4635.228778409296
base,2033,dlbcl,persons,2,4695.212198211187,4464.311237433603,4959.63855418287,4698.651633197365
base,2034,dlbcl,persons,2,4755.784847669771,4509.933724144859,5035.064458546387,4760.1128609056805
base,2035,dlbcl,persons,2,4814.97792145821,4560.350377888668,5115.219219872969,4821.34750165601
base,2036,dlbcl,persons,2,4877.513276496991,4613.129560566509,5194.217072201691,4884.264806460201
base,2037,dlbcl,persons,2,4940.4034990409,4657.161466218382,5274.816444834931,4946.772282612973
base,2038,dlbcl,persons,2,4997.81455448927,4698.855675675527,5349.28552814554,5004.648711029973
base,2039,dlbcl,persons,2,5049.442088889892,4733.650980326137,5419.3186178210535,5056.512928285249
base,2040,dlbcl,persons,2,5094.4438074271075,4755.864700758884,5482.305745404726,5101.9049295276955
base,2041,dlbcl,persons,2,5133.13532526018,4779.99421627466,5539.5004704458925,5141.318230626573
base,2042,dlbcl,persons,2,5167.853790799669,4798.9685268220655,5591.424489537056,5175.376619310416
base,2043,dlbcl,persons,2,5197.9883160843565,4814.114675702692,5639.239983636956,5205.441645435706
base,2044,dlbcl,persons,2,5227.632413991203,4829.465503685914,5686.503308636463,5235.274239921156
base,2045,dlbcl,persons,2,5259.534338298542,4841.216639708294,5734.839667871335,5266.8682301153285
base,2012,follicular,persons,2,2048.5987407436405,2042.1342690504555,2055.0803621455248,2048.5994842828272
base,2013,follicular,persons,2,2112.0321573123892,2102.6560559769478,2120.1938408411847,2111.8898599735157
base,2014,follicular,persons,2,2160.7735466996887,2151.0699219707603,2169.0684333800914,2160.5216558659095
base,2015,follicular,persons,2,2221.8339367785406,2211.835104273526,2230.762365212898,2221.6741654069097
base,2016,follicular,persons,2,2282.7468693641713,2272.327962522871,2291.694303047422,2282.520059082756
base,2017,follicular,persons,2,2491.947375193473,2483.9031288789774,2499.0427601191504,2491.811747284332
base,2018,follicular,persons,2,2557.0800226433544,2549.05504489468,2564.630757745603,2556.9917346066413
base,2019,follicular,persons,2,2543.387637948117,2534.808923428329,2551.319992459177,2543.2783528721707
base,2020,follicular,persons,2,2782.244025059321,2772.1430191832856,2791.217157512433,2782.237841889615
base,2021,follicular,persons,2,2806.299166328674,2794.34541342427,2816.9098555082105,2806.378240839795
base,2022,follicular,persons,2,2740.807352629292,2681.88560006728,2796.3448527352757,2740.959918475177
base,2023,follicular,persons,2,2865.315436414621,2749.3043454160497,2973.862203500456,2864.860354603749
base,2024,follicular,persons,2,2932.2252748556393,2813.760552063895,3044.8920149568885,2932.9881762114433
base,2025,follicular,persons,2,2996.547609187165,2875.887637096202,3114.2342347487593,2997.567549613421
base,2026,follicular,persons,2,3059.5521441026713,2934.6965630637487,3188.2186017938684,3061.279030091244
base,2027,follicular,persons,2,3121.2357796346096,2993.7893690444566,3253.1535249227663,3122.336655649141
base,2028,follicular,persons,2,3175.667636429427,3043.7252839387493,3314.909983757111,3176.8905849637135
base,2029,follicular,persons,2,3223.8885615621793,3085.966367541026,3372.12400987247,3224.8674690902385
base,2030,follicular,persons,2,3265.1964676396483,3121.223105418617,3421.105418167089,3266.5457446534383
base,2031,follicular,persons,2,3300.6484438575794,3148.3147225366,3463.3253931828017,3302.517022597432
base,2032,follicular,persons,2,3329.307725783207,3167.0667819133582,3502.5247064335936,3332.1575230922886
base,2033,follicular,persons,2,3351.440411755746,3181.1892550493408,3535.4361482216887,3355.1538729138256
base,2034,follicular,persons,2,3371.7341798094476,3191.6681274398593,3564.843052376179,3376.2338037482473
base,2035,follicular,persons,2,3391.0030899306084,3204.909954596312,3592.396694655337,3395.8690500724297
base,2036,follicular,persons,2,3409.7711051223296,3216.7214740045406,3618.0847844058553,3413.9379088600417
base,2037,follicular,persons,2,3423.4059959761703,3222.639665502155,3641.000600249005,3427.9677781028045
base,2038,follicular,persons,2,3430.3323045703837,3215.130894196482,3658.3149746704185,3434.15842947321
base,2039,follicular,persons,2,3427.5296095808717,3206.4430466050353,3664.7221121730195,3432.39216164625
base,2040,follicular,persons,2,3418.6622313185535,3190.0068717979343,3665.0176653737853,3423.4889763446477
base,2041,follicular,persons,2,3403.7223920015786,3163.8737868589988,3656.0670543177152,3408.654192275057
base,2042,follicular,persons,2,3384.206221613773,3138.067132003563,3643.491557975406,3389.0728988776773
base,2043,follicular,persons,2,3361.315727127851,3111.3740183660952,3630.3086116381132,3366.1280209624015
base,2044,follicular,persons,2,3338.8046355192123,3079.1020875325908,3616.3295773666077,3343.745081485411
base,2045,follicular,persons,2,3318.6798902829964,3052.025540909318,3607.9852747441605,3324.3047603169075
base,2012,mantle_cell,persons,2,383.6192452981826,378.08409410446586,388.78470076313585,383.604911400422
base,2013,mantle_cell,persons,2,409.88309916368604,401.7609926716044,416.394628858408,409.70524831232564
base,2014,mantle_cell,persons,2,446.68304164466394,438.07596381917534,453.88303306085726,446.43854403010516
base,2015,mantle_cell,persons,2,457.051203653552,448.05945075674055,464.6007731249577,456.8444649265662
base,2016,mantle_cell,persons,2,454.025053315655,444.9465442837199,461.76421523911785,453.78643670912464
base,2017,mantle_cell,persons,2,508.1957369205799,501.4915277231455,513.6180569722662,508.0030684024333
base,2018,mantle_cell,persons,2,522.3136436828768,514.3056106222481,529.3376364724428,522.1615792359032
base,2019,mantle_cell,persons,2,521.0665767339597,513.4649835636476,528.3695301576436,520.9015684488569
base,2020,mantle_cell,persons,2,573.4467915831908,564.0523584668766,582.1951561903956,573.2301287822478
base,2021,mantle_cell,persons,2,527.964507096631,518.0874060902521,536.978517170576,527.8454925206164
base,2022,mantle_cell,persons,2,505.98928038453244,480.67031485647004,533.4060569578032,506.46453086658937
base,2023,mantle_cell,persons,2,555.5932358765084,508.0560026698442,608.5784325727104,556.1876699349469
base,2024,mantle_cell,persons,2,584.2182679184741,532.3574992884538,638.4413631246929,584.5402381637325
base,2025,mantle_cell,persons,2,613.5238749182977,559.0432820383656,671.7269528428119,613.7894786013451
base,2026,mantle_cell,persons,2,644.478404465636,586.6492675639478,707.8659620393184,644.9368708344647
base,2027,mantle_cell,persons,2,676.6092005561129,613.1909461895532,747.7525069996503,677.6803608639362
base,2028,mantle_cell,persons,2,709.5889074691859,639.8805277371196,788.5444931934879,710.8845207728959
base,2029,mantle_cell,persons,2,742.5024923774399,667.5061011470347,828.7970492070235,743.6733094601176
base,2030,mantle_cell,persons,2,773.1000573056729,689.8573997403906,868.0981589682253,774.829936730372
base,2031,mantle_cell,persons,2,801.4089699493169,710.730108717409,906.4410476923076,803.6599966018633
base,2032,mantle_cell,persons,2,825.3931069969302,728.3407250332051,941.5804427824999,828.9722534628997
base,2033,mantle_cell,persons,2,846.1874139525685,741.7092694495807,971.8413256723396,850.716078593793
base,2034,mantle_cell,persons,2,867.2149462488167,757.534622130231,1002.3594786291592,871.6631156931675
base,2035,mantle_cell,persons,2,887.3559644931157,769.5123952741031,1032.2421107401035,892.1946758496895
base,2036,mantle_cell,persons,2,908.5749157246246,782.5307971438576,1066.2017180250305,913.2054438136987
base,2037,mantle_cell,persons,2,929.494757511337,792.9478780946846,1101.3962796927437,934.6206114905142
base,2038,mantle_cell,persons,2,949.8886803871856,805.0028275780938,1137.2442077252038,955.1759684937566
base,2039,mantle_cell,persons,2,968.625086337748,814.0086434825677,1167.4500853261113,974.4018481380489
base,2040,mantle_cell,persons,2,987.2235791493248,818.9540187985591,1199.2009233360939,991.9344259920258
base,2041,mantle_cell,persons,2,1002.0575618851616,825.9589269150533,1227.5313898840332,1007.5001939036041
base,2042,mantle_cell,persons,2,1015.1782176619774,828.8308707826088,1254.748859115745,1020.9496197554763
base,2043,mantle_cell,persons,2,1026.4246858956028,829.0396364282171,1282.522101243057,1032.4503451106857
base,2044,mantle_cell,persons,2,1037.204055060151,829.3308150482296,1313.096225747164,1042.7009334473646
base,2045,mantle_cell,persons,2,1046.2087284619142,830.3899393881754,1338.2133761603202,1051.957543975062
base,2012,hodgkin,persons,2,1197.9628003409973,1191.0823457196582,1204.2392643601377,1197.8889921796158
base,2013,hodgkin,persons,2,1215.9946975435698,1206.7817209641664,1223.8832675456943,1215.7488586213433
base,2014,hodgkin,persons,2,1222.4909960591674,1213.7593553729346,1230.1088173785045,1222.3446871370509
base,2015,hodgkin,persons,2,1246.5656744899607,1237.5974059562943,1254.4061048496899,1246.3827196868547
base,2016,hodgkin,persons,2,1270.4773971425134,1260.7437521251427,1279.2058082489398,1270.225379570371
base,2017,hodgkin,persons,2,1306.6120995039132,1299.5589056347912,1312.9531240552415,1306.4256888392497
base,2018,hodgkin,persons,2,1291.5598122403005,1283.7223784051125,1298.9134774500135,1291.5273716193556
base,2019,hodgkin,persons,2,1305.1225508938605,1296.6269431232383,1313.4115884753521,1305.1072839211997
base,2020,hodgkin,persons,2,1398.011247775531,1388.0166119179903,1408.0049955513832,1397.9786479553495
base,2021,hodgkin,persons,2,1455.9958582381507,1443.9516892478111,1467.7687999248874,1456.049364670075
base,2022,hodgkin,persons,2,1468.3334263594625,1430.966841551357,1504.3445932363031,1468.1421723697558
base,2023,hodgkin,persons,2,1484.4665166652496,1416.0303078832508,1552.4235048389812,1484.4304923866139
base,2024,hodgkin,persons,2,1526.9984430983907,1459.0679479332803,1594.1474746144113,1526.8801050688649
base,2025,hodgkin,persons,2,1566.9195266007848,1498.0697034709626,1635.0830213836828,1566.8766772225715
base,2026,hodgkin,persons,2,1606.4128978044557,1534.6945151550062,1674.9485802564377,1606.3307625414363
base,2027,hodgkin,persons,2,1645.1730412536435,1569.1699647889589,1715.9339020995887,1644.7839606478165
base,2028,hodgkin,persons,2,1682.4825824148447,1603.447781169605,1755.4219637013505,1682.299309558531
base,2029,hodgkin,persons,2,1720.0011216053874,1637.9695431771215,1793.7781280894574,1719.1939571534301
base,2030,hodgkin,persons,2,1755.9494800409097,1672.9343611837382,1832.6937507873108,1755.3972452953537
base,2031,hodgkin,persons,2,1791.2467657531324,1704.1875471053745,1873.6648063491182,1791.049609258579
base,2032,hodgkin,persons,2,1826.8719224677334,1735.343867022654,1911.4751214819519,1825.6804066181855
base,2033,hodgkin,persons,2,1860.13017823585,1762.5258923787883,1948.8352945353345,1858.5668795770591
base,2034,hodgkin,persons,2,1892.5194894403076,1789.412397857664,1984.3812688806463,1890.5857956413342
base,2035,hodgkin,persons,2,1922.8912946432622,1816.6745348795866,2020.2854738357066,1921.1938668019388
base,2036,hodgkin,persons,2,1952.6907181515521,1843.1145406200444,2053.9502530498708,1951.1568130762234
base,2037,hodgkin,persons,2,1982.8633346524618,1868.8955454878976,2088.6059930092006,1981.312070286637
base,2038,hodgkin,persons,2,2012.5745215837667,1894.6445189547048,2123.1105768730163,2011.4665415741574
base,2039,hodgkin,persons,2,2041.2365072325101,1919.796614416029,2157.0186526829884,2041.1572708038047
base,2040,hodgkin,persons,2,2070.3225242852427,1944.306294162306,2190.322460196292,2070.3315432834816
base,2041,hodgkin,persons,2,2099.9403971858774,1968.4732387487338,2223.2856187521043,2099.1650141380956
base,2042,hodgkin,persons,2,2128.7304690105575,1993.5486074407017,2255.8358954187543,2127.554094249408
base,2043,hodgkin,persons,2,2157.094597186767,2015.837814313853,2288.834227281344,2155.4329591054484
base,2044,hodgkin,persons,2,2183.0044175498133,2039.352865616701,2319.1540061943824,2182.1550299635246
base,2045,hodgkin,persons,2,2208.1522345097155,2061.936225941494,2346.5303502510633,2206.8965504743946
base,2012,nhl,persons,2,8083.634996256375,8059.82100804508,8106.224031777409,8083.434536022118
base,2013,nhl,persons,2,8384.390021511095,8349.671888777633,8414.375738861943,8384.15244287987
base,2014,nhl,persons,2,8710.529055286734,8675.343215105115,8741.826031850522,8710.524272591203
base,2015,nhl,persons,2,8954.520716882296,8919.244032903127,8988.273056728302,8954.69338334434
base,2016,nhl,persons,2,9156.516634282736,9119.056428264354,9190.158054322606,9156.06448849749
base,2017,nhl,persons,2,9624.57022057356,9597.387991639782,9650.488470222423,9624.434440678082
base,2018,nhl,persons,2,9880.603269941532,9852.060799907906,9912.193523323593,9881.352628513474
base,2019,nhl,persons,2,10084.192874159164,10049.621762676532,10119.55106298232,10084.81066538598
base,2020,nhl,persons,2,10644.200469682724,10605.843683939565,10684.565255317386,10644.730760900353
base,2021,nhl,persons,2,10788.819284892506,10744.519528816296,10834.972720261909,10788.944064707832
base,2022,nhl,persons,2,10881.18814239087,10771.936902361844,10996.685988870446,10884.283535858325
base,2023,nhl,persons,2,11386.030082967765,11192.765618326617,11587.619323402221,11388.612280999076
base,2024,nhl,persons,2,11794.303560777696,11594.803624306567,12002.725740760192,11797.596704159829
base,2025,nhl,persons,2,12201.878375232141,11997.454018864793,12412.99375638474,12206.45032884843
base,2026,nhl,persons,2,12623.987582098365,12414.126359019347,12843.123582470433,12627.605642496575
base,2027,nhl,persons,2,13052.008196770112,12828.056925270383,13281.089043197448,13054.924202410964
base,2028,nhl,persons,2,13471.277319046729,13237.441018141328,13716.95414168062,13476.159640169635
base,2029,nhl,persons,2,13881.342205853922,13637.857352289742,14145.928141007049,13887.643038272163
base,2030,nhl,persons,2,14278.678384963076,14020.317901862532,14563.059874723853,14284.3869240793
base,2031,nhl,persons,2,14660.810138135534,14387.717033718134,14967.256551379793,14668.562726193895
base,2032,nhl,persons,2,15009.423642816626,14713.533942769523,15333.321799163617,15017.20514179537
base,2033,nhl,persons,2,15298.576940676416,14994.291418126035,15636.776478085558,15307.726386090164
base,2034,nhl,persons,2,15585.756629282056,15273.087031884477,15941.250801581664,15595.854095501178
base,2035,nhl,persons,2,15871.22649649602,15540.508518807104,16246.180017393139,15883.038354580782
base,2036,nhl,persons,2,16162.787891495665,15813.583534879968,16554.61473179112,16174.319716339884
base,2037,nhl,persons,2,16449.37752404535,16086.379406456424,16861.23126293056,16462.84557727078
base,2038,nhl,persons,2,16720.25718811217,16339.66472406385,17147.9862509007,16733.033913627823
base,2039,nhl,persons,2,16965.07253105734,16571.306574940845,17412.591186489622,16980.059903694415
base,2040,nhl,persons,2,17183.86591918098,16770.991622066715,17660.833165903932,17201.828778520834
base,2041,nhl,persons,2,17381.175121378397,16947.938371261804,17879.188781194018,17400.516443002478
base,2042,nhl,persons,2,17558.391793823208,17105.513580421262,18082.356693866484,17579.618638075935
base,2043,nhl,persons,2,17724.46512427266,17249.507386329242,18265.326051315897,17744.870681486318
base,2044,nhl,persons,2,17888.34017640006,17393.22423056446,18455.722705741468,17908.154554704844
base,2045,nhl,persons,2,18056.73735985764,17541.44981979024,18645.364604758888,18074.6924333161
base,2012,total,males,2,5329.328830835984,5311.057795969371,5348.022602301901,5329.42358150557
base,2013,total,males,2,5479.524812257809,5450.890238819057,5503.525157904382,5478.873839126127
base,2014,total,males,2,5565.849621238874,5537.588670521996,5589.305304155318,5565.047537367287
base,2015,total,males,2,5710.001254266797,5680.479419061689,5734.4669061051845,5709.081537823476
base,2016,total,males,2,5852.05385931957,5820.470731088328,5879.904404424191,5851.273122241094
base,2017,total,males,2,6207.593554515285,6183.296894198034,6229.124461923773,6206.736542553397
base,2018,total,males,2,6434.769421380328,6410.4271291727155,6460.1499586910795,6434.891892665486
base,2019,total,males,2,6549.616133676591,6521.950198872673,6577.65614678698,6549.637664133021
base,2020,total,males,2,6861.6211747135185,6829.33116989209,6892.913846481748,6861.621315337835
base,2021,total,males,2,6887.8914442728565,6850.491471861154,6923.794465862248,6887.789009835451
base,2022,total,males,2,6950.315191533222,6866.2272958806425,7035.7541629567995,6950.0736768715915
base,2023,total,males,2,7278.218837260953,7124.4710016717345,7429.423769498697,7276.521707132812
base,2024,total,males,2,7530.9831928744725,7375.537970157279,7684.266087590033,7529.924767444723
base,2025,total,males,2,7780.801256446128,7626.1287295381335,7936.5999703170555,7781.391176622676
base,2026,total,males,2,8037.528408463733,7877.058974144022,8198.194446552652,8039.0469675252
base,2027,total,males,2,8299.12378604247,8126.4048623875515,8469.696936592392,8299.640058436155
base,2028,total,males,2,8554.45479759878,8371.850289887068,8734.640669961967,8555.485519116175
base,2029,total,males,2,8801.088890377756,8609.397307898113,8999.531563342005,8804.48789769218
base,2030,total,males,2,9039.07475554851,8834.088426388302,9250.233061599387,9043.655226089331
base,2031,total,males,2,9270.212688794445,9052.399542271123,9492.119300455392,9274.454636461389
base,2032,total,males,2,9483.242380979864,9253.773673357746,9715.260999436989,9484.879234710168
base,2033,total,males,2,9660.962664773357,9417.050753165315,9901.322853218197,9661.159710288817
base,2034,total,males,2,9834.31711974876,9583.419009656014,10083.83984238063,9833.671597105615
base,2035,total,males,2,10004.682278151886,9739.688926603982,10272.796206903027,10004.087979302474
base,2036,total,males,2,10178.265878163838,9901.074074551201,10457.339133721061,10176.091748920342
base,2037,total,males,2,10346.634169012186,10059.631407243722,10642.84367072581,10346.223137802886
base,2038,total,males,2,10503.923815268212,10204.038433539123,10821.787177356677,10505.371082613892
base,2039,total,males,2,10648.456602667022,10337.156248962863,10982.892208789932,10650.204318562222
base,2040,total,males,2,10777.526605650008,10448.384855874901,11129.974014269617,10779.709427354697
base,2041,total,males,2,10892.167495462432,10556.699739618736,11266.362722288739,10895.76517219077
base,2042,total,males,2,10996.371688772531,10645.119798260866,11387.451518826463,10999.354851801423
base,2043,total,males,2,11090.009624541965,10720.304999139751,11493.929845249291,11093.18975015038
base,2044,total,males,2,11177.512404910603,10796.044461262269,11598.314156247061,11184.732801174474
base,2045,total,males,2,11268.840336060352,10880.271926875384,11709.46068127705,11277.25104571856
base,2012,total,females,2,3951.8534622375873,3936.1900246852724,3966.2819407602706,3951.8999466961636
base,2013,total,females,2,4121.262810804357,4099.1964416075525,4143.779982816702,4121.0274623750865
base,2014,total,females,2,4367.84765733176,4345.344998782387,4390.66659587204,4367.8214223609675
base,2015,total,females,2,4491.986037415588,4468.110900513468,4515.462556520534,4491.99456520772
base,2016,total,females,2,4574.740544195907,4549.924921024192,4598.761772141424,4575.016745826766
base,2017,total,females,2,4724.190344632245,4705.950394356962,4741.909335866498,4724.123586963935
base,2018,total,females,2,4738.31210700864,4717.676910065995,4758.662583565852,4737.988107467344
base,2019,total,females,2,4840.631838625184,4817.174729772205,4863.767570325636,4840.280285174157
base,2020,total,females,2,5181.390030844772,5153.9816908748235,5206.940723045551,5181.0880935178675
base,2021,total,females,2,5357.290110225858,5326.068996523655,5386.7070780182485,5357.204419542457
base,2022,total,females,2,5401.958118510818,5330.514214940461,5478.815724820507,5402.3520313564895
base,2023,total,females,2,5594.8525799596355,5470.5136280157885,5735.864640126611,5596.521066252877
base,2024,total,females,2,5792.463684205815,5666.44274355172,5934.902904696696,5794.55204178397
base,2025,total,females,2,5990.773684181855,5859.515313788163,6139.730427826088,5991.935829448326
base,2026,total,females,2,6192.821215869224,6048.103107171757,6344.548211029382,6194.889437512812
base,2027,total,females,2,6398.416212656628,6247.5015926453325,6556.307772944089,6400.068104622627
base,2028,total,females,2,6600.774928416002,6438.877605861575,6768.63742867006,6602.97343061199
base,2029,total,females,2,6799.700004294733,6621.774770245424,6977.7968019667105,6802.349097733413
base,2030,total,females,2,6994.501428136802,6801.762819777934,7181.088404089935,6996.128943285322
base,2031,total,females,2,7183.731395901058,6982.732058664655,7380.5827350611735,7185.157698991086
base,2032,total,females,2,7356.185209932775,7142.631385948008,7563.411839284237,7358.006313703388
base,2033,total,females,2,7502.856365392472,7277.295456674319,7721.779151740321,7505.133555378406
base,2034,total,females,2,7651.95928908468,7410.978341583785,7885.858282365571,7652.768294036898
base,2035,total,females,2,7797.371465064523,7545.064238757628,8048.506463174486,7800.144242080245
base,2036,total,females,2,7947.11948887091,7681.869139131638,8211.7061167669,7949.384780495765
base,2037,total,females,2,8095.1904886781085,7816.970224255266,8372.886942986966,8097.93450975453
base,2038,total,females,2,8235.809534756816,7943.873277966243,8531.142077377584,8239.129372588088
base,2039,total,females,2,8367.772142290461,8063.766687646306,8676.499066622617,8371.012855935998
base,2040,total,females,2,8487.136256281508,8171.434867026327,8809.679818280396,8492.450894449621
base,2041,total,females,2,8597.859853683058,8269.489284120265,8940.528116118694,8603.916284949803
base,2042,total,females,2,8700.777678126065,8360.026229094126,9058.16862269889,8707.81788052392
base,2043,total,females,2,8800.332788940792,8446.013482648044,9171.346571745902,8807.113890441384
base,2044,total,females,2,8898.610167969451,8531.116002239049,9283.85883040642,8905.576783493894
base,2045,total,females,2,8998.250824010525,8616.483314799587,9397.840344480735,9004.337938071934
base,2012,total,persons,2,9281.586903737634,9258.232329827686,9304.525667991407,9281.323528201734
base,2013,total,persons,2,9600.599092553259,9565.677588386334,9631.905622637685,9599.901301501213
base,2014,total,persons,2,9934.045124100734,9897.611225139359,9966.466478578244,9932.868959728254
base,2015,total,persons,2,10201.868874691552,10164.320856023362,10235.407582711325,10201.076103031195
base,2016,total,persons,2,10427.216938036563,10387.483458302962,10461.932791670404,10426.28986806786
base,2017,total,persons,2,10931.007243125452,10903.601761721511,10958.376377089282,10930.860129517332
base,2018,total,persons,2,11172.69223451008,11141.283563295265,11206.019786906269,11172.880000132829
base,2019,total,persons,2,11389.723149598678,11354.162743475375,11426.838577730065,11389.917949307179
base,2020,total,persons,2,12042.77139863712,12002.504843608667,12083.955261898374,12042.709408855702
base,2021,total,persons,2,12244.592286443518,12198.979279215184,12292.058840624219,12244.993429377908
base,2022,total,persons,2,12350.1444296805,12240.135188552555,12475.42701018192,12352.425708228082
base,2023,total,persons,2,12870.835432072614,12663.997561716353,13086.070807313337,12873.042773385689
base,2024,total,persons,2,13321.621258242325,13118.162365606277,13542.183346335389,13324.476809228692
base,2025,total,persons,2,13769.171002201727,13560.06729345881,13997.943956642877,13773.327006071002
base,2026,total,persons,2,14228.371849152983,14009.886178686927,14467.81409214954,14233.936405038012
base,2027,total,persons,2,14693.119774787749,14462.70548348161,14942.039761600041,14699.708163058782
base,2028,total,persons,2,15149.697890509276,14909.23837944502,15415.964507118002,15158.458949728165
base,2029,total,persons,2,15598.03924456492,15341.398008754102,15883.0804410812,15606.836995425592
base,2030,total,persons,2,16028.673807764388,15755.783698455509,16330.651742776638,16039.784169374652
base,2031,total,persons,2,16446.976265720736,16162.74789871146,16777.578438092656,16459.612335452475
base,2032,total,persons,2,16831.408015537665,16525.738786053742,17183.894714173428,16842.885548413557
base,2033,total,persons,2,17153.766057577996,16837.425765346194,17521.338383864033,17166.293265667224
base,2034,total,persons,2,17473.45340004893,17139.827726317086,17859.069255871138,17486.439891142512
base,2035,total,persons,2,17793.807093122865,17436.67949509241,18186.939737770615,17804.23222138272
base,2036,total,persons,2,18114.565000379553,17738.020238064975,18530.943109429194,18125.476529416108
base,2037,total,persons,2,18431.391455584948,18041.687709963786,18872.497028087768,18444.157647557415
base,2038,total,persons,2,18732.847245870602,18327.585987747883,19188.741600715784,18744.50045520198
base,2039,total,persons,2,19009.212889402872,18586.53495770331,19478.45900438416,19021.21717449822
base,2040,total,persons,2,19259.8682491093,18814.95036498578,19748.648157790965,19272.160321804316
base,2041,total,persons,2,19486.133675741243,19024.44450698796,19996.270424463895,19499.681457140574
base,2042,total,persons,2,19692.5418528667,19206.934283871313,20223.66829480543,19707.172732325344
base,2043,total,persons,2,19885.0974533935,19382.194639898884,20444.13511204101,19900.303640591766
base,2044,total,persons,2,20076.472351869957,19553.551209262212,20663.554972595786,20090.30958466837
base,2045,total,persons,2,20268.83649473647,19723.409285982925,20881.243833938457,20281.588983790494
base,2012,dlbcl,persons,3,3887.416409526256,3867.4745497537806,3907.8916139899625,3887.572016649068
base,2013,dlbcl,persons,3,4018.882049411479,3992.772247271546,4044.5008674407463,4018.4798085189564
base,2014,dlbcl,persons,3,4149.131527583295,4120.566657135411,4176.194510834475,4148.739860288787
base,2015,dlbcl,persons,3,4201.022052826853,4172.821026754441,4228.025414086336,4200.6813473798165
base,2016,dlbcl,persons,3,4307.520725157375,4277.301361397301,4334.976428683302,4306.843536593755
base,2017,dlbcl,persons,3,4353.620898194733,4327.668313590871,4377.315054585772,4353.15204706417
base,2018,dlbcl,persons,3,4471.092753468692,4442.85162125251,4498.029529248024,4471.0437840059585
base,2019,dlbcl,persons,3,4622.730870735128,4593.142092490907,4647.85456701043,4621.778877017084
base,2020,dlbcl,persons,3,4838.610015523287,4804.542703433802,4868.428088901148,4837.477680790247
base,2021,dlbcl,persons,3,5011.514414685673,4971.475237826555,5046.471689811506,5010.528304406746
base,2022,dlbcl,persons,3,5172.421108282275,5094.358387098323,5246.960770252061,5171.131956137392
base,2023,dlbcl,persons,3,5284.977974585582,5154.60905916338,5419.191582670074,5285.227430662444
base,2024,dlbcl,persons,3,5434.471095452503,5256.227868652071,5628.007250701182,5437.064974872652
base,2025,dlbcl,persons,3,5585.791646472098,5400.857829471823,5785.496469201287,5588.010774928868
base,2026,dlbcl,persons,3,5740.0274582655875,5541.690929045295,5952.725390996714,5740.791303452321
base,2027,dlbcl,persons,3,5893.674586034245,5684.685444225096,6120.496392837409,5896.038394119209
base,2028,dlbcl,persons,3,6048.836485637986,5824.717752268074,6299.5224752418635,6051.431425049871
base,2029,dlbcl,persons,3,6199.229451017849,5958.670970863551,6464.981626037847,6202.713801036709
base,2030,dlbcl,persons,3,6343.001016471005,6097.792858262667,6623.648378719518,6347.885079158263
base,2031,dlbcl,persons,3,6482.575127321943,6220.170554347823,6781.5146222704625,6485.980219832091
base,2032,dlbcl,persons,3,6606.416069980534,6327.409094677269,6924.929365784334,6611.5852294673505
base,2033,dlbcl,persons,3,6713.669904182547,6415.196695112491,7051.142687586539,6718.537895820339
base,2034,dlbcl,persons,3,6801.515479701529,6482.876072457802,7163.361656446386,6805.908558382024
base,2035,dlbcl,persons,3,6888.548887275303,6547.400096576268,7269.923097341782,6891.529482933323
base,2036,dlbcl,persons,3,6976.661766567071,6615.6499651801105,7378.857333114687,6979.194115543049
base,2037,dlbcl,persons,3,7063.970860725363,6678.776502860939,7487.603145005509,7066.1247332979
base,2038,dlbcl,persons,3,7149.833079310569,6736.16076308067,7592.278844673662,7150.088686973611
base,2039,dlbcl,persons,3,7226.614841049411,6788.7944849951455,7693.194092388797,7226.28564934912
base,2040,dlbcl,persons,3,7291.589939966956,6831.3131839358175,7785.967090779817,7293.826967734483
base,2041,dlbcl,persons,3,7349.871209119268,6862.379278978424,7874.422517675611,7352.734277119362
base,2042,dlbcl,persons,3,7401.202692824855,6887.039820037916,7959.657482443024,7403.58105348968
base,2043,dlbcl,persons,3,7442.953597860281,6903.6769846629995,8030.532095562825,7448.020887834489
base,2044,dlbcl,persons,3,7487.268882665213,6918.773692054072,8098.301619145891,7490.123456851654
base,2045,dlbcl,persons,3,7529.719281903057,6932.696395358755,8177.715755800048,7532.600608238865
base,2012,follicular,persons,3,3029.7265754161003,3019.8369194503666,3038.65929378546,3029.660555565906
base,2013,follicular,persons,3,3041.6397458318984,3030.35073013699,3051.6527695389254,3041.506294120571
base,2014,follicular,persons,3,3187.6509537886805,3175.7360698053444,3199.1364029638376,3187.6310471238253
base,2015,follicular,persons,3,3217.2228384835257,3205.33558377,3228.90353494929,3217.131687842299
base,2016,follicular,persons,3,3354.1553217202854,3341.950766169736,3366.7306469693194,3353.9080971451167
base,2017,follicular,persons,3,3550.03563388171,3539.313017675417,3560.436146899901,3550.0245509706565
base,2018,follicular,persons,3,3689.001010865427,3676.1173632093596,3699.773610246516,3688.78649028343
base,2019,follicular,persons,3,3799.257460611976,3788.24751733369,3809.8959866667847,3799.0974646322215
base,2020,follicular,persons,3,3972.4374130234555,3960.035897910594,3983.895865915234,3972.2497402449626
base,2021,follicular,persons,3,4053.0534570304744,4039.048499986757,4066.2647120644738,4052.980674667628
base,2022,follicular,persons,3,4164.977277697044,4104.916436789796,4219.9907414222625,4165.031336446179
base,2023,follicular,persons,3,4137.296362790348,4022.9665798531933,4244.741693674892,4137.505507748083
base,2024,follicular,persons,3,4289.131547167988,4115.994075323211,4449.696549503563,4289.115771135731
base,2025,follicular,persons,3,4387.99926578537,4209.59534254015,4555.075194783314,4387.8859830760675
base,2026,follicular,persons,3,4482.335965514176,4299.707648881817,4657.253793733638,4483.7926371298
base,2027,follicular,persons,3,4573.932702612003,4387.456703926721,4759.05730553916,4575.923018743988
base,2028,follicular,persons,3,4660.6691446457335,4463.9568339276075,4853.48291700125,4662.104057913257
base,2029,follicular,persons,3,4737.456964840012,4534.2977196792735,4943.601519063279,4738.6372914876765
base,2030,follicular,persons,3,4802.216169789877,4590.68324895723,5020.766006150561,4805.670264320122
base,2031,follicular,persons,3,4859.642908826036,4636.667708986886,5090.741242527323,4863.654406215108
base,2032,follicular,persons,3,4907.762969458978,4673.342564033562,5150.733128292307,4912.336959713003
base,2033,follicular,persons,3,4947.547655367764,4698.905667382771,5207.1255858928625,4951.886089854905
base,2034,follicular,persons,3,4976.804521602645,4712.996652166651,5250.280218594679,4982.691057685245
base,2035,follicular,persons,3,5004.959191934912,4730.867154767982,5296.572711527608,5010.74175402986
base,2036,follicular,persons,3,5031.145260092524,4749.70040754181,5336.001495056382,5037.375742667077
base,2037,follicular,persons,3,5052.386013355212,4757.973876808466,5368.695456552796,5058.802037382057
base,2038,follicular,persons,3,5064.86022593606,4755.83261641811,5397.085247835677,5072.162985209131
base,2039,follicular,persons,3,5064.726000851973,4741.246388110637,5413.3201612881785,5073.976472836709
base,2040,follicular,persons,3,5055.748350686334,4717.910711691672,5413.745831958691,5064.585098450873
base,2041,follicular,persons,3,5036.10638735909,4689.50724529948,5407.745468537992,5045.419925518313
base,2042,follicular,persons,3,5007.633706062223,4656.587424675323,5393.987431356104,5018.055403386076
base,2043,follicular,persons,3,4973.610853168198,4616.515384238881,5374.771472756261,4984.484248802173
base,2044,follicular,persons,3,4938.555566556838,4569.974837008124,5345.801007408541,4949.2600486348665
base,2045,follicular,persons,3,4904.622673262249,4519.883647456854,5324.394178475861,4915.580894299714
base,2012,mantle_cell,persons,3,539.6587896612575,531.7904504390473,546.9369303425975,539.5620219712929
base,2013,mantle_cell,persons,3,571.5066274468018,562.0236623543537,579.6666122243951,571.2289845974409
base,2014,mantle_cell,persons,3,606.7885113936557,596.7946064742599,616.0524041377518,606.7372235176686
base,2015,mantle_cell,persons,3,640.0372342492401,629.1838413628352,649.46328751885,639.8175295537496
base,2016,mantle_cell,persons,3,649.1865630699144,637.8770738418759,658.9131937604449,649.0336104711549
base,2017,mantle_cell,persons,3,702.3118200553499,693.3066714885665,710.9216769777402,702.2841846863488
base,2018,mantle_cell,persons,3,716.6550383972669,706.9940109001581,726.8814188479654,716.7725204146153
base,2019,mantle_cell,persons,3,761.8508549094583,752.1201713645486,770.8453168557854,761.6953623108872
base,2020,mantle_cell,persons,3,783.708050840178,773.3669308576231,793.892346651281,783.5959149456307
base,2021,mantle_cell,persons,3,768.067489028984,756.8064632661689,779.1544588756113,767.9406124044182
base,2022,mantle_cell,persons,3,765.2880728052452,738.1107448748867,792.7568736269584,765.3936313586057
base,2023,mantle_cell,persons,3,761.6205514801459,711.0861166487856,813.7202004117909,762.1189085482845
base,2024,mantle_cell,persons,3,821.9768488182476,748.5611226869215,899.8457659264308,823.0316989857564
base,2025,mantle_cell,persons,3,865.3237375847351,788.3281881651702,946.8039616947857,865.8941730095622
base,2026,mantle_cell,persons,3,910.4137869670412,828.4488497100149,998.1032703620397,910.9535504859102
base,2027,mantle_cell,persons,3,956.6814826339778,868.9059291211028,1054.0395478307494,958.3731001382673
base,2028,mantle_cell,persons,3,1005.6310045759997,910.0275865656555,1114.5575606599211,1007.5604250641105
base,2029,mantle_cell,persons,3,1054.507535404056,949.6400140536061,1177.4987667592725,1056.8963330956392
base,2030,mantle_cell,persons,3,1102.1994400326653,985.9957763894769,1238.175353583405,1104.9823443000341
base,2031,mantle_cell,persons,3,1148.931280018842,1020.1234393725883,1297.5642044928732,1150.420911527485
base,2032,mantle_cell,persons,3,1188.5481159488536,1051.873235192823,1350.8067508002941,1191.5575354953423
base,2033,mantle_cell,persons,3,1223.9689142533052,1076.8076738592922,1402.2025049702888,1228.0757293564761
base,2034,mantle_cell,persons,3,1253.79659896107,1097.695849991933,1445.931699749825,1258.9171156253208
base,2035,mantle_cell,persons,3,1282.3606271408996,1115.8158735048228,1490.4535007635825,1288.6965059703894
base,2036,mantle_cell,persons,3,1313.0662799089419,1134.5196697033082,1537.1893274848044,1318.7339478246383
base,2037,mantle_cell,persons,3,1343.624922750711,1151.3740921221988,1584.8898010258217,1348.6997872567201
base,2038,mantle_cell,persons,3,1372.857970860278,1166.6400008798548,1631.9381308230818,1378.292254470204
base,2039,mantle_cell,persons,3,1400.0173733044485,1179.0380964754117,1681.0459419269828,1406.1148786912192
base,2040,mantle_cell,persons,3,1424.3321521095947,1191.8924060770753,1728.7711489158096,1431.5499994160027
base,2041,mantle_cell,persons,3,1447.5702911797498,1196.9530347635462,1774.0688422951325,1454.274170151158
base,2042,mantle_cell,persons,3,1468.0672872732039,1201.2987124280965,1811.1200791493325,1473.9597808744193
base,2043,mantle_cell,persons,3,1482.9741429936098,1203.4486442832524,1848.3219867753728,1490.8066559544563
base,2044,mantle_cell,persons,3,1497.0770251002764,1203.905827222998,1887.0713072756998,1505.5412240862577
base,2045,mantle_cell,persons,3,1510.3767172644716,1207.0998400587484,1927.5927303436572,1518.6016284828347
base,2012,hodgkin,persons,3,1730.7796102671557,1720.8951594680311,1739.0067824159803,1730.594358583754
base,2013,hodgkin,persons,3,1777.706700227312,1766.2429977273127,1787.420623118478,1777.5913554787192
base,2014,hodgkin,persons,3,1800.599428340362,1789.8893735689949,1810.9326169847232,1800.6061549027238
base,2015,hodgkin,persons,3,1823.6770900034635,1813.5046293433459,1834.0643234577965,1823.605970356358
base,2016,hodgkin,persons,3,1858.8349360212862,1847.4483248903323,1869.774742730297,1858.6799521422276
base,2017,hodgkin,persons,3,1903.6570150350976,1893.7954728870945,1913.3931111494244,1903.5276806767326
base,2018,hodgkin,persons,3,1902.9001241080432,1892.3206232986804,1912.663660404435,1902.7799857708987
base,2019,hodgkin,persons,3,1938.776975524776,1928.742886840641,1948.3512474740633,1938.7963102172143
base,2020,hodgkin,persons,3,1997.585247134228,1986.1897382754214,2008.172598606581,1997.5148835484156
base,2021,hodgkin,persons,3,2103.065169060931,2089.7174597742874,2115.6789294994433,2102.927707477021
base,2022,hodgkin,persons,3,2155.388906218574,2116.439076318839,2191.5453192670348,2155.6640256538317
base,2023,hodgkin,persons,3,2189.4770759174226,2120.4850008440812,2257.24588735449,2190.300864149175
base,2024,hodgkin,persons,3,2223.841090953372,2123.9936763334354,2323.326835319935,2224.562165379349
base,2025,hodgkin,persons,3,2284.9033454635164,2183.8155512162966,2384.336284408952,2285.9666387667357
base,2026,hodgkin,persons,3,2343.6710471697174,2240.1213546983927,2445.7633038806566,2344.4630449065917
base,2027,hodgkin,persons,3,2400.6710423495497,2292.971344765733,2506.110394475982,2401.7904629282575
base,2028,hodgkin,persons,3,2457.6710281591477,2345.553062896914,2563.7725375797168,2457.6644274963805
base,2029,hodgkin,persons,3,2511.421415849989,2395.8279205193285,2620.63609132993,2512.286414590702
base,2030,hodgkin,persons,3,2565.483296508832,2445.3718919994376,2677.6514839582624,2565.800473809054
base,2031,hodgkin,persons,3,2619.4096000948307,2492.870607775968,2735.1325126469756,2618.4099098629254
base,2032,hodgkin,persons,3,2670.4427379572808,2539.9784172746004,2788.6158881936235,2669.5347778899004
base,2033,hodgkin,persons,3,2720.117786039362,2582.687117611382,2841.784324967057,2718.7410525098667
base,2034,hodgkin,persons,3,2766.6420821113097,2625.5720501027977,2892.168988880538,2765.1868721318524
base,2035,hodgkin,persons,3,2812.4303075643393,2665.1289967126336,2941.3347561281726,2810.0964091041687
base,2036,hodgkin,persons,3,2856.227159806269,2704.6902365536644,2988.6604386773356,2853.6594055651894
base,2037,hodgkin,persons,3,2900.0367709440106,2744.0065807412498,3037.255063801335,2896.687189769998
base,2038,hodgkin,persons,3,2941.90090960518,2780.4954206106654,3084.1312181357343,2939.7061522768145
base,2039,hodgkin,persons,3,2984.5182572564518,2816.314148691903,3131.5763299848677,2982.503187915828
base,2040,hodgkin,persons,3,3026.760990866342,2851.4528232936914,3179.7214480670877,3024.6662838485763
base,2041,hodgkin,persons,3,3067.6732540115922,2886.918880975344,3227.195402860831,3066.3316584556765
base,2042,hodgkin,persons,3,3108.6542863645345,2922.1863536232017,3276.1299745936885,3107.368024329522
base,2043,hodgkin,persons,3,3149.4814216582413,2956.8519174929916,3322.511241594028,3147.859187040367
base,2044,hodgkin,persons,3,3188.926747284402,2990.4465184638616,3367.585403825708,3186.8689777269597
base,2045,hodgkin,persons,3,3225.619220561345,3023.485440908639,3409.6785156868327,3223.713354084152
base,2012,nhl,persons,3,11380.838954411327,11351.558660339713,11413.230083392828,11380.656094275015
base,2013,nhl,persons,3,11818.38917125565,11774.298473916677,11855.660407198575,11817.779224750604
base,2014,nhl,persons,3,12391.748900269702,12348.419620711096,12431.762647778878,12391.43823882132
base,2015,nhl,persons,3,12662.246582517335,12618.321786334871,12702.523958628179,12662.34610608742
base,2016,nhl,persons,3,13137.70917613417,13091.410806689513,13180.312792488661,13137.628779900138
base,2017,nhl,persons,3,13578.353266276848,13537.426724056308,13613.407010318928,13578.272660407009
base,2018,nhl,persons,3,14043.321027401907,14001.231511376433,14084.365844426544,14043.58453361121
base,2019,nhl,persons,3,14461.539348602142,14424.397409319141,14502.717373129944,14461.602725842042
base,2020,nhl,persons,3,15059.535758518115,15016.761982487684,15106.34769861208,15059.999954378349
base,2021,nhl,persons,3,15372.110996918927,15323.199108695404,15423.224317657705,15372.488061733007
base,2022,nhl,persons,3,15833.52469125993,15717.693098994714,15950.776628723892,15834.919609907045
base,2023,nhl,persons,3,16136.323212985753,15942.436212539262,16337.12378090022,16139.413886324146
base,2024,nhl,persons,3,16827.51100387397,16545.14915916845,17108.33067500751,16827.967682205122
base,2025,nhl,persons,3,17428.92703765067,17142.183487052975,17719.794790065578,17433.8196328726
base,2026,nhl,persons,3,18045.260923205817,17750.70716100839,18344.38003494881,18049.502036296315
base,2027,nhl,persons,3,18672.103933183622,18372.970890714943,18987.278814433488,18675.17998457851
base,2028,nhl,persons,3,19300.712871960764,18989.14773775493,19626.485291865352,19304.02228976824
base,2029,nhl,persons,3,19914.800211407703,19587.141208512872,20258.53102857512,19921.09256576673
base,2030,nhl,persons,3,20516.541466415034,20169.91011453244,20885.120683297224,20521.931057457405
base,2031,nhl,persons,3,21097.73262867134,20724.040742045498,21491.63268201042,21103.238113190142
base,2032,nhl,persons,3,21632.078337110303,21246.74351644229,22051.175722891992,21642.669012828694
base,2033,nhl,persons,3,22106.892597502527,21702.636300897757,22554.517206453216,22119.43359235214
base,2034,nhl,persons,3,22518.43401393188,22096.699741248976,22984.935449049597,22529.815537421848
base,2035,nhl,persons,3,22927.015113280682,22484.590159427084,23404.640915839176,22937.46372207396
base,2036,nhl,persons,3,23342.00165121867,22876.337328573267,23847.855362126258,23351.152061532608
base,2037,nhl,persons,3,23748.718039131105,23259.270660164675,24275.805327325692,23760.294781032466
base,2038,nhl,persons,3,24144.74995787788,23625.583736923447,24701.43834283534,24156.950605836995
base,2039,nhl,persons,3,24512.358501750576,23966.720370454186,25098.60352797831,24523.49990475765
base,2040,nhl,persons,3,24844.916346342492,24270.65286013667,25462.0850392845,24855.746823743313
base,2041,nhl,persons,3,25143.57133876114,24535.606592200336,25794.572602780525,25154.192362961523
base,2042,nhl,persons,3,25412.353305066063,24773.670558609636,26090.208766585714,25421.725864353393
base,2043,nhl,persons,3,25652.947601893997,24988.88203110575,26377.40341520217,25665.818530561282
base,2044,nhl,persons,3,25887.91845357175,25196.713270902503,26646.77738398384,25900.102905167427
base,2045,nhl,persons,3,26117.069586183003,25403.95734098136,26908.86832616239,26132.98873770215
base,2012,total,males,3,7481.334733430779,7456.341622935665,7508.336122720872,7481.58060072279
base,2013,total,males,3,7748.36247539322,7717.923666187668,7779.14775115826,7748.525618809237
base,2014,total,males,3,8000.783014562956,7964.845831166111,8031.390598061329,7999.44215333175
base,2015,total,males,3,8118.506940261871,8081.0563742165905,8149.316668605058,8117.066949744013
base,2016,total,males,3,8373.992988525857,8333.993324685882,8407.502314527263,8373.055115824543
base,2017,total,males,3,8746.806207069701,8714.806687685834,8776.56948730402,8746.544014491108
base,2018,total,males,3,9078.806295264989,9047.390861761918,9110.073946442404,9078.726959326617
base,2019,total,males,3,9408.054900376863,9377.745386386168,9440.253769657043,9407.933425850617
base,2020,total,males,3,9726.98061485504,9692.307638239528,9762.414805985949,9726.866864953567
base,2021,total,males,3,9867.168024631948,9828.104001618543,9906.909864111913,9867.038686565436
base,2022,total,males,3,10110.028215913306,10020.037935721677,10199.57174619011,10109.697282266789
base,2023,total,males,3,10301.251743006236,10146.730929367839,10448.532808699401,10299.386305884249
base,2024,total,males,3,10737.11972510516,10520.514615146873,10945.850161520984,10734.46250693907
base,2025,total,males,3,11106.747496436605,10881.516259172606,11324.723319891029,11106.76640253391
base,2026,total,males,3,11481.04358766759,11255.446417085102,11712.63769265837,11482.570257128747
base,2027,total,males,3,11859.91462821533,11629.343426357795,12103.577412627083,11862.836071997222
base,2028,total,males,3,12237.284528748965,11996.612247136565,12500.19976530901,12243.23824750759
base,2029,total,males,3,12611.512546580117,12354.60095241275,12887.55274087639,12615.166686436907
base,2030,total,males,3,12969.105237847201,12701.60683271098,13262.31449571149,12975.661514713891
base,2031,total,males,3,13317.174448267937,13031.142021746387,13624.490616216253,13323.13064528631
base,2032,total,males,3,13640.347393713824,13337.029195939218,13960.112470507816,13645.697382451139
base,2033,total,males,3,13928.386864164477,13605.029022659413,14263.141146602215,13930.984067419195
base,2034,total,males,3,14173.559798224038,13833.338610190316,14521.095370076404,14175.923710009194
base,2035,total,males,3,14413.398795876292,14059.551960258843,14785.526474119402,14416.575538467621
base,2036,total,males,3,14656.943068526627,14281.996580485313,15039.100265316016,14659.262752871831
base,2037,total,males,3,14894.597748002689,14499.803233908586,15296.20406258761,14898.445459368477
base,2038,total,males,3,15124.68747023249,14712.324827495331,15548.048577120333,15129.827501170392
base,2039,total,males,3,15338.071667242413,14908.947415712677,15781.564034098916,15342.985083303092
base,2040,total,males,3,15526.384646090193,15084.952711264526,15994.724286368384,15535.42539913946
base,2041,total,males,3,15698.203388843032,15242.030491992653,16188.66273463859,15707.970826953107
base,2042,total,males,3,15852.117914116285,15380.344454963835,16363.53871610948,15861.406627589151
base,2043,total,males,3,15989.933039068168,15501.25009828635,16520.84707364424,15999.54396123793
base,2044,total,males,3,16121.564854392891,15614.594636716545,16667.6938759165,16129.995911021842
base,2045,total,males,3,16246.017263134767,15725.908796727626,16822.80171990885,16258.141001308839
base,2012,total,females,3,5629.5929432372595,5609.877549161148,5651.427200185239,5629.6698521359785
base,2013,total,females,3,5846.849658152616,5822.140339311691,5874.713064718495,5846.844961420086
base,2014,total,females,3,6192.488246162185,6165.200325986624,6220.348120075262,6192.602240392294
base,2015,total,females,3,6368.790164566735,6340.524845951312,6396.531534720844,6368.885126699765
base,2016,total,females,3,6623.481026419071,6594.288702705224,6652.7160363173025,6623.253616217822
base,2017,total,females,3,6735.381462537189,6710.881738921905,6760.896475910692,6735.256326592632
base,2018,total,females,3,6867.68851834552,6840.755516169197,6894.326593691063,6867.637560055491
base,2019,total,females,3,6992.6896743616835,6966.570643077707,7018.774274496702,6992.465610208639
base,2020,total,females,3,7331.154820549374,7301.030575089635,7362.072464563908,7330.647972973197
base,2021,total,females,3,7608.89451176058,7575.182154029608,7641.887948969825,7608.377082644592
base,2022,total,females,3,7880.862378359768,7804.871669674234,7959.59320510892,7880.886353294088
base,2023,total,females,3,8028.038373478661,7899.790512313955,8174.275400638019,8030.328444589072
base,2024,total,females,3,8315.014870180352,8133.698858289188,8523.322106963473,8318.067340645403
base,2025,total,females,3,8611.561006700276,8424.641957618818,8821.009783530802,8613.019869105428
base,2026,total,females,3,8909.607122340178,8714.57469141214,9126.732814424982,8911.394824074157
base,2027,total,females,3,9211.987891632853,9006.749975888155,9438.122027084486,9214.134375509546
base,2028,total,females,3,9516.93117797654,9301.887123055836,9751.034860636437,9518.448469757028
base,2029,total,females,3,9817.173450150509,9587.818581155892,10059.651398023787,9818.212293920524
base,2030,total,females,3,10113.544956651,9866.811014578903,10363.680666469221,10112.07001655257
base,2031,total,females,3,10399.013128895163,10129.430893314042,10665.776406839312,10398.517377766759
base,2032,total,females,3,10668.194266277995,10374.040125783626,10952.660241253512,10666.506408267454
base,2033,total,females,3,10910.251563209338,10596.100354490169,11209.202022117226,10907.190577442812
base,2034,total,females,3,11119.24691615163,10792.81667468638,11431.439131198451,11119.078699544507
base,2035,total,females,3,11330.533923044388,10995.658532562607,11660.943475463324,11330.984592710509
base,2036,total,females,3,11546.19068920055,11195.034742833666,11889.436293346462,11545.548714225966
base,2037,total,females,3,11757.787025000569,11398.304050614217,12126.624806555528,11758.536511433986
base,2038,total,females,3,11963.379552930302,11592.359101664195,12354.580503402345,11966.82925694342
base,2039,total,females,3,12159.465336189221,11770.878874991888,12565.13564457776,12163.018009370384
base,2040,total,females,3,12340.141759071506,11926.429735253863,12773.599662504399,12344.987708452429
base,2041,total,females,3,12506.796680906029,12077.89445141344,12968.923103902212,12512.55319446409
base,2042,total,females,3,12659.790924389195,12214.625105309908,13147.863191254757,12667.687261093766
base,2043,total,females,3,12808.24078624112,12331.73247248351,13310.636169674934,12814.133756363719
base,2044,total,females,3,12947.221544569144,12451.18108340617,13479.737011661178,12956.975971872544
base,2045,total,females,3,13086.845558667172,12566.178047003588,13647.660132784187,13098.561090477464
base,2012,total,persons,3,13111.196951545486,13080.841428317764,13145.459909612508,13111.250452858769
base,2013,total,persons,3,13595.467044574561,13552.401640144073,13635.466302922308,13595.370580229324
base,2014,total,persons,3,14192.331140218972,14146.664619042942,14232.423517962912,14192.044393724045
base,2015,total,persons,3,14486.911077749894,14439.673541307671,14528.70495163982,14485.952076443778
base,2016,total,persons,3,14996.999816116393,14946.64535490802,15043.059632016251,14996.308732042366
base,2017,total,persons,3,15482.108005641125,15441.054056422783,15519.310177018884,15481.800341083741
base,2018,total,persons,3,15946.16032309643,15901.941526297964,15989.319025329898,15946.364519382108
base,2019,total,persons,3,16400.293883979462,16361.948570084767,16442.05581383668,16400.399036059254
base,2020,total,persons,3,17057.557851909252,17011.927365405278,17102.844933522254,17057.514837926763
base,2021,total,persons,3,17475.456038018627,17424.467398879846,17529.605505721334,17475.415769210027
base,2022,total,persons,3,17988.49854861955,17871.679247522312,18117.191538355863,17990.583635560877
base,2023,total,persons,3,18327.183695454245,18118.96922403413,18540.189876705474,18329.714750473322
base,2024,total,persons,3,19049.5103833021,18750.52108176519,19348.12723780559,19052.529847584472
base,2025,total,persons,3,19714.460162116247,19416.47866868798,20026.629979295147,19719.78627163934
base,2026,total,persons,3,20389.439461673664,20079.741734684325,20716.031168010395,20393.965081202907
base,2027,total,persons,3,21070.510587348886,20759.42374013244,21408.211463547686,21076.97044750677
base,2028,total,persons,3,21753.474892148988,21429.20144756447,22102.329632504898,21761.68671726462
base,2029,total,persons,3,22423.06864583255,22084.687991387338,22801.80286296804,22433.37898035743
base,2030,total,persons,3,23078.662976721826,22725.623972172154,23473.166714591454,23087.73153126646
base,2031,total,persons,3,23712.15223782095,23341.382655454494,24135.0936584535,23721.64802305307
base,2032,total,persons,3,24305.175877880505,23902.594156837007,24757.497750196777,24312.20379071859
base,2033,total,persons,3,24829.992986487472,24406.338064241652,25304.649485854912,24838.174644862007
base,2034,total,persons,3,25281.65574426727,24855.076707201213,25776.992570853166,25295.0024095537
base,2035,total,persons,3,25740.70172414064,25287.765179460104,26256.847060720505,25747.560131178132
base,2036,total,persons,3,26195.32966739805,25717.391248043205,26737.545577001787,26204.8114670978
base,2037,total,persons,3,26644.631819122438,26137.96274734898,27216.556667191322,26656.981970802462
base,2038,total,persons,3,27083.54290697015,26556.71535974595,27679.535461743588,27096.65675811381
base,2039,total,persons,3,27491.270227294757,26940.989957308582,28112.593015142054,27506.003092673476
base,2040,total,persons,3,27863.883350893062,27285.99568354502,28518.65677360474,27880.41310759189
base,2041,total,persons,3,28204.45666035478,27606.973525058027,28902.816993560788,28220.524021417197
base,2042,total,persons,3,28513.728298516802,27882.61972921448,29247.00810944115,28529.093888682917
base,2043,total,persons,3,28796.038010438973,28137.49038694924,29554.744011724757,28813.677717601648
base,2044,total,persons,3,29065.108866443275,28388.852877184185,29868.48256861056,29086.971882894388
base,2045,total,persons,3,29335.960843184264,28634.76362698775,30167.468950849106,29356.7020917863
base,2012,dlbcl,persons,5,5775.940718489663,5745.655508568798,5809.045944857823,5776.042250968388
base,2013,dlbcl,persons,5,5981.077949130018,5946.369319382815,6015.460140437515,5981.3749194686325
base,2014,dlbcl,persons,5,6204.867138473266,6169.122280340996,6238.022013541543,6204.989267336344
base,2015,dlbcl,persons,5,6371.778027661623,6337.942242485111,6405.227140993007,6371.94182688422
base,2016,dlbcl,persons,5,6537.255271484309,6500.4037585582455,6569.622113588826,6536.651010328565
base,2017,dlbcl,persons,5,6651.731399693723,6618.245221110728,6682.465751530892,6651.390873388006
base,2018,dlbcl,persons,5,6820.316763785014,6781.262655238361,6855.88378237239,6819.451046082053
base,2019,dlbcl,persons,5,6982.99015572658,6944.268260392479,7021.7051880415975,6982.972368890136
base,2020,dlbcl,persons,5,7250.570364576335,7211.057324168644,7289.840858826045,7250.538024382262
base,2021,dlbcl,persons,5,7482.062583458446,7436.9809480917065,7523.4340521723825,7481.532422424039
base,2022,dlbcl,persons,5,7747.187736700799,7670.39621946816,7828.677502944949,7747.642774747501
base,2023,dlbcl,persons,5,8007.175252055689,7875.487614862962,8143.328381856998,8008.159273692681
base,2024,dlbcl,persons,5,8247.479281591355,8060.509734769235,8438.81885917333,8251.142739427203
base,2025,dlbcl,persons,5,8443.642689694618,8206.704551189452,8696.238321213496,8449.169946370555
base,2026,dlbcl,persons,5,8683.112007265572,8391.447055716962,8994.665243316054,8688.902281028664
base,2027,dlbcl,persons,5,8927.922276145786,8615.839051570607,9256.306355079045,8930.924289907387
base,2028,dlbcl,persons,5,9171.780715712686,8850.055268961074,9527.49354352671,9172.433220991508
base,2029,dlbcl,persons,5,9409.316332455182,9061.913594651636,9794.66052801319,9412.89458102304
base,2030,dlbcl,persons,5,9644.852858647093,9277.299629925392,10061.86559324513,9649.05480025977
base,2031,dlbcl,persons,5,9874.554972469949,9485.86965874722,10317.973197719484,9876.73688504293
base,2032,dlbcl,persons,5,10081.710617981302,9665.507815290068,10552.49434004153,10089.132205366093
base,2033,dlbcl,persons,5,10268.890172598502,9819.617822031965,10768.75535706605,10278.745622219736
base,2034,dlbcl,persons,5,10437.780398853472,9953.962640283162,10962.497582607893,10444.919991073992
base,2035,dlbcl,persons,5,10577.410703580992,10067.22305916318,11147.793532602884,10589.88787583052
base,2036,dlbcl,persons,5,10708.120466378321,10161.69597215423,11305.5634509317,10718.293006233567
base,2037,dlbcl,persons,5,10835.096126502252,10249.307564573515,11462.923659690818,10845.515470488637
base,2038,dlbcl,persons,5,10957.835840007767,10345.604360468069,11618.883452954906,10970.073180980078
base,2039,dlbcl,persons,5,11076.458160537268,10423.90181919693,11767.911002805125,11088.198280061813
base,2040,dlbcl,persons,5,11180.591108721977,10492.496167742223,11912.394061525089,11197.459154206035
base,2041,dlbcl,persons,5,11279.305948426152,10550.538207735322,12047.60381476584,11294.543006552229
base,2042,dlbcl,persons,5,11364.260367774415,10605.192874951754,12178.6130618375,11379.286004213533
base,2043,dlbcl,persons,5,11435.400014822237,10638.322624802573,12298.42350014698,11453.040792926915
base,2044,dlbcl,persons,5,11503.45147224909,10669.077924787212,12415.564683851968,11520.035588711318
base,2045,dlbcl,persons,5,11567.742774113747,10697.49724418043,12529.077867249167,11583.451544259367
base,2012,follicular,persons,5,4771.562907019259,4755.28968623023,4787.682915511022,4771.386061776782
base,2013,follicular,persons,5,4878.333967792686,4861.699450051251,4894.6475687604525,4878.280316949054
base,2014,follicular,persons,5,4988.7748523871,4971.97487884977,5005.367355442911,4988.574893755613
base,2015,follicular,persons,5,5066.436203492294,5048.963097905374,5082.789266882881,5066.4752776556115
base,2016,follicular,persons,5,5270.517770985032,5252.485381840874,5287.47021316928,5270.359477662361
base,2017,follicular,persons,5,5509.360875017604,5491.850261914355,5524.897151309287,5509.053138825244
base,2018,follicular,persons,5,5708.351576449895,5689.492248895127,5724.628981052373,5707.89291703863
base,2019,follicular,persons,5,5879.898668334336,5861.984850287476,5897.228688093446,5879.924843366949
base,2020,follicular,persons,5,6244.591448719113,6227.985767477575,6262.715928490826,6244.67143082426
base,2021,follicular,persons,5,6368.477534211162,6349.626232256313,6387.169301510849,6368.442328653345
base,2022,follicular,persons,5,6474.136019825376,6412.24805027158,6534.630547138576,6473.7654082942345
base,2023,follicular,persons,5,6679.4487970000555,6560.7952892899775,6791.962588025128,6678.879691432871
base,2024,follicular,persons,5,6851.096864320647,6676.485227185485,7016.289194513802,6851.092999734854
base,2025,follicular,persons,5,6885.993933469327,6656.491856022556,7105.8836844394655,6886.918573195272
base,2026,follicular,persons,5,7088.967519650659,6804.879361352801,7362.866564487848,7091.509073686413
base,2027,follicular,persons,5,7245.483796341712,6954.787322970913,7528.884936753458,7247.588111020282
base,2028,follicular,persons,5,7393.454654028531,7088.40001984836,7687.123701173579,7394.825848988901
base,2029,follicular,persons,5,7530.089116922803,7215.00413986736,7846.6642844004455,7531.993920380636
base,2030,follicular,persons,5,7658.142557436666,7327.208479261494,7989.818734987236,7657.426214927245
base,2031,follicular,persons,5,7767.833196979407,7422.197657950678,8116.375245460193,7767.9845413635185
base,2032,follicular,persons,5,7861.460776553542,7497.216319988194,8228.997089633547,7863.102814466703
base,2033,follicular,persons,5,7938.962449114829,7549.759122945768,8328.836232638349,7942.774749462705
base,2034,follicular,persons,5,8002.82237485711,7592.821705790687,8418.377716533256,8008.2621728761305
base,2035,follicular,persons,5,8053.680633870446,7622.757651795938,8493.638439571989,8059.290122002951
base,2036,follicular,persons,5,8089.619257084116,7644.636738206112,8559.045484993114,8096.602514477322
base,2037,follicular,persons,5,8122.467112983131,7648.424109700035,8616.330391177442,8128.253307704206
base,2038,follicular,persons,5,8144.870415047986,7659.275827224068,8653.965206270665,8151.329892093401
base,2039,follicular,persons,5,8155.08299253169,7645.815203249486,8688.606676933352,8161.765827790141
base,2040,follicular,persons,5,8151.583047179997,7616.79997675597,8700.242200186021,8157.487808472897
base,2041,follicular,persons,5,8129.451951665649,7586.618935966716,8698.238457855374,8136.250714930468
base,2042,follicular,persons,5,8090.448809797028,7534.5890273416335,8681.485001152909,8099.320149689186
base,2043,follicular,persons,5,8037.706305050298,7451.961559556742,8656.378385692446,8049.288249000306
base,2044,follicular,persons,5,7977.892166112358,7383.91294539717,8622.89566096542,7991.388043802555
base,2045,follicular,persons,5,7911.546675209481,7302.490811384326,8575.593025711403,7929.899917427403
base,2012,mantle_cell,persons,5,774.721824401355,763.1146501613199,786.592964286066,774.7878018480563
base,2013,mantle_cell,persons,5,816.3239448295124,803.3005816278454,828.308905800736,816.2690574099046
base,2014,mantle_cell,persons,5,875.5113496017012,863.2156534396701,887.2840594784893,875.4866077351013
base,2015,mantle_cell,persons,5,910.5331814733079,897.6212298529474,922.61704211025,910.5484632904883
base,2016,mantle_cell,persons,5,932.5311307382196,918.6017358705578,945.6924507699648,932.491011546101
base,2017,mantle_cell,persons,5,1016.4158336569037,1003.1249423583575,1028.6304905278703,1016.3396880375199
base,2018,mantle_cell,persons,5,1044.3382931463043,1031.0287541290852,1058.7102532086699,1044.4186035478826
base,2019,mantle_cell,persons,5,1092.0309419137648,1077.2257308165263,1105.4612958830603,1091.8126977157465
base,2020,mantle_cell,persons,5,1160.3268479554185,1145.885159088515,1174.474172817448,1160.470670746618
base,2021,mantle_cell,persons,5,1159.087198710035,1144.6518471011025,1172.6560193784546,1159.0334223139994
base,2022,mantle_cell,persons,5,1160.17694488988,1130.2343785202327,1188.5119556609297,1160.0699358886918
base,2023,mantle_cell,persons,5,1202.1068576427265,1151.106276836303,1256.6091892606762,1202.8525723780126
base,2024,mantle_cell,persons,5,1233.213443417768,1159.165727614413,1312.5445239300545,1234.4134971186638
base,2025,mantle_cell,persons,5,1263.135601392276,1166.6129342132638,1367.403295220638,1264.7165946845992
base,2026,mantle_cell,persons,5,1350.7374054839038,1229.164189679208,1481.9944335157306,1351.9642174574099
base,2027,mantle_cell,persons,5,1426.2605141302279,1292.708116189434,1566.728618560592,1427.0263924832595
base,2028,mantle_cell,persons,5,1504.8135150057237,1360.8857947625854,1662.4843127838346,1505.101532920609
base,2029,mantle_cell,persons,5,1583.127719957305,1429.1051480600668,1757.674315812946,1585.465225954605
base,2030,mantle_cell,persons,5,1663.6351756165582,1494.4461944062555,1857.1181424560361,1666.504968792843
base,2031,mantle_cell,persons,5,1744.226778769243,1560.4889910997808,1957.826326085685,1746.0062978085787
base,2032,mantle_cell,persons,5,1819.9771053846162,1616.7621417897162,2048.0357599175404,1821.4427863164506
base,2033,mantle_cell,persons,5,1889.6742228720773,1669.4395686129594,2135.3358279864115,1891.4189482894267
base,2034,mantle_cell,persons,5,1950.8232234928669,1713.7978521965551,2219.51791870252,1954.1886936952376
base,2035,mantle_cell,persons,5,2004.648198151138,1750.827848966178,2307.0892027397904,2008.809158585509
base,2036,mantle_cell,persons,5,2050.3816080949955,1780.3221586618083,2378.306188271005,2056.3113052111316
base,2037,mantle_cell,persons,5,2094.869961669865,1808.336987831457,2452.5704173572576,2103.0107196862646
base,2038,mantle_cell,persons,5,2139.9868595170246,1832.5429412431351,2530.9402567546786,2148.6635625645667
base,2039,mantle_cell,persons,5,2183.748671154743,1853.095564164508,2607.60803367679,2192.5208303001255
base,2040,mantle_cell,persons,5,2224.3183267128175,1876.1801328948434,2683.3393711299245,2233.9162436768274
base,2041,mantle_cell,persons,5,2259.572869865864,1891.1630311050208,2756.580028177554,2271.463216067758
base,2042,mantle_cell,persons,5,2292.0598563902713,1897.7124811190265,2826.495858083443,2304.5804241676037
base,2043,mantle_cell,persons,5,2320.401972682327,1907.2920165873059,2892.492630624771,2333.2817986983687
base,2044,mantle_cell,persons,5,2343.5948773017,1904.3981272384506,2945.647118552343,2358.224738450199
base,2045,mantle_cell,persons,5,2367.3002151767664,1901.9094614551489,3011.428159710905,2379.9590980272856
base,2012,hodgkin,persons,5,2672.736131949449,2659.3039949780214,2685.7229597950336,2672.714993373859
base,2013,hodgkin,persons,5,2779.413096973219,2764.7536213960075,2793.2315928671264,2779.475308771836
base,2014,hodgkin,persons,5,2855.3294758370566,2841.0890933504265,2869.733790500002,2855.361933666524
base,2015,hodgkin,persons,5,2926.4811935018756,2913.1926215257413,2940.0339749351224,2926.529147467258
base,2016,hodgkin,persons,5,2978.089691560318,2964.451012559244,2992.0169454541724,2978.262899460933
base,2017,hodgkin,persons,5,3034.791721075523,3021.915946946741,3047.212174479544,3034.714292307931
base,2018,hodgkin,persons,5,3055.67162421957,3041.741146718015,3069.165766215241,3055.791749643909
base,2019,hodgkin,persons,5,3113.741067249639,3100.2820349466665,3127.747611267418,3113.9383329285574
base,2020,hodgkin,persons,5,3205.9743090168886,3191.360900544814,3219.242069408202,3205.664932190243
base,2021,hodgkin,persons,5,3299.2136049868213,3283.3468584271263,3313.081595729064,3299.124157702202
base,2022,hodgkin,persons,5,3366.878935075044,3327.7877898605548,3403.7821608838135,3366.8199968394806
base,2023,hodgkin,persons,5,3488.8273463102933,3419.23482512119,3555.972380550721,3488.4146613220705
base,2024,hodgkin,persons,5,3580.5589928223917,3483.5046586353415,3679.4562632311063,3580.921534032337
base,2025,hodgkin,persons,5,3652.3388634599128,3525.868025456194,3783.4610354499114,3653.636817946585
base,2026,hodgkin,persons,5,3725.21852403524,3570.723985237675,3889.9158684630056,3727.5886504421487
base,2027,hodgkin,persons,5,3824.0798279864584,3664.663456808877,3989.3210632139794,3825.708137075333
base,2028,hodgkin,persons,5,3919.5420555109026,3753.447850713623,4087.2333453295137,3919.8979380356327
base,2029,hodgkin,persons,5,4012.729507684571,3839.3450294351337,4182.565786223747,4012.2264586184733
base,2030,hodgkin,persons,5,4102.186933465304,3924.5707098419884,4278.693173660699,4102.39969201261
base,2031,hodgkin,persons,5,4190.98461565854,4005.33883227418,4371.162002382561,4190.780932665844
base,2032,hodgkin,persons,5,4277.616550306402,4081.337922635729,4461.222600032414,4277.080885434757
base,2033,hodgkin,persons,5,4360.949077823025,4154.303698242815,4553.63734020953,4360.80084171952
base,2034,hodgkin,persons,5,4442.428791576526,4224.265794079384,4641.899344542537,4441.306286903263
base,2035,hodgkin,persons,5,4519.68783506766,4295.094469515544,4729.651001123811,4517.689667963329
base,2036,hodgkin,persons,5,4592.271658676411,4357.470228122788,4808.93456210871,4589.332896278977
base,2037,hodgkin,persons,5,4663.442966930869,4421.016700961241,4887.063770045284,4659.640799221984
base,2038,hodgkin,persons,5,4731.200288242097,4480.45720877927,4964.645610716795,4728.5053539231385
base,2039,hodgkin,persons,5,4798.6320139052905,4541.384994992111,5034.802512465327,4796.3977709182145
base,2040,hodgkin,persons,5,4866.482245853741,4598.48781159672,5104.564946952499,4863.862133447806
base,2041,hodgkin,persons,5,4934.52812960849,4658.556334764694,5179.068623766285,4930.95491362349
base,2042,hodgkin,persons,5,5000.127527143219,4716.599128030474,5253.58240528806,4997.139389546118
base,2043,hodgkin,persons,5,5065.023522954027,4771.618440938493,5328.723024171015,5062.408263204906
base,2044,hodgkin,persons,5,5127.310700372824,4827.282798768356,5405.468746041464,5125.91879029406
base,2045,hodgkin,persons,5,5188.2074747719835,4879.845472776282,5478.624288044805,5186.861378306886
base,2012,nhl,persons,5,17033.269594025485,16983.495948793592,17081.982913222233,17033.200789819166
base,2013,nhl,persons,5,17750.161868988107,17699.151836397283,17800.543090554664,17750.246701616532
base,2014,nhl,persons,5,18591.985719627748,18537.639164880744,18643.572812970353,18591.716822732305
base,2015,nhl,persons,5,19207.352345189953,19153.847843252443,19259.927524833758,19207.449952149396
base,2016,nhl,persons,5,19937.1941204548,19878.857923438245,19993.620923450017,19936.317672263467
base,2017,nhl,persons,5,20660.45777528762,20604.556998480904,20710.445629131173,20659.162643777494
base,2018,nhl,persons,5,21353.46520959337,21293.682877621275,21407.844834160715,21352.664310346565
base,2019,nhl,persons,5,21944.173841706128,21886.766387855463,22003.08764089251,21944.162434807502
base,2020,nhl,persons,5,22945.645818536144,22885.64378277898,23000.52184384707,22945.273057969014
base,2021,nhl,persons,5,23477.77035497331,23418.235685680596,23538.905740821323,23478.773082068725
base,2022,nhl,persons,5,24137.590500126535,24022.365962982803,24261.592101923037,24136.709176633947
base,2023,nhl,persons,5,24956.00114064999,24761.29577780745,25167.890680236633,24958.74549650451
base,2024,nhl,persons,5,25791.83495933276,25514.037702660276,26087.36992235628,25796.559384878736
base,2025,nhl,persons,5,26478.765059013836,26114.8981601317,26857.03651333236,26482.065476427593
base,2026,nhl,persons,5,27535.075633452332,27096.320106471772,27989.12840546909,27536.254356930604
base,2027,nhl,persons,5,28523.094750127835,28069.8039730785,28992.037967716857,28525.549222406407
base,2028,nhl,persons,5,29518.046241746015,29048.813640575456,30001.944669298187,29519.642211117767
base,2029,nhl,persons,5,30516.32680705428,30026.88806071291,31018.878977240896,30514.343261622827
base,2030,nhl,persons,5,31496.600937302926,30976.68131178544,32028.599844399014,31499.3602150707
base,2031,nhl,persons,5,32460.644607736776,31914.043388473678,33032.067413809185,32461.577178363685
base,2032,nhl,persons,5,33370.72367608119,32791.037589923224,33983.62567266764,33373.507969953534
base,2033,nhl,persons,5,34205.60654795624,33595.518383737544,34846.7469328023,34209.204453587205
base,2034,nhl,persons,5,34960.84560507235,34315.412809823756,35642.24409426102,34967.38826630697
base,2035,nhl,persons,5,35640.07470168632,34984.25772562975,36365.183671269835,35651.23683169609
base,2036,nhl,persons,5,36256.11093678231,35559.45931055758,37029.61061382639,36269.41341477878
base,2037,nhl,persons,5,36867.49833789142,36123.73148778054,37676.56368882536,36884.94506370631
base,2038,nhl,persons,5,37470.78587928909,36692.52389257999,38332.16062541557,37488.97665519663
base,2039,nhl,persons,5,38048.71189458231,37245.91686147991,38947.85185815197,38067.230749291804
base,2040,nhl,persons,5,38591.75281591441,37752.134948181076,39549.52599801262,38610.45171889294
base,2041,nhl,persons,5,39088.03936058456,38198.21788290528,40110.89444021638,39105.764817504714
base,2042,nhl,persons,5,39534.49204565733,38600.01132028747,40607.22360690055,39552.78899616322
base,2043,nhl,persons,5,39939.40269053312,38966.520063331824,41056.34592794991,39957.46786443879
base,2044,nhl,persons,5,40315.03093195126,39304.76895081292,41482.30512797564,40334.09059580655
base,2045,nhl,persons,5,40668.53265516225,39623.70124297039,41887.814957722454,40693.97789022414
base,2012,total,males,5,11117.137015772176,11078.365458266213,11154.902516272605,11116.961324714606
base,2013,total,males,5,11590.660407058589,11549.1791218057,11632.863405325517,11590.963259293238
base,2014,total,males,5,12079.321584098623,12033.758438953007,12117.523670320956,12078.21059392185
base,2015,total,males,5,12450.710687419112,12403.765554218313,12494.581622443577,12449.896113550749
base,2016,total,males,5,12824.024203245182,12776.30421751935,12872.375368240753,12823.881936224663
base,2017,total,males,5,13278.969794780893,13237.424879265729,13323.93720727943,13279.098925258086
base,2018,total,males,5,13735.38620894285,13691.588555549693,13780.018329626135,13735.931183208944
base,2019,total,males,5,14172.717983886774,14129.521735335897,14216.589420344628,14173.260807026805
base,2020,total,males,5,14796.602260201176,14750.716660751297,14844.840056124569,14796.388845650708
base,2021,total,males,5,15143.924506352916,15094.13562010835,15192.094333867022,15143.249091648326
base,2022,total,males,5,15505.139592853211,15407.877333630091,15603.0367650179,15504.288108628643
base,2023,total,males,5,15979.88714426415,15818.646267939586,16139.049396371169,15978.555139891625
base,2024,total,males,5,16447.604894586053,16219.62551069762,16669.564429519145,16446.494424998607
base,2025,total,males,5,16867.51294418426,16564.4068267366,17143.308728896915,16862.99192982379
base,2026,total,males,5,17519.443019769067,17148.330066699265,17856.49435063922,17513.947916301408
base,2027,total,males,5,18118.711349768906,17739.090878807754,18470.19178476164,18114.461435265537
base,2028,total,males,5,18717.43971006226,18325.310083612185,19085.81879711856,18714.18324063071
base,2029,total,males,5,19313.83804697352,18909.87865790784,19699.666776634796,19311.394870139477
base,2030,total,males,5,19900.543163776078,19485.93758547725,20313.81215507795,19899.894284758193
base,2031,total,males,5,20473.90989483743,20043.555674216397,20904.11623350636,20472.30552436063
base,2032,total,males,5,21017.428663202743,20560.884357712435,21473.90149348767,21013.636229402866
base,2033,total,males,5,21511.74011024999,21032.905536382965,21990.872313363485,21508.326712450827
base,2034,total,males,5,21958.395836650197,21459.470636942875,22451.270070329923,21954.812043378042
base,2035,total,males,5,22362.87279856552,21837.225751136288,22871.91304550739,22354.684003738486
base,2036,total,males,5,22719.311692842595,22170.36658870367,23262.312925350732,22714.680916310335
base,2037,total,males,5,23073.979277856557,22507.724419897568,23651.736288878554,23070.871310352453
base,2038,total,males,5,23419.89005697397,22839.270546791824,24039.30168765547,23418.77804934229
base,2039,total,males,5,23751.628283958467,23145.334225977847,24398.361804353335,23750.295838131948
base,2040,total,males,5,24060.630913984805,23429.854132879438,24738.853613510746,24060.612601515084
base,2041,total,males,5,24341.65617304133,23685.756580588237,25049.238408635265,24343.030862272295
base,2042,total,males,5,24596.553767864105,23916.148505350913,25326.426988955314,24596.166173073616
base,2043,total,males,5,24819.27091538791,24120.661896252823,25585.311974946166,24823.002539435434
base,2044,total,males,5,25023.940045029456,24295.68268618517,25820.930131899426,25031.60846397546
base,2045,total,males,5,25214.917530881125,24462.69103698248,26053.261853493066,25228.324145152244
base,2012,total,females,5,8589.930040344647,8553.880479205562,8620.228555379692,8588.954458478418
base,2013,total,females,5,8938.601730530976,8903.282543705809,8972.829246068628,8938.75875109513
base,2014,total,females,5,9369.082697545402,9334.600243202614,9402.947597268403,9368.868162476976
base,2015,total,females,5,9684.269211782837,9649.320392947126,9719.774195156191,9684.082986065905
base,2016,total,females,5,10090.7294017272,10052.520869711741,10129.028171470158,10090.698635499737
base,2017,total,females,5,10414.626326447833,10378.617540799894,10448.854962183292,10414.778010827342
base,2018,total,females,5,10673.1002503665,10632.643798090478,10710.675283120921,10672.52487678153
base,2019,total,females,5,10884.258392119733,10845.486163372449,10923.730731237116,10884.839960709252
base,2020,total,females,5,11354.425079518249,11315.159436605374,11394.34747068524,11354.54914450855
base,2021,total,females,5,11634.346535790992,11592.752579205124,11674.212748057533,11634.6481481226
base,2022,total,females,5,12000.09249993406,11919.612760688482,12077.567176616203,11999.241064844784
base,2023,total,females,5,12469.935206258564,12336.74546140506,12613.110956893168,12468.605017934955
base,2024,total,females,5,12930.091054204233,12747.269522897817,13142.335079351047,12930.986493912467
base,2025,total,females,5,13271.226641908554,13033.752718037804,13544.019481735477,13272.710364550388
base,2026,total,females,5,13746.617005641625,13452.07888689435,14076.73794453936,13749.895091071343
base,2027,total,females,5,14233.094670082262,13924.161024694666,14571.517444442034,14236.795924216203
base,2028,total,females,5,14722.48839170764,14390.658201758051,15068.718035871723,14725.356908522688
base,2029,total,females,5,15212.880255036376,14874.260722905201,15568.719058307883,15215.174850101823
base,2030,total,females,5,15700.035450020488,15342.487189405647,16074.67363308982,15701.865622325118
base,2031,total,females,5,16174.879967229592,15790.186665846843,16569.616435386946,16180.0525866689
base,2032,total,females,5,16630.411919562408,16213.842334088335,17044.954922093133,16636.952625985425
base,2033,total,females,5,17054.04751896194,16612.5135754846,17489.95371619899,17061.678582855897
base,2034,total,females,5,17452.009904394406,16976.565634628434,17901.603148225488,17453.882509832187
base,2035,total,females,5,17808.277725176307,17307.045335617735,18286.095782420773,17814.242495920935
base,2036,total,females,5,18138.468347436865,17609.663068355076,18642.77239932693,18144.065394747417
base,2037,total,females,5,18465.790688467157,17917.883564551263,19003.99248363595,18473.714552575842
base,2038,total,females,5,18789.190249039377,18211.37900425348,19355.211062494498,18798.70395977748
base,2039,total,females,5,19102.07162585076,18501.074263476174,19708.058396794677,19113.332682078068
base,2040,total,females,5,19403.641666429154,18767.09500250814,20036.64057460129,19413.70125082566
base,2041,total,females,5,19675.58367070243,19019.706703301395,20357.03998266093,19693.68886885591
base,2042,total,females,5,19935.38272305076,19245.194224345625,20651.70163722544,19953.762212635716
base,2043,total,females,5,20179.205570082828,19463.194212763494,20928.965113408172,20196.87358820826
base,2044,total,females,5,20412.131626403912,19674.90499535994,21193.165543161977,20428.400922125147
base,2045,total,females,5,20638.28867180916,19864.522853936127,21457.712839964683,20652.51512337878
base,2012,total,persons,5,19706.658649043056,19654.681900809526,19755.392801707494,19705.915783193024
base,2013,total,persons,5,20530.830404779586,20474.739958103895,20582.320044927495,20529.722010388366
base,2014,total,persons,5,21447.393947061646,21393.100280172916,21500.043316934407,21447.078756398827
base,2015,total,persons,5,22133.71442880544,22078.163798064168,22187.83862047123,22133.979099616652
base,2016,total,persons,5,22916.363853201154,22855.46072133286,22972.25140617691,22914.5805717244
base,2017,total,persons,5,23694.495049680652,23637.976381958517,23747.3913156296,23693.876936085428
base,2018,total,persons,5,24408.260565075616,24350.873890841878,24465.19388394827,24408.456059990473
base,2019,total,persons,5,25058.737877100335,24999.189550911648,25119.17194095104,25058.100767736058
base,2020,total,persons,5,26151.264929211324,26089.93210511825,26206.533433672084,26150.93799015926
base,2021,total,persons,5,26778.167035938342,26713.30234132401,26840.53603959651,26777.897239770926
base,2022,total,persons,5,27505.45062018802,27377.2948051951,27635.28093395867,27503.529173473427
base,2023,total,persons,5,28448.45541910859,28235.189251051885,28668.93487347599,28447.16015782658
base,2024,total,persons,5,29373.918832820527,29074.69277127248,29686.562932824814,29377.480918911075
base,2025,total,persons,5,30131.96351218693,29751.019846899308,30536.69817586232,30135.70229437418
base,2026,total,persons,5,31261.896054587683,30794.9993516542,31753.235914053814,31263.84300737275
base,2027,total,persons,5,32352.302157196405,31885.004937070407,32851.616964182314,32351.25735948174
base,2028,total,persons,5,33442.0921355724,32957.61980065726,33960.393895625006,33439.5401491534
base,2029,total,persons,5,34523.472615104256,34026.38174935489,35077.07711669473,34526.5697202413
base,2030,total,persons,5,35596.50469963123,35066.23087327974,36180.385559350776,35601.75990708331
base,2031,total,persons,5,36650.146143180304,36096.07825898968,37256.30759214927,36652.35811102953
base,2032,total,persons,5,37646.72180714001,37058.60176039236,38286.307494497225,37650.58885538829
base,2033,total,persons,5,38566.00562420132,37933.604249973265,39247.839300418156,38570.00529530672
base,2034,total,persons,5,39404.02018143897,38731.43403626128,40124.61941123073,39408.694553210225
base,2035,total,persons,5,40165.24159891847,39474.546314659536,40934.52976425677,40168.92649965942
base,2036,total,persons,5,40853.7786862396,40138.80633041692,41664.55490990035,40858.74631105775
base,2037,total,persons,5,41544.171482179336,40802.77152966004,42373.657708167564,41544.585862928296
base,2038,total,persons,5,42219.08463418117,41442.4464929489,43077.65299618268,42217.48200911977
base,2039,total,persons,5,42865.57438482531,42048.83002765811,43758.367984550474,42863.62852021002
base,2040,total,persons,5,43475.90835467816,42615.5398317944,44419.88803923011,43474.31385234074
base,2041,total,persons,5,44034.15271012963,43119.396392435265,45049.43396709002,44036.7197311282
base,2042,total,persons,5,44541.26977336325,43571.909733365,45629.81645633849,44549.92838570933
base,2043,total,persons,5,45006.08102157799,43979.52368375846,46148.38866229579,45019.87612764369
base,2044,total,persons,5,45441.771966487766,44379.25692993678,46640.31185987016,45460.0093861006
base,2045,total,persons,5,45859.4397845527,44750.98228165069,47120.45784907964,45880.839268531025
base,2012,dlbcl,persons,10,9277.854983272275,9094.332105871765,9467.23343553998,9278.72315469679
base,2013,dlbcl,persons,10,9616.595375587578,9444.163431658113,9801.199268294593,9620.003280084118
base,2014,dlbcl,persons,10,9988.17286550044,9817.056793582491,10163.910213930025,9990.598614346602
base,2015,dlbcl,persons,10,10260.657632852308,10089.648538661784,10427.726132259302,10261.499630119348
base,2016,dlbcl,persons,10,10586.3246150459,10426.434921739357,10739.23832092481,10587.461066701855
base,2017,dlbcl,persons,10,10920.64869054054,10778.675568287308,11053.625473641054,10921.985151318118
base,2018,dlbcl,persons,10,11253.54724104393,11130.650930683565,11375.432373067244,11254.081050113475
base,2019,dlbcl,persons,10,11611.131937234528,11504.90766683921,11727.061724787081,11613.846689318409
base,2020,dlbcl,persons,10,12016.47236904869,11896.189028511832,12130.044251993879,12016.222381167774
base,2021,dlbcl,persons,10,12371.005229920807,12216.475975499909,12523.937742820683,12370.856649196474
base,2022,dlbcl,persons,10,12718.116334394403,12566.516840700971,12873.412691202859,12718.296623185142
base,2023,dlbcl,persons,10,13097.868059947456,12923.052844640893,13270.588601869438,13097.169032620404
base,2024,dlbcl,persons,10,13439.120180346446,13233.998096966458,13653.76641532767,13441.127710672723
base,2025,dlbcl,persons,10,13835.567032500954,13576.192683047097,14103.76684730906,13836.43792592082
base,2026,dlbcl,persons,10,14244.998963011085,13923.335330487986,14592.33602967647,14246.953098063797
base,2027,dlbcl,persons,10,14688.505022495607,14300.60963268579,15090.665302011703,14688.21001185526
base,2028,dlbcl,persons,10,15128.65124810073,14684.482454175113,15592.124099202496,15127.110963737294
base,2029,dlbcl,persons,10,15550.908783768526,15035.09877277914,16094.312363913823,15553.786738404719
base,2030,dlbcl,persons,10,15930.309465325561,15342.7404287326,16546.029028999772,15934.13026378927
base,2031,dlbcl,persons,10,16346.949941178338,15677.093121159312,17048.14627622437,16347.524491728316
base,2032,dlbcl,persons,10,16742.170979784933,16013.845335012824,17510.37377784809,16743.83425324888
base,2033,dlbcl,persons,10,17116.770840160047,16311.901716936061,17936.19042301625,17117.484373034345
base,2034,dlbcl,persons,10,17466.84642166664,16588.873786750988,18357.166543235988,17466.637783508864
base,2035,dlbcl,persons,10,17783.989093411874,16856.5490639594,18741.303823452392,17791.279757866872
base,2036,dlbcl,persons,10,18083.43127967565,17090.681208741917,19102.345931392407,18092.727257031187
base,2037,dlbcl,persons,10,18359.581337285446,17296.567445876906,19435.63401796194,18369.46415108479
base,2038,dlbcl,persons,10,18614.965235677853,17494.150619220534,19749.57546918822,18620.576046700193
base,2039,dlbcl,persons,10,18840.602671659006,17657.484585600527,20035.443911944527,18845.02590860004
base,2040,dlbcl,persons,10,19044.379149826895,17796.684263549578,20292.93334812204,19042.27991389278
base,2041,dlbcl,persons,10,19203.634225225564,17912.705177359134,20536.026735076044,19212.048623947307
base,2042,dlbcl,persons,10,19364.67974149714,18018.817217938988,20778.319670699806,19369.223169897956
base,2043,dlbcl,persons,10,19506.972802739845,18106.235905204892,20982.09346498759,19514.139319946233
base,2044,dlbcl,persons,10,19644.76018462364,18187.412528571032,21200.26607833832,19648.790602739442
base,2045,dlbcl,persons,10,19780.244108319777,18245.26696635838,21392.47260567725,19774.789589785752
base,2012,follicular,persons,10,8114.269623730665,8006.194548148408,8223.551525343633,8113.848625832534
base,2013,follicular,persons,10,8329.616910911922,8223.190887511591,8433.361835879987,8329.869870157027
base,2014,follicular,persons,10,8594.646472193854,8494.528060711578,8695.005587065903,8596.034004675712
base,2015,follicular,persons,10,8806.86112238063,8712.546492972366,8906.672790524599,8808.825574447303
base,2016,follicular,persons,10,9076.964918351672,8986.538970453206,9173.245788429267,9078.414096586
base,2017,follicular,persons,10,9477.498573694824,9396.860094750687,9561.022299076561,9478.455271801262
base,2018,follicular,persons,10,9786.57955951204,9712.492495290273,9864.150340835824,9788.126121641202
base,2019,follicular,persons,10,10081.740102154154,10012.903562576905,10149.993680837651,10081.63321981444
base,2020,follicular,persons,10,10541.112011849411,10463.048374934673,10610.721067798124,10540.611828774863
base,2021,follicular,persons,10,10865.054060518894,10769.008769276112,10960.492385633548,10864.722904688999
base,2022,follicular,persons,10,11179.708211694076,11073.190618512883,11279.137759202846,11178.183337522607
base,2023,follicular,persons,10,11546.535197699315,11399.486999545785,11679.737259120811,11543.54012376872
base,2024,follicular,persons,10,11871.082568892865,11671.74009147142,12058.662315568787,11870.947257794493
base,2025,follicular,persons,10,12225.324004281487,11965.515524656104,12462.205015430254,12222.453214305104
base,2026,follicular,persons,10,12536.664838004133,12215.632859630396,12828.236160097424,12531.841572368874
base,2027,follicular,persons,10,12791.960171560804,12403.903632595468,13151.968859725637,12788.21946024858
base,2028,follicular,persons,10,13134.890473581458,12686.620684591093,13555.659905052327,13130.52417948945
base,2029,follicular,persons,10,13427.324612803033,12911.24344346953,13915.911835039711,13426.773746704463
base,2030,follicular,persons,10,13594.068146777194,13018.048451089526,14157.09568292244,13594.542989675194
base,2031,follicular,persons,10,13894.688451661716,13264.308647383978,14532.785701784353,13899.668658486697
base,2032,follicular,persons,10,14143.70096859187,13482.895328924458,14823.835824711561,14148.68301595046
base,2033,follicular,persons,10,14372.783468822872,13685.546990740664,15092.650715902715,14375.428564293106
base,2034,follicular,persons,10,14574.773501213149,13846.102280903682,15334.097047280044,14578.892504759739
base,2035,follicular,persons,10,14749.126178602492,13983.829120638426,15561.407880330516,14756.592658668107
base,2036,follicular,persons,10,14896.296340966539,14091.89363522578,15746.795691260197,14906.076735145813
base,2037,follicular,persons,10,15014.779277727035,14165.155715161152,15915.076020479704,15024.594742897072
base,2038,follicular,persons,10,15100.219761575385,14203.815766449317,16033.469678583122,15110.180883783238
base,2039,follicular,persons,10,15158.399576485011,14216.066852626545,16132.803970740453,15161.59516747506
base,2040,follicular,persons,10,15175.760352695703,14196.629836702301,16192.877175939117,15177.882770313294
base,2041,follicular,persons,10,15152.431607354827,14143.633721465663,16205.706637440628,15158.262031258577
base,2042,follicular,persons,10,15114.942670755761,14070.230809080695,16217.321158068846,15118.895900524112
base,2043,follicular,persons,10,15049.412795433705,13977.750858778161,16208.44717837851,15059.661529639021
base,2044,follicular,persons,10,14961.134083789044,13869.55315549484,16178.602229095228,14982.174836309523
base,2045,follicular,persons,10,14866.253319800828,13741.462513200118,16121.071279819618,14888.73908304558
base,2012,mantle_cell,persons,10,1070.6720889724756,1022.9189645556372,1122.5780220012048,1071.6552833823291
base,2013,mantle_cell,persons,10,1150.6739306634893,1103.814105174449,1201.4751498413736,1151.095838880176
base,2014,mantle_cell,persons,10,1229.0727054097588,1181.7484376105,1280.4590943737849,1230.0326223534757
base,2015,mantle_cell,persons,10,1299.8936403806474,1251.5437977574188,1350.8944362443613,1300.31582330486
base,2016,mantle_cell,persons,10,1354.0559253851538,1308.42784300604,1404.8082751473908,1354.9677992308887
base,2017,mantle_cell,persons,10,1453.2819387048417,1411.4934547240928,1500.076800185892,1453.6654079279958
base,2018,mantle_cell,persons,10,1499.8348182764864,1462.5736258976383,1542.252721322142,1500.9442864439036
base,2019,mantle_cell,persons,10,1581.955464619311,1544.3458065718344,1620.4389295217202,1582.2663569032086
base,2020,mantle_cell,persons,10,1672.983395510199,1629.1841069702016,1715.0648609164327,1672.221925478824
base,2021,mantle_cell,persons,10,1688.0541778029988,1635.2164851266484,1740.939360680045,1687.606052265861
base,2022,mantle_cell,persons,10,1760.2532412260657,1700.312277180359,1815.4458707603333,1759.0135972069452
base,2023,mantle_cell,persons,10,1843.2037406333006,1766.1307536475422,1907.6767647553568,1840.251105957404
base,2024,mantle_cell,persons,10,1924.2831653356595,1834.4385072712694,2007.3148800875101,1923.749387412434
base,2025,mantle_cell,persons,10,2019.7250185109617,1906.5113496997678,2129.672413511848,2021.320318833683
base,2026,mantle_cell,persons,10,2129.924482714563,1990.5263468271799,2266.162584016256,2131.204437012208
base,2027,mantle_cell,persons,10,2216.843973214888,2052.9854659322004,2378.9950270759246,2219.5155228962803
base,2028,mantle_cell,persons,10,2336.973021782564,2143.7353890445793,2531.0273043550146,2340.0396829102756
base,2029,mantle_cell,persons,10,2447.647501337808,2219.4708991757316,2680.429302754578,2452.9668519056304
base,2030,mantle_cell,persons,10,2559.588801272957,2302.330617142798,2832.843817204317,2566.802496737889
base,2031,mantle_cell,persons,10,2712.9460094655537,2414.8359911420607,3035.3604056037493,2720.6099419740676
base,2032,mantle_cell,persons,10,2857.1514537807625,2520.859601167152,3217.767481218235,2863.4531413162267
base,2033,mantle_cell,persons,10,3000.5886020037287,2624.5003533781464,3396.4089405834798,3003.581790444805
base,2034,mantle_cell,persons,10,3135.553167901753,2721.3958161582054,3569.717292637,3138.6129323552827
base,2035,mantle_cell,persons,10,3265.8232994351215,2805.3806077070517,3743.7395206611623,3266.515383130095
base,2036,mantle_cell,persons,10,3385.6378563377452,2890.149006377372,3910.2029385364194,3386.7866552925357
base,2037,mantle_cell,persons,10,3496.9436645021833,2960.940715060253,4069.9149796447236,3498.256822597728
base,2038,mantle_cell,persons,10,3596.7715587336006,3022.9688640792997,4215.40244851528,3599.9868079827006
base,2039,mantle_cell,persons,10,3690.398618360243,3063.958042989303,4358.561227664879,3691.1513475210054
base,2040,mantle_cell,persons,10,3772.4947278438585,3101.6793950586625,4482.81350654998,3771.0074611693385
base,2041,mantle_cell,persons,10,3837.568421059528,3129.8276079043812,4603.580488076424,3838.9762555774164
base,2042,mantle_cell,persons,10,3896.1701911050222,3160.8920196409217,4729.20958079945,3901.720661833318
base,2043,mantle_cell,persons,10,3949.6489525963802,3183.9072106820518,4847.061280939606,3959.122731829842
base,2044,mantle_cell,persons,10,3997.121392319975,3193.685126645967,4943.470268869526,4011.4485195250554
base,2045,mantle_cell,persons,10,4042.893087171109,3199.017838076084,5045.3607590533065,4058.8908593404335
base,2012,hodgkin,persons,10,4682.049859868409,4602.962891080173,4748.383494838149,4678.961873668709
base,2013,hodgkin,persons,10,4865.183489215638,4787.99355217865,4932.125001496398,4863.190047476598
base,2014,hodgkin,persons,10,5019.774181675263,4946.687404595945,5084.456382016389,5018.592029040065
base,2015,hodgkin,persons,10,5143.868231241138,5074.401191132453,5207.129220495967,5143.172853806436
base,2016,hodgkin,persons,10,5287.2863580121775,5221.649337191977,5350.667563911732,5286.622147846393
base,2017,hodgkin,persons,10,5428.246546289105,5368.293378638493,5483.215169416389,5427.533547789283
base,2018,hodgkin,persons,10,5551.615489085124,5497.182922159722,5600.925182129112,5550.933812189842
base,2019,hodgkin,persons,10,5687.1057210901035,5636.535706146029,5731.827741177418,5686.384702688895
base,2020,hodgkin,persons,10,5846.174040785961,5795.08746625935,5894.662516789795,5844.465944689578
base,2021,hodgkin,persons,10,5991.1979733544595,5927.549289887398,6055.100770678852,5989.851053775736
base,2022,hodgkin,persons,10,6112.997882682257,6043.5349744218765,6184.215428534881,6113.249981764115
base,2023,hodgkin,persons,10,6258.137174846581,6171.103478506546,6342.305688126735,6257.246992574708
base,2024,hodgkin,persons,10,6403.607595735001,6290.90347644576,6511.735678582276,6404.016417155708
base,2025,hodgkin,persons,10,6563.331335563851,6420.5895751531025,6700.764831824348,6562.471763253726
base,2026,hodgkin,persons,10,6728.941447797975,6554.712479653901,6905.2726344301245,6729.034754762452
base,2027,hodgkin,persons,10,6892.142682906135,6681.401049241866,7093.807861259162,6892.213101463925
base,2028,hodgkin,persons,10,7101.45460274922,6858.551260470423,7331.96610359836,7101.347240600338
base,2029,hodgkin,persons,10,7282.564905040492,7006.309390158309,7544.219719699225,7282.146027590089
base,2030,hodgkin,persons,10,7442.80513031457,7130.734274719922,7739.541507491908,7442.972999702867
base,2031,hodgkin,persons,10,7605.259689546707,7257.275568569259,7933.782993956672,7604.107766416727
base,2032,hodgkin,persons,10,7782.785180247141,7421.830208046292,8131.943464083409,7782.952210635236
base,2033,hodgkin,persons,10,7953.852377110687,7586.920145555109,8308.923319081767,7955.1693382665335
base,2034,hodgkin,persons,10,8121.326055175294,7743.778162993058,8483.157550775439,8122.244769675417
base,2035,hodgkin,persons,10,8285.002498339873,7881.716491880211,8659.670983693266,8283.200802278752
base,2036,hodgkin,persons,10,8439.841111514863,8015.09979189804,8833.360074370707,8438.068865895186
base,2037,hodgkin,persons,10,8590.585414499457,8141.162303859791,9005.14471985033,8587.228824376878
base,2038,hodgkin,persons,10,8735.102611216751,8260.447706020197,9167.600725568907,8730.837134404583
base,2039,hodgkin,persons,10,8874.654388474028,8383.030876515595,9326.332217125937,8868.903252513326
base,2040,hodgkin,persons,10,9010.145367523366,8500.747489510646,9474.634515231734,9001.447766100971
base,2041,hodgkin,persons,10,9137.905936516754,8611.234939774864,9618.265049960635,9128.3743540344
base,2042,hodgkin,persons,10,9259.26817196056,8719.368243268107,9759.743842143864,9252.933792500182
base,2043,hodgkin,persons,10,9381.014384712835,8824.565556237749,9899.157266816213,9375.055822365519
base,2044,hodgkin,persons,10,9501.332608470966,8925.601689547984,10034.503680586233,9494.437933062934
base,2045,hodgkin,persons,10,9617.213306045744,9028.766074215471,10165.628631009844,9610.771935885878
base,2012,nhl,persons,10,27419.376533074577,27156.552229434805,27707.24961301685,27419.6095735558
base,2013,nhl,persons,10,28487.978512609676,28237.964784647986,28763.59110972212,28489.43421054617
base,2014,nhl,persons,10,29746.52828391275,29507.392439604097,30013.089417309533,29748.85108811707
base,2015,nhl,persons,10,30820.17942849622,30585.58514391352,31077.625520213067,30820.8050293987
base,2016,nhl,persons,10,32079.368501390014,31851.06762738063,32327.684438819077,32078.191973160505
base,2017,nhl,persons,10,33488.862256140026,33283.7520724887,33712.91479324432,33488.76549840873
base,2018,nhl,persons,10,34768.74056183933,34584.439905857675,34960.45800554278,34769.77530198339
base,2019,nhl,persons,10,36063.47772021702,35884.70461166281,36250.55823560329,36063.98526798747
base,2020,nhl,persons,10,37605.47691657688,37398.91922335623,37804.98900443175,37604.09702253669
base,2021,nhl,persons,10,38749.526589409674,38497.21934900783,39019.054083101655,38752.571255092844
base,2022,nhl,persons,10,39995.57208140095,39731.41363887539,40262.80135931703,39994.937758069755
base,2023,nhl,persons,10,41392.5768543294,41087.61365847869,41702.040855382875,41390.32023084639
base,2024,nhl,persons,10,42732.33424538797,42384.33376521095,43076.006518168055,42731.13589691567
base,2025,nhl,persons,10,44235.77883638694,43820.47430558892,44636.18123600274,44237.01956214231
base,2026,nhl,persons,10,45760.0836078774,45253.16062270245,46246.24195543174,45760.56983043773
base,2027,nhl,persons,10,47305.74856597729,46722.375781943425,47871.664501595325,47313.31916565604
base,2028,nhl,persons,10,49003.56577776382,48326.55188317932,49669.39689489378,49012.123739999064
base,2029,nhl,persons,10,50699.90177158368,49955.658032788124,51455.53405042997,50708.78367550314
base,2030,nhl,persons,10,52255.00372435862,51422.4231819512,53103.46415018167,52261.04942551937
base,2031,nhl,persons,10,54093.95946041492,53185.98948555183,55068.653216493294,54102.074679018064
base,2032,nhl,persons,10,55840.5089901286,54859.694137329396,56893.26125358592,55842.99752950711
base,2033,nhl,persons,10,57510.34800438675,56456.34752033696,58643.851041615715,57515.88385899298
base,2034,nhl,persons,10,59104.552949873774,57973.88390267808,60325.07689749863,59113.30228674292
base,2035,nhl,persons,10,60626.10280683201,59394.107102606715,61932.90416288524,60629.55929952487
base,2036,nhl,persons,10,62062.10191659321,60728.94735416746,63455.45988089816,62061.380562369945
base,2037,nhl,persons,10,63399.7481500146,61977.277072334706,64879.27353925019,63398.72445302702
base,2038,nhl,persons,10,64635.03113124758,63132.00534669877,66253.06650912444,64631.46377778311
base,2039,nhl,persons,10,65756.57332719257,64175.86738748126,67478.33661231797,65752.5206930719
base,2040,nhl,persons,10,66749.9795551002,65114.029189581546,68579.16112876915,66755.47964716706
base,2041,nhl,persons,10,67614.99971654038,65938.65458645212,69530.36774966777,67635.98197908634
base,2042,nhl,persons,10,68450.52190562533,66683.57467464813,70476.61911381478,68470.32881295757
base,2043,nhl,persons,10,69237.58856352436,67392.24287203279,71344.81606450118,69257.1103317614
base,2044,nhl,persons,10,69971.96157474449,68065.30225792863,72143.44250023316,70000.90265846808
base,2045,nhl,persons,10,70667.73366645456,68687.37987033451,72902.8848955933,70706.63823984047
base,2012,total,males,10,17844.40458453148,17616.4862542007,18059.490067543065,17845.97175862903
base,2013,total,males,10,18537.083434036806,18325.562993556796,18742.499137486728,18535.7249547657
base,2014,total,males,10,19288.687372378394,19093.491970837807,19482.139258417712,19290.348437274777
base,2015,total,males,10,19991.345824592358,19798.836251108634,20182.454845456115,19992.13561303023
base,2016,total,males,10,20743.15284781967,20559.92847741274,20930.228947009517,20745.148850730715
base,2017,total,males,10,21689.096366622223,21521.844160888115,21862.034256552815,21689.640539709526
base,2018,total,males,10,22520.84105752757,22367.85779695575,22681.898808835434,22521.073492241965
base,2019,total,males,10,23370.782118014155,23225.24769073012,23516.56101677087,23369.41592079121
base,2020,total,males,10,24299.469372265055,24124.913444316724,24468.176154965582,24296.93970136323
base,2021,total,males,10,24941.519614451132,24717.25160118677,25151.618080213782,24939.538593800975
base,2022,total,males,10,25660.952312346228,25444.411730002903,25864.8173927062,25659.387096369595
base,2023,total,males,10,26518.390603718297,26272.040847045424,26733.741065184266,26513.902440710124
base,2024,total,males,10,27365.286072530813,27078.66337018094,27609.602046402608,27361.527889183075
base,2025,total,males,10,28298.599413868513,27962.2230942056,28603.00590581086,28296.006486639515
base,2026,total,males,10,29272.53228427946,28873.55463889795,29654.33944722941,29268.10830532943
base,2027,total,males,10,30176.858190336337,29706.655169681737,30631.70532749358,30172.76437034872
base,2028,total,males,10,31172.744802673482,30631.57465121006,31698.61982955539,31166.111870054636
base,2029,total,males,10,32142.56257639388,31534.443450491555,32751.848269232018,32138.75528813642
base,2030,total,males,10,33054.17160872418,32377.38771642059,33744.48640789541,33059.70896362412
base,2031,total,males,10,34156.9412899257,33402.9759531081,34945.53325447505,34161.82319938923
base,2032,total,males,10,35187.44464710905,34388.17090356679,36044.49695933214,35192.6974669604
base,2033,total,males,10,36177.94246250696,35322.40284589645,37062.40146948526,36177.95178491158
base,2034,total,males,10,37106.811398535414,36220.97141044525,38061.77174536211,37112.957732608804
base,2035,total,males,10,37984.80191691707,37048.023103991654,39015.77523729272,37994.17562801658
base,2036,total,males,10,38810.6875543886,37814.42511386029,39931.1286750043,38821.61006577431
base,2037,total,males,10,39574.87611369257,38510.4768912844,40782.76217859929,39588.9808103351
base,2038,total,males,10,40264.571140658605,39149.839067849454,41543.85608308127,40291.04755765623
base,2039,total,males,10,40893.14399642566,39721.34673049392,42248.47760856763,40924.15294942361
base,2040,total,males,10,41458.18142460906,40232.26471174545,42860.87399429641,41485.66345254558
base,2041,total,males,10,41939.752943992644,40671.080261091854,43389.700699588604,41974.595081291685
base,2042,total,males,10,42392.47238670573,41081.43873615836,43904.121374050905,42433.95157394291
base,2043,total,males,10,42818.42582626715,41454.501009160595,44387.320306493544,42863.13716350658
base,2044,total,males,10,43214.02421728465,41776.30693176732,44834.5553039916,43265.156954093465
base,2045,total,males,10,43591.78313976251,42119.217450567994,45266.07723274169,43643.22042170537
base,2012,total,females,10,14252.219470766731,14058.768836719006,14445.0609718714,14252.599688595481
base,2013,total,females,10,14816.329666851136,14629.406941175648,15007.666842695204,14816.899303257065
base,2014,total,females,10,15476.634466601967,15297.973207799469,15659.707949966776,15477.094679882357
base,2015,total,females,10,15971.263464744008,15802.624321806548,16143.726811571361,15971.842270174906
base,2016,total,females,10,16619.243790137283,16459.046445210057,16779.800398166088,16619.665270276182
base,2017,total,females,10,17225.778054389244,17082.147848133394,17369.47125929849,17226.658506488486
base,2018,total,females,10,17800.90756221902,17675.9576696495,17924.886592147323,17799.635621931266
base,2019,total,females,10,18378.3096321188,18264.597634117974,18498.507886875923,18380.954049885157
base,2020,total,females,10,19152.462959274235,19022.107475260913,19279.18094111726,19151.623265863036
base,2021,total,females,10,19803.008214124402,19631.407520091776,19968.56714724852,19802.883715067604
base,2022,total,females,10,20452.66932968575,20275.589272103534,20611.196026483336,20448.800643464274
base,2023,total,females,10,21133.707891938175,20948.774526018176,21331.508306750653,21133.664782710974
base,2024,total,females,10,21771.201512502405,21552.876979144843,22015.31286799983,21773.624424888305
base,2025,total,females,10,22501.946386360047,22239.258356155264,22801.103759829322,22503.48483875652
base,2026,total,females,10,23214.853493434275,22896.14623405451,23583.303526948257,23221.496279870753
base,2027,total,females,10,24023.427039982627,23642.449623536562,24454.999888197057,24032.76789677124
base,2028,total,females,10,24936.66159165909,24501.748147312097,25444.725739093006,24947.359110544767
base,2029,total,females,10,25839.81586002116,25338.429680055837,26426.234149701326,25852.174414956804
base,2030,total,females,10,26633.293078982075,26067.84464165437,27286.75659221525,26644.313461598118
base,2031,total,females,10,27527.421034767605,26883.29707604333,28272.098310634403,27544.359246045555
base,2032,total,females,10,28422.632765634677,27727.751151916334,29185.097925878057,28433.252273181944
base,2033,total,females,10,29278.32095906778,28524.64986439528,30105.558153851704,29293.101412347933
base,2034,total,females,10,30113.471999794423,29303.32859782047,31014.923821108092,30122.589323809523
base,2035,total,females,10,30902.988402675306,30049.51776450371,31882.419137055265,30918.584473787047
base,2036,total,females,10,31670.344313157388,30760.376898011567,32737.45037592678,31677.839362490824
base,2037,total,females,10,32392.253092381798,31410.8473083795,33514.652146629895,32396.97246706879
base,2038,total,females,10,33057.336555855225,32032.590937098845,34247.67868452913,33071.253354531465
base,2039,total,females,10,33688.41322837154,32581.328643724948,34932.31836566387,33697.27099616162
base,2040,total,females,10,34249.195850582546,33090.511482040114,35562.76056618774,34271.26396072245
base,2041,total,females,10,34766.27015619068,33547.588792624774,36148.929857272924,34789.76125182905
base,2042,total,females,10,35271.712600436935,34008.644901329906,36712.20073782994,35289.311031514844
base,2043,total,females,10,35743.7017012174,34437.49333452352,37249.47723972779,35769.02899062033
base,2044,total,females,10,36200.424047019274,34839.31682061479,37781.89653100083,36230.18363743755
base,2045,total,females,10,36649.47290376207,35224.76366937836,38290.62660823927,36674.189754020976
base,2012,total,persons,10,32098.143002266443,31818.476171184477,32398.76727130769,32098.571447224513
base,2013,total,persons,10,33349.15752485591,33079.49087758203,33644.24974749046,33352.62425802276
base,2014,total,persons,10,34763.49351974878,34507.318285198315,35043.47400870003,34767.443117157134
base,2015,total,persons,10,35962.71157307764,35719.097086797265,36233.08676205395,35963.97788320514
base,2016,total,persons,10,37363.968184436046,37133.87007666741,37622.876304726575,37364.81412100689
base,2017,total,persons,10,38910.63372950739,38712.94781392439,39146.62239987358,38916.299046198015
base,2018,total,persons,10,40318.71322871836,40132.40085674805,40523.746835097474,40320.70911417323
base,2019,total,persons,10,41751.01318696967,41557.07269391626,41947.723523949055,41750.369970676365
base,2020,total,persons,10,43448.29667841087,43228.05228752578,43672.05226068542,43448.562967226266
base,2021,total,persons,10,44744.006529691316,44474.362022246656,45027.98883065495,44742.42230886858
base,2022,total,persons,10,46111.29221842931,45832.5457698566,46380.85741045107,46108.18773983387
base,2023,total,persons,10,47653.842736358696,47332.78505275388,47967.54065020664,47647.5672234211
base,2024,total,persons,10,49143.748253075166,48762.09713253862,49489.064375688526,49135.15231407138
base,2025,total,persons,10,50803.266213122995,50365.550912001374,51220.058585003666,50799.49132539604
base,2026,total,persons,10,52491.25739790867,51967.99077333571,53014.57425943767,52489.604585200184
base,2027,total,persons,10,54200.19738087947,53579.05736590633,54831.38009273109,54205.53226711996
base,2028,total,persons,10,56112.1618081248,55408.37285449341,56837.82515099488,56113.4709805994
base,2029,total,persons,10,57989.140329075366,57185.92646930451,58821.28150064576,57990.92970309322
base,2030,total,persons,10,59699.905647632884,58801.7923596301,60654.84662113156,59704.02242522223
base,2031,total,persons,10,61701.607928349404,60681.046520879594,62766.76955516633,61706.18244543479
base,2032,total,persons,10,63633.33429636164,62529.15371516865,64760.79358117487,63625.94974014235
base,2033,total,persons,10,65473.96876901989,64307.989943131295,66699.75275125414,65471.05319725951
base,2034,total,persons,10,67232.64251646862,66003.78173425149,68573.25329191211,67235.54705641833
base,2035,total,persons,10,68909.03815993654,67601.94675427223,70303.36303854131,68912.76010180362
base,2036,total,persons,10,70496.34898789047,69094.1610597514,71975.81739510036,70499.44942826513
base,2037,total,persons,10,71985.33599163781,70491.27262131515,73565.57645215576,71985.9532774039
base,2038,total,persons,10,73352.52850167819,71779.39187318078,75015.05498876878,73362.3009121877
base,2039,total,persons,10,74611.48591789417,72948.71838295634,76361.55262783814,74621.42394558522
base,2040,total,persons,10,75742.2164332751,74011.6669266034,77573.74705278454,75756.92741326803
base,2041,total,persons,10,76747.58375591328,74944.80011684436,78687.19969917744,76764.35633312073
base,2042,total,persons,10,77686.41171570338,75833.3333263963,79740.83026124492,77723.26260545776
base,2043,total,persons,10,78594.10789307751,76669.9592459636,80728.47487439513,78632.16615412691
base,2044,total,persons,10,79443.20122848407,77450.20413974581,81658.28963670578,79495.34059153101
base,2045,total,persons,10,80261.96684989275,78172.59682620295,82580.8383941539,80317.41017572634
base,2012,dlbcl,persons,40,15306.1692093106,13322.937221169484,17499.20781736447,15298.210988628205
base,2013,dlbcl,persons,40,16018.401230486026,13949.927572731547,18316.719523959444,16012.373589384304
base,2014,dlbcl,persons,40,16761.6064983263,14634.296422239682,19172.35840741056,16767.64309735353
base,2015,dlbcl,persons,40,17488.656918799774,15260.486707689362,19986.611908506868,17484.743003392727
base,2016,dlbcl,persons,40,18239.60798720444,15907.454080980788,20829.4460823346,18233.69605055996
base,2017,dlbcl,persons,40,18982.04780983112,16566.71686391125,21648.10703351667,18970.76316852585
base,2018,dlbcl,persons,40,19741.95842016152,17284.25173004259,22497.957093795074,19737.66379492945
base,2019,dlbcl,persons,40,20559.65372888468,18004.106158065795,23371.770933465094,20553.2635551925
base,2020,dlbcl,persons,40,21427.72341177203,18834.520792157415,24319.417746149968,21432.04273774335
base,2021,dlbcl,persons,40,22265.224670569085,19660.34634833172,25203.277844334658,22284.51694202134
base,2022,dlbcl,persons,40,23050.405042724582,20443.366067538296,25999.606941754668,23058.10909265746
base,2023,dlbcl,persons,40,23823.273523789547,21219.36235839564,26795.82741918482,23847.907821955807
base,2024,dlbcl,persons,40,24605.721965809953,22061.6461618579,27557.61852206753,24642.902644189788
base,2025,dlbcl,persons,40,25396.971470479744,22913.465424069025,28256.043879860874,25446.044150560898
base,2026,dlbcl,persons,40,26225.82914568103,23768.33313526548,28945.811746407642,26265.10600183535
base,2027,dlbcl,persons,40,27051.607798142457,24662.018407121268,29747.18335295482,27082.73788170073
base,2028,dlbcl,persons,40,27885.86038773883,25605.842268349454,30507.592334770958,27912.94454368674
base,2029,dlbcl,persons,40,28710.24563189548,26519.728569999046,31253.83912754237,28753.000272897396
base,2030,dlbcl,persons,40,29556.49597421797,27494.15306689081,31954.03668252047,29586.66640373388
base,2031,dlbcl,persons,40,30385.33352706645,28430.98436316315,32611.364732321807,30417.5189760234
base,2032,dlbcl,persons,40,31214.92089572469,29318.07416252052,33321.069746753026,31236.705367092585
base,2033,dlbcl,persons,40,32027.437610500478,30213.500313613284,34058.58849263218,32045.549223873717
base,2034,dlbcl,persons,40,32832.54079029102,31062.46202718766,34884.68662968707,32842.52275495354
base,2035,dlbcl,persons,40,33613.05740188444,31818.23972918896,35648.148836099215,33618.71926577404
base,2036,dlbcl,persons,40,34373.04977933591,32555.524713413964,36435.86208880089,34382.49901258645
base,2037,dlbcl,persons,40,35124.281498689976,33226.95154672088,37225.43519137138,35141.774082985045
base,2038,dlbcl,persons,40,35863.45013972085,33854.23826328527,38101.75475145831,35892.36172446059
base,2039,dlbcl,persons,40,36603.21810107434,34375.46291120745,39050.67564259274,36629.68444228992
base,2040,dlbcl,persons,40,37306.63282514223,34908.968867431446,39942.179540978206,37337.33054000215
base,2041,dlbcl,persons,40,37997.48889658583,35323.49553383512,40831.254829476915,38027.64046440186
base,2042,dlbcl,persons,40,38639.56151220605,35717.77552526397,41775.88618323001,38692.44736672463
base,2043,dlbcl,persons,40,39264.98797275592,36062.76172282118,42783.551898423095,39348.02547155603
base,2044,dlbcl,persons,40,39875.424895784236,36346.21016684,43748.83372758566,39983.35201670239
base,2045,dlbcl,persons,40,40504.73027987083,36658.968597524145,44685.84326375996,40587.42262927215
base,2012,follicular,persons,40,13911.52065757697,12713.525193917163,15321.909100910998,13934.183157593021
base,2013,follicular,persons,40,14495.342984463317,13242.131036403625,15982.97083777847,14521.50126291833
base,2014,follicular,persons,40,15148.296584440877,13838.320778209893,16708.31296342569,15182.197449390569
base,2015,follicular,persons,40,15781.578843543168,14406.124005624964,17417.17057043689,15813.891281715958
base,2016,follicular,persons,40,16485.46860280563,15054.112933192213,18186.044790601005,16516.508283740677
base,2017,follicular,persons,40,17318.088984621416,15829.586693902524,19064.058840995967,17343.226976312388
base,2018,follicular,persons,40,18061.80140120147,16537.296821186603,19876.439687991427,18092.922117233982
base,2019,follicular,persons,40,18831.326020254015,17288.540157905205,20727.05662541686,18877.902919982735
base,2020,follicular,persons,40,19786.67059093265,18230.284284832247,21752.930632231146,19839.63708671757
base,2021,follicular,persons,40,20578.756992438895,18964.15847355871,22591.776773856724,20622.43237068471
base,2022,follicular,persons,40,21368.572203708507,19748.643482259027,23365.28696567544,21397.437932485744
base,2023,follicular,persons,40,22157.22193433188,20571.594040568434,24113.8742178939,22190.492650903543
base,2024,follicular,persons,40,22965.89089650545,21378.17379497252,24890.657812207348,22990.442321484996
base,2025,follicular,persons,40,23772.329538466973,22202.623410558437,25663.260332459926,23801.370080162942
base,2026,follicular,persons,40,24593.823498722075,23077.939763184644,26439.38299546286,24623.46633245593
base,2027,follicular,persons,40,25407.55606371584,23922.25656271003,27208.863098400296,25449.35812418059
base,2028,follicular,persons,40,26267.6860800867,24730.1043121226,28028.681745815407,26289.159210820148
base,2029,follicular,persons,40,27105.294464355058,25626.84361323536,28877.549519750846,27126.947014661724
base,2030,follicular,persons,40,27926.42843650201,26422.82053706309,29655.39719352211,27958.02788948582
base,2031,follicular,persons,40,28784.49351586625,27289.484184889523,30443.916908134506,28791.44321179864
base,2032,follicular,persons,40,29619.772674934422,28163.029439653772,31272.369975633148,29610.641890591425
base,2033,follicular,persons,40,30434.38483095159,28970.273552648334,32062.6371515745,30424.983932560554
base,2034,follicular,persons,40,31244.70776171245,29726.27612783376,32867.49990795922,31232.100694848767
base,2035,follicular,persons,40,32045.773901925506,30520.924686587245,33670.70116178157,32031.076326068098
base,2036,follicular,persons,40,32822.62161601588,31220.457374786205,34474.498974224094,32814.06266209741
base,2037,follicular,persons,40,33584.707276232264,31865.806299890053,35318.177652880484,33589.181834983916
base,2038,follicular,persons,40,34326.375901883686,32526.194027469443,36236.073727313815,34350.51690730705
base,2039,follicular,persons,40,35057.31243110452,33072.750476130524,37090.123055466574,35086.83273906895
base,2040,follicular,persons,40,35773.77662158938,33667.46907142664,37927.3447414957,35784.10890237276
base,2041,follicular,persons,40,36418.672079252225,34141.344697832385,38752.35666834468,36446.86591237426
base,2042,follicular,persons,40,37035.33243676554,34557.672585454544,39564.56022223085,37071.22551702193
base,2043,follicular,persons,40,37644.30139604262,34897.92929523475,40392.06192376545,37675.283717968385
base,2044,follicular,persons,40,38191.351665018534,35276.26766586414,41138.79590950877,38241.34176006664
base,2045,follicular,persons,40,38713.08898581036,35572.45225192861,41867.62257262984,38767.7648382293
base,2012,mantle_cell,persons,40,1352.4713355977601,1124.5254828180687,1704.7095319327016,1370.0526191055742
base,2013,mantle_cell,persons,40,1451.463765684594,1211.7514878707552,1819.2937672501812,1468.7808705321181
base,2014,mantle_cell,persons,40,1552.7898132966839,1305.728352039573,1937.397704123418,1573.3489117775698
base,2015,mantle_cell,persons,40,1647.3023700673152,1390.7943474577687,2044.7385829412758,1666.8990974433286
base,2016,mantle_cell,persons,40,1732.477929543414,1464.9840025653423,2137.4387754904856,1750.0097382813885
base,2017,mantle_cell,persons,40,1864.0008446166985,1589.5588595956172,2276.7109209341943,1882.431379161326
base,2018,mantle_cell,persons,40,1949.8242605666012,1669.4087680389077,2370.185387229766,1968.8117648919174
base,2019,mantle_cell,persons,40,2064.260039661329,1779.2058787005444,2492.958995689337,2083.3128255828206
base,2020,mantle_cell,persons,40,2192.7220421442203,1912.1461382317264,2634.1922606457815,2214.760871062472
base,2021,mantle_cell,persons,40,2251.5745817277266,1962.1294400734168,2701.9769567403564,2275.1614024372197
base,2022,mantle_cell,persons,40,2350.4264865318028,2063.4298803299203,2805.844552603934,2373.5551896474058
base,2023,mantle_cell,persons,40,2465.0851301266807,2182.6765700846336,2911.0919046712393,2486.301296780224
base,2024,mantle_cell,persons,40,2592.2926184344697,2313.0215199304885,3034.1481442279514,2611.6207065777985
base,2025,mantle_cell,persons,40,2732.214399024891,2449.3585756141265,3166.1968006928955,2749.1603931222844
base,2026,mantle_cell,persons,40,2887.2495847037235,2589.391816650609,3313.5401093184446,2899.692707788474
base,2027,mantle_cell,persons,40,3051.18267795272,2742.5445516338646,3486.321234101452,3062.94887590167
base,2028,mantle_cell,persons,40,3226.1393528391977,2903.275599897763,3650.4501566436156,3239.8889651234963
base,2029,mantle_cell,persons,40,3424.1564485831886,3067.4912677971097,3836.480301258328,3429.0636041372345
base,2030,mantle_cell,persons,40,3630.179882338756,3242.5441378018086,4046.737279836316,3628.8525799663116
base,2031,mantle_cell,persons,40,3842.276694337374,3424.683367237428,4287.570413143445,3838.8898978327197
base,2032,mantle_cell,persons,40,4058.889402822897,3593.6203158784183,4537.293712166431,4055.5124145257414
base,2033,mantle_cell,persons,40,4284.796626927869,3781.965350303912,4797.645678125137,4278.859589538615
base,2034,mantle_cell,persons,40,4508.935728293593,3957.381233356549,5074.131504585774,4505.824460598003
base,2035,mantle_cell,persons,40,4745.54913146055,4134.9587301503325,5367.198271941377,4734.796421433488
base,2036,mantle_cell,persons,40,4975.2693669389355,4283.283390651565,5665.332188651388,4966.53256103483
base,2037,mantle_cell,persons,40,5207.544650780431,4440.90479419977,5991.147399919988,5200.1219309859
base,2038,mantle_cell,persons,40,5442.47876239117,4584.2144183021055,6336.82790001328,5434.999248750345
base,2039,mantle_cell,persons,40,5682.254704370255,4701.979376715856,6686.4476848228105,5669.345726486321
base,2040,mantle_cell,persons,40,5915.282534340461,4819.796944186677,7038.5062368344825,5902.339710513367
base,2041,mantle_cell,persons,40,6144.830327219913,4959.778707049989,7401.003810171202,6133.341743884514
base,2042,mantle_cell,persons,40,6368.223053801712,5061.658629558233,7759.505885665612,6361.270198088788
base,2043,mantle_cell,persons,40,6589.5754356875805,5173.35095551581,8143.168047969156,6587.462251967008
base,2044,mantle_cell,persons,40,6812.902429804237,5264.433331032704,8511.17801108619,6809.213903619816
base,2045,mantle_cell,persons,40,7018.0053980085895,5350.900650812567,8868.70900829521,7027.1356636980445
base,2012,hodgkin,persons,40,9250.075210037634,8224.708632838518,10135.111530039256,9235.258517085304
base,2013,hodgkin,persons,40,9691.213886031343,8620.202799538705,10612.973300483665,9674.116664035817
base,2014,hodgkin,persons,40,10129.036175914192,9015.215508214604,11099.713766138491,10115.197053734375
base,2015,hodgkin,persons,40,10581.69458546011,9427.39568617697,11592.634952927887,10570.433284178549
base,2016,hodgkin,persons,40,11041.133005511208,9840.540330268503,12103.422871458877,11031.320368440229
base,2017,hodgkin,persons,40,11519.862962974757,10265.87314627681,12628.630584121796,11510.427414155742
base,2018,hodgkin,persons,40,11957.196705308881,10674.621912921497,13116.507679751385,11949.883141546414
base,2019,hodgkin,persons,40,12446.351896459739,11125.720111146322,13655.491979186552,12436.406811778856
base,2020,hodgkin,persons,40,12973.477120781445,11614.967305116841,14222.590359320242,12960.389029564923
base,2021,hodgkin,persons,40,13500.924299135648,12131.759466191412,14789.348561672083,13495.356302835318
base,2022,hodgkin,persons,40,13891.65987882271,12544.601708069398,15144.288534987318,13883.420737015314
base,2023,hodgkin,persons,40,14288.265257806454,12992.308571172209,15519.812762412035,14288.126285492788
base,2024,hodgkin,persons,40,14715.93361122923,13446.80791571825,15915.28805448989,14717.88465311174
base,2025,hodgkin,persons,40,15163.911523297416,13926.31021965277,16344.167806843045,15171.787894666106
base,2026,hodgkin,persons,40,15612.862744329837,14395.444542069286,16774.68617803743,15628.324468489645
base,2027,hodgkin,persons,40,16091.941278433187,14886.784419364083,17207.940907402295,16096.736525415889
base,2028,hodgkin,persons,40,16559.301177246463,15383.286727730718,17662.327732773232,16569.3752080791
base,2029,hodgkin,persons,40,17052.766695278544,15904.919822265163,18121.200528242243,17055.21913225784
base,2030,hodgkin,persons,40,17537.240691458603,16461.575160648947,18569.254091493713,17535.754549638543
base,2031,hodgkin,persons,40,18079.4887929134,16987.177166446192,19079.69338305694,18057.34599959504
base,2032,hodgkin,persons,40,18581.53466852982,17497.98935764392,19546.655874789445,18563.738382936746
base,2033,hodgkin,persons,40,19093.624706999428,18091.639653530157,20037.84942977359,19087.711199514433
base,2034,hodgkin,persons,40,19630.711703394503,18600.219505248097,20559.04047895662,19621.464286055292
base,2035,hodgkin,persons,40,20157.168494053134,19111.0103280193,21111.415085769404,20160.55500803455
base,2036,hodgkin,persons,40,20684.76592856409,19658.708138528615,21660.26422967513,20689.282603942425
base,2037,hodgkin,persons,40,21203.147404961335,20197.18814566525,22213.145870110493,21213.042862790557
base,2038,hodgkin,persons,40,21740.11718430431,20714.377565100862,22760.38407798013,21750.37894790845
base,2039,hodgkin,persons,40,22268.02444176924,21182.390454906752,23308.662606181886,22277.337578894447
base,2040,hodgkin,persons,40,22803.475914625884,21664.74507758882,23928.583419769595,22810.9000824171
base,2041,hodgkin,persons,40,23346.932589093933,22159.788948960737,24548.221622712008,23353.070232100272
base,2042,hodgkin,persons,40,23883.269235776308,22615.89291063074,25138.88766660137,23882.024013725553
base,2043,hodgkin,persons,40,24428.60706145548,23096.01126546555,25803.26129721445,24429.246271497777
base,2044,hodgkin,persons,40,24939.03726042209,23545.573388568628,26467.963350381393,24957.59999380045
base,2045,hodgkin,persons,40,25444.161895140656,23912.795383982273,27075.984634253706,25456.556975635573
base,2012,nhl,persons,40,43522.57043113053,40499.461552733716,47192.87323135685,43554.454232708966
base,2013,nhl,persons,40,45657.16140558224,42523.12001120708,49521.02120813499,45698.169467732085
base,2014,nhl,persons,40,48004.57816951503,44748.39131210029,52105.99748123623,48057.81407034584
base,2015,nhl,persons,40,50236.93837452073,46863.50768644851,54516.87434685937,50285.75844138526
base,2016,nhl,persons,40,52627.06247775958,49182.55770777398,57068.919612054546,52695.7926988386
base,2017,nhl,persons,40,55201.54372042931,51643.67523036301,59779.43739489953,55267.883862296905
base,2018,nhl,persons,40,57717.02559147989,54080.81503291626,62438.26685600665,57778.73965631293
base,2019,nhl,persons,40,60326.48704983201,56603.008335251354,65177.35132619859,60383.73729540596
base,2020,nhl,persons,40,63256.78692778823,59462.26990464978,68253.50128686144,63325.20029767266
base,2021,nhl,persons,40,65853.2619039687,61970.35414794413,70968.44376736387,65927.48627127294
base,2022,nhl,persons,40,68530.07846042977,64724.04609658832,73516.60412950047,68562.0951009278
base,2023,nhl,persons,40,71305.06452138771,67491.0787413683,76127.78498760075,71323.66949430047
base,2024,nhl,persons,40,74152.22280479931,70414.65485940177,78910.7964434727,74187.53840368077
base,2025,nhl,persons,40,77133.15208395637,73414.46550193599,81721.31733121631,77163.34120897175
base,2026,nhl,persons,40,80221.89995750916,76529.01464897588,84655.4347435953,80253.24595737034
base,2027,nhl,persons,40,83374.66962057145,79831.20121706433,87667.730961537,83419.95823788061
base,2028,nhl,persons,40,86650.57844408847,83163.64030467618,90763.40479681808,86694.2602169036
base,2029,nhl,persons,40,90004.1966622881,86602.71218631267,93978.92065775867,90061.10656616019
base,2030,nhl,persons,40,93446.27798313182,90161.49789749761,97147.68714703419,93487.1783378791
base,2031,nhl,persons,40,96910.79570808398,93744.9687059079,100436.86910971838,96983.064904965
base,2032,nhl,persons,40,100445.79132080844,97333.4796163286,103742.98910511566,100500.5255106413
base,2033,nhl,persons,40,103973.82823081738,100936.84012152979,107152.45496667379,104031.98664345917
base,2034,nhl,persons,40,107583.52732934395,104569.3027162362,110655.00985146273,107572.28186697482
base,2035,nhl,persons,40,111143.63217454882,108008.852162134,114259.37172151699,111104.35896951122
base,2036,nhl,persons,40,114648.8161607289,111463.3823909362,117853.81990931778,114634.55209556909
base,2037,nhl,persons,40,118215.01306785499,114870.95126508115,121512.66935517207,118182.37103407936
base,2038,nhl,persons,40,121693.1152401549,118176.42627790375,125253.7498928769,121718.40962298465
base,2039,nhl,persons,40,125188.56926462593,121476.51340749243,129267.63206938157,125241.5898068981
base,2040,nhl,persons,40,128598.95803909565,124547.34337102056,133277.89663751356,128689.18748924637
base,2041,nhl,persons,40,131952.45071757518,127483.08113601588,137091.28524813478,132080.71851128573
base,2042,nhl,persons,40,135246.7129345975,130288.08385841108,141027.31269749536,135401.7577165206
base,2043,nhl,persons,40,138545.48430461378,133050.22569715572,144939.76171601427,138668.7954914281
base,2044,nhl,persons,40,141750.18161175906,135699.33348472207,148795.82970616256,141873.9774506539
base,2045,nhl,persons,40,144905.28319862328,138271.72508181626,152649.40562494678,145018.34923382424
base,2012,total,males,40,28360.428037721962,26289.91302447201,30940.61935516912,28454.084622584603
base,2013,total,males,40,29762.93080583503,27617.7481237882,32478.975646720784,29863.99212050957
base,2014,total,males,40,31226.170937729003,28991.93316421919,34035.20164689819,31336.694530421653
base,2015,total,males,40,32666.31301392844,30348.998665223637,35616.62838989539,32786.90563683279
base,2016,total,males,40,34181.80509758662,31805.140972682057,37222.23678036743,34310.56808469106
base,2017,total,males,40,35888.955787112674,33470.94900050858,39029.57344452871,36022.422528255825
base,2018,total,males,40,37529.492697065245,35065.61866493892,40799.49453950063,37669.953112787705
base,2019,total,males,40,39223.303364444284,36710.36482172893,42618.31755936606,39373.51747743788
base,2020,total,males,40,41087.45506441571,38493.3288272834,44577.43774383189,41239.87765357006
base,2021,total,males,40,42741.68658490147,40068.40035182885,46344.153035947755,42879.86136170597
base,2022,total,males,40,44382.49328140552,41724.53516912256,47983.982105284376,44523.93887077399
base,2023,total,males,40,46104.71687037466,43444.03835074597,49619.93919968217,46228.89479389868
base,2024,total,males,40,47888.60848860633,45216.5806465678,51294.75905165202,48017.471083241464
base,2025,total,males,40,49745.03118941665,47184.74617954887,53078.755802763604,49869.12844557131
base,2026,total,males,40,51676.43676300123,49183.65116594209,54917.044021393696,51790.90217078118
base,2027,total,males,40,53617.66484443823,51179.01272633696,56858.18558652093,53759.562321144535
base,2028,total,males,40,55661.27713468921,53244.81668336967,58778.78299624073,55770.34927807091
base,2029,total,males,40,57748.38140338869,55366.07403483978,60802.77642227585,57845.47411670248
base,2030,total,males,40,59869.691173161744,57525.66311980265,62738.99534003685,59930.04318561228
base,2031,total,males,40,62017.2128661936,59732.90326591736,64861.706954755224,62075.754729210224
base,2032,total,males,40,64199.24923578439,61973.17198231421,66874.45393717682,64234.84998178987
base,2033,total,males,40,66349.69783562109,64213.63831236886,68875.00026496533,66385.13946866777
base,2034,total,males,40,68523.46820369564,66384.87969958168,71082.6283674413,68556.8792857484
base,2035,total,males,40,70720.19939285115,68488.08004160327,73215.68613238924,70721.2992901443
base,2036,total,males,40,72861.0028036632,70547.5916786565,75387.94397856203,72862.48372655382
base,2037,total,males,40,75018.87062939044,72568.17110026229,77682.24287686989,75019.60121009628
base,2038,total,males,40,77118.20442616977,74509.26668481097,80013.79421608282,77155.06943717372
base,2039,total,males,40,79240.33351611844,76468.99979423505,82412.993280688,79271.68612648643
base,2040,total,males,40,81258.62639025928,78252.87022742782,84799.60775403131,81337.34717849958
base,2041,total,males,40,83237.60729114347,79953.91354784067,87270.73344959656,83365.86332520573
base,2042,total,males,40,85221.49541294007,81595.41389770481,89655.15703700276,85360.1265831854
base,2043,total,males,40,87155.85937639086,83164.07418460574,92072.6414546497,87294.00313996561
base,2044,total,males,40,89017.39933164665,84697.57150021657,94435.16619877971,89197.83323648493
base,2045,total,males,40,90870.36492080866,86072.80723275006,96796.48451704836,91051.2772080632
base,2012,total,females,40,24206.292563781262,22257.925267451163,26955.078078178158,24335.62812720967
base,2013,total,females,40,25379.566720877505,23340.036092667702,28247.145594676847,25508.29401125833
base,2014,total,females,40,26696.985090874023,24559.45719997912,29724.492901173697,26836.316593658565
base,2015,total,females,40,27920.781731399504,25698.12382060223,31103.193437545826,28069.286088731023
base,2016,total,females,40,29261.37371528641,26956.60558112308,32570.715697493604,29416.54498258777
base,2017,total,females,40,30595.1442170439,28207.277727978675,34016.636652157926,30755.888748196823
base,2018,total,females,40,31898.278387146864,29437.21738744959,35412.24728160666,32058.669685071643
base,2019,total,females,40,33281.491140663136,30802.436900563942,36879.69999187687,33446.62662974693
base,2020,total,females,40,34877.42851114854,32346.639948421052,38557.8187010126,35045.71167366752
base,2021,total,females,40,36376.34132571063,33799.84569008935,40122.156031646875,36542.981212402294
base,2022,total,females,40,37742.99339744859,35230.83320365286,41394.249834034046,37921.57696716912
base,2023,total,females,40,39207.89336580983,36669.35882801263,42797.9720441421,39382.90098589458
base,2024,total,females,40,40701.33673645997,38285.50514708786,44228.99249796615,40887.95197355105
base,2025,total,females,40,42295.932115990734,39888.08156951094,45712.54229667989,42466.00065806655
base,2026,total,females,40,43920.65976423614,41620.223670157015,47257.169010124315,44090.6682550788
base,2027,total,females,40,45587.830229637766,43372.50765156732,48816.533629942336,45757.13244215197
base,2028,total,females,40,47343.00969538773,45131.211589638406,50430.01335340389,47493.28614691178
base,2029,total,females,40,49146.0024551319,46918.912756108686,52033.87014374844,49270.85158171554
base,2030,total,females,40,50966.313240796226,48808.53021996026,53733.26163955696,51092.88970190536
base,2031,total,females,40,52888.934791257125,50797.85716929429,55445.26582692295,52964.65617534982
base,2032,total,females,40,54774.09964140931,52718.767381173006,57165.73782852628,54829.41391178818
base,2033,total,females,40,56703.809616887396,54640.55809061163,58971.08541646455,56734.55837430584
base,2034,total,females,40,58605.4214341502,56477.738230699724,60886.59382813348,58636.86686728172
base,2035,total,females,40,60491.13920094519,58371.07307675737,62749.67916019945,60543.61468740147
base,2036,total,females,40,62448.18072036677,60218.861401478345,64655.87771761993,62461.35097295769
base,2037,total,females,40,64355.51839641531,61991.04897187978,66741.75397775864,64375.812686773636
base,2038,total,females,40,66320.8963318408,63616.60958084693,68877.35349722988,66313.71913371938
base,2039,total,females,40,68272.07564416644,65400.92425792187,71154.52610460024,68247.24125930613
base,2040,total,females,40,70148.55764986115,67002.15096684241,73198.34777671545,70162.74039316388
base,2041,total,females,40,72040.10478088999,68558.56249049198,75520.03289209478,72067.92541818027
base,2042,total,females,40,73899.09015520192,70086.03873255348,77859.48768010661,73923.65514706074
base,2043,total,females,40,75793.94890876586,71630.57395624502,80322.76151422218,75804.03862296029
base,2044,total,females,40,77634.61336118805,72964.64829959846,82772.69435340691,77633.74420796942
base,2045,total,females,40,79420.2713512999,74347.9028941958,85173.11178536166,79423.6290013966
base,2012,total,persons,40,52704.30417366076,49779.42416916503,56379.593225109835,52789.71274979427
base,2013,total,persons,40,55272.547890674614,52219.90752138238,59170.48601736536,55372.2861317679
base,2014,total,persons,40,58097.545478597276,54896.29246261036,62165.48523259347,58173.01112408022
base,2015,total,persons,40,60791.79351249046,57446.84756952746,65053.667407874615,60856.19172556381
base,2016,total,persons,40,63622.2859761283,60217.85878719951,68112.24556280472,63727.113067278835
base,2017,total,persons,40,66676.2588091511,63182.59626153339,71321.94135385503,66778.31127645264
base,2018,total,persons,40,69616.71842278149,66050.24955619255,74423.92320786562,69728.62279785935
base,2019,total,persons,40,72683.7881272146,69043.71914224295,77654.58317886866,72820.14410718481
base,2020,total,persons,40,76166.25183361897,72402.18400846681,81239.92446834742,76285.58932723758
base,2021,total,persons,40,79310.97880636042,75452.97937155399,84545.64879363519,79422.84257410826
base,2022,total,persons,40,82331.54571503047,78462.52327595747,87514.26840116997,82445.51583794312
base,2023,total,persons,40,85504.59830818383,81662.71701931572,90607.13178075121,85611.79577979326
base,2024,total,persons,40,88807.37177966631,85014.81224332721,93802.10445088895,88905.42305679251
base,2025,total,persons,40,92231.07028271089,88504.38361699531,97099.55220746816,92335.12910363785
base,2026,total,persons,40,95754.4004859693,92116.54071111915,100515.99274487395,95881.57042585999
base,2027,total,persons,40,99404.91098420246,95854.87171567445,103961.75065893379,99516.6947632965
base,2028,total,persons,40,103157.48645844698,99692.00652037987,107512.68091396031,103263.6354249827
base,2029,total,persons,40,106999.80723328111,103623.20015551294,111123.74935509909,107116.32569841802
base,2030,total,persons,40,110934.98052630355,107588.01579227924,114798.95773111784,111022.93288751764
base,2031,total,persons,40,114980.73091123966,111728.95667792807,118626.307129271,115040.41090456003
base,2032,total,persons,40,119016.63693345466,115794.94454686694,122588.59304910502,119064.26389357804
base,2033,total,persons,40,123099.15673734437,119901.68531221218,126569.52914671441,123119.6978429736
base,2034,total,persons,40,127201.25947048777,124081.3501982434,130619.1178405649,127193.74615303011
base,2035,total,persons,40,131290.6577667792,128138.05549634587,134668.3221501263,131264.91397754577
base,2036,total,persons,40,135339.81008255965,132004.64737760005,138680.6595109746,135323.8346995115
base,2037,total,persons,40,139394.19185475723,136030.97489813803,142840.85106962445,139395.41389686993
base,2038,total,persons,40,143429.41251865868,139745.52514792737,147313.73931118927,143468.7885708931
base,2039,total,persons,40,147447.97373314298,143503.15205710454,151747.3134116576,147518.92738579257
base,2040,total,persons,40,151404.09543137392,146983.3942941599,156151.37693188273,151500.08757166346
base,2041,total,persons,40,155289.48452026525,150588.4686358908,160599.34855710942,155433.788743386
base,2042,total,persons,40,159136.68008348707,153985.64169195681,165041.60885837206,159283.78173024615
base,2043,total,persons,40,162976.5404274483,157229.2317065752,169318.25914026162,163098.0417629259
base,2044,total,persons,40,166730.33084548693,160476.67184113184,173658.32204156683,166831.57744445436
base,2045,total,persons,40,170340.41866373777,163477.4740936528,178159.57809032282,170474.9062094598
conservative,2012,dlbcl,persons,2,2803.7956034818053,2787.5610542727914,2818.677971166825,2803.6415869341395
conservative,2013,dlbcl,persons,2,2870.792208961102,2847.680409164928,2892.912765797764,2870.536271282858
conservative,2014,dlbcl,persons,2,2937.7685192547747,2915.1547800847366,2958.8729093336196,2937.4277750669658
conservative,2015,dlbcl,persons,2,2995.0160204571575,2972.4779574292656,3016.9635739855703,2994.9158807109534
conservative,2016,dlbcl,persons,2,3026.6197509055446,3002.585672416751,3049.277238790218,3026.679671315238
conservative,2017,dlbcl,persons,2,3093.101203852021,3075.275129239588,3110.2098617239976,3093.0919143248143
conservative,2018,dlbcl,persons,2,3171.0820411967798,3148.6467898815704,3191.310147209797,3170.8251886631647
conservative,2019,dlbcl,persons,2,3299.4756855583196,3273.465663205366,3321.663997350291,3299.0780494560795
conservative,2020,dlbcl,persons,2,3463.8960077117,3434.28089743522,3488.999571796504,3463.404463893898
conservative,2021,dlbcl,persons,2,3572.0212593794868,3536.2721685172564,3599.6381908361454,3571.254734615286
conservative,2022,dlbcl,persons,2,3633.9053591283746,3560.618932549697,3705.674758386254,3633.832729195716
conservative,2023,dlbcl,persons,2,3724.9801116865756,3599.6902392379234,3854.086039330541,3724.8119040531346
conservative,2024,dlbcl,persons,2,3811.535077378815,3683.355528019944,3940.9375153186975,3811.444959263961
conservative,2025,dlbcl,persons,2,3896.01097387028,3761.9070192185923,4029.3533248731997,3895.8927352944033
conservative,2026,dlbcl,persons,2,3982.23004436828,3840.6581555394396,4129.147627959219,3982.6285321264227
conservative,2027,dlbcl,persons,2,4069.57850490268,3922.2016734849826,4225.576250625184,4070.218508288853
conservative,2028,dlbcl,persons,2,4152.420582722378,4000.264947917079,4319.230317569197,4154.365927230092
conservative,2029,dlbcl,persons,2,4232.470768500843,4071.120022843197,4409.486365654871,4234.10786495546
conservative,2030,dlbcl,persons,2,4305.959003072343,4135.082303477685,4496.013222858212,4307.819177172608
conservative,2031,dlbcl,persons,2,4372.691335336387,4194.226237552798,4575.222256791402,4375.706682764259
conservative,2032,dlbcl,persons,2,4437.024720457876,4244.353769832795,4652.240069463209,4439.401104216633
conservative,2033,dlbcl,persons,2,4495.665502111901,4286.70676546017,4722.2514905642265,4497.9450732779
conservative,2034,dlbcl,persons,2,4553.556777742591,4333.335713293608,4788.160499370878,4554.82744475824
conservative,2035,dlbcl,persons,2,4607.836775853526,4377.7301579119185,4860.307256253624,4611.595612880669
conservative,2036,dlbcl,persons,2,4664.886744077778,4416.141471769534,4935.590661663694,4670.0461227058195
conservative,2037,dlbcl,persons,2,4722.887339313649,4453.893586985361,5011.143003463985,4728.104659352179
conservative,2038,dlbcl,persons,2,4777.6039880087865,4493.92963952179,5082.882825194175,4781.820632182318
conservative,2039,dlbcl,persons,2,4825.268700391307,4528.263662911845,5147.266517973183,4829.889724585918
conservative,2040,dlbcl,persons,2,4864.538046884594,4555.037530802636,5204.945351395056,4871.965677597923
conservative,2041,dlbcl,persons,2,4902.869043160609,4576.7274064771045,5261.827490983858,4908.522363029722
conservative,2042,dlbcl,persons,2,4936.054781281595,4593.217750741653,5311.045165446374,4940.083045859024
conservative,2043,dlbcl,persons,2,4964.467687915217,4606.007628675552,5361.31794986508,4967.8799546269265
conservative,2044,dlbcl,persons,2,4994.7289295673945,4617.901070979011,5409.067597335174,4995.491841845865
conservative,2045,dlbcl,persons,2,5023.413416981561,4633.2477178698655,5459.383721161377,5024.846413952259
conservative,2012,follicular,persons,2,2048.5987407436405,2042.1342690504555,2055.0803621455248,2048.5994842828272
conservative,2013,follicular,persons,2,2112.0321573123892,2102.6560559769478,2120.1938408411847,2111.8898599735157
conservative,2014,follicular,persons,2,2160.7735466996887,2151.0699219707603,2169.0684333800914,2160.5216558659095
conservative,2015,follicular,persons,2,2221.8339367785406,2211.835104273526,2230.762365212898,2221.6741654069097
conservative,2016,follicular,persons,2,2282.7468693641713,2272.327962522871,2291.694303047422,2282.520059082756
conservative,2017,follicular,persons,2,2491.947375193473,2483.9031288789774,2499.0427601191504,2491.811747284332
conservative,2018,follicular,persons,2,2557.0800226433544,2549.05504489468,2564.630757745603,2556.9917346066413
conservative,2019,follicular,persons,2,2543.387637948117,2534.808923428329,2551.319992459177,2543.2783528721707
conservative,2020,follicular,persons,2,2782.244025059321,2772.1430191832856,2791.217157512433,2782.237841889615
conservative,2021,follicular,persons,2,2806.299166328674,2794.34541342427,2816.9098555082105,2806.378240839795
conservative,2022,follicular,persons,2,2739.195718865498,2680.138196001113,2794.2251168474877,2739.1539385261003
conservative,2023,follicular,persons,2,2858.1377109808886,2741.8677032505675,2966.1018298018407,2857.645889452077
conservative,2024,follicular,persons,2,2919.9181036442046,2802.3962798779507,3031.0338011109307,2920.141145371778
conservative,2025,follicular,persons,2,2978.3794681792833,2858.403435257422,3093.556498727538,2979.0560953344875
conservative,2026,follicular,persons,2,3035.9898719376406,2913.1865218464463,3157.9024333942702,3037.120998661266
conservative,2027,follicular,persons,2,3091.7452964776335,2965.926595495225,3218.225357099365,3092.5483956178314
conservative,2028,follicular,persons,2,3140.894566758285,3008.6493500621345,3274.8773691004403,3141.49321098921
conservative,2029,follicular,persons,2,3182.8036731505763,3045.9816550470873,3322.971740049114,3183.865528285889
conservative,2030,follicular,persons,2,3218.487719976034,3076.4987256295944,3367.9864453505375,3219.8957395887846
conservative,2031,follicular,persons,2,3248.252783348189,3102.3230926698734,3407.4951833994332,3250.241835832221
conservative,2032,follicular,persons,2,3272.9614527568883,3119.3307191516496,3440.2296565041993,3275.2852707697266
conservative,2033,follicular,persons,2,3292.5104342905424,3129.1935871173314,3470.699325008657,3295.7125877943968
conservative,2034,follicular,persons,2,3310.986539005672,3137.6782623968325,3501.282661973941,3314.3972874751894
conservative,2035,follicular,persons,2,3327.9331912623384,3144.0489264570388,3528.2522104159984,3331.773469076449
conservative,2036,follicular,persons,2,3343.2829610748504,3149.8151243652815,3552.790294579461,3347.6797542886584
conservative,2037,follicular,persons,2,3355.5107906901785,3153.8918657986546,3572.0528707488675,3359.6595145751066
conservative,2038,follicular,persons,2,3358.8854011941485,3150.904844585183,3587.714694154571,3364.0056997294237
conservative,2039,follicular,persons,2,3355.7320018405862,3138.132302170462,3593.7030712080254,3360.5896791437654
conservative,2040,follicular,persons,2,3344.977329566728,3119.0065210439852,3591.2136433313376,3350.233242640219
conservative,2041,follicular,persons,2,3329.3148408685583,3094.2221915079203,3583.2605722803232,3334.0682966252307
conservative,2042,follicular,persons,2,3307.890857138733,3065.4697889614918,3565.663449455325,3313.217571745172
conservative,2043,follicular,persons,2,3284.4372006589433,3035.3374462951792,3548.4623969171007,3289.0339785788647
conservative,2044,follicular,persons,2,3258.581780442328,3002.644766801982,3533.8699103693225,3265.3861226875265
conservative,2045,follicular,persons,2,3238.1657286222394,2979.286352310418,3523.553592488481,3244.6694201560385
conservative,2012,mantle_cell,persons,2,383.6192452981826,378.08409410446586,388.78470076313585,383.604911400422
conservative,2013,mantle_cell,persons,2,409.88309916368604,401.7609926716044,416.394628858408,409.70524831232564
conservative,2014,mantle_cell,persons,2,446.68304164466394,438.07596381917534,453.88303306085726,446.43854403010516
conservative,2015,mantle_cell,persons,2,457.051203653552,448.05945075674055,464.6007731249577,456.8444649265662
conservative,2016,mantle_cell,persons,2,454.025053315655,444.9465442837199,461.76421523911785,453.78643670912464
conservative,2017,mantle_cell,persons,2,508.1957369205799,501.4915277231455,513.6180569722662,508.0030684024333
conservative,2018,mantle_cell,persons,2,522.3136436828768,514.3056106222481,529.3376364724428,522.1615792359032
conservative,2019,mantle_cell,persons,2,521.0665767339597,513.4649835636476,528.3695301576436,520.9015684488569
conservative,2020,mantle_cell,persons,2,573.4467915831908,564.0523584668766,582.1951561903956,573.2301287822478
conservative,2021,mantle_cell,persons,2,527.964507096631,518.0874060902521,536.978517170576,527.8454925206164
conservative,2022,mantle_cell,persons,2,505.50754141695137,480.4745397430864,532.8510373877483,505.9968782612788
conservative,2023,mantle_cell,persons,2,553.736514113611,506.5807633208293,606.8799292136023,554.349135328361
conservative,2024,mantle_cell,persons,2,580.7733442554604,530.8095748798889,634.4994328315626,581.2123776509584
conservative,2025,mantle_cell,persons,2,608.8006685737258,555.6972220009176,665.6363832629862,608.853439972509
conservative,2026,mantle_cell,persons,2,638.137710827142,581.114549518356,700.1480887683316,638.2492129462395
conservative,2027,mantle_cell,persons,2,669.1983712289609,607.6611631219262,737.9162687458228,669.0780420310743
conservative,2028,mantle_cell,persons,2,700.0003968256082,632.9586996047773,775.7038706753864,700.2000612098008
conservative,2029,mantle_cell,persons,2,729.9733280687208,657.7384786617678,813.5547797223577,730.7394617838178
conservative,2030,mantle_cell,persons,2,758.7946564617532,678.6458374396964,847.6470856390713,759.5128546479692
conservative,2031,mantle_cell,persons,2,784.5221561384485,696.6689810455007,882.5347059294187,785.8614191733668
conservative,2032,mantle_cell,persons,2,806.763659118775,713.1289906041276,914.2245600262492,809.2077880703024
conservative,2033,mantle_cell,persons,2,827.6105999908125,727.5139923638911,942.4009408966936,830.0611636205763
conservative,2034,mantle_cell,persons,2,847.3392670671548,740.6293529944728,973.9272859672715,850.1409936158168
conservative,2035,mantle_cell,persons,2,866.8044072170801,752.4554404440786,1004.3906019230756,869.8218069440777
conservative,2036,mantle_cell,persons,2,887.0916548289604,766.2612702743413,1038.9242622344148,889.9916043726015
conservative,2037,mantle_cell,persons,2,907.9229685528562,777.1694904156731,1069.4705855809962,910.55480783944
conservative,2038,mantle_cell,persons,2,927.5151251049418,786.4912849452202,1101.5704731918806,930.2902812539497
conservative,2039,mantle_cell,persons,2,946.2227902013019,794.7188025131626,1132.4598676475161,948.7480868244638
conservative,2040,mantle_cell,persons,2,962.4519476100518,803.3702110808252,1161.8759892884398,965.5867441021445
conservative,2041,mantle_cell,persons,2,976.9571127220948,810.002890200646,1189.554066460943,980.549949313703
conservative,2042,mantle_cell,persons,2,988.8969481946826,813.9400401172428,1216.1950314096268,993.4751805091457
conservative,2043,mantle_cell,persons,2,999.7707078085233,816.959750845468,1242.370980033742,1004.5096922618086
conservative,2044,mantle_cell,persons,2,1008.686754531323,816.9119300251772,1267.8818413501988,1014.3310869819367
conservative,2045,mantle_cell,persons,2,1016.5807576061534,816.9232883014649,1293.1077899978225,1023.1855681468213
conservative,2012,hodgkin,persons,2,1197.9628003409973,1191.0823457196582,1204.2392643601377,1197.8889921796158
conservative,2013,hodgkin,persons,2,1215.9946975435698,1206.7817209641664,1223.8832675456943,1215.7488586213433
conservative,2014,hodgkin,persons,2,1222.4909960591674,1213.7593553729346,1230.1088173785045,1222.3446871370509
conservative,2015,hodgkin,persons,2,1246.5656744899607,1237.5974059562943,1254.4061048496899,1246.3827196868547
conservative,2016,hodgkin,persons,2,1270.4773971425134,1260.7437521251427,1279.2058082489398,1270.225379570371
conservative,2017,hodgkin,persons,2,1306.6120995039132,1299.5589056347912,1312.9531240552415,1306.4256888392497
conservative,2018,hodgkin,persons,2,1291.5598122403005,1283.7223784051125,1298.9134774500135,1291.5273716193556
conservative,2019,hodgkin,persons,2,1305.1225508938605,1296.6269431232383,1313.4115884753521,1305.1072839211997
conservative,2020,hodgkin,persons,2,1398.011247775531,1388.0166119179903,1408.0049955513832,1397.9786479553495
conservative,2021,hodgkin,persons,2,1455.9958582381507,1443.9516892478111,1467.7687999248874,1456.049364670075
conservative,2022,hodgkin,persons,2,1467.8437411509767,1430.1987446955907,1503.8209074486251,1467.565214605294
conservative,2023,hodgkin,persons,2,1482.3052048192922,1414.2762767187328,1550.0109502348812,1482.203036500282
conservative,2024,hodgkin,persons,2,1522.9735193685515,1455.0568543189404,1590.0933973958108,1522.879502201358
conservative,2025,hodgkin,persons,2,1561.041822228879,1492.18176272057,1627.629543219741,1560.9826780005467
conservative,2026,hodgkin,persons,2,1598.48441884677,1529.025572037853,1666.8445367011739,1598.4200325720087
conservative,2027,hodgkin,persons,2,1634.0494761878222,1564.5843641822873,1705.2748622051747,1634.7403390066484
conservative,2028,hodgkin,persons,2,1670.418287174086,1598.3706126805475,1741.8836198087142,1670.025472879271
conservative,2029,hodgkin,persons,2,1705.308467006297,1631.184704217169,1777.951172378559,1704.606884270304
conservative,2030,hodgkin,persons,2,1739.2028836705028,1660.003296360686,1813.4622223518707,1738.448635305263
conservative,2031,hodgkin,persons,2,1772.6849810457668,1688.936670624443,1848.3701859267276,1771.7021243184956
conservative,2032,hodgkin,persons,2,1805.2224027586149,1718.280153542331,1884.784630554449,1804.533110802305
conservative,2033,hodgkin,persons,2,1836.801140285757,1746.882772148791,1920.1292221355898,1836.751663811724
conservative,2034,hodgkin,persons,2,1868.2919019021401,1774.7547620422833,1955.2846946744228,1868.068871798354
conservative,2035,hodgkin,persons,2,1898.429344251754,1801.8983013517288,1990.3223677646588,1897.9490441099606
conservative,2036,hodgkin,persons,2,1927.143219077595,1827.8779040213813,2020.513105395786,1927.1593492650863
conservative,2037,hodgkin,persons,2,1956.4691152041864,1854.5073739709158,2052.0386081322663,1956.5243143999378
conservative,2038,hodgkin,persons,2,1985.9786600258617,1880.53881490059,2086.0608172047823,1985.9008410406357
conservative,2039,hodgkin,persons,2,2015.2680110492092,1904.4782729137198,2118.7030461163745,2014.8391377624648
conservative,2040,hodgkin,persons,2,2044.098632441417,1928.6364593296607,2150.184963395602,2043.2884504735782
conservative,2041,hodgkin,persons,2,2072.370248997156,1951.5383039675392,2181.3898187136765,2071.421456787846
conservative,2042,hodgkin,persons,2,2100.328883354018,1974.8061122519887,2212.595794637542,2099.1143492797564
conservative,2043,hodgkin,persons,2,2127.71992324234,1998.7389894896182,2244.4892042796564,2126.2791143253257
conservative,2044,hodgkin,persons,2,2154.2190986494616,2021.874384503813,2275.641013989125,2152.2436232408904
conservative,2045,hodgkin,persons,2,2177.905745155809,2042.8270825956904,2301.6239647163625,2176.165919556923
conservative,2012,nhl,persons,2,8083.634996256375,8059.82100804508,8106.224031777409,8083.434536022118
conservative,2013,nhl,persons,2,8384.390021511095,8349.671888777633,8414.375738861943,8384.15244287987
conservative,2014,nhl,persons,2,8710.529055286734,8675.343215105115,8741.826031850522,8710.524272591203
conservative,2015,nhl,persons,2,8954.520716882296,8919.244032903127,8988.273056728302,8954.69338334434
conservative,2016,nhl,persons,2,9156.516634282736,9119.056428264354,9190.158054322606,9156.06448849749
conservative,2017,nhl,persons,2,9624.57022057356,9597.387991639782,9650.488470222423,9624.434440678082
conservative,2018,nhl,persons,2,9880.603269941532,9852.060799907906,9912.193523323593,9881.352628513474
conservative,2019,nhl,persons,2,10084.192874159164,10049.621762676532,10119.55106298232,10084.81066538598
conservative,2020,nhl,persons,2,10644.200469682724,10605.843683939565,10684.565255317386,10644.730760900353
conservative,2021,nhl,persons,2,10788.819284892506,10744.519528816296,10834.972720261909,10788.944064707832
conservative,2022,nhl,persons,2,10862.618381286014,10754.139623396275,10976.326002063895,10865.494972586577
conservative,2023,nhl,persons,2,11314.232067098716,11126.620813069996,11511.93222164112,11316.411142418761
conservative,2024,nhl,persons,2,11665.358686886242,11477.592006015366,11866.727962262405,11667.30875686787
conservative,2025,nhl,persons,2,12009.989809470404,11823.639479081538,12212.742894868055,12013.391430978363
conservative,2026,nhl,persons,2,12363.36152984195,12170.421050742496,12570.268562885924,12366.874400744906
conservative,2027,nhl,persons,2,12719.609708343714,12525.333260511561,12929.568002114182,12721.556673562718
conservative,2028,nhl,persons,2,13063.135086767808,12861.636223005862,13281.850584020274,13065.392069948686
conservative,2029,nhl,persons,2,13393.298271450916,13179.835268350713,13620.620893019908,13394.657610196482
conservative,2030,nhl,persons,2,13702.938417258281,13479.576966296361,13941.069050248878,13704.390937166261
conservative,2031,nhl,persons,2,13993.858442907755,13766.723420273702,14242.79867654025,13996.883518359624
conservative,2032,nhl,persons,2,14271.622970955901,14028.453910258298,14531.64443531916,14274.439943614228
conservative,2033,nhl,persons,2,14534.62824310199,14277.854689071239,14811.374321223675,14538.300810485005
conservative,2034,nhl,persons,2,14794.29823824458,14524.467859862645,15089.37068797653,14800.657773378696
conservative,2035,nhl,persons,2,15056.258452675345,14764.671501886047,15364.50497063979,15062.51555994398
conservative,2036,nhl,persons,2,15322.201540004471,15013.039716566973,15647.378215718882,15328.549794782766
conservative,2037,nhl,persons,2,15582.453825305305,15263.16983569743,15928.184556661443,15592.051120013006
conservative,2038,nhl,persons,2,15829.698176070255,15491.758594531453,16189.625075218131,15838.710326460998
conservative,2039,nhl,persons,2,16055.927939554014,15699.928634669606,16433.574758847033,16064.05522573277
conservative,2040,nhl,persons,2,16259.37655963421,15884.782589576022,16653.572882109125,16266.533343701914
conservative,2041,nhl,persons,2,16440.16663074195,16048.717796547737,16854.849203308575,16448.07819015314
conservative,2042,nhl,persons,2,16602.553687398176,16194.556987088052,17038.887901508144,16611.641923368712
conservative,2043,nhl,persons,2,16752.206429595244,16328.594179125752,17211.469762665227,16762.4040273296
conservative,2044,nhl,persons,2,16900.20772253343,16456.78442250455,17382.276836048208,16911.29708368767
conservative,2045,nhl,persons,2,17051.635638665342,16591.638082986858,17555.48610223359,17063.21985906883
conservative,2012,total,males,2,5329.328830835984,5311.057795969371,5348.022602301901,5329.42358150557
conservative,2013,total,males,2,5479.524812257809,5450.890238819057,5503.525157904382,5478.873839126127
conservative,2014,total,males,2,5565.849621238874,5537.588670521996,5589.305304155318,5565.047537367287
conservative,2015,total,males,2,5710.001254266797,5680.479419061689,5734.4669061051845,5709.081537823476
conservative,2016,total,males,2,5852.05385931957,5820.470731088328,5879.904404424191,5851.273122241094
conservative,2017,total,males,2,6207.593554515285,6183.296894198034,6229.124461923773,6206.736542553397
conservative,2018,total,males,2,6434.769421380328,6410.4271291727155,6460.1499586910795,6434.891892665486
conservative,2019,total,males,2,6549.616133676591,6521.950198872673,6577.65614678698,6549.637664133021
conservative,2020,total,males,2,6861.6211747135185,6829.33116989209,6892.913846481748,6861.621315337835
conservative,2021,total,males,2,6887.8914442728565,6850.491471861154,6923.794465862248,6887.789009835451
conservative,2022,total,males,2,6940.416949665987,6857.804631706978,7024.493016178193,6939.573190816041
conservative,2023,total,males,2,7236.570155551407,7089.109779386885,7386.573237686234,7236.073333771267
conservative,2024,total,males,2,7457.152183611644,7309.054761276833,7606.876324157905,7456.935227478447
conservative,2025,total,males,2,7673.468353147532,7527.170822608025,7824.285646072035,7673.294326943062
conservative,2026,total,males,2,7892.781976968636,7746.688425091804,8045.998306951019,7893.170969053301
conservative,2027,total,males,2,8112.274511259376,7959.5863199843725,8267.217517508801,8113.269158228284
conservative,2028,total,males,2,8323.001865513834,8166.099206717028,8485.329202603367,8326.076013624279
conservative,2029,total,males,2,8524.564692320084,8367.526256190846,8700.508687768976,8529.532633767762
conservative,2030,total,males,2,8715.544969031314,8552.75347760089,8898.722150717986,8720.66904041075
conservative,2031,total,males,2,8895.291133329501,8722.901747588847,9088.138161338935,8901.031656671055
conservative,2032,total,males,2,9065.717108043147,8884.939511939896,9267.846875307408,9072.593550041849
conservative,2033,total,males,2,9228.561352364337,9035.975112299886,9442.721043623935,9234.631125179238
conservative,2034,total,males,2,9388.222009557085,9184.731030567857,9612.706828359998,9393.581443843352
conservative,2035,total,males,2,9545.027680301268,9334.28857497206,9780.816209709415,9550.766008616363
conservative,2036,total,males,2,9703.810159640267,9486.318483326295,9950.334713863707,9709.626052532312
conservative,2037,total,males,2,9861.651275848531,9631.19631190501,10120.575724687747,9866.740182422329
conservative,2038,total,males,2,10008.16420699405,9764.39760888283,10281.034687300438,10013.698081872584
conservative,2039,total,males,2,10142.469907897443,9884.046746690514,10428.782834124419,10147.394431133234
conservative,2040,total,males,2,10261.579542696105,9989.741955857393,10563.02378281766,10267.04226524004
conservative,2041,total,males,2,10367.671211643858,10082.532624706084,10680.50454687608,10374.275756567973
conservative,2042,total,males,2,10461.596344192681,10173.39299459661,10789.675419132218,10469.869313672796
conservative,2043,total,males,2,10547.084322929228,10243.087492143324,10892.496084717512,10556.395245350635
conservative,2044,total,males,2,10632.057874127742,10317.288271897563,10992.18500008424,10640.760447798926
conservative,2045,total,males,2,10715.844356811074,10391.308854410338,11091.085324648511,10725.983514012902
conservative,2012,total,females,2,3951.8534622375873,3936.1900246852724,3966.2819407602706,3951.8999466961636
conservative,2013,total,females,2,4121.262810804357,4099.1964416075525,4143.779982816702,4121.0274623750865
conservative,2014,total,females,2,4367.84765733176,4345.344998782387,4390.66659587204,4367.8214223609675
conservative,2015,total,females,2,4491.986037415588,4468.110900513468,4515.462556520534,4491.99456520772
conservative,2016,total,females,2,4574.740544195907,4549.924921024192,4598.761772141424,4575.016745826766
conservative,2017,total,females,2,4724.190344632245,4705.950394356962,4741.909335866498,4724.123586963935
conservative,2018,total,females,2,4738.31210700864,4717.676910065995,4758.662583565852,4737.988107467344
conservative,2019,total,females,2,4840.631838625184,4817.174729772205,4863.767570325636,4840.280285174157
conservative,2020,total,females,2,5181.390030844772,5153.9816908748235,5206.940723045551,5181.0880935178675
conservative,2021,total,females,2,5357.290110225858,5326.068996523655,5386.7070780182485,5357.204419542457
conservative,2022,total,females,2,5392.969367190237,5321.640149604622,5469.082650830975,5393.486996375831
conservative,2023,total,females,2,5560.355868137003,5439.0631559797985,5699.099623715282,5562.540845147776
conservative,2024,total,females,2,5730.017187850737,5609.064453199001,5873.990005280811,5733.25303159078
conservative,2025,total,females,2,5899.317818449252,5775.8325642677855,6042.657987889007,5901.0797820358475
conservative,2026,total,females,2,6070.608494745236,5939.327872622557,6216.764198543473,6072.123464263614
conservative,2027,total,females,2,6241.490529735245,6104.638261071632,6390.736135219657,6243.027854341082
conservative,2028,total,females,2,6407.716345168099,6262.820050169692,6559.230807996613,6409.341529203678
conservative,2029,total,females,2,6567.474937323523,6414.259813253576,6727.68463949004,6569.731860699024
conservative,2030,total,females,2,6719.350859045466,6559.119320239692,6888.333028712005,6722.170532060775
conservative,2031,total,females,2,6864.699785506746,6697.318801845621,7040.139265224902,6867.553986007065
conservative,2032,total,females,2,7002.789409885474,6824.605379221409,7183.452440324524,7006.379504374684
conservative,2033,total,females,2,7137.0960731359155,6947.424677230077,7326.2922582527835,7140.421349117491
conservative,2034,total,females,2,7271.71380436153,7070.8924273465855,7475.019584246893,7275.145201333698
conservative,2035,total,females,2,7407.35231275759,7195.533274795747,7622.808375419829,7409.698595437576
conservative,2036,total,females,2,7542.592762533602,7321.6533546743085,7770.634037628823,7546.083091515538
conservative,2037,total,females,2,7677.3637051780115,7447.8462507133145,7918.379744851021,7681.835251990615
conservative,2038,total,females,2,7805.980324737047,7571.167529983905,8060.186875058167,7810.91308562905
conservative,2039,total,females,2,7925.627017662304,7679.771238938616,8194.43505688567,7931.499932362001
conservative,2040,total,females,2,8036.053261631801,7777.270801710975,8318.207626725816,8042.779528935453
conservative,2041,total,females,2,8138.479379725122,7867.98454749793,8436.46714198201,8145.223890373014
conservative,2042,total,females,2,8234.568919303725,7949.375805388483,8547.579783330348,8240.886958975672
conservative,2043,total,females,2,8324.664805893288,8025.199479680206,8654.588794258303,8332.287896304291
conservative,2044,total,females,2,8414.578136052369,8105.9951987946315,8758.597700890014,8422.780259129633
conservative,2045,total,females,2,8503.494075793787,8181.195199792527,8864.262850150048,8513.402264612852
conservative,2012,total,persons,2,9281.586903737634,9258.232329827686,9304.525667991407,9281.323528201734
conservative,2013,total,persons,2,9600.599092553259,9565.677588386334,9631.905622637685,9599.901301501213
conservative,2014,total,persons,2,9934.045124100734,9897.611225139359,9966.466478578244,9932.868959728254
conservative,2015,total,persons,2,10201.868874691552,10164.320856023362,10235.407582711325,10201.076103031195
conservative,2016,total,persons,2,10427.216938036563,10387.483458302962,10461.932791670404,10426.28986806786
conservative,2017,total,persons,2,10931.007243125452,10903.601761721511,10958.376377089282,10930.860129517332
conservative,2018,total,persons,2,11172.69223451008,11141.283563295265,11206.019786906269,11172.880000132829
conservative,2019,total,persons,2,11389.723149598678,11354.162743475375,11426.838577730065,11389.917949307179
conservative,2020,total,persons,2,12042.77139863712,12002.504843608667,12083.955261898374,12042.709408855702
conservative,2021,total,persons,2,12244.592286443518,12198.979279215184,12292.058840624219,12244.993429377908
conservative,2022,total,persons,2,12330.817680654261,12222.119303660867,12454.11173137616,12333.060187191872
conservative,2023,total,persons,2,12795.172008191677,12598.526067814675,13011.26381943135,12798.614178919044
conservative,2024,total,persons,2,13187.205892919916,12990.820463435477,13403.516162654949,13190.188259069226
conservative,2025,total,persons,2,13571.378569016484,13374.321101617614,13786.226994297944,13574.37410897891
conservative,2026,total,persons,2,13959.69875462091,13764.621516059784,14180.257947364775,13965.294433316914
conservative,2027,total,persons,2,14349.061557978595,14148.311321510735,14578.689505801904,14356.297012569366
conservative,2028,total,persons,2,14726.7812956089,14521.051506763511,14966.494426188663,14735.417542827958
conservative,2029,total,persons,2,15091.942692514196,14875.259498916106,15339.926519948867,15099.264494466786
conservative,2030,total,persons,2,15436.706139480444,15208.682904477562,15695.037901661399,15442.839572471525
conservative,2031,total,persons,2,15763.166693847692,15524.340548490856,16038.595115290436,15768.58564267812
conservative,2032,total,persons,2,16074.644168113613,15822.894863682903,16363.258384399018,16078.973054416534
conservative,2033,total,persons,2,16369.574780542427,16106.07932523089,16670.400482711524,16375.052474296728
conservative,2034,total,persons,2,16660.467138139586,16386.9026831546,16979.39844476671,16668.72664517705
conservative,2035,total,persons,2,16954.911800275346,16663.084332630293,17286.769011076456,16960.46460405394
conservative,2036,total,persons,2,17248.927490533795,16942.0840489148,17601.69177512819,17255.70914404785
conservative,2037,total,persons,2,17540.387913564664,17220.66883839641,17911.29112737113,17548.575434412942
conservative,2038,total,persons,2,17816.531958073152,17476.99485993684,18206.723035683375,17824.611167501633
conservative,2039,total,persons,2,18070.50369998049,17712.3592131038,18477.880510506242,18078.894363495234
conservative,2040,total,persons,2,18302.73633301664,17928.117012349292,18726.08477103481,18309.821794175492
conservative,2041,total,persons,2,18510.76845959849,18120.796761478512,18955.15001347925,18519.499646940985
conservative,2042,total,persons,2,18699.247294250297,18289.732610553157,19165.980991033404,18710.75627264847
conservative,2043,total,persons,2,18876.328586035193,18443.94608453817,19364.490865293054,18888.683141654925
conservative,2044,total,persons,2,19052.763794949547,18596.206974121917,19564.73213816229,19063.54070692856
conservative,2045,total,persons,2,19227.959798850865,18752.15050932829,19765.428674194973,19239.385778625754
conservative,2012,dlbcl,persons,3,3887.416409526256,3867.4745497537806,3907.8916139899625,3887.572016649068
conservative,2013,dlbcl,persons,3,4018.882049411479,3992.772247271546,4044.5008674407463,4018.4798085189564
conservative,2014,dlbcl,persons,3,4149.131527583295,4120.566657135411,4176.194510834475,4148.739860288787
conservative,2015,dlbcl,persons,3,4201.022052826853,4172.821026754441,4228.025414086336,4200.6813473798165
conservative,2016,dlbcl,persons,3,4307.520725157375,4277.301361397301,4334.976428683302,4306.843536593755
conservative,2017,dlbcl,persons,3,4353.620898194733,4327.668313590871,4377.315054585772,4353.15204706417
conservative,2018,dlbcl,persons,3,4471.092753468692,4442.85162125251,4498.029529248024,4471.0437840059585
conservative,2019,dlbcl,persons,3,4622.730870735128,4593.142092490907,4647.85456701043,4621.778877017084
conservative,2020,dlbcl,persons,3,4838.610015523287,4804.542703433802,4868.428088901148,4837.477680790247
conservative,2021,dlbcl,persons,3,5011.514414685673,4971.475237826555,5046.471689811506,5010.528304406746
conservative,2022,dlbcl,persons,3,5166.930433920068,5090.22491325855,5241.481060271967,5165.412784049758
conservative,2023,dlbcl,persons,3,5262.907894264393,5137.21332122241,5395.284006248403,5263.841646338288
conservative,2024,dlbcl,persons,3,5382.89818814115,5210.3163290200155,5575.282071262062,5386.687026372981
conservative,2025,dlbcl,persons,3,5505.873487114133,5329.903179744151,5699.956300527071,5506.975622007543
conservative,2026,dlbcl,persons,3,5627.872530211316,5440.8812054952095,5834.1021961358065,5627.465664494778
conservative,2027,dlbcl,persons,3,5747.882248077716,5552.041107265945,5966.062775324786,5748.743139431854
conservative,2028,dlbcl,persons,3,5868.018151927892,5656.849791043482,6099.835649102956,5868.527297500116
conservative,2029,dlbcl,persons,3,5981.655255306912,5761.057248821574,6224.736957122848,5982.61808112331
conservative,2030,dlbcl,persons,3,6087.352247409903,5853.906584529344,6349.175394389937,6089.129330383314
conservative,2031,dlbcl,persons,3,6184.508940485834,5939.023236277901,6459.738396388677,6187.157825606907
conservative,2032,dlbcl,persons,3,6276.831754857925,6013.13376006665,6561.063924699054,6278.180375132184
conservative,2033,dlbcl,persons,3,6359.012414086753,6079.774030266806,6663.324967074357,6361.656126140522
conservative,2034,dlbcl,persons,3,6438.098795163038,6141.907069199726,6762.476147925967,6440.5969804997285
conservative,2035,dlbcl,persons,3,6516.154543122233,6199.256565075428,6857.292952437554,6518.201386785397
conservative,2036,dlbcl,persons,3,6597.897559397964,6260.1789865986975,6956.188144328182,6597.970994495435
conservative,2037,dlbcl,persons,3,6673.628279573847,6318.220453828623,7057.7075719866625,6677.071886087108
conservative,2038,dlbcl,persons,3,6752.406014462189,6367.594597151047,7161.349833196559,6753.395063711943
conservative,2039,dlbcl,persons,3,6820.0310154279,6414.385417696835,7258.565361508995,6822.5243020627195
conservative,2040,dlbcl,persons,3,6881.46741570003,6448.056401246903,7345.947348528234,6883.656935340722
conservative,2041,dlbcl,persons,3,6935.766032377194,6472.989512896846,7425.964745775288,6936.958380854438
conservative,2042,dlbcl,persons,3,6981.710075551213,6492.108423436376,7498.830722691382,6982.925352079482
conservative,2043,dlbcl,persons,3,7022.0879552991155,6510.338207264128,7566.179264700268,7022.99831114144
conservative,2044,dlbcl,persons,3,7062.025990326685,6530.457662697576,7628.3882247237,7061.015029959046
conservative,2045,dlbcl,persons,3,7098.8637299943275,6545.672202032092,7694.500524079784,7099.495801283712
conservative,2012,follicular,persons,3,3029.7265754161003,3019.8369194503666,3038.65929378546,3029.660555565906
conservative,2013,follicular,persons,3,3041.6397458318984,3030.35073013699,3051.6527695389254,3041.506294120571
conservative,2014,follicular,persons,3,3187.6509537886805,3175.7360698053444,3199.1364029638376,3187.6310471238253
conservative,2015,follicular,persons,3,3217.2228384835257,3205.33558377,3228.90353494929,3217.131687842299
conservative,2016,follicular,persons,3,3354.1553217202854,3341.950766169736,3366.7306469693194,3353.9080971451167
conservative,2017,follicular,persons,3,3550.03563388171,3539.313017675417,3560.436146899901,3550.0245509706565
conservative,2018,follicular,persons,3,3689.001010865427,3676.1173632093596,3699.773610246516,3688.78649028343
conservative,2019,follicular,persons,3,3799.257460611976,3788.24751733369,3809.8959866667847,3799.0974646322215
conservative,2020,follicular,persons,3,3972.4374130234555,3960.035897910594,3983.895865915234,3972.2497402449626
conservative,2021,follicular,persons,3,4053.0534570304744,4039.048499986757,4066.2647120644738,4052.980674667628
conservative,2022,follicular,persons,3,4163.248536171482,4103.237075960024,4217.831287927346,4163.2253564971015
conservative,2023,follicular,persons,3,4130.191504775248,4015.2961648961623,4237.88701743298,4130.291042596411
conservative,2024,follicular,persons,3,4271.8482186728215,4099.5739554351785,4432.47026041275,4271.99402028597
conservative,2025,follicular,persons,3,4360.68385162497,4184.151481945245,4526.784721981494,4360.5512522364525
conservative,2026,follicular,persons,3,4444.473126960789,4264.308044821228,4619.53135728832,4446.018216556219
conservative,2027,follicular,persons,3,4526.101252501321,4339.02772250901,4708.8413412868285,4527.5035706267145
conservative,2028,follicular,persons,3,4601.0934971896195,4409.233885732951,4790.8234975767455,4602.911629549577
conservative,2029,follicular,persons,3,4666.022599592321,4469.629686017206,4870.265186428256,4668.637139792548
conservative,2030,follicular,persons,3,4721.0903015634085,4515.798612252767,4938.938245376434,4724.776750618047
conservative,2031,follicular,persons,3,4767.846451092166,4552.443560832388,4995.56412547159,4771.879822323034
conservative,2032,follicular,persons,3,4807.5260973395225,4580.923493324251,5042.295209157766,4810.611763170491
conservative,2033,follicular,persons,3,4838.224256675778,4597.992830942487,5090.286764201888,4842.145441272745
conservative,2034,follicular,persons,3,4865.169017679287,4609.569822402506,5133.217360376513,4868.742180680828
conservative,2035,follicular,persons,3,4888.772554724819,4622.466278448523,5171.591181606278,4892.700179495771
conservative,2036,follicular,persons,3,4909.488735180624,4637.750004287102,5211.266496630725,4915.348322327737
conservative,2037,follicular,persons,3,4927.16238802535,4640.695794439863,5241.314853453598,4932.982857355338
conservative,2038,follicular,persons,3,4935.103659758781,4634.806326417082,5264.307789447464,4942.796549195371
conservative,2039,follicular,persons,3,4933.119346915082,4622.290470295194,5272.692079971574,4941.465413958246
conservative,2040,follicular,persons,3,4922.08313711184,4598.912854465352,5275.693539386612,4929.364938588479
conservative,2041,follicular,persons,3,4902.238630667651,4564.977912939721,5267.300268537027,4907.904373620007
conservative,2042,follicular,persons,3,4872.627456335757,4523.638959908474,5248.708687256817,4878.6185616526445
conservative,2043,follicular,persons,3,4835.369737677721,4477.423931626779,5226.102632684769,4843.382123204704
conservative,2044,follicular,persons,3,4797.690825829113,4430.1106862147435,5199.854174674826,4806.619801533344
conservative,2045,follicular,persons,3,4762.764245816815,4382.636246360925,5176.05524835519,4771.46980531047
conservative,2012,mantle_cell,persons,3,539.6587896612575,531.7904504390473,546.9369303425975,539.5620219712929
conservative,2013,mantle_cell,persons,3,571.5066274468018,562.0236623543537,579.6666122243951,571.2289845974409
conservative,2014,mantle_cell,persons,3,606.7885113936557,596.7946064742599,616.0524041377518,606.7372235176686
conservative,2015,mantle_cell,persons,3,640.0372342492401,629.1838413628352,649.46328751885,639.8175295537496
conservative,2016,mantle_cell,persons,3,649.1865630699144,637.8770738418759,658.9131937604449,649.0336104711549
conservative,2017,mantle_cell,persons,3,702.3118200553499,693.3066714885665,710.9216769777402,702.2841846863488
conservative,2018,mantle_cell,persons,3,716.6550383972669,706.9940109001581,726.8814188479654,716.7725204146153
conservative,2019,mantle_cell,persons,3,761.8508549094583,752.1201713645486,770.8453168557854,761.6953623108872
conservative,2020,mantle_cell,persons,3,783.708050840178,773.3669308576231,793.892346651281,783.5959149456307
conservative,2021,mantle_cell,persons,3,768.067489028984,756.8064632661689,779.1544588756113,767.9406124044182
conservative,2022,mantle_cell,persons,3,764.8806875778528,737.6765325263056,792.1105659931928,764.9259787532951
conservative,2023,mantle_cell,persons,3,759.6123522267861,710.8392508275695,811.8031309949707,760.2803739416984
conservative,2024,mantle_cell,persons,3,815.5839185163647,745.4355596272126,894.8513063224926,817.6037765727971
conservative,2025,mantle_cell,persons,3,855.7339115147919,780.7297044056374,936.5201055527406,856.5341922646525
conservative,2026,mantle_cell,persons,3,896.6696684595559,817.7584208915232,982.141066294718,897.2799518490099
conservative,2027,mantle_cell,persons,3,939.7321651596158,854.8912242465531,1033.835334166116,939.9379017922406
conservative,2028,mantle_cell,persons,3,983.151481317211,890.1003386894251,1087.6492671436201,983.8560090978636
conservative,2029,mantle_cell,persons,3,1026.4817481362984,925.7361949289498,1142.1259533690675,1027.4204541413628
conservative,2030,mantle_cell,persons,3,1068.6176189233297,958.1015641853329,1194.4489639028855,1069.2599093800136
conservative,2031,mantle_cell,persons,3,1106.4564898804476,988.303840249125,1243.9939015951854,1108.090186314455
conservative,2032,mantle_cell,persons,3,1140.6417291552943,1011.9748378773676,1289.5947925106123,1142.9318618854927
conservative,2033,mantle_cell,persons,3,1172.4398047960526,1032.7374001375997,1331.4809977879963,1174.1259136551305
conservative,2034,mantle_cell,persons,3,1200.281894183392,1049.5637061772902,1371.84986049692,1202.8171983608026
conservative,2035,mantle_cell,persons,3,1227.177751868862,1066.429851395877,1419.39436253947,1230.5511620420286
conservative,2036,mantle_cell,persons,3,1254.8982342400807,1085.2827940222041,1464.7918260573624,1258.5994764290726
conservative,2037,mantle_cell,persons,3,1283.4915171416405,1099.9795825000294,1508.4920823538373,1286.6420580566094
conservative,2038,mantle_cell,persons,3,1310.260653449575,1114.7807947223826,1555.5030350188322,1314.3099268721924
conservative,2039,mantle_cell,persons,3,1335.5441882332568,1125.2028000714809,1599.7429055399618,1340.312766194535
conservative,2040,mantle_cell,persons,3,1359.147548599117,1136.4550632620603,1639.6382262572542,1364.082267999251
conservative,2041,mantle_cell,persons,3,1379.3413957497878,1145.4013562865166,1681.805217260289,1385.3345758401842
conservative,2042,mantle_cell,persons,3,1396.5742434326376,1153.2302581461224,1721.5602488463899,1403.7719551475443
conservative,2043,mantle_cell,persons,3,1412.6600366252392,1154.9967035985615,1758.3232669728764,1419.5549645061308
conservative,2044,mantle_cell,persons,3,1426.495438644159,1154.1251166663105,1794.48448766123,1433.3666918920592
conservative,2045,mantle_cell,persons,3,1437.4873475769527,1154.6505165270687,1829.6327820570048,1445.6091800667268
conservative,2012,hodgkin,persons,3,1730.7796102671557,1720.8951594680311,1739.0067824159803,1730.594358583754
conservative,2013,hodgkin,persons,3,1777.706700227312,1766.2429977273127,1787.420623118478,1777.5913554787192
conservative,2014,hodgkin,persons,3,1800.599428340362,1789.8893735689949,1810.9326169847232,1800.6061549027238
conservative,2015,hodgkin,persons,3,1823.6770900034635,1813.5046293433459,1834.0643234577965,1823.605970356358
conservative,2016,hodgkin,persons,3,1858.8349360212862,1847.4483248903323,1869.774742730297,1858.6799521422276
conservative,2017,hodgkin,persons,3,1903.6570150350976,1893.7954728870945,1913.3931111494244,1903.5276806767326
conservative,2018,hodgkin,persons,3,1902.9001241080432,1892.3206232986804,1912.663660404435,1902.7799857708987
conservative,2019,hodgkin,persons,3,1938.776975524776,1928.742886840641,1948.3512474740633,1938.7963102172143
conservative,2020,hodgkin,persons,3,1997.585247134228,1986.1897382754214,2008.172598606581,1997.5148835484156
conservative,2021,hodgkin,persons,3,2103.065169060931,2089.7174597742874,2115.6789294994433,2102.927707477021
conservative,2022,hodgkin,persons,3,2154.7367438939445,2116.186934215738,2190.8001055031327,2155.08706788937
conservative,2023,hodgkin,persons,3,2187.2602460513517,2119.8476960965813,2255.0357098872764,2188.0734082628433
conservative,2024,hodgkin,persons,3,2218.3719722980377,2118.663625715403,2317.1382646137076,2219.0530363928983
conservative,2025,hodgkin,persons,3,2276.2799228961835,2178.03704771664,2375.0933742454677,2276.9712790218996
conservative,2026,hodgkin,persons,3,2330.8469738217,2232.851419335503,2431.01690374332,2331.781659848723
conservative,2027,hodgkin,persons,3,2383.7121095278435,2280.8486917042383,2487.7154885915106,2385.2424910185587
conservative,2028,hodgkin,persons,3,2436.6326185632315,2332.903450056408,2540.040682881098,2437.0921361022047
conservative,2029,hodgkin,persons,3,2488.0912119580116,2380.17517131077,2593.46578329201,2487.580412151295
conservative,2030,hodgkin,persons,3,2537.551356477205,2426.510481922664,2645.139279250981,2536.884277991598
conservative,2031,hodgkin,persons,3,2585.714085078444,2468.768890030265,2695.815175768399,2585.2345507138416
conservative,2032,hodgkin,persons,3,2634.108136959978,2509.4956220280114,2748.183470350961,2632.700753678429
conservative,2033,hodgkin,persons,3,2679.7380513600265,2550.0297080247647,2801.5497194582254,2679.364867282502
conservative,2034,hodgkin,persons,3,2725.7285618094006,2587.8009611058233,2850.1499068776598,2724.57644709872
conservative,2035,hodgkin,persons,3,2769.7905217979505,2628.094619462733,2895.815743839561,2768.2093790123176
conservative,2036,hodgkin,persons,3,2812.2575727126305,2667.185323565543,2940.830074754193,2810.446179801058
conservative,2037,hodgkin,persons,3,2853.6064807872567,2706.168374499783,2986.010210854214,2852.0993053081584
conservative,2038,hodgkin,persons,3,2894.961843950981,2743.876098602181,3032.911503119428,2893.7170949383813
conservative,2039,hodgkin,persons,3,2936.0891320304086,2781.593733869524,3081.052647923429,2935.129324607062
conservative,2040,hodgkin,persons,3,2976.6823215552367,2816.2794376155193,3126.2854606749906,2975.9257023370837
conservative,2041,hodgkin,persons,3,3016.931976454904,2848.415992055804,3172.538336835004,3016.2497881044505
conservative,2042,hodgkin,persons,3,3057.078351636853,2882.39021483522,3217.3849873189843,3055.9539588469906
conservative,2043,hodgkin,persons,3,3095.9893187137295,2914.742585362505,3262.9519105900404,3095.094617751093
conservative,2044,hodgkin,persons,3,3134.0851100469476,2945.7931363021085,3306.4802111062018,3132.693823032312
conservative,2045,hodgkin,persons,3,3169.4524575243654,2977.9714036219566,3346.54133010705,3168.0436507177883
conservative,2012,nhl,persons,3,11380.838954411327,11351.558660339713,11413.230083392828,11380.656094275015
conservative,2013,nhl,persons,3,11818.38917125565,11774.298473916677,11855.660407198575,11817.779224750604
conservative,2014,nhl,persons,3,12391.748900269702,12348.419620711096,12431.762647778878,12391.43823882132
conservative,2015,nhl,persons,3,12662.246582517335,12618.321786334871,12702.523958628179,12662.34610608742
conservative,2016,nhl,persons,3,13137.70917613417,13091.410806689513,13180.312792488661,13137.628779900138
conservative,2017,nhl,persons,3,13578.353266276848,13537.426724056308,13613.407010318928,13578.272660407009
conservative,2018,nhl,persons,3,14043.321027401907,14001.231511376433,14084.365844426544,14043.58453361121
conservative,2019,nhl,persons,3,14461.539348602142,14424.397409319141,14502.717373129944,14461.602725842042
conservative,2020,nhl,persons,3,15059.535758518115,15016.761982487684,15106.34769861208,15059.999954378349
conservative,2021,nhl,persons,3,15372.110996918927,15323.199108695404,15423.224317657705,15372.488061733007
conservative,2022,nhl,persons,3,15814.220334920083,15699.75873324264,15930.522264940273,15816.131046635297
conservative,2023,nhl,persons,3,16065.136077185365,15876.172780864923,16261.397558436469,16067.212747743833
conservative,2024,nhl,persons,3,16657.488872519454,16388.438547953847,16931.949000390963,16658.070571896926
conservative,2025,nhl,persons,3,17154.90406408315,16881.52111744284,17434.314609700476,17158.009294054482
conservative,2026,nhl,persons,3,17655.31854545738,17382.892527065072,17937.09927933911,17659.50699745987
conservative,2027,nhl,persons,3,18159.233003004905,17881.166525694643,18447.253626552803,18162.49588051174
conservative,2028,nhl,persons,3,18660.43381334287,18370.01769427325,18956.191205273273,18660.228671644378
conservative,2029,nhl,persons,3,19137.856462117255,18841.679628201648,19449.93191554359,19138.003193532593
conservative,2030,nhl,persons,3,19590.463421493194,19282.680699411954,19911.475241361553,19591.374451774405
conservative,2031,nhl,persons,3,20015.692583864446,19689.8653480047,20353.506845738604,20017.4766987825
conservative,2032,nhl,persons,3,20415.64511562463,20075.462150152318,20770.606817077318,20419.263058000543
conservative,2033,nhl,persons,3,20791.628788048725,20436.2939015837,21168.873638544035,20799.757477742103
conservative,2034,nhl,persons,3,21156.185012725953,20780.22493195035,21556.266441775893,21167.468922790158
conservative,2035,nhl,persons,3,21521.117419881128,21127.496426549144,21941.631257418394,21533.242836330268
conservative,2036,nhl,persons,3,21891.238334686797,21476.124402170717,22337.474456499844,21905.208368623167
conservative,2037,nhl,persons,3,22260.748161937583,21816.77411414238,22732.525322258047,22273.103021431056
conservative,2038,nhl,persons,3,22615.324128391265,22142.30136766246,23116.463875071815,22629.502748935407
conservative,2039,nhl,persons,3,22943.15551289521,22453.428300106327,23480.069573345474,22958.586924104693
conservative,2040,nhl,persons,3,23244.339994644062,22731.774658567207,23811.177939972265,23256.814674390524
conservative,2041,nhl,persons,3,23511.760929666234,22973.38276405402,24112.28638907242,23525.006158216405
conservative,2042,nhl,persons,3,23751.2384349364,23187.79142329687,24371.357384959047,23765.72012969567
conservative,2043,nhl,persons,3,23969.208439215865,23383.646018370753,24636.818969687953,23985.399710554582
conservative,2044,nhl,persons,3,24182.509144426956,23565.451634744833,24887.143705520168,24196.329503463803
conservative,2045,nhl,persons,3,24393.04287466582,23748.327376010628,25105.97304664424,24405.994435359287
conservative,2012,total,males,3,7481.334733430779,7456.341622935665,7508.336122720872,7481.58060072279
conservative,2013,total,males,3,7748.36247539322,7717.923666187668,7779.14775115826,7748.525618809237
conservative,2014,total,males,3,8000.783014562956,7964.845831166111,8031.390598061329,7999.44215333175
conservative,2015,total,males,3,8118.506940261871,8081.0563742165905,8149.316668605058,8117.066949744013
conservative,2016,total,males,3,8373.992988525857,8333.993324685882,8407.502314527263,8373.055115824543
conservative,2017,total,males,3,8746.806207069701,8714.806687685834,8776.56948730402,8746.544014491108
conservative,2018,total,males,3,9078.806295264989,9047.390861761918,9110.073946442404,9078.726959326617
conservative,2019,total,males,3,9408.054900376863,9377.745386386168,9440.253769657043,9407.933425850617
conservative,2020,total,males,3,9726.98061485504,9692.307638239528,9762.414805985949,9726.866864953567
conservative,2021,total,males,3,9867.168024631948,9828.104001618543,9906.909864111913,9867.038686565436
conservative,2022,total,males,3,10099.686481966914,10012.223231942,10188.8383311748,10099.196796211238
conservative,2023,total,males,3,10261.538307823943,10111.316788343262,10408.378195855907,10258.937932522706
conservative,2024,total,males,3,10640.814000910963,10429.961970084245,10846.595247040965,10638.576166375226
conservative,2025,total,males,3,10951.604103880707,10740.288434607777,11155.714835914936,10950.88266393935
conservative,2026,total,males,3,11263.213780066013,11045.223669252078,11472.479457818961,11262.160298311173
conservative,2027,total,males,3,11573.019575850722,11352.895070587982,11792.698555751393,11573.273798412818
conservative,2028,total,males,3,11876.163463192896,11658.414415217538,12106.09133754299,11879.99709599751
conservative,2029,total,males,3,12168.5761977824,11943.324634619248,12414.069699632495,12173.977026846538
conservative,2030,total,males,3,12446.054916952358,12215.625249704144,12698.829552509047,12452.32668408517
conservative,2031,total,males,3,12708.204136115883,12463.921847250813,12978.7644474772,12713.784753352218
conservative,2032,total,males,3,12955.745111637025,12702.920888605757,13241.432920400872,12960.486279331571
conservative,2033,total,males,3,13188.003155405557,12920.764410237021,13484.11496749097,13193.015424683801
conservative,2034,total,males,3,13407.31846748646,13129.956829152366,13716.880938201077,13415.808222636437
conservative,2035,total,males,3,13628.365505995209,13334.247581167258,13948.863112354855,13634.914235581307
conservative,2036,total,males,3,13851.336976072276,13539.749693723787,14187.714530522742,13856.16585910298
conservative,2037,total,males,3,14065.25871930079,13738.169887106511,14424.223588270253,14074.220421497013
conservative,2038,total,males,3,14276.035515254922,13931.3902917405,14654.20207704184,14285.002659668491
conservative,2039,total,males,3,14471.843679708618,14110.296890626392,14864.733027810107,14479.091405409947
conservative,2040,total,males,3,14647.923549337629,14265.724210951175,15056.905059460678,14654.346336492963
conservative,2041,total,males,3,14802.854893812622,14410.105752413845,15243.847832522919,14811.624146964828
conservative,2042,total,males,3,14944.203806827492,14532.320455552572,15399.064931007035,14951.583387627117
conservative,2043,total,males,3,15069.01421754761,14643.849228879602,15545.247898741374,15077.633807351749
conservative,2044,total,males,3,15189.59289935618,14741.779186032343,15688.327124369218,15196.726102553854
conservative,2045,total,males,3,15305.717212539214,14836.828661955984,15832.232197647245,15313.669377082004
conservative,2012,total,females,3,5629.5929432372595,5609.877549161148,5651.427200185239,5629.6698521359785
conservative,2013,total,females,3,5846.849658152616,5822.140339311691,5874.713064718495,5846.844961420086
conservative,2014,total,females,3,6192.488246162185,6165.200325986624,6220.348120075262,6192.602240392294
conservative,2015,total,females,3,6368.790164566735,6340.524845951312,6396.531534720844,6368.885126699765
conservative,2016,total,females,3,6623.481026419071,6594.288702705224,6652.7160363173025,6623.253616217822
conservative,2017,total,females,3,6735.381462537189,6710.881738921905,6760.896475910692,6735.256326592632
conservative,2018,total,females,3,6867.68851834552,6840.755516169197,6894.326593691063,6867.637560055491
conservative,2019,total,females,3,6992.6896743616835,6966.570643077707,7018.774274496702,6992.465610208639
conservative,2020,total,females,3,7331.154820549374,7301.030575089635,7362.072464563908,7330.647972973197
conservative,2021,total,females,3,7608.89451176058,7575.182154029608,7641.887948969825,7608.377082644592
conservative,2022,total,females,3,7872.0486855667905,7797.411633028172,7949.340503601838,7872.021318313429
conservative,2023,total,females,3,7994.482093569801,7868.421703401675,8136.892453662566,7996.34822348397
conservative,2024,total,females,3,8234.527066708215,8057.858695417281,8442.431373307927,8238.5474419146
conservative,2025,total,females,3,8481.235219652885,8298.627443473615,8690.889130742862,8484.097909137032
conservative,2026,total,females,3,8726.580870653623,8536.11042129334,8938.476113650519,8729.128358997421
conservative,2027,total,females,3,8971.084117398743,8778.74422879143,9189.243278613068,8974.464573117479
conservative,2028,total,females,3,9215.475237846807,9012.000274027043,9432.429886436184,9217.32371174907
conservative,2029,total,females,3,9448.050849437863,9238.902307038605,9675.746159687118,9451.606578837353
conservative,2030,total,females,3,9671.313000404629,9451.39631158654,9906.776051337389,9675.932045680835
conservative,2031,total,females,3,9886.691250752068,9653.637380484159,10124.90315384284,9888.92649614412
conservative,2032,total,females,3,10089.746872068295,9838.67240248948,10337.968734516302,10091.477532347397
conservative,2033,total,females,3,10280.876595550304,10023.223594321911,10547.882986900471,10286.106920340804
conservative,2034,total,females,3,10472.758646122915,10189.890969628761,10754.49892214737,10476.237147252443
conservative,2035,total,females,3,10662.693190947604,10359.49241502213,10958.839007031376,10666.537979761279
conservative,2036,total,females,3,10856.232489019243,10538.328116462724,11167.965066009467,10859.488689321244
conservative,2037,total,females,3,11045.431690195308,10726.275289975392,11381.957018284646,11050.9819052422
conservative,2038,total,females,3,11232.738378176193,10899.347975337625,11592.078734542105,11238.217184205298
conservative,2039,total,females,3,11409.517807311677,11064.737726529022,11784.162128019956,11414.62484330181
conservative,2040,total,females,3,11572.38614591075,11211.776686337638,11970.113896071152,11578.394040234643
conservative,2041,total,females,3,11724.695655414616,11341.365690986822,12140.41070914243,11729.631799356026
conservative,2042,total,females,3,11863.747264928701,11462.306582648482,12299.30098171377,11870.090700915545
conservative,2043,total,females,3,11996.533794827516,11579.38000833981,12455.101549728406,12002.860520953926
conservative,2044,total,females,3,12127.271251530181,11688.377279246035,12606.421234348345,12132.29722394226
conservative,2045,total,females,3,12253.422422453115,11790.111859596023,12760.730116194234,12260.36870899507
conservative,2012,total,persons,3,13111.196951545486,13080.841428317764,13145.459909612508,13111.250452858769
conservative,2013,total,persons,3,13595.467044574561,13552.401640144073,13635.466302922308,13595.370580229324
conservative,2014,total,persons,3,14192.331140218972,14146.664619042942,14232.423517962912,14192.044393724045
conservative,2015,total,persons,3,14486.911077749894,14439.673541307671,14528.70495163982,14485.952076443778
conservative,2016,total,persons,3,14996.999816116393,14946.64535490802,15043.059632016251,14996.308732042366
conservative,2017,total,persons,3,15482.108005641125,15441.054056422783,15519.310177018884,15481.800341083741
conservative,2018,total,persons,3,15946.16032309643,15901.941526297964,15989.319025329898,15946.364519382108
conservative,2019,total,persons,3,16400.293883979462,16361.948570084767,16442.05581383668,16400.399036059254
conservative,2020,total,persons,3,17057.557851909252,17011.927365405278,17102.844933522254,17057.514837926763
conservative,2021,total,persons,3,17475.456038018627,17424.467398879846,17529.605505721334,17475.415769210027
conservative,2022,total,persons,3,17969.419709194437,17852.79893072155,18095.836708428888,17971.218114524665
conservative,2023,total,persons,3,18253.616966432957,18050.259625426363,18464.575958943857,18255.286156006678
conservative,2024,total,persons,3,18873.549468142166,18588.987343596556,19168.433482365588,18877.123608289825
conservative,2025,total,persons,3,19429.512683869292,19148.061596482556,19725.21467607456,19434.98057307638
conservative,2026,total,persons,3,19982.79772750406,19701.400020890396,20288.029009221547,19991.288657308593
conservative,2027,total,persons,3,20540.079404021817,20251.563737455333,20854.78911973208,20547.738371530297
conservative,2028,total,persons,3,21090.07908564966,20788.461616695204,21417.23975207085,21097.320807746582
conservative,2029,total,persons,3,21618.718721845515,21311.99551086985,21966.13904505475,21625.58360568389
conservative,2030,total,persons,3,22121.55340693895,21798.448736802704,22487.782486380464,22128.258729766007
conservative,2031,total,persons,3,22591.64622310254,22254.451550588714,22974.884916441948,22602.71124949634
conservative,2032,total,persons,3,23043.080422449922,22695.8220335409,23437.83400893642,23051.96381167897
conservative,2033,total,persons,3,23470.31146754632,23107.565743521853,23890.380719872184,23479.122345024603
conservative,2034,total,persons,3,23888.448565548802,23497.69148007104,24328.78408512786,23892.04536988888
conservative,2035,total,persons,3,24294.773345909754,23885.082732164465,24759.4956793606,24301.452215342586
conservative,2036,total,persons,3,24706.669934412952,24282.238834378375,25192.275387838785,24715.654548424227
conservative,2037,total,persons,3,25115.68048948443,24667.44908620072,25626.211126323247,25125.202326739214
conservative,2038,total,persons,3,25516.542208468138,25043.486957633468,26046.895937034602,25523.219843873787
conservative,2039,total,persons,3,25886.03266006316,25391.53466846512,26449.59435805741,25893.716248711757
conservative,2040,total,persons,3,26222.20665043906,25698.390813413538,26822.21238505115,26232.740376727605
conservative,2041,total,persons,3,26526.109426109593,25981.68543662964,27161.123225206014,26541.255946320856
conservative,2042,total,persons,3,26803.163618841187,26234.69579367547,27475.200138851567,26821.674088542663
conservative,2043,total,persons,3,27062.09250508021,26460.588197475194,27760.913225096338,27080.494328305675
conservative,2044,total,persons,3,27313.654275551326,26679.248923755902,28039.1172433032,27329.023326496113
conservative,2045,total,persons,3,27559.266236500807,26891.692244661477,28308.905186114556,27574.038086077075
conservative,2012,dlbcl,persons,5,5775.940718489663,5745.655508568798,5809.045944857823,5776.042250968388
conservative,2013,dlbcl,persons,5,5981.077949130018,5946.369319382815,6015.460140437515,5981.3749194686325
conservative,2014,dlbcl,persons,5,6204.867138473266,6169.122280340996,6238.022013541543,6204.989267336344
conservative,2015,dlbcl,persons,5,6371.778027661623,6337.942242485111,6405.227140993007,6371.94182688422
conservative,2016,dlbcl,persons,5,6537.255271484309,6500.4037585582455,6569.622113588826,6536.651010328565
conservative,2017,dlbcl,persons,5,6651.731399693723,6618.245221110728,6682.465751530892,6651.390873388006
conservative,2018,dlbcl,persons,5,6820.316763785014,6781.262655238361,6855.88378237239,6819.451046082053
conservative,2019,dlbcl,persons,5,6982.99015572658,6944.268260392479,7021.7051880415975,6982.972368890136
conservative,2020,dlbcl,persons,5,7250.570364576335,7211.057324168644,7289.840858826045,7250.538024382262
conservative,2021,dlbcl,persons,5,7482.062583458446,7436.9809480917065,7523.4340521723825,7481.532422424039
conservative,2022,dlbcl,persons,5,7741.376379161849,7665.885163988516,7822.842108532147,7741.923602659866
conservative,2023,dlbcl,persons,5,7985.077146347301,7856.912610432598,8117.592195399765,7986.773489368526
conservative,2024,dlbcl,persons,5,8196.428354758371,8020.512532536871,8389.481048906897,8200.764790927533
conservative,2025,dlbcl,persons,5,8350.07817807874,8123.647328592383,8600.207142063551,8356.132310922905
conservative,2026,dlbcl,persons,5,8533.164175448732,8257.224544298986,8836.070093417462,8538.742671314056
conservative,2027,dlbcl,persons,5,8716.896053282198,8420.827187440309,9030.02244156291,8720.6262385004
conservative,2028,dlbcl,persons,5,8894.871317480269,8586.493657368917,9232.455903963895,8899.046454972904
conservative,2029,dlbcl,persons,5,9068.758439204652,8743.902605784431,9430.009266829846,9073.455434940182
conservative,2030,dlbcl,persons,5,9237.288819836558,8894.653992858299,9630.10864193567,9240.731393291593
conservative,2031,dlbcl,persons,5,9395.14244200112,9030.716464799641,9803.73086554568,9396.845984833235
conservative,2032,dlbcl,persons,5,9539.297492939928,9147.186534188422,9965.929486061845,9541.987378371063
conservative,2033,dlbcl,persons,5,9669.561101886587,9248.771936967409,10121.225523398574,9674.367111550058
conservative,2034,dlbcl,persons,5,9789.966012532073,9338.444510183906,10265.061825806946,9797.360424645278
conservative,2035,dlbcl,persons,5,9911.06699788026,9426.100321039325,10413.141697163363,9913.75139252106
conservative,2036,dlbcl,persons,5,10024.620338795336,9499.384585042177,10560.853058255023,10028.260500056223
conservative,2037,dlbcl,persons,5,10135.470012483205,9578.459930775547,10708.316120977734,10141.909898477039
conservative,2038,dlbcl,persons,5,10244.139616559478,9655.112357508833,10855.824281054247,10253.186111439218
conservative,2039,dlbcl,persons,5,10347.217892698496,9729.563933713303,11001.197796420407,10358.530795812878
conservative,2040,dlbcl,persons,5,10446.638903704357,9795.794138528136,11135.425269338393,10455.771396042339
conservative,2041,dlbcl,persons,5,10532.278236571763,9843.72874880487,11258.006781580016,10542.053399208931
conservative,2042,dlbcl,persons,5,10609.97827948651,9884.255697932173,11372.184561864035,10617.259933245321
conservative,2043,dlbcl,persons,5,10677.033925150763,9912.65741939213,11479.695412728934,10682.671480833167
conservative,2044,dlbcl,persons,5,10736.878487588241,9935.438056167299,11583.592895720363,10742.228695821177
conservative,2045,dlbcl,persons,5,10793.378386915712,9960.420778711697,11686.08056913615,10798.793188120315
conservative,2012,follicular,persons,5,4771.562907019259,4755.28968623023,4787.682915511022,4771.386061776782
conservative,2013,follicular,persons,5,4878.333967792686,4861.699450051251,4894.6475687604525,4878.280316949054
conservative,2014,follicular,persons,5,4988.7748523871,4971.97487884977,5005.367355442911,4988.574893755613
conservative,2015,follicular,persons,5,5066.436203492294,5048.963097905374,5082.789266882881,5066.4752776556115
conservative,2016,follicular,persons,5,5270.517770985032,5252.485381840874,5287.47021316928,5270.359477662361
conservative,2017,follicular,persons,5,5509.360875017604,5491.850261914355,5524.897151309287,5509.053138825244
conservative,2018,follicular,persons,5,5708.351576449895,5689.492248895127,5724.628981052373,5707.89291703863
conservative,2019,follicular,persons,5,5879.898668334336,5861.984850287476,5897.228688093446,5879.924843366949
conservative,2020,follicular,persons,5,6244.591448719113,6227.985767477575,6262.715928490826,6244.67143082426
conservative,2021,follicular,persons,5,6368.477534211162,6349.626232256313,6387.169301510849,6368.442328653345
conservative,2022,follicular,persons,5,6472.444989757072,6410.345108329341,6532.331284578728,6471.959428345158
conservative,2023,follicular,persons,5,6672.29227869042,6555.388333478477,6784.747181576709,6671.6652262811995
conservative,2024,follicular,persons,5,6834.312052745152,6661.21848695542,6998.046979587001,6833.971248885092
conservative,2025,follicular,persons,5,6854.624641293466,6623.8359054049315,7071.685658147445,6854.249145308253
conservative,2026,follicular,persons,5,7035.425808340475,6748.761776566229,7303.179568175103,7035.7900723610865
conservative,2027,follicular,persons,5,7167.519645266183,6873.4224449622025,7441.363347426378,7167.9494817706645
conservative,2028,follicular,persons,5,7288.621279757309,6985.324501248908,7575.503576270767,7290.549770954533
conservative,2029,follicular,persons,5,7401.067226235129,7092.861078238552,7703.979873196055,7402.436747506667
conservative,2030,follicular,persons,5,7499.389339025274,7180.0805933939555,7824.807511823197,7501.9222172999325
conservative,2031,follicular,persons,5,7582.484334767229,7249.378293434703,7929.560537054385,7586.039013358468
conservative,2032,follicular,persons,5,7649.519982718704,7300.256978652537,8018.956823661149,7655.186837677933
conservative,2033,follicular,persons,5,7704.93365090788,7339.348976939994,8082.939313847559,7710.505465813968
conservative,2034,follicular,persons,5,7749.247548634731,7364.226156675147,8153.90339832234,7755.1163733270105
conservative,2035,follicular,persons,5,7784.650290823697,7381.31934181785,8218.235333786699,7791.010213074931
conservative,2036,follicular,persons,5,7814.851367435758,7393.191035047393,8276.897354463817,7820.808683359575
conservative,2037,follicular,persons,5,7837.511347592142,7394.7035169082255,8318.548232563344,7844.966144412037
conservative,2038,follicular,persons,5,7852.2931859971295,7389.24484412331,8362.092874100003,7860.801691889333
conservative,2039,follicular,persons,5,7856.0938965024,7377.266108828685,8381.405951059649,7864.536287129882
conservative,2040,follicular,persons,5,7845.61197991687,7347.332610214958,8393.589212291849,7854.264258042452
conservative,2041,follicular,persons,5,7816.859682943926,7298.8388399470805,8381.359879522746,7828.090067765302
conservative,2042,follicular,persons,5,7776.6545727607445,7237.589101875445,8361.704407881189,7787.370872778045
conservative,2043,follicular,persons,5,7721.778165750224,7166.451747585488,8328.469162999172,7734.658741873331
conservative,2044,follicular,persons,5,7665.848728140803,7103.297569824888,8278.650906878942,7675.069551740714
conservative,2045,follicular,persons,5,7601.973182689247,7029.091632839764,8225.018318542981,7612.624789071047
conservative,2012,mantle_cell,persons,5,774.721824401355,763.1146501613199,786.592964286066,774.7878018480563
conservative,2013,mantle_cell,persons,5,816.3239448295124,803.3005816278454,828.308905800736,816.2690574099046
conservative,2014,mantle_cell,persons,5,875.5113496017012,863.2156534396701,887.2840594784893,875.4866077351013
conservative,2015,mantle_cell,persons,5,910.5331814733079,897.6212298529474,922.61704211025,910.5484632904883
conservative,2016,mantle_cell,persons,5,932.5311307382196,918.6017358705578,945.6924507699648,932.491011546101
conservative,2017,mantle_cell,persons,5,1016.4158336569037,1003.1249423583575,1028.6304905278703,1016.3396880375199
conservative,2018,mantle_cell,persons,5,1044.3382931463043,1031.0287541290852,1058.7102532086699,1044.4186035478826
conservative,2019,mantle_cell,persons,5,1092.0309419137648,1077.2257308165263,1105.4612958830603,1091.8126977157465
conservative,2020,mantle_cell,persons,5,1160.3268479554185,1145.885159088515,1174.474172817448,1160.470670746618
conservative,2021,mantle_cell,persons,5,1159.087198710035,1144.6518471011025,1172.6560193784546,1159.0334223139994
conservative,2022,mantle_cell,persons,5,1159.6563933883353,1130.0706551371507,1188.1332681998085,1159.6022832833814
conservative,2023,mantle_cell,persons,5,1199.8653093466476,1149.5953567376664,1254.595345044073,1201.0140377714267
conservative,2024,mantle_cell,persons,5,1227.3905076048597,1155.2671966626015,1306.0131280404273,1228.9855747057045
conservative,2025,mantle_cell,persons,5,1250.6714012718357,1156.8826356680609,1354.5641075514861,1252.213842018922
conservative,2026,mantle_cell,persons,5,1327.1395714034952,1210.3529785727078,1453.404276603222,1327.8684009917467
conservative,2027,mantle_cell,persons,5,1389.959757084938,1265.2983279931027,1528.0028694445218,1390.1240577240394
conservative,2028,mantle_cell,persons,5,1454.0380420000183,1316.34503603175,1605.4996543091909,1454.0423934478906
conservative,2029,mantle_cell,persons,5,1517.9527141479066,1369.0396438468974,1682.6943802352205,1518.7915782439645
conservative,2030,mantle_cell,persons,5,1581.75695378811,1422.1627348777645,1760.266420330505,1582.7524511317238
conservative,2031,mantle_cell,persons,5,1643.1114502098164,1472.5396755026782,1839.1463317584924,1643.8781259856717
conservative,2032,mantle_cell,persons,5,1698.2999852244684,1511.5031458825051,1909.3615943865263,1700.4600829981403
conservative,2033,mantle_cell,persons,5,1747.5255183536424,1547.146127178186,1980.0443530175642,1751.9629026568225
conservative,2034,mantle_cell,persons,5,1795.3414140287352,1582.0227130308745,2045.9266003467587,1799.0728924975472
conservative,2035,mantle_cell,persons,5,1839.0800068498866,1609.3612467412545,2113.2119405710964,1842.6067323826278
conservative,2036,mantle_cell,persons,5,1881.4112349786217,1630.2659427984308,2189.172899394747,1884.492843299367
conservative,2037,mantle_cell,persons,5,1921.0484678977364,1654.113860501861,2254.3178779217565,1925.782785059401
conservative,2038,mantle_cell,persons,5,1959.0175903877166,1675.1988006143756,2314.912857011827,1966.1310569807106
conservative,2039,mantle_cell,persons,5,1996.6512520071628,1691.0421046929364,2379.8607287836576,2004.771297421315
conservative,2040,mantle_cell,persons,5,2032.641756005237,1705.666745972379,2439.7580440988468,2041.0521730090081
conservative,2041,mantle_cell,persons,5,2065.973542156243,1718.8609023661056,2506.6420334664494,2073.8035031000504
conservative,2042,mantle_cell,persons,5,2092.681607055555,1727.867337742841,2567.6417930384264,2102.5545327049094
conservative,2043,mantle_cell,persons,5,2117.4617820567423,1732.7520856298627,2617.307916265112,2127.389219147853
conservative,2044,mantle_cell,persons,5,2139.872036329569,1734.826413525593,2672.668660238802,2148.9545050965753
conservative,2045,mantle_cell,persons,5,2156.4261618209157,1738.9421019438696,2729.9617844336076,2167.7361864090994
conservative,2012,hodgkin,persons,5,2672.736131949449,2659.3039949780214,2685.7229597950336,2672.714993373859
conservative,2013,hodgkin,persons,5,2779.413096973219,2764.7536213960075,2793.2315928671264,2779.475308771836
conservative,2014,hodgkin,persons,5,2855.3294758370566,2841.0890933504265,2869.733790500002,2855.361933666524
conservative,2015,hodgkin,persons,5,2926.4811935018756,2913.1926215257413,2940.0339749351224,2926.529147467258
conservative,2016,hodgkin,persons,5,2978.089691560318,2964.451012559244,2992.0169454541724,2978.262899460933
conservative,2017,hodgkin,persons,5,3034.791721075523,3021.915946946741,3047.212174479544,3034.714292307931
conservative,2018,hodgkin,persons,5,3055.67162421957,3041.741146718015,3069.165766215241,3055.791749643909
conservative,2019,hodgkin,persons,5,3113.741067249639,3100.2820349466665,3127.747611267418,3113.9383329285574
conservative,2020,hodgkin,persons,5,3205.9743090168886,3191.360900544814,3219.242069408202,3205.664932190243
conservative,2021,hodgkin,persons,5,3299.2136049868213,3283.3468584271263,3313.081595729064,3299.124157702202
conservative,2022,hodgkin,persons,5,3366.2787562896046,3327.133271879651,3403.0234950744316,3366.243039075019
conservative,2023,hodgkin,persons,5,3486.273089409963,3418.108174990769,3553.779648292163,3486.1872054357386
conservative,2024,hodgkin,persons,5,3574.2828525184136,3477.271576080329,3674.4058085823317,3575.4124050458863
conservative,2025,hodgkin,persons,5,3641.282247817838,3516.774114417496,3772.0675470822507,3642.5864724205635
conservative,2026,hodgkin,persons,5,3707.3467781592162,3552.6384602475446,3869.489009982226,3707.952007631163
conservative,2027,hodgkin,persons,5,3795.3613444097405,3637.9138520800234,3959.733901449583,3797.1416532829917
conservative,2028,hodgkin,persons,5,3880.8537093531104,3718.589380004321,4044.8479232276204,3882.050627727723
conservative,2029,hodgkin,persons,5,3965.5278621895723,3799.1103304054577,4129.8263355357885,3964.7604927687744
conservative,2030,hodgkin,persons,5,4046.5990832748657,3873.1715392304327,4216.20296044513,4045.0215129981084
conservative,2031,hodgkin,persons,5,4123.061164148019,3946.412425714272,4300.303700305184,4123.24434086832
conservative,2032,hodgkin,persons,5,4199.544697806387,4011.5295423076577,4380.927472090375,4199.799395887256
conservative,2033,hodgkin,persons,5,4274.588015886908,4075.406064911005,4463.059965519622,4274.767911531931
conservative,2034,hodgkin,persons,5,4347.156988915857,4138.41048566584,4540.793311839491,4347.681215334113
conservative,2035,hodgkin,persons,5,4418.055086717457,4202.689154370027,4618.97334357483,4418.323099566572
conservative,2036,hodgkin,persons,5,4486.355037037185,4264.526621615927,4697.0491841463245,4486.905205126086
conservative,2037,hodgkin,persons,5,4552.45642899743,4324.153301048559,4770.179343738281,4554.011411042148
conservative,2038,hodgkin,persons,5,4617.7208801529105,4383.937924598475,4839.248502812307,4619.5802511310085
conservative,2039,hodgkin,persons,5,4681.8742061826,4441.833289554642,4908.685286206674,4684.118030188372
conservative,2040,hodgkin,persons,5,4746.778612407684,4496.897508798647,4979.960092120521,4748.166902759759
conservative,2041,hodgkin,persons,5,4809.751756632879,4552.180965787771,5053.401120310017,4811.847215196757
conservative,2042,hodgkin,persons,5,4872.479088993554,4606.948872982116,5123.906526503925,4874.627767620397
conservative,2043,hodgkin,persons,5,4934.320897652584,4661.079789818403,5191.888976297365,4936.508442959516
conservative,2044,hodgkin,persons,5,4994.06585261963,4712.032629795057,5263.98096670759,4996.621990742996
conservative,2045,hodgkin,persons,5,5051.870358429467,4764.287552020266,5331.767335222826,5054.091927219395
conservative,2012,nhl,persons,5,17033.269594025485,16983.495948793592,17081.982913222233,17033.200789819166
conservative,2013,nhl,persons,5,17750.161868988107,17699.151836397283,17800.543090554664,17750.246701616532
conservative,2014,nhl,persons,5,18591.985719627748,18537.639164880744,18643.572812970353,18591.716822732305
conservative,2015,nhl,persons,5,19207.352345189953,19153.847843252443,19259.927524833758,19207.449952149396
conservative,2016,nhl,persons,5,19937.1941204548,19878.857923438245,19993.620923450017,19936.317672263467
conservative,2017,nhl,persons,5,20660.45777528762,20604.556998480904,20710.445629131173,20659.162643777494
conservative,2018,nhl,persons,5,21353.46520959337,21293.682877621275,21407.844834160715,21352.664310346565
conservative,2019,nhl,persons,5,21944.173841706128,21886.766387855463,22003.08764089251,21944.162434807502
conservative,2020,nhl,persons,5,22945.645818536144,22885.64378277898,23000.52184384707,22945.273057969014
conservative,2021,nhl,persons,5,23477.77035497331,23418.235685680596,23538.905740821323,23478.773082068725
conservative,2022,nhl,persons,5,24118.572330976367,24004.55588153015,24241.98470907909,24117.9206133622
conservative,2023,nhl,persons,5,24884.22489428163,24693.11490007311,25090.662242807794,24886.544357924195
conservative,2024,nhl,persons,5,25623.767871267795,25352.721829586157,25910.807320869517,25626.66227457054
conservative,2025,nhl,persons,5,26161.84485857557,25813.387685065394,26534.058060005937,26165.36299455352
conservative,2026,nhl,persons,5,27013.490823984674,26586.15509715991,27454.101124936147,27016.94070597942
conservative,2027,nhl,persons,5,27784.875409434342,27358.488164497187,28221.68410591466,27788.03372536257
conservative,2028,nhl,persons,5,28548.95136545575,28111.03635407868,29000.225040764435,28548.426657232714
conservative,2029,nhl,persons,5,29293.019068221518,28830.18231894204,29766.361730275887,29293.86904293304
conservative,2030,nhl,persons,5,30015.645950830967,29536.94733079002,30501.149541894163,30014.35321579806
conservative,2031,nhl,persons,5,30694.514664420087,30201.12871410914,31214.131999864152,30697.53914356277
conservative,2032,nhl,persons,5,31340.879046479364,30822.86641901333,31878.36575083526,31341.845950594332
conservative,2033,nhl,persons,5,31941.114066714188,31397.292758101332,32506.36369802635,31945.77186065208
conservative,2034,nhl,persons,5,32515.274573275066,31953.80311687907,33103.18354080253,32520.38261649714
conservative,2035,nhl,persons,5,33061.35977043932,32473.576069662602,33687.77636827172,33073.48779064672
conservative,2036,nhl,persons,5,33606.706404126766,32980.94367058917,34284.64740400085,33619.473533514916
conservative,2037,nhl,persons,5,34146.77500414284,33479.212106415165,34867.08037152388,34163.229792738275
conservative,2038,nhl,persons,5,34677.78923400572,33968.78921390745,35445.469261190854,34696.58222562233
conservative,2039,nhl,persons,5,35188.181690157355,34437.2118147844,36002.66171626489,35206.55522678764
conservative,2040,nhl,persons,5,35664.0799864061,34870.458306263485,36528.520085737175,35685.12320647806
conservative,2041,nhl,persons,5,36101.548139738996,35262.36355005689,37003.93390753921,36121.597788747844
conservative,2042,nhl,persons,5,36494.761912952774,35611.70164522421,37425.85730889921,36515.939358567564
conservative,2043,nhl,persons,5,36855.43638332953,35942.55053634491,37839.51010378848,36873.783927070675
conservative,2044,nhl,persons,5,37187.72797907221,36241.06776081626,38188.37192669048,37207.907031756375
conservative,2045,nhl,persons,5,37511.78644762268,36521.03416105015,38543.797242407214,37527.77804506121
conservative,2012,total,males,5,11117.137015772176,11078.365458266213,11154.902516272605,11116.961324714606
conservative,2013,total,males,5,11590.660407058589,11549.1791218057,11632.863405325517,11590.963259293238
conservative,2014,total,males,5,12079.321584098623,12033.758438953007,12117.523670320956,12078.21059392185
conservative,2015,total,males,5,12450.710687419112,12403.765554218313,12494.581622443577,12449.896113550749
conservative,2016,total,males,5,12824.024203245182,12776.30421751935,12872.375368240753,12823.881936224663
conservative,2017,total,males,5,13278.969794780893,13237.424879265729,13323.93720727943,13279.098925258086
conservative,2018,total,males,5,13735.38620894285,13691.588555549693,13780.018329626135,13735.931183208944
conservative,2019,total,males,5,14172.717983886774,14129.521735335897,14216.589420344628,14173.260807026805
conservative,2020,total,males,5,14796.602260201176,14750.716660751297,14844.840056124569,14796.388845650708
conservative,2021,total,males,5,15143.924506352916,15094.13562010835,15192.094333867022,15143.249091648326
conservative,2022,total,males,5,15494.649235692425,15398.612424377468,15592.835307877236,15493.787622573092
conservative,2023,total,males,5,15939.673366821065,15781.222743315644,16095.449801257822,15938.106766530082
conservative,2024,total,males,5,16353.37155897102,16124.242578274241,16573.151737826756,16350.608084434763
conservative,2025,total,males,5,16685.065833010725,16387.250028781986,16962.857116905267,16683.055182490218
conservative,2026,total,males,5,17221.196536626056,16858.095752493035,17549.738475367925,17217.88903065418
conservative,2027,total,males,5,17700.060384282122,17341.141589304243,18031.481027971175,17693.71563664002
conservative,2028,total,males,5,18159.940388247604,17804.453647156686,18508.538777832688,18160.375709716955
conservative,2029,total,males,5,18615.863851275586,18247.268528127566,18975.16561715926,18616.266558443007
conservative,2030,total,males,5,19053.5373442984,18681.885937951505,19432.568241007735,19055.500328451002
conservative,2031,total,males,5,19468.181704308176,19092.276591607195,19863.98290930886,19471.335428451195
conservative,2032,total,males,5,19860.179296530376,19476.472967011978,20281.425688339437,19863.32809656234
conservative,2033,total,males,5,20222.88804947788,19821.23100758849,20662.21997736271,20229.360269076536
conservative,2034,total,males,5,20569.74960334863,20139.42396413186,21024.611567036118,20575.38711357693
conservative,2035,total,males,5,20898.97253566642,20450.178152764427,21387.1681265921,20905.94835491715
conservative,2036,total,males,5,21223.347841751936,20749.745985203357,21740.376393403705,21229.841473924524
conservative,2037,total,males,5,21546.572712646222,21049.58701839623,22089.81486230583,21550.135748956858
conservative,2038,total,males,5,21857.483303562934,21348.96831726948,22423.337635980977,21862.694357402168
conservative,2039,total,males,5,22153.15096368004,21617.109963470808,22740.346341450568,22160.145666858225
conservative,2040,total,males,5,22430.45412521799,21869.182598299627,23055.053503911196,22438.282979531195
conservative,2041,total,males,5,22686.0341715919,22102.459643929284,23333.086497655437,22691.506091930005
conservative,2042,total,males,5,22913.820664992036,22308.279585120203,23587.510997989346,22918.706235018934
conservative,2043,total,males,5,23115.667009570196,22486.662355305252,23821.567297357935,23122.837474895732
conservative,2044,total,males,5,23304.171587626282,22639.551995499955,24036.447879504358,23311.22711128994
conservative,2045,total,males,5,23481.114578722663,22795.41218091309,24248.78376283787,23489.20659032032
conservative,2012,total,females,5,8589.930040344647,8553.880479205562,8620.228555379692,8588.954458478418
conservative,2013,total,females,5,8938.601730530976,8903.282543705809,8972.829246068628,8938.75875109513
conservative,2014,total,females,5,9369.082697545402,9334.600243202614,9402.947597268403,9368.868162476976
conservative,2015,total,females,5,9684.269211782837,9649.320392947126,9719.774195156191,9684.082986065905
conservative,2016,total,females,5,10090.7294017272,10052.520869711741,10129.028171470158,10090.698635499737
conservative,2017,total,females,5,10414.626326447833,10378.617540799894,10448.854962183292,10414.778010827342
conservative,2018,total,females,5,10673.1002503665,10632.643798090478,10710.675283120921,10672.52487678153
conservative,2019,total,females,5,10884.258392119733,10845.486163372449,10923.730731237116,10884.839960709252
conservative,2020,total,females,5,11354.425079518249,11315.159436605374,11394.34747068524,11354.54914450855
conservative,2021,total,females,5,11634.346535790992,11592.752579205124,11674.212748057533,11634.6481481226
conservative,2022,total,females,5,11991.153012343419,11910.909237567777,12068.371023498863,11990.376029864125
conservative,2023,total,females,5,12435.528598898505,12307.573358805472,12577.628411735353,12434.624796829852
conservative,2024,total,females,5,12851.1693048464,12670.983980153234,13055.961091424728,12851.466595181664
conservative,2025,total,females,5,13120.471002106562,12888.025410494087,13386.249743649438,13124.89428448387
conservative,2026,total,females,5,13502.353098462796,13214.8040236617,13832.088129655242,13507.003682956405
conservative,2027,total,females,5,13887.593995078278,13589.170394907414,14217.704481339124,13891.45974200554
conservative,2028,total,females,5,14264.515133683199,13955.476249413485,14601.998248027858,14270.101575243481
conservative,2029,total,females,5,14634.869509113405,14326.63114243533,14980.95095266314,14642.362977258806
conservative,2030,total,females,5,14998.696049659786,14677.066419528124,15352.552451596743,15003.874400345167
conservative,2031,total,females,5,15342.011157104613,14999.559658897006,15710.602281811176,15349.448055979896
conservative,2032,total,females,5,15670.60619426877,15304.824244909601,16057.38848785535,15678.317249919246
conservative,2033,total,females,5,15984.21530633821,15592.272966108178,16389.089114126844,15991.179503107476
conservative,2034,total,females,5,16284.395015387749,15873.117156297936,16709.976937032778,16292.676718254323
conservative,2035,total,females,5,16578.662477319125,16139.952572875176,17034.462065022606,16585.862535296146
conservative,2036,total,females,5,16870.889044328243,16401.081285495253,17357.21529824384,16876.53726471648
conservative,2037,total,females,5,17158.87383702021,16672.12129952105,17681.245971143453,17167.105454823562
conservative,2038,total,females,5,17443.849357754523,16942.429991659705,17989.717898832452,17453.46811935117
conservative,2039,total,females,5,17719.762930221288,17192.810515626992,18295.246502613387,17730.52759011779
conservative,2040,total,females,5,17980.008531085274,17447.104039960675,18584.63382228264,17995.007129706628
conservative,2041,total,females,5,18226.806461594722,17670.4110156267,18864.389731389354,18241.938912014597
conservative,2042,total,females,5,18458.51634082814,17869.445298677565,19122.63469824774,18471.860891169024
conservative,2043,total,females,5,18676.189769587814,18057.676367766613,19374.888240359774,18687.454895134462
conservative,2044,total,females,5,18880.664268634486,18221.701923102846,19617.17890881359,18893.30191120943
conservative,2045,total,females,5,19080.551640471807,18396.419402512423,19843.96249530708,19092.663381960287
conservative,2012,total,persons,5,19706.658649043056,19654.681900809526,19755.392801707494,19705.915783193024
conservative,2013,total,persons,5,20530.830404779586,20474.739958103895,20582.320044927495,20529.722010388366
conservative,2014,total,persons,5,21447.393947061646,21393.100280172916,21500.043316934407,21447.078756398827
conservative,2015,total,persons,5,22133.71442880544,22078.163798064168,22187.83862047123,22133.979099616652
conservative,2016,total,persons,5,22916.363853201154,22855.46072133286,22972.25140617691,22914.5805717244
conservative,2017,total,persons,5,23694.495049680652,23637.976381958517,23747.3913156296,23693.876936085428
conservative,2018,total,persons,5,24408.260565075616,24350.873890841878,24465.19388394827,24408.456059990473
conservative,2019,total,persons,5,25058.737877100335,24999.189550911648,25119.17194095104,25058.100767736058
conservative,2020,total,persons,5,26151.264929211324,26089.93210511825,26206.533433672084,26150.93799015926
conservative,2021,total,persons,5,26778.167035938342,26713.30234132401,26840.53603959651,26777.897239770926
conservative,2022,total,persons,5,27485.95288762856,27359.861824384876,27614.74881731919,27484.16365243722
conservative,2023,total,persons,5,28372.898513595814,28166.606894938788,28591.698550798294,28372.731563359936
conservative,2024,total,persons,5,29196.93910258545,28909.429221063267,29500.110713799444,29202.074679616428
conservative,2025,total,persons,5,29802.574477459326,29437.745578746715,30198.373337150915,29807.949466974085
conservative,2026,total,persons,5,30720.339729315292,30276.61069268076,31195.408146941765,30724.892713610585
conservative,2027,total,persons,5,31581.78200391658,31133.26116893401,32066.76028412791,31585.17537864556
conservative,2028,total,persons,5,32431.20752034703,31975.01843167381,32919.8509203377,32430.477284960434
conservative,2029,total,persons,5,33253.73691809666,32777.810629320185,33763.79496461207,33258.62953570182
conservative,2030,total,persons,5,34052.07193829362,33565.13425041599,34579.266869065716,34059.37472879617
conservative,2031,total,persons,5,34814.432289100965,34307.31674090239,35365.21116238118,34820.78348443109
conservative,2032,total,persons,5,35533.31240992587,35003.0839312217,36113.395182903536,35541.645346481586
conservative,2033,total,persons,5,36211.50189434783,35662.201122488215,36821.94553672848,36220.53977218401
conservative,2034,total,persons,5,36859.177887305064,36274.78135081769,37504.66891653544,36868.06383183125
conservative,2035,total,persons,5,37487.65476176671,36867.76849591573,38159.50779790985,37491.810890213295
conservative,2036,total,persons,5,38101.26445059515,37450.14387216638,38807.86870612142,38106.378738641004
conservative,2037,total,persons,5,38705.02086010757,38037.04187769191,39448.542102741005,38717.241203780424
conservative,2038,total,persons,5,39305.327361906064,38610.37713454326,40087.951405590895,39316.16247675334
conservative,2039,total,persons,5,39880.92274385415,39141.33034388482,40715.533709870535,39890.67325697601
conservative,2040,total,persons,5,40423.1738420957,39638.44188175578,41296.57225217157,40433.29010923782
conservative,2041,total,persons,5,40917.648378859565,40094.304852003734,41842.04027286999,40933.4450039446
conservative,2042,total,persons,5,41371.80790703007,40494.768173132194,42344.7155552629,41390.56712618796
conservative,2043,total,persons,5,41791.17162358662,40881.14301336247,42819.9221584831,41810.29237003019
conservative,2044,total,persons,5,42186.563837594804,41236.96745466157,43253.051044755484,42204.529022499366
conservative,2045,total,persons,5,42562.54649713958,41571.491766788335,43680.36849385639,42581.869972280605
conservative,2012,dlbcl,persons,10,9277.854983272275,9094.332105871765,9467.23343553998,9278.72315469679
conservative,2013,dlbcl,persons,10,9616.595375587578,9444.163431658113,9801.199268294593,9620.003280084118
conservative,2014,dlbcl,persons,10,9988.17286550044,9817.056793582491,10163.910213930025,9990.598614346602
conservative,2015,dlbcl,persons,10,10260.657632852308,10089.648538661784,10427.726132259302,10261.499630119348
conservative,2016,dlbcl,persons,10,10586.3246150459,10426.434921739357,10739.23832092481,10587.461066701855
conservative,2017,dlbcl,persons,10,10920.64869054054,10778.675568287308,11053.625473641054,10921.985151318118
conservative,2018,dlbcl,persons,10,11253.54724104393,11130.650930683565,11375.432373067244,11254.081050113475
conservative,2019,dlbcl,persons,10,11611.131937234528,11504.90766683921,11727.061724787081,11613.846689318409
conservative,2020,dlbcl,persons,10,12016.47236904869,11896.189028511832,12130.044251993879,12016.222381167774
conservative,2021,dlbcl,persons,10,12371.005229920807,12216.475975499909,12523.937742820683,12370.856649196474
conservative,2022,dlbcl,persons,10,12712.364768974625,12559.657891224755,12867.069366483114,12712.577451097508
conservative,2023,dlbcl,persons,10,13075.842418463795,12905.96382603861,13248.889247691937,13075.783248296248
conservative,2024,dlbcl,persons,10,13389.034528167795,13186.992508257219,13601.923599140302,13390.749762173053
conservative,2025,dlbcl,persons,10,13740.546921471318,13491.687460262017,14004.311759426437,13743.40029047317
conservative,2026,dlbcl,persons,10,14089.890074686786,13779.373930900629,14430.574421850053,14096.793488349189
conservative,2027,dlbcl,persons,10,14460.014367784523,14093.827392773379,14844.192411131442,14465.612453259735
conservative,2028,dlbcl,persons,10,14808.909939321902,14386.814095741676,15264.927616794937,14816.142285869695
conservative,2029,dlbcl,persons,10,15128.984442705576,14636.996404398127,15646.916103801022,15137.872672355868
conservative,2030,dlbcl,persons,10,15387.248958036213,14820.695022734415,15975.151250814739,15396.173486967491
conservative,2031,dlbcl,persons,10,15661.683834780768,15020.096069137186,16327.417956880525,15669.878259238181
conservative,2032,dlbcl,persons,10,15920.911662430266,15238.858992947115,16613.774086841677,15927.828424163677
conservative,2033,dlbcl,persons,10,16168.263689179303,15450.505746422925,16910.151461042813,16170.303230698015
conservative,2034,dlbcl,persons,10,16391.81354465864,15637.19214685187,17196.58624186624,16399.645307981107
conservative,2035,dlbcl,persons,10,16613.275419241538,15803.15817976809,17471.803252725585,16616.571332683474
conservative,2036,dlbcl,persons,10,16817.398932282675,15960.305950577133,17727.977083917995,16822.72982955453
conservative,2037,dlbcl,persons,10,17012.855359409357,16109.81679942048,17968.19427491722,17017.512851963722
conservative,2038,dlbcl,persons,10,17199.080363750585,16244.806829940322,18197.922633452017,17200.250402711452
conservative,2039,dlbcl,persons,10,17369.841889725172,16364.745845257836,18417.967027013477,17370.4221654622
conservative,2040,dlbcl,persons,10,17526.690581316438,16467.53532806044,18637.066522070738,17528.02401455331
conservative,2041,dlbcl,persons,10,17674.952861754224,16549.07489347479,18844.90966850651,17673.39558989821
conservative,2042,dlbcl,persons,10,17815.8188927272,16631.911587124167,19049.48547330678,17807.871557706432
conservative,2043,dlbcl,persons,10,17945.947200115195,16689.511648159063,19257.874372236984,17931.62608539092
conservative,2044,dlbcl,persons,10,18056.82032995723,16749.86515403703,19431.107384912615,18046.54990532397
conservative,2045,dlbcl,persons,10,18160.93621855136,16795.119929174252,19612.440531851425,18154.19233287857
conservative,2012,follicular,persons,10,8114.269623730665,8006.194548148408,8223.551525343633,8113.848625832534
conservative,2013,follicular,persons,10,8329.616910911922,8223.190887511591,8433.361835879987,8329.869870157027
conservative,2014,follicular,persons,10,8594.646472193854,8494.528060711578,8695.005587065903,8596.034004675712
conservative,2015,follicular,persons,10,8806.86112238063,8712.546492972366,8906.672790524599,8808.825574447303
conservative,2016,follicular,persons,10,9076.964918351672,8986.538970453206,9173.245788429267,9078.414096586
conservative,2017,follicular,persons,10,9477.498573694824,9396.860094750687,9561.022299076561,9478.455271801262
conservative,2018,follicular,persons,10,9786.57955951204,9712.492495290273,9864.150340835824,9788.126121641202
conservative,2019,follicular,persons,10,10081.740102154154,10012.903562576905,10149.993680837651,10081.63321981444
conservative,2020,follicular,persons,10,10541.112011849411,10463.048374934673,10610.721067798124,10540.611828774863
conservative,2021,follicular,persons,10,10865.054060518894,10769.008769276112,10960.492385633548,10864.722904688999
conservative,2022,follicular,persons,10,11177.919660887423,11071.316527094279,11277.33637520093,11176.37735757353
conservative,2023,follicular,persons,10,11539.713601380678,11392.726849086004,11671.350830271049,11536.325658617048
conservative,2024,follicular,persons,10,11854.05695990646,11655.130465268225,12040.315357549907,11853.825506944731
conservative,2025,follicular,persons,10,12192.727327699904,11933.020634314722,12427.812412295287,12189.783786418086
conservative,2026,follicular,persons,10,12478.79177592247,12162.559977478417,12771.103407088623,12476.122571043546
conservative,2027,follicular,persons,10,12704.090681455393,12324.665005296953,13054.209188456021,12699.94152359554
conservative,2028,follicular,persons,10,13003.024640712107,12563.32510640011,13419.888653970702,12998.44931576541
conservative,2029,follicular,persons,10,13240.351316578475,12735.065917906457,13721.776775353352,13237.967624538196
conservative,2030,follicular,persons,10,13336.309127974302,12764.009447482373,13883.03977965955,13334.33303176755
conservative,2031,follicular,persons,10,13549.75537056036,12923.420279954802,14160.840278557725,13551.881277944694
conservative,2032,follicular,persons,10,13707.117547025184,13065.108412737298,14337.996454983426,13710.975252816123
conservative,2033,follicular,persons,10,13842.173848627248,13180.578171255622,14506.430203938438,13847.032204631696
conservative,2034,follicular,persons,10,13957.042964507684,13262.572012949713,14651.97682521413,13961.373825837863
conservative,2035,follicular,persons,10,14049.916191919185,13323.060970324745,14779.520406521799,14054.148076787875
conservative,2036,follicular,persons,10,14121.516962563383,13357.92963043067,14886.586514176874,14125.144159221663
conservative,2037,follicular,persons,10,14172.58087203927,13378.433033207717,14968.664691007603,14174.124704964592
conservative,2038,follicular,persons,10,14198.311117962021,13363.476816590337,15040.449000844475,14200.64453840471
conservative,2039,follicular,persons,10,14204.05317453917,13329.85551966728,15093.88796841716,14204.944617531333
conservative,2040,follicular,persons,10,14181.161972700053,13274.135524705,15110.423234556545,14187.757974056247
conservative,2041,follicular,persons,10,14149.941704394569,13201.621019893453,15092.539327801192,14150.113364169905
conservative,2042,follicular,persons,10,14093.405160427797,13112.783214753625,15077.687315808313,14094.383478225038
conservative,2043,follicular,persons,10,14013.038012309193,13007.94237347146,15058.665891400391,14021.091798187717
conservative,2044,follicular,persons,10,13932.220031707831,12891.511440210617,15019.7329340713,13932.450757391667
conservative,2045,follicular,persons,10,13822.816118810893,12764.259686139309,14937.63797811947,13831.005636417898
conservative,2012,mantle_cell,persons,10,1070.6720889724756,1022.9189645556372,1122.5780220012048,1071.6552833823291
conservative,2013,mantle_cell,persons,10,1150.6739306634893,1103.814105174449,1201.4751498413736,1151.095838880176
conservative,2014,mantle_cell,persons,10,1229.0727054097588,1181.7484376105,1280.4590943737849,1230.0326223534757
conservative,2015,mantle_cell,persons,10,1299.8936403806474,1251.5437977574188,1350.8944362443613,1300.31582330486
conservative,2016,mantle_cell,persons,10,1354.0559253851538,1308.42784300604,1404.8082751473908,1354.9677992308887
conservative,2017,mantle_cell,persons,10,1453.2819387048417,1411.4934547240928,1500.076800185892,1453.6654079279958
conservative,2018,mantle_cell,persons,10,1499.8348182764864,1462.5736258976383,1542.252721322142,1500.9442864439036
conservative,2019,mantle_cell,persons,10,1581.955464619311,1544.3458065718344,1620.4389295217202,1582.2663569032086
conservative,2020,mantle_cell,persons,10,1672.983395510199,1629.1841069702016,1715.0648609164327,1672.221925478824
conservative,2021,mantle_cell,persons,10,1688.0541778029988,1635.2164851266484,1740.939360680045,1687.606052265861
conservative,2022,mantle_cell,persons,10,1759.7948906741476,1699.8130248527998,1814.9958194595285,1758.5459446016346
conservative,2023,mantle_cell,persons,10,1840.9274216434878,1765.2959993585503,1906.182817548514,1838.4125713508179
conservative,2024,mantle_cell,persons,10,1918.3854786608877,1831.2551493416838,2001.8704751349992,1918.3214649994748
conservative,2025,mantle_cell,persons,10,2007.5482380076578,1895.1884793808488,2115.2501345527044,2008.8175661680057
conservative,2026,mantle_cell,persons,10,2105.7504010498706,1971.148174086984,2239.9231843119182,2107.108620546545
conservative,2027,mantle_cell,persons,10,2176.3828092341573,2019.2879213818003,2333.5870771910822,2178.473906300503
conservative,2028,mantle_cell,persons,10,2272.4928469349106,2086.720199558572,2462.2880761316064,2275.8263803281375
conservative,2029,mantle_cell,persons,10,2353.7752312489133,2140.8437921803384,2575.098822236472,2358.5351704968825
conservative,2030,mantle_cell,persons,10,2428.6504255895916,2186.108481249718,2681.1112619443916,2434.377499421346
conservative,2031,mantle_cell,persons,10,2536.509303761186,2268.2458224786997,2825.5400081028124,2541.8387745992836
conservative,2032,mantle_cell,persons,10,2632.257912961734,2344.8725397091775,2947.271145753595,2635.5380008729853
conservative,2033,mantle_cell,persons,10,2721.1827427190774,2410.034882253953,3069.0949051455964,2724.605491094378
conservative,2034,mantle_cell,persons,10,2803.7120258403756,2466.458441569431,3185.42363868379,2809.1730090456576
conservative,2035,mantle_cell,persons,10,2882.661630870421,2517.3962941273185,3300.04360500247,2889.176266729644
conservative,2036,mantle_cell,persons,10,2958.40563496403,2567.0621650892326,3411.0702596775204,2965.3541256654053
conservative,2037,mantle_cell,persons,10,3028.1802502081464,2623.7833535127656,3512.5404790029634,3037.61764963978
conservative,2038,mantle_cell,persons,10,3096.7065011346754,2663.5535220886773,3622.2249875806374,3105.666090080137
conservative,2039,mantle_cell,persons,10,3160.3240196529723,2692.345053818681,3732.6213433221683,3169.272303723865
conservative,2040,mantle_cell,persons,10,3219.7194286847757,2716.9846827931256,3831.371393121453,3228.2243575266884
conservative,2041,mantle_cell,persons,10,3276.599934019342,2734.266279692416,3924.2707323866744,3282.386677710547
conservative,2042,mantle_cell,persons,10,3328.262669988603,2747.8334824674243,4016.7079620963455,3331.844710744774
conservative,2043,mantle_cell,persons,10,3370.032915144856,2754.2439050994954,4103.828481555876,3376.473593921571
conservative,2044,mantle_cell,persons,10,3402.394678102991,2766.1106382038397,4186.906321249364,3416.608177867295
conservative,2045,mantle_cell,persons,10,3435.6733059925155,2773.518673490611,4282.934895293627,3452.5150829166932
conservative,2012,hodgkin,persons,10,4682.049859868409,4602.962891080173,4748.383494838149,4678.961873668709
conservative,2013,hodgkin,persons,10,4865.183489215638,4787.99355217865,4932.125001496398,4863.190047476598
conservative,2014,hodgkin,persons,10,5019.774181675263,4946.687404595945,5084.456382016389,5018.592029040065
conservative,2015,hodgkin,persons,10,5143.868231241138,5074.401191132453,5207.129220495967,5143.172853806436
conservative,2016,hodgkin,persons,10,5287.2863580121775,5221.649337191977,5350.667563911732,5286.622147846393
conservative,2017,hodgkin,persons,10,5428.246546289105,5368.293378638493,5483.215169416389,5427.533547789283
conservative,2018,hodgkin,persons,10,5551.615489085124,5497.182922159722,5600.925182129112,5550.933812189842
conservative,2019,hodgkin,persons,10,5687.1057210901035,5636.535706146029,5731.827741177418,5686.384702688895
conservative,2020,hodgkin,persons,10,5846.174040785961,5795.08746625935,5894.662516789795,5844.465944689578
conservative,2021,hodgkin,persons,10,5991.1979733544595,5927.549289887398,6055.100770678852,5989.851053775736
conservative,2022,hodgkin,persons,10,6112.405305074248,6042.7932455639875,6183.293144755532,6112.673023999653
conservative,2023,hodgkin,persons,10,6255.829143690031,6168.881030890397,6339.246315997286,6255.019536688376
conservative,2024,hodgkin,persons,10,6398.3897772707915,6285.017292066367,6506.029279257797,6398.507288169258
conservative,2025,hodgkin,persons,10,6551.265076078429,6411.573525700259,6691.244286466232,6551.421417727704
conservative,2026,hodgkin,persons,10,6709.514811463874,6534.676483713882,6886.39542083386,6709.3981119514665
conservative,2027,hodgkin,persons,10,6860.8204309462235,6651.409917223805,7062.361300063498,6860.752655065031
conservative,2028,hodgkin,persons,10,7057.033572593566,6815.99888376377,7286.241754052165,7054.58243276564
conservative,2029,hodgkin,persons,10,7219.176305450859,6947.176213645536,7479.399646726899,7216.391354731184
conservative,2030,hodgkin,persons,10,7356.24538474544,7055.804820499199,7649.5778825593925,7354.356846187976
conservative,2031,hodgkin,persons,10,7493.184679142072,7157.830998134038,7812.607894804682,7488.566333894222
conservative,2032,hodgkin,persons,10,7643.366275476274,7299.285447519868,7979.564078341051,7640.554776351473
conservative,2033,hodgkin,persons,10,7790.71279738891,7435.408102748475,8136.445317861527,7786.504001342511
conservative,2034,hodgkin,persons,10,7932.429228849139,7562.181460966108,8285.941070523822,7927.998253457979
conservative,2035,hodgkin,persons,10,8071.908475573616,7684.174708098706,8428.088300190295,8064.682599100845
conservative,2036,hodgkin,persons,10,8204.12634754276,7795.675117635673,8572.638498708542,8197.339022368638
conservative,2037,hodgkin,persons,10,8331.506690551196,7911.42576607658,8726.912470556095,8326.704634704436
conservative,2038,hodgkin,persons,10,8455.97955613381,8020.479027837863,8866.861561109079,8453.016071523756
conservative,2039,hodgkin,persons,10,8579.14792239403,8135.119209372736,8998.993638649541,8576.332422686428
conservative,2040,hodgkin,persons,10,8700.066194197858,8245.117132877953,9128.770257426202,8696.818780813946
conservative,2041,hodgkin,persons,10,8820.03204145019,8352.838473078871,9254.120546192522,8814.598960520596
conservative,2042,hodgkin,persons,10,8932.608230204836,8452.698243893818,9380.000685341867,8929.807355214158
conservative,2043,hodgkin,persons,10,9046.571366128992,8554.612495299534,9508.08643520833,9042.464528956081
conservative,2044,hodgkin,persons,10,9158.513229078313,8649.887320970809,9639.894209802198,9152.333469831194
conservative,2045,hodgkin,persons,10,9262.369216448122,8740.872299067907,9774.232964536604,9259.112879388233
conservative,2012,nhl,persons,10,27419.376533074577,27156.552229434805,27707.24961301685,27419.6095735558
conservative,2013,nhl,persons,10,28487.978512609676,28237.964784647986,28763.59110972212,28489.43421054617
conservative,2014,nhl,persons,10,29746.52828391275,29507.392439604097,30013.089417309533,29748.85108811707
conservative,2015,nhl,persons,10,30820.17942849622,30585.58514391352,31077.625520213067,30820.8050293987
conservative,2016,nhl,persons,10,32079.368501390014,31851.06762738063,32327.684438819077,32078.191973160505
conservative,2017,nhl,persons,10,33488.862256140026,33283.7520724887,33712.91479324432,33488.76549840873
conservative,2018,nhl,persons,10,34768.74056183933,34584.439905857675,34960.45800554278,34769.77530198339
conservative,2019,nhl,persons,10,36063.47772021702,35884.70461166281,36250.55823560329,36063.98526798747
conservative,2020,nhl,persons,10,37605.47691657688,37398.91922335623,37804.98900443175,37604.09702253669
conservative,2021,nhl,persons,10,38749.526589409674,38497.21934900783,39019.054083101655,38752.571255092844
conservative,2022,nhl,persons,10,39977.216050557385,39712.76244786276,40243.68001738481,39976.14919479801
conservative,2023,nhl,persons,10,41321.68967857427,41020.07903787464,41628.31811838307,41318.119092266075
conservative,2024,nhl,persons,10,42562.14492870742,42224.375827531345,42896.40845119223,42561.23878660748
conservative,2025,nhl,persons,10,43919.447675225616,43516.355009910236,44308.903755857864,43920.31708026824
conservative,2026,nhl,persons,10,45239.212934714655,44752.73154630228,45709.89467010194,45241.256179486554
conservative,2027,nhl,persons,10,46528.989953575634,45966.74070800185,47063.52988145398,46528.960857489816
conservative,2028,nhl,persons,10,47893.77898935648,47268.1189653464,48514.866551650855,47894.465463686734
conservative,2029,nhl,persons,10,49186.37185893356,48478.56951694993,49872.34698546809,49183.99574444697
conservative,2030,nhl,persons,10,50252.30375215647,49472.94582492272,51011.94285525877,50250.12044355022
conservative,2031,nhl,persons,10,51520.949440267585,50676.45760489543,52377.894696141004,51521.25242068713
conservative,2032,nhl,persons,10,52683.823439855936,51825.09984012886,53576.33516851679,52684.51404330661
conservative,2033,nhl,persons,10,53791.1292678617,52910.20502172372,54751.593861718626,53796.76550081675
conservative,2034,nhl,persons,10,54845.01603631464,53939.70063208053,55877.142199395814,54863.85432427825
conservative,2035,nhl,persons,10,55868.66933915854,54912.28186990562,56964.942544086654,55885.95801773113
conservative,2036,nhl,persons,10,56850.38396356431,55829.26566369662,57991.909215383566,56867.32650457524
conservative,2037,nhl,persons,10,57781.66098744271,56700.98466742249,58993.814174130785,57805.67982460946
conservative,2038,nhl,persons,10,58679.30441859156,57516.602441100855,59922.81593982655,58697.61364900517
conservative,2039,nhl,persons,10,59520.66190650378,58309.96044060562,60853.54316677415,59541.869730401886
conservative,2040,nhl,persons,10,60316.863579481666,59035.02057074279,61709.52374340711,60337.763197017404
conservative,2041,nhl,persons,10,61062.71337450683,59717.54606964124,62516.117937961375,61086.22794870182
conservative,2042,nhl,persons,10,61759.2135494877,60377.847937714025,63280.518466376576,61794.37553914768
conservative,2043,nhl,persons,10,62428.69625674204,60985.62346763945,64026.685168512005,62461.779702430416
conservative,2044,nhl,persons,10,63054.88255496316,61544.67101727173,64737.664417356806,63093.431915785855
conservative,2045,nhl,persons,10,63649.40476486428,62057.96067126655,65436.31699823589,63693.983150779204
conservative,2012,total,males,10,17844.40458453148,17616.4862542007,18059.490067543065,17845.97175862903
conservative,2013,total,males,10,18537.083434036806,18325.562993556796,18742.499137486728,18535.7249547657
conservative,2014,total,males,10,19288.687372378394,19093.491970837807,19482.139258417712,19290.348437274777
conservative,2015,total,males,10,19991.345824592358,19798.836251108634,20182.454845456115,19992.13561303023
conservative,2016,total,males,10,20743.15284781967,20559.92847741274,20930.228947009517,20745.148850730715
conservative,2017,total,males,10,21689.096366622223,21521.844160888115,21862.034256552815,21689.640539709526
conservative,2018,total,males,10,22520.84105752757,22367.85779695575,22681.898808835434,22521.073492241965
conservative,2019,total,males,10,23370.782118014155,23225.24769073012,23516.56101677087,23369.41592079121
conservative,2020,total,males,10,24299.469372265055,24124.913444316724,24468.176154965582,24296.93970136323
conservative,2021,total,males,10,24941.519614451132,24717.25160118677,25151.618080213782,24939.538593800975
conservative,2022,total,males,10,25650.504085357567,25435.2820861894,25853.89258876055,25648.886610314046
conservative,2023,total,males,10,26478.72947111699,26230.722408136426,26690.14051475632,26473.454067348583
conservative,2024,total,males,10,27268.638595135228,26989.67316788754,27510.70692876106,27265.64154861923
conservative,2025,total,males,10,28119.623987399485,27785.716669602214,28420.15050395737,28116.06973930594
conservative,2026,total,males,10,28980.837333604133,28587.20636722021,29348.287645393757,28972.0494196822
conservative,2027,total,males,10,29729.002734853686,29273.876058472553,30169.6322388357,29724.04155481089
conservative,2028,total,males,10,30532.66295669043,30019.449704490737,31038.350120765383,30524.954148937933
conservative,2029,total,males,10,31264.701468395484,30708.117452955445,31834.4841463975,31262.392736177386
conservative,2030,total,males,10,31902.15491172947,31293.899356331272,32538.830912981033,31902.676349550457
conservative,2031,total,males,10,32675.896249659738,32007.62438785284,33383.2872512571,32676.257252487434
conservative,2032,total,males,10,33372.64554025037,32695.76945115562,34108.33089343567,33375.92198335367
conservative,2033,total,males,10,34034.3273594357,33336.15933016551,34796.2102121883,34041.05957332813
conservative,2034,total,males,10,34662.62232810477,33962.39401585411,35472.80210031918,34675.29538860569
conservative,2035,total,males,10,35270.14691229439,34545.377367187786,36086.058178411964,35278.91240221639
conservative,2036,total,males,10,35840.006442306694,35073.45188184261,36688.936054821985,35855.17285593088
conservative,2037,total,males,10,36387.23859996043,35568.64465653245,37299.793345045386,36403.09177982483
conservative,2038,total,males,10,36908.051479107075,36041.76130815042,37856.13531081482,36920.8239276115
conservative,2039,total,males,10,37392.742250685245,36497.810653467975,38396.91544721162,37407.454578835124
conservative,2040,total,males,10,37843.992153829786,36926.44758428819,38914.00889291186,37863.014132626085
conservative,2041,total,males,10,38270.28290861578,37316.000972697206,39380.52040200798,38288.79967797973
conservative,2042,total,males,10,38667.90675107688,37661.9648586192,39824.73679815009,38688.00765108864
conservative,2043,total,males,10,39040.512956558036,37988.38148693672,40258.12526591131,39060.66391401567
conservative,2044,total,males,10,39388.00238497175,38297.193902751205,40689.093375558085,39410.11443412846
conservative,2045,total,males,10,39721.84975431931,38571.412321388576,41072.164825188935,39739.35512498321
conservative,2012,total,females,10,14252.219470766731,14058.768836719006,14445.0609718714,14252.599688595481
conservative,2013,total,females,10,14816.329666851136,14629.406941175648,15007.666842695204,14816.899303257065
conservative,2014,total,females,10,15476.634466601967,15297.973207799469,15659.707949966776,15477.094679882357
conservative,2015,total,females,10,15971.263464744008,15802.624321806548,16143.726811571361,15971.842270174906
conservative,2016,total,females,10,16619.243790137283,16459.046445210057,16779.800398166088,16619.665270276182
conservative,2017,total,females,10,17225.778054389244,17082.147848133394,17369.47125929849,17226.658506488486
conservative,2018,total,females,10,17800.90756221902,17675.9576696495,17924.886592147323,17799.635621931266
conservative,2019,total,females,10,18378.3096321188,18264.597634117974,18498.507886875923,18380.954049885157
conservative,2020,total,females,10,19152.462959274235,19022.107475260913,19279.18094111726,19151.623265863036
conservative,2021,total,females,10,19803.008214124402,19631.407520091776,19968.56714724852,19802.883715067604
conservative,2022,total,females,10,20443.596658670795,20266.12757954617,20603.50613974973,20439.935608483614
conservative,2023,total,females,10,21098.494418712486,20915.53023169905,21296.25940104561,21099.68456160587
conservative,2024,total,females,10,21690.3015305478,21478.11805519017,21930.53252416995,21694.104526157502
conservative,2025,total,females,10,22354.51527759814,22101.04492304762,22649.062636279847,22355.668758690004
conservative,2026,total,females,10,22974.980205905696,22657.650262695184,23328.878546326017,22978.60487175582
conservative,2027,total,females,10,23657.807321822303,23286.830132051502,24082.899041378285,23665.67195774395
conservative,2028,total,females,10,24411.280520129665,23987.13058259049,24907.21003789136,24424.093747514446
conservative,2029,total,females,10,25120.967159253814,24645.78471563997,25699.740812354677,25137.99436300077
conservative,2030,total,females,10,25685.444545921557,25153.17265328252,26314.501567130166,25701.80094018774
conservative,2031,total,females,10,26314.3122747155,25731.62942339326,26993.364882163594,26333.561502093922
conservative,2032,total,females,10,26935.10490656139,26313.935673305114,27628.40217037652,26949.146836304415
conservative,2033,total,females,10,27529.702606411614,26876.20633079153,28255.80006464129,27542.20992883113
conservative,2034,total,females,10,28108.500337982718,27419.53641445528,28872.61018640188,28116.557189130537
conservative,2035,total,females,10,28664.899955706547,27925.458369748347,29484.853416272745,28671.72821461558
conservative,2036,total,females,10,29197.69033516213,28417.33849823748,30062.274381085866,29209.492671013002
conservative,2037,total,females,10,29715.195092271577,28907.05853537556,30625.647469758558,29729.292679489074
conservative,2038,total,females,10,30221.273530749746,29365.093233393945,31167.048314396136,30229.80579291743
conservative,2039,total,females,10,30701.21762716169,29807.00340311467,31672.99886763582,30710.74757425319
conservative,2040,total,females,10,31160.46886858368,30220.34196150286,32183.823708701988,31171.567845205267
conservative,2041,total,females,10,31598.931189601346,30599.40055531755,32682.911007404244,31612.02723124268
conservative,2042,total,females,10,32018.59109740956,30958.085028133843,33144.959189383466,32036.1752432732
conservative,2043,total,females,10,32427.968484607052,31302.406341653113,33601.49000413988,32443.58031737083
conservative,2044,total,females,10,32815.965399859575,31633.341538988167,34053.23751636577,32835.65095148859
conservative,2045,total,females,10,33186.104852186516,31960.540399763984,34490.45981638616,33213.740905184226
conservative,2012,total,persons,10,32098.143002266443,31818.476171184477,32398.76727130769,32098.571447224513
conservative,2013,total,persons,10,33349.15752485591,33079.49087758203,33644.24974749046,33352.62425802276
conservative,2014,total,persons,10,34763.49351974878,34507.318285198315,35043.47400870003,34767.443117157134
conservative,2015,total,persons,10,35962.71157307764,35719.097086797265,36233.08676205395,35963.97788320514
conservative,2016,total,persons,10,37363.968184436046,37133.87007666741,37622.876304726575,37364.81412100689
conservative,2017,total,persons,10,38910.63372950739,38712.94781392439,39146.62239987358,38916.299046198015
conservative,2018,total,persons,10,40318.71322871836,40132.40085674805,40523.746835097474,40320.70911417323
conservative,2019,total,persons,10,41751.01318696967,41557.07269391626,41947.723523949055,41750.369970676365
conservative,2020,total,persons,10,43448.29667841087,43228.05228752578,43672.05226068542,43448.562967226266
conservative,2021,total,persons,10,44744.006529691316,44474.362022246656,45027.98883065495,44742.42230886858
conservative,2022,total,persons,10,46092.710296476216,45813.73963109633,46361.547571998046,46088.822218797664
conservative,2023,total,persons,10,47581.0647967227,47264.7332044293,47888.42446000391,47573.13862895445
conservative,2024,total,persons,10,48968.09164637224,48582.81502534112,49309.13746332408,48959.74607477673
conservative,2025,total,persons,10,50477.087253939695,50041.99824762502,50885.197735017486,50471.738497995946
conservative,2026,total,persons,10,51951.17315185374,51436.023690704424,52458.907120426564,51950.65429143802
conservative,2027,total,persons,10,53392.50504101307,52781.885330626385,53993.126942729796,53389.713512554845
conservative,2028,total,persons,10,54954.2666014149,54254.24693280496,55639.67604447433,54949.04789645238
conservative,2029,total,persons,10,56395.306185895606,55637.2563688418,57179.734113554485,56400.38709917815
conservative,2030,total,persons,10,57597.311853183,56752.39411825876,58478.21554383257,57604.4772897382
conservative,2031,total,persons,10,58995.96723496677,58072.55993824062,59974.96161855078,59009.818754581356
conservative,2032,total,persons,10,60313.083491416146,59355.815279428236,61344.69775800055,60325.06881965809
conservative,2033,total,persons,10,61561.497055046006,60577.980065833945,62643.21117688888,61583.26950215926
conservative,2034,total,persons,10,62775.32441290727,61733.937285079104,63888.62473644287,62791.85257773623
conservative,2035,total,persons,10,63936.12831544283,62835.75856779741,65100.03131337106,63950.64061683197
conservative,2036,total,persons,10,65055.20574592902,63895.708674942725,66261.0185354347,65064.665526943885
conservative,2037,total,persons,10,66131.20133643631,64910.96040453143,67399.53294778401,66132.3844593139
conservative,2038,total,persons,10,67143.64750026049,65870.23087352153,68461.5213329658,67150.62972052893
conservative,2039,total,persons,10,68107.62025916432,66783.45190602166,69495.63685745111,68118.20215308832
conservative,2040,total,persons,10,69010.18464124929,67652.69968797707,70479.49387988214,69034.58197783135
conservative,2041,total,persons,10,69866.14040944875,68450.64218724388,71408.43580860435,69900.82690922242
conservative,2042,total,persons,10,70689.59608954965,69219.66787117219,72298.62161504955,70724.18289436185
conservative,2043,total,persons,10,71469.16534343774,69947.08499951762,73158.49237544039,71504.2442313865
conservative,2044,total,persons,10,72199.93886537687,70625.11541380854,73985.55951314764,72245.76538561705
conservative,2045,total,persons,10,72907.98957625701,71230.0267764122,74777.2572928163,72953.09603016743
conservative,2012,dlbcl,persons,40,15306.1692093106,13322.937221169484,17499.20781736447,15298.210988628205
conservative,2013,dlbcl,persons,40,16018.401230486026,13949.927572731547,18316.719523959444,16012.373589384304
conservative,2014,dlbcl,persons,40,16761.6064983263,14634.296422239682,19172.35840741056,16767.64309735353
conservative,2015,dlbcl,persons,40,17488.656918799774,15260.486707689362,19986.611908506868,17484.743003392727
conservative,2016,dlbcl,persons,40,18239.60798720444,15907.454080980788,20829.4460823346,18233.69605055996
conservative,2017,dlbcl,persons,40,18982.04780983112,16566.71686391125,21648.10703351667,18970.76316852585
conservative,2018,dlbcl,persons,40,19741.95842016152,17284.25173004259,22497.957093795074,19737.66379492945
conservative,2019,dlbcl,persons,40,20559.65372888468,18004.106158065795,23371.770933465094,20553.2635551925
conservative,2020,dlbcl,persons,40,21427.72341177203,18834.520792157415,24319.417746149968,21432.04273774335
conservative,2021,dlbcl,persons,40,22265.224670569085,19660.34634833172,25203.277844334658,22284.51694202134
conservative,2022,dlbcl,persons,40,23044.128695084786,20436.68647469773,25994.1495045407,23052.38992056983
conservative,2023,dlbcl,persons,40,23801.331040909005,21200.555037205613,26775.776962590495,23826.52203763165
conservative,2024,dlbcl,persons,40,24549.73418027561,22009.850675618538,27515.40923953415,24592.524695690117
conservative,2025,dlbcl,persons,40,25300.62829208005,22828.89938849638,28164.40729866786,25353.006515113248
conservative,2026,dlbcl,persons,40,26063.577769052798,23622.950712342525,28794.53128874972,26114.94639212074
conservative,2027,dlbcl,persons,40,26814.63114475577,24441.905020538477,29521.27940664342,26860.140323105206
conservative,2028,dlbcl,persons,40,27568.620842830125,25276.07198230065,30207.909456286125,27601.975865819142
conservative,2029,dlbcl,persons,40,28300.618359297892,26071.040068581842,30832.415702684295,28337.086206848544
conservative,2030,dlbcl,persons,40,29017.847659066807,26912.475156909593,31447.875810788857,29048.7096269121
conservative,2031,dlbcl,persons,40,29707.51251979491,27745.918832400406,32017.77971641935,29739.872743533262
conservative,2032,dlbcl,persons,40,30373.708854484612,28500.400072617787,32541.503260167257,30408.084676156202
conservative,2033,dlbcl,persons,40,31029.411977033677,29125.706034268933,33139.50032543007,31059.79272310274
conservative,2034,dlbcl,persons,40,31675.16679301816,29885.886536618236,33767.567997000064,31696.94937547269
conservative,2035,dlbcl,persons,40,32305.853008110287,30503.214921489685,34289.220473721165,32310.71304573483
conservative,2036,dlbcl,persons,40,32898.086799386365,31100.81457345849,34927.91038290587,32909.06734035969
conservative,2037,dlbcl,persons,40,33489.899492374825,31675.32311135865,35581.66994042294,33500.17884597475
conservative,2038,dlbcl,persons,40,34048.6255256044,32188.356139375905,36160.77339138029,34079.5846609719
conservative,2039,dlbcl,persons,40,34615.42372041184,32684.369145553945,36797.228488873036,34642.62703632067
conservative,2040,dlbcl,persons,40,35143.54119101513,33079.14895464016,37396.29120343688,35172.92784520333
conservative,2041,dlbcl,persons,40,35637.2197488562,33446.75655942518,38046.77658485051,35682.98864517511
conservative,2042,dlbcl,persons,40,36097.28693144609,33787.474488951615,38650.119978305614,36164.73682367932
conservative,2043,dlbcl,persons,40,36588.6724506185,34107.93316154769,39321.51847893112,36634.44252683943
conservative,2044,dlbcl,persons,40,37002.48334250024,34381.60304920197,39991.04485190865,37081.002146022554
conservative,2045,dlbcl,persons,40,37412.59029045596,34600.50011644484,40578.28573211273,37493.32953022973
conservative,2012,follicular,persons,40,13911.52065757697,12713.525193917163,15321.909100910998,13934.183157593021
conservative,2013,follicular,persons,40,14495.342984463317,13242.131036403625,15982.97083777847,14521.50126291833
conservative,2014,follicular,persons,40,15148.296584440877,13838.320778209893,16708.31296342569,15182.197449390569
conservative,2015,follicular,persons,40,15781.578843543168,14406.124005624964,17417.17057043689,15813.891281715958
conservative,2016,follicular,persons,40,16485.46860280563,15054.112933192213,18186.044790601005,16516.508283740677
conservative,2017,follicular,persons,40,17318.088984621416,15829.586693902524,19064.058840995967,17343.226976312388
conservative,2018,follicular,persons,40,18061.80140120147,16537.296821186603,19876.439687991427,18092.922117233982
conservative,2019,follicular,persons,40,18831.326020254015,17288.540157905205,20727.05662541686,18877.902919982735
conservative,2020,follicular,persons,40,19786.67059093265,18230.284284832247,21752.930632231146,19839.63708671757
conservative,2021,follicular,persons,40,20578.756992438895,18964.15847355871,22591.776773856724,20622.43237068471
conservative,2022,follicular,persons,40,21366.65856666345,19746.85258785172,23363.388717034173,21395.631952536667
conservative,2023,follicular,persons,40,22149.36494557045,20562.733127048436,24106.258876166856,22183.27818575187
conservative,2024,follicular,persons,40,22948.980664529536,21361.373870525455,24873.648596608404,22973.320570635235
conservative,2025,follicular,persons,40,23739.77400658557,22168.908193605348,25631.02266243141,23768.700652275922
conservative,2026,follicular,persons,40,24534.959850714687,23022.559214557783,26384.830312686834,24567.747331130602
conservative,2027,follicular,persons,40,25315.56853110908,23819.23831586247,27114.9921307212,25361.080187527554
conservative,2028,follicular,persons,40,26136.894443317207,24609.92114560877,27894.345193338497,26157.084347096108
conservative,2029,follicular,persons,40,26917.61172438505,25429.419042092362,28687.016289228275,26938.14089249546
conservative,2030,follicular,persons,40,27675.833940116077,26158.191205764757,29410.75555286701,27697.817931578178
conservative,2031,follicular,persons,40,28428.635490864115,26934.315668506082,30090.798517562856,28443.655831256638
conservative,2032,follicular,persons,40,29170.987903406785,27684.524704074043,30808.72828623353,29158.62016434304
conservative,2033,follicular,persons,40,29869.431452491008,28392.57077164984,31502.70454306674,29851.85282028407
conservative,2034,follicular,persons,40,30530.94485989095,29044.055262029113,32156.646816099452,30521.691013575735
conservative,2035,follicular,persons,40,31169.26595183555,29655.633425915057,32804.239611026576,31168.356078790523
conservative,2036,follicular,persons,40,31814.33460924386,30259.070257562442,33389.448994075676,31784.831681617525
conservative,2037,follicular,persons,40,32395.799318608697,30772.88017275064,33989.41584458761,32380.66587298988
conservative,2038,follicular,persons,40,32950.796034323794,31224.11960704433,34574.94507108191,32950.47856725679
conservative,2039,follicular,persons,40,33498.30760570378,31687.318846573246,35198.69573748039,33483.65239986043
conservative,2040,follicular,persons,40,33952.55034834652,32089.23163937772,35758.3956072665,33966.87125362546
conservative,2041,follicular,persons,40,34399.41824851355,32426.21419625346,36292.53103194378,34405.41392659439
conservative,2042,follicular,persons,40,34790.94958560758,32683.484988125943,36784.64722166925,34796.27416319073
conservative,2043,follicular,persons,40,35172.91165289417,32958.712908697016,37260.31621715645,35158.43715331733
conservative,2044,follicular,persons,40,35504.63275245279,33147.898629129486,37723.96157954315,35475.08185529544
conservative,2045,follicular,persons,40,35782.26674409119,33310.34164086817,38141.944243390324,35745.40841402359
conservative,2012,mantle_cell,persons,40,1352.4713355977601,1124.5254828180687,1704.7095319327016,1370.0526191055742
conservative,2013,mantle_cell,persons,40,1451.463765684594,1211.7514878707552,1819.2937672501812,1468.7808705321181
conservative,2014,mantle_cell,persons,40,1552.7898132966839,1305.728352039573,1937.397704123418,1573.3489117775698
conservative,2015,mantle_cell,persons,40,1647.3023700673152,1390.7943474577687,2044.7385829412758,1666.8990974433286
conservative,2016,mantle_cell,persons,40,1732.477929543414,1464.9840025653423,2137.4387754904856,1750.0097382813885
conservative,2017,mantle_cell,persons,40,1864.0008446166985,1589.5588595956172,2276.7109209341943,1882.431379161326
conservative,2018,mantle_cell,persons,40,1949.8242605666012,1669.4087680389077,2370.185387229766,1968.8117648919174
conservative,2019,mantle_cell,persons,40,2064.260039661329,1779.2058787005444,2492.958995689337,2083.3128255828206
conservative,2020,mantle_cell,persons,40,2192.7220421442203,1912.1461382317264,2634.1922606457815,2214.760871062472
conservative,2021,mantle_cell,persons,40,2251.5745817277266,1962.1294400734168,2701.9769567403564,2275.1614024372197
conservative,2022,mantle_cell,persons,40,2349.980591096386,2063.0442930645067,2805.3959785621983,2373.0875370420954
conservative,2023,mantle_cell,persons,40,2463.85182090116,2180.9468627070983,2909.3385184546237,2484.462762173638
conservative,2024,mantle_cell,persons,40,2586.1997864099512,2306.1821712626256,3027.7010730656148,2606.192784164839
conservative,2025,mantle_cell,persons,40,2720.5473950759633,2435.3280651121877,3150.437009390223,2736.657640456607
conservative,2026,mantle_cell,persons,40,2864.496973902208,2569.6601123390737,3290.1475378953905,2875.5968913228107
conservative,2027,mantle_cell,persons,40,3008.374686948703,2704.8684593689422,3437.4204900370196,3021.9072593058927
conservative,2028,mantle_cell,persons,40,3163.0703629141763,2842.2522230508835,3588.691569582962,3175.6756625413577
conservative,2029,mantle_cell,persons,40,3329.173827324114,2984.255035771146,3735.24465886617,3334.6319227284866
conservative,2030,mantle_cell,persons,40,3491.8936406337352,3123.594327468567,3906.579364056989,3496.4275826497683
conservative,2031,mantle_cell,persons,40,3662.3178210713145,3259.5914793257803,4099.974765122447,3660.1187304579357
conservative,2032,mantle_cell,persons,40,3827.3081056100655,3404.940752582315,4288.816781205135,3822.186420505589
conservative,2033,mantle_cell,persons,40,3988.435351399001,3520.775637698447,4473.238117530145,3983.0195784603543
conservative,2034,mantle_cell,persons,40,4146.98637312495,3643.7057336503012,4664.902989641483,4141.449499629927
conservative,2035,mantle_cell,persons,40,4307.230997813087,3760.8439218887934,4873.309284529127,4297.23761552522
conservative,2036,mantle_cell,persons,40,4460.734955053366,3883.8519944315412,5068.103670321561,4451.750421096069
conservative,2037,mantle_cell,persons,40,4614.140938643887,3982.0340837204426,5268.608323843026,4604.5876614003955
conservative,2038,mantle_cell,persons,40,4758.298287438334,4075.2908123935163,5477.022998319427,4755.309718899605
conservative,2039,mantle_cell,persons,40,4905.92852413338,4169.510864466657,5704.073057127615,4902.244120837434
conservative,2040,mantle_cell,persons,40,5038.986225946683,4246.139743730606,5908.833845375023,5044.757391782286
conservative,2041,mantle_cell,persons,40,5169.996228291333,4313.155908038594,6112.490668518411,5182.424516628228
conservative,2042,mantle_cell,persons,40,5298.664079006446,4374.701352691412,6318.4453203954245,5314.414742893869
conservative,2043,mantle_cell,persons,40,5415.5403150566,4430.6560553528025,6518.089103346977,5442.308784792806
conservative,2044,mantle_cell,persons,40,5535.591868337051,4476.2618210396595,6723.937504907,5563.619057224475
conservative,2045,mantle_cell,persons,40,5646.887911405736,4516.328488524974,6952.413289652657,5679.175103713654
conservative,2012,hodgkin,persons,40,9250.075210037634,8224.708632838518,10135.111530039256,9235.258517085304
conservative,2013,hodgkin,persons,40,9691.213886031343,8620.202799538705,10612.973300483665,9674.116664035817
conservative,2014,hodgkin,persons,40,10129.036175914192,9015.215508214604,11099.713766138491,10115.197053734375
conservative,2015,hodgkin,persons,40,10581.69458546011,9427.39568617697,11592.634952927887,10570.433284178549
conservative,2016,hodgkin,persons,40,11041.133005511208,9840.540330268503,12103.422871458877,11031.320368440229
conservative,2017,hodgkin,persons,40,11519.862962974757,10265.87314627681,12628.630584121796,11510.427414155742
conservative,2018,hodgkin,persons,40,11957.196705308881,10674.621912921497,13116.507679751385,11949.883141546414
conservative,2019,hodgkin,persons,40,12446.351896459739,11125.720111146322,13655.491979186552,12436.406811778856
conservative,2020,hodgkin,persons,40,12973.477120781445,11614.967305116841,14222.590359320242,12960.389029564923
conservative,2021,hodgkin,persons,40,13500.924299135648,12131.759466191412,14789.348561672083,13495.356302835318
conservative,2022,hodgkin,persons,40,13890.866308744333,12543.511949391555,15144.41010771694,13882.843779250852
conservative,2023,hodgkin,persons,40,14286.567538470621,12989.47519078985,15520.18069742218,14285.898829606456
conservative,2024,hodgkin,persons,40,14712.330489660824,13443.932381941453,15911.120034990465,14712.37552412529
conservative,2025,hodgkin,persons,40,15154.483083745687,13911.201972667246,16334.574510158036,15160.737549140084
conservative,2026,hodgkin,persons,40,15597.073575459388,14381.716223227835,16756.93259167828,15608.687825678659
conservative,2027,hodgkin,persons,40,16059.649611955858,14862.061756174688,17166.541094425906,16065.276079016994
conservative,2028,hodgkin,persons,40,16515.048687819122,15330.028459116495,17606.414066484795,16522.610400244397
conservative,2029,hodgkin,persons,40,16985.4173555459,15838.715230469104,18054.585380972665,16989.464459398936
conservative,2030,hodgkin,persons,40,17447.591189960054,16367.291156222118,18479.409066722845,17447.138396123653
conservative,2031,hodgkin,persons,40,17958.07098371214,16886.270593799323,18962.931671133407,17941.804567072537
conservative,2032,hodgkin,persons,40,18438.510682608714,17370.41618087769,19402.560378251244,18417.65723878305
conservative,2033,hodgkin,persons,40,18918.561999749156,17873.529330528017,19869.122541108936,18907.81285279702
conservative,2034,hodgkin,persons,40,19410.759852864103,18365.719721106634,20336.543288703426,19404.434005399427
conservative,2035,hodgkin,persons,40,19915.599579369016,18870.9673376266,20845.468563539107,19903.529535387
conservative,2036,hodgkin,persons,40,20392.901442624745,19367.791959730494,21332.057152649282,20389.95689333402
conservative,2037,hodgkin,persons,40,20864.1943536971,19859.183923900386,21809.662850734705,20869.251255260937
conservative,2038,hodgkin,persons,40,21355.961453409356,20342.221558196918,22347.940201653044,21359.764192266382
conservative,2039,hodgkin,persons,40,21830.678033891767,20798.45259874725,22841.35066907989,21837.3773664804
conservative,2040,hodgkin,persons,40,22306.594400356767,21268.805299115742,23350.252457229075,22318.94585149789
conservative,2041,hodgkin,persons,40,22786.486677105328,21727.457849147253,23879.903780929064,22806.374991056575
conservative,2042,hodgkin,persons,40,23275.419737715987,22132.93551615099,24419.671020702866,23277.76596631168
conservative,2043,hodgkin,persons,40,23767.97928177754,22585.99421832535,24986.147653807737,23764.563005408985
conservative,2044,hodgkin,persons,40,24229.750169751373,22997.494436451096,25522.59227811423,24229.58809036137
conservative,2045,hodgkin,persons,40,24647.050648225097,23318.465372389775,26074.670316837794,24662.27810295544
conservative,2012,nhl,persons,40,43522.57043113053,40499.461552733716,47192.87323135685,43554.454232708966
conservative,2013,nhl,persons,40,45657.16140558224,42523.12001120708,49521.02120813499,45698.169467732085
conservative,2014,nhl,persons,40,48004.57816951503,44748.39131210029,52105.99748123623,48057.81407034584
conservative,2015,nhl,persons,40,50236.93837452073,46863.50768644851,54516.87434685937,50285.75844138526
conservative,2016,nhl,persons,40,52627.06247775958,49182.55770777398,57068.919612054546,52695.7926988386
conservative,2017,nhl,persons,40,55201.54372042931,51643.67523036301,59779.43739489953,55267.883862296905
conservative,2018,nhl,persons,40,57717.02559147989,54080.81503291626,62438.26685600665,57778.73965631293
conservative,2019,nhl,persons,40,60326.48704983201,56603.008335251354,65177.35132619859,60383.73729540596
conservative,2020,nhl,persons,40,63256.78692778823,59462.26990464978,68253.50128686144,63325.20029767266
conservative,2021,nhl,persons,40,65853.2619039687,61970.35414794413,70968.44376736387,65927.48627127294
conservative,2022,nhl,persons,40,68511.18274395021,64704.52622058387,73498.67576409907,68543.30653765606
conservative,2023,nhl,persons,40,71233.37936756597,67413.84757858698,76059.1125017749,71251.46835572015
conservative,2024,nhl,persons,40,73981.93362224841,70247.13651052273,78723.43879972231,74017.64129337257
conservative,2025,nhl,persons,40,76823.14273996436,73116.20059408387,81419.98455600941,76846.63872709768
conservative,2026,nhl,persons,40,79697.61765674464,76021.66620666184,84146.65366870018,79733.93230641916
conservative,2027,nhl,persons,40,82593.21030592336,79062.47555858374,86873.22985557279,82635.59992971439
conservative,2028,nhl,persons,40,85522.7962542273,82067.84320325234,89662.24002481234,85576.60194059127
conservative,2029,nhl,persons,40,88483.26613046484,85065.4602475977,92423.74617369164,88536.31863510402
conservative,2030,nhl,persons,40,91419.12539373353,88088.04649212453,95164.20586719878,91476.24935590995
conservative,2031,nhl,persons,40,94323.87011873338,91098.4578851201,97911.3720372653,94402.24264663407
conservative,2032,nhl,persons,40,97217.93679108152,94074.76163526608,100544.93880029512,97287.09736230627
conservative,2033,nhl,persons,40,100049.46358574262,97087.14123953362,103293.85577053523,100142.90503130546
conservative,2034,nhl,persons,40,102935.43082015467,99975.74381241598,106060.17295388221,102972.97640841705
conservative,2035,nhl,persons,40,105752.57789998269,102817.6733623188,108878.90795164724,105761.25625777595
conservative,2036,nhl,persons,40,108550.03352244328,105615.48413505346,111657.42444251207,108516.43185354176
conservative,2037,nhl,persons,40,111269.5059817692,108289.96096351,114313.80697358606,111261.35921818732
conservative,2038,nhl,persons,40,113958.84651957633,110890.64761733479,117103.81201237933,113968.97301475868
conservative,2039,nhl,persons,40,116632.60790279858,113431.79808675365,119872.8018876588,116640.75306534361
conservative,2040,nhl,persons,40,119226.33499170667,115900.16858753742,122559.06031676377,119216.82689205628
conservative,2041,nhl,persons,40,121646.26801087458,118194.43861783235,125223.99023480268,121719.3821354655
conservative,2042,nhl,persons,40,124026.66558684096,120414.06292558386,127973.90357820786,124136.29452280013
conservative,2043,nhl,persons,40,126381.43612351542,122539.17071522889,130626.80787905118,126485.93400366271
conservative,2044,nhl,persons,40,128645.02969925775,124520.77200158878,133247.20744730366,128761.42480498554
conservative,2045,nhl,persons,40,130864.15830754484,126429.87213064826,135811.90283185107,130964.70401400937
conservative,2012,total,males,40,28360.428037721962,26289.91302447201,30940.61935516912,28454.084622584603
conservative,2013,total,males,40,29762.93080583503,27617.7481237882,32478.975646720784,29863.99212050957
conservative,2014,total,males,40,31226.170937729003,28991.93316421919,34035.20164689819,31336.694530421653
conservative,2015,total,males,40,32666.31301392844,30348.998665223637,35616.62838989539,32786.90563683279
conservative,2016,total,males,40,34181.80509758662,31805.140972682057,37222.23678036743,34310.56808469106
conservative,2017,total,males,40,35888.955787112674,33470.94900050858,39029.57344452871,36022.422528255825
conservative,2018,total,males,40,37529.492697065245,35065.61866493892,40799.49453950063,37669.953112787705
conservative,2019,total,males,40,39223.303364444284,36710.36482172893,42618.31755936606,39373.51747743788
conservative,2020,total,males,40,41087.45506441571,38493.3288272834,44577.43774383189,41239.87765357006
conservative,2021,total,males,40,42741.68658490147,40068.40035182885,46344.153035947755,42879.86136170597
conservative,2022,total,males,40,44372.00586634581,41714.6192335644,47974.03564728474,44513.438384718436
conservative,2023,total,males,40,46063.15884043183,43409.39802113994,49581.59165842505,46188.44642053713
conservative,2024,total,males,40,47784.025396889934,45118.42253946864,51203.72280325873,47921.584742677616
conservative,2025,total,males,40,49571.10119138074,47017.36817103165,52905.551930711204,49689.19169823774
conservative,2026,total,males,40,51380.881432733804,48897.88581726402,54623.816456485285,51494.843285133946
conservative,2027,total,males,40,53176.99033749064,50727.72622555991,56422.912485462795,53310.8395056067
conservative,2028,total,males,40,55018.79296304664,52617.39254443166,58142.86478651162,55129.19155695421
conservative,2029,total,males,40,56863.69753769222,54488.09150749708,59934.03169385797,56969.11156474344
conservative,2030,total,males,40,58701.04252658399,56358.017449943516,61604.64667803656,58773.010571538616
conservative,2031,total,males,40,60536.649868040986,58269.44844671167,63371.46458340507,60590.18878230842
conservative,2032,total,males,40,62345.595489759595,60099.97612702134,65027.89216125627,62384.87406137363
conservative,2033,total,males,40,64114.78618014601,61952.49483349998,66689.67821240483,64145.85648190724
conservative,2034,total,males,40,65869.44131545487,63713.944570938955,68347.07655171769,65909.10711687896
conservative,2035,total,males,40,67643.62619603523,65452.65966636185,70076.32316711516,67647.1366361655
conservative,2036,total,males,40,69367.562370497355,67106.82169930208,71781.71774854379,69344.54646711369
conservative,2037,total,males,40,71061.16075920637,68810.95709770713,73442.56185211567,71043.48796598632
conservative,2038,total,males,40,72711.63997054365,70423.53736507439,75155.42643541358,72707.54501006038
conservative,2039,total,males,40,74307.00418653934,71967.58772143794,76875.05032865203,74340.76446240698
conservative,2040,total,males,40,75892.10610847507,73383.43759102863,78509.5622005479,75912.49663975481
conservative,2041,total,males,40,77422.73747939337,74797.78664479371,80187.99074802942,77437.79604330048
conservative,2042,total,males,40,78878.54201049413,76175.38374810996,81806.95813678678,78920.79126056605
conservative,2043,total,males,40,80247.11009587589,77391.45058895339,83441.81095058523,80336.50544090061
conservative,2044,total,males,40,81637.5466507466,78505.27927344872,84993.09580789703,81715.80955730303
conservative,2045,total,males,40,82951.06144046708,79594.2038353591,86511.58732188775,83038.75266255504
conservative,2012,total,females,40,24206.292563781262,22257.925267451163,26955.078078178158,24335.62812720967
conservative,2013,total,females,40,25379.566720877505,23340.036092667702,28247.145594676847,25508.29401125833
conservative,2014,total,females,40,26696.985090874023,24559.45719997912,29724.492901173697,26836.316593658565
conservative,2015,total,females,40,27920.781731399504,25698.12382060223,31103.193437545826,28069.286088731023
conservative,2016,total,females,40,29261.37371528641,26956.60558112308,32570.715697493604,29416.54498258777
conservative,2017,total,females,40,30595.1442170439,28207.277727978675,34016.636652157926,30755.888748196823
conservative,2018,total,females,40,31898.278387146864,29437.21738744959,35412.24728160666,32058.669685071643
conservative,2019,total,females,40,33281.491140663136,30802.436900563942,36879.69999187687,33446.62662974693
conservative,2020,total,females,40,34877.42851114854,32346.639948421052,38557.8187010126,35045.71167366752
conservative,2021,total,females,40,36376.34132571063,33799.84569008935,40122.156031646875,36542.981212402294
conservative,2022,total,females,40,37734.670956392656,35221.99777711242,41385.4233051498,37912.71193218847
conservative,2023,total,females,40,39171.407877791935,36635.57019962213,42766.82459899521,39348.92076478947
conservative,2024,total,females,40,40623.04669350583,38205.906599165704,44143.61793080946,40808.432074820244
conservative,2025,total,females,40,42143.21265421572,39738.43797360422,45557.55895563591,42318.18457800003
conservative,2026,total,females,40,43679.010021779104,41375.32228960449,47000.77928970651,43847.77684696387
conservative,2027,total,females,40,45216.08858071872,43016.8721378354,48429.894452535395,45390.03650312468
conservative,2028,total,females,40,46835.68812684913,44630.5950014938,49883.053921064675,46970.02078388146
conservative,2029,total,females,40,48439.86465703674,46233.06000057887,51327.875586568276,48556.67152975951
conservative,2030,total,females,40,50033.575861756355,47852.967179653286,52807.120871016814,50150.37718049499
conservative,2031,total,females,40,51668.11795443968,49547.82172002776,54293.24065136884,51753.858431398185
conservative,2032,total,females,40,53253.02516223003,51232.03523805988,55715.338127256204,53319.88053971569
conservative,2033,total,females,40,54861.681881441014,52791.73969994772,57242.34493298676,54904.86140219524
conservative,2034,total,females,40,56444.9694898413,54362.22544194749,58682.29313754772,56468.30329693751
conservative,2035,total,females,40,57996.703175936724,55897.511573554635,60234.956457146924,58017.64915699747
conservative,2036,total,females,40,59532.021605913214,57391.70817145159,61761.298537575785,59561.8422797621
conservative,2037,total,females,40,61060.24147917953,58843.9591355752,63350.48436501812,61087.12250746193
conservative,2038,total,females,40,62607.58979639989,60336.72586540929,64918.70702155415,62621.19219696469
conservative,2039,total,females,40,64137.986978781395,61698.56426787762,66530.78546713416,64137.36596941704
conservative,2040,total,females,40,65617.06816100709,62974.48828402547,68078.35124695403,65623.27610379936
conservative,2041,total,females,40,67052.79887161346,64315.05691014006,69735.10091161955,67087.9610832216
conservative,2042,total,females,40,68469.002027137,65537.36635922264,71375.96643400808,68493.26922854575
conservative,2043,total,females,40,69895.90499036771,66743.14472459105,73023.3841226356,69913.99156817108
conservative,2044,total,females,40,71248.97562634207,67866.56755693564,74619.3954389634,71275.20333804387
conservative,2045,total,females,40,72565.24596876823,68954.95995901708,76177.30628598423,72588.22945440978
conservative,2012,total,persons,40,52704.30417366076,49779.42416916503,56379.593225109835,52789.71274979427
conservative,2013,total,persons,40,55272.547890674614,52219.90752138238,59170.48601736536,55372.2861317679
conservative,2014,total,persons,40,58097.545478597276,54896.29246261036,62165.48523259347,58173.01112408022
conservative,2015,total,persons,40,60791.79351249046,57446.84756952746,65053.667407874615,60856.19172556381
conservative,2016,total,persons,40,63622.2859761283,60217.85878719951,68112.24556280472,63727.113067278835
conservative,2017,total,persons,40,66676.2588091511,63182.59626153339,71321.94135385503,66778.31127645264
conservative,2018,total,persons,40,69616.71842278149,66050.24955619255,74423.92320786562,69728.62279785935
conservative,2019,total,persons,40,72683.7881272146,69043.71914224295,77654.58317886866,72820.14410718481
conservative,2020,total,persons,40,76166.25183361897,72402.18400846681,81239.92446834742,76285.58932723758
conservative,2021,total,persons,40,79310.97880636042,75452.97937155399,84545.64879363519,79422.84257410826
conservative,2022,total,persons,40,82311.4320067896,78441.91340039455,87495.4219370911,82426.1503169069
conservative,2023,total,persons,40,85423.59922920936,81589.34134606515,90537.51119094246,85537.36718532661
conservative,2024,total,persons,40,88629.98226665845,84844.53273995135,93631.51453956487,88730.01681749786
conservative,2025,total,persons,40,91914.20324603695,88175.81575671087,96776.3450840991,92007.37627623777
conservative,2026,total,persons,40,95216.06149585487,91572.0786626643,99975.94109146159,95342.62013209781
conservative,2027,total,persons,40,98583.34417368185,95054.17087459183,103146.24587116127,98700.87600873139
conservative,2028,total,persons,40,101986.39365910742,98542.96497326408,106336.73284810825,102099.21234083567
conservative,2029,total,persons,40,105403.19289205904,102000.09433645553,109516.79021807906,105525.78309450296
conservative,2030,total,persons,40,108804.33283982181,105488.13348832153,112709.68432679948,108923.3877520336
conservative,2031,total,persons,40,112240.94604764713,109029.59148705917,115962.7146743296,112344.04721370661
conservative,2032,total,persons,40,115640.87936444471,112499.3077923181,119216.56913780207,115704.75460108933
conservative,2033,total,persons,40,119003.26318100502,115805.59649473336,122451.36037847752,119050.71788410249
conservative,2034,total,persons,40,122364.6164207193,119228.21221906769,125621.95686248537,122377.41041381647
conservative,2035,total,persons,40,125682.27119990022,122481.95135139853,129037.39624141515,125664.78579316296
conservative,2036,total,persons,40,128941.81779587187,125680.40408192834,132324.64879014195,128906.38874687577
conservative,2037,total,persons,40,132131.75362089596,128839.7077474638,135536.73150052177,132130.61047344827
conservative,2038,total,persons,40,135287.78447261424,132038.162950852,138700.9744752742,135328.73720702506
conservative,2039,total,persons,40,138484.37204751134,135031.3514594447,141876.42767017902,138478.13043182401
conservative,2040,total,persons,40,141501.2544681711,137933.13417368446,145167.33432116976,141535.77274355417
conservative,2041,total,persons,40,144452.01001909527,140683.50026436735,148283.69767442165,144525.75712652208
conservative,2042,total,persons,40,147356.05516933848,143275.6878611921,151478.5262770633,147414.0604891118
conservative,2043,total,persons,40,150158.72586407486,145838.42556970203,154646.30463767133,150250.4970090717
conservative,2044,total,persons,40,152851.32755028317,148384.96370100442,157649.65557807576,152991.0128953469
conservative,2045,total,persons,40,155528.64706085465,150712.957978408,160596.07460348072,155626.98211696482
optimistic,2012,dlbcl,persons,2,2803.7956034818053,2787.5610542727914,2818.677971166825,2803.6415869341395
optimistic,2013,dlbcl,persons,2,2870.792208961102,2847.680409164928,2892.912765797764,2870.536271282858
optimistic,2014,dlbcl,persons,2,2937.7685192547747,2915.1547800847366,2958.8729093336196,2937.4277750669658
optimistic,2015,dlbcl,persons,2,2995.0160204571575,2972.4779574292656,3016.9635739855703,2994.9158807109534
optimistic,2016,dlbcl,persons,2,3026.6197509055446,3002.585672416751,3049.277238790218,3026.679671315238
optimistic,2017,dlbcl,persons,2,3093.101203852021,3075.275129239588,3110.2098617239976,3093.0919143248143
optimistic,2018,dlbcl,persons,2,3171.0820411967798,3148.6467898815704,3191.310147209797,3170.8251886631647
optimistic,2019,dlbcl,persons,2,3299.4756855583196,3273.465663205366,3321.663997350291,3299.0780494560795
optimistic,2020,dlbcl,persons,2,3463.8960077117,3434.28089743522,3488.999571796504,3463.404463893898
optimistic,2021,dlbcl,persons,2,3572.0212593794868,3536.2721685172564,3599.6381908361454,3571.254734615286
optimistic,2022,dlbcl,persons,2,3639.747067594138,3565.47760154432,3712.405841554215,3639.5519012833506
optimistic,2023,dlbcl,persons,2,3746.442301940676,3616.7883417281414,3877.97886119358,3746.19768837729
optimistic,2024,dlbcl,persons,2,3850.59711700974,3715.363767836015,3983.8131856272303,3849.4370579861993
optimistic,2025,dlbcl,persons,2,3951.6375356324625,3807.8943614748628,4092.917102203961,3951.393269042883
optimistic,2026,dlbcl,persons,2,4056.707929550219,3905.2864875202254,4208.259865541541,4056.5717650354204
optimistic,2027,dlbcl,persons,2,4162.175248122024,4004.2176537776177,4330.092612320957,4163.548655650221
optimistic,2028,dlbcl,persons,2,4265.70731614151,4100.710810668137,4447.667094036889,4267.953130378702
optimistic,2029,dlbcl,persons,2,4365.996033370656,4187.5418733909855,4562.567616695438,4368.808334998858
optimistic,2030,dlbcl,persons,2,4461.159918737299,4273.8891491797,4675.038195117971,4464.437347635467
optimistic,2031,dlbcl,persons,2,4551.391307190346,4348.160659623933,4781.271430349653,4554.977590066362
optimistic,2032,dlbcl,persons,2,4638.820798228318,4421.458478395669,4887.809236726888,4642.272284284497
optimistic,2033,dlbcl,persons,2,4721.4151478543245,4485.882076994622,4990.37090877614,4725.238334470344
optimistic,2034,dlbcl,persons,2,4802.481420623015,4549.614341330398,5090.725124959666,4807.010304717353
optimistic,2035,dlbcl,persons,2,4882.896631196827,4615.54659054983,5196.823986089285,4889.295760309145
optimistic,2036,dlbcl,persons,2,4966.129093634919,4686.324475256987,5304.6587956114145,4974.022173018546
optimistic,2037,dlbcl,persons,2,5045.400303511568,4748.928474481761,5405.485505172468,5051.528361005575
optimistic,2038,dlbcl,persons,2,5104.785506740071,4793.032468036998,5483.625629531023,5111.451434941439
optimistic,2039,dlbcl,persons,2,5158.359417915494,4825.046162248375,5555.714060161138,5165.185942719411
optimistic,2040,dlbcl,persons,2,5203.324920132674,4855.302663931093,5618.951060286861,5212.210752670155
optimistic,2041,dlbcl,persons,2,5244.012577697146,4880.749413415078,5678.7279445480945,5253.030263101848
optimistic,2042,dlbcl,persons,2,5281.572937353426,4900.448665967146,5732.699473636312,5288.319917630291
optimistic,2043,dlbcl,persons,2,5311.878709628421,4916.981830042295,5774.694128079587,5319.503267037548
optimistic,2044,dlbcl,persons,2,5340.9388941313955,4932.6715974712515,5828.415400704547,5350.4291781165775
optimistic,2045,dlbcl,persons,2,5373.282220103472,4944.440360419838,5879.5265718485925,5383.1205604122615
optimistic,2012,follicular,persons,2,2048.5987407436405,2042.1342690504555,2055.0803621455248,2048.5994842828272
optimistic,2013,follicular,persons,2,2112.0321573123892,2102.6560559769478,2120.1938408411847,2111.8898599735157
optimistic,2014,follicular,persons,2,2160.7735466996887,2151.0699219707603,2169.0684333800914,2160.5216558659095
optimistic,2015,follicular,persons,2,2221.8339367785406,2211.835104273526,2230.762365212898,2221.6741654069097
optimistic,2016,follicular,persons,2,2282.7468693641713,2272.327962522871,2291.694303047422,2282.520059082756
optimistic,2017,follicular,persons,2,2491.947375193473,2483.9031288789774,2499.0427601191504,2491.811747284332
optimistic,2018,follicular,persons,2,2557.0800226433544,2549.05504489468,2564.630757745603,2556.9917346066413
optimistic,2019,follicular,persons,2,2543.387637948117,2534.808923428329,2551.319992459177,2543.2783528721707
optimistic,2020,follicular,persons,2,2782.244025059321,2772.1430191832856,2791.217157512433,2782.237841889615
optimistic,2021,follicular,persons,2,2806.299166328674,2794.34541342427,2816.9098555082105,2806.378240839795
optimistic,2022,follicular,persons,2,2740.807352629292,2681.88560006728,2796.3448527352757,2740.959918475177
optimistic,2023,follicular,persons,2,2865.315436414621,2749.3043454160497,2973.862203500456,2864.860354603749
optimistic,2024,follicular,persons,2,2932.2252748556393,2813.760552063895,3044.8920149568885,2932.9881762114433
optimistic,2025,follicular,persons,2,2996.547609187165,2875.887637096202,3114.2342347487593,2997.567549613421
optimistic,2026,follicular,persons,2,3059.5521441026713,2934.6965630637487,3188.2186017938684,3061.279030091244
optimistic,2027,follicular,persons,2,3121.2357796346096,2993.7893690444566,3253.1535249227663,3122.336655649141
optimistic,2028,follicular,persons,2,3175.667636429427,3043.7252839387493,3314.909983757111,3176.8905849637135
optimistic,2029,follicular,persons,2,3223.8885615621793,3085.966367541026,3372.12400987247,3224.8674690902385
optimistic,2030,follicular,persons,2,3265.1964676396483,3121.223105418617,3421.105418167089,3266.5457446534383
optimistic,2031,follicular,persons,2,3300.6484438575794,3148.3147225366,3463.3253931828017,3302.517022597432
optimistic,2032,follicular,persons,2,3330.4162697777942,3168.5544232114157,3504.244811958327,3333.19917696245
optimistic,2033,follicular,persons,2,3356.065670929819,3184.770356021115,3538.4282347183503,3359.2303879381875
optimistic,2034,follicular,persons,2,3379.3360774829835,3200.7320891984896,3568.3140842562634,3383.1868471669018
optimistic,2035,follicular,persons,2,3401.944814063927,3216.4551030829984,3599.0111366639394,3405.5361425004617
optimistic,2036,follicular,persons,2,3420.9247485004134,3229.074248663893,3627.7601935537914,3426.1697691994655
optimistic,2037,follicular,persons,2,3437.6366077921357,3236.1029754979995,3656.4453401023356,3441.970687355992
optimistic,2038,follicular,persons,2,3442.66138336113,3232.7382993085057,3671.359029636536,3448.5497738866147
optimistic,2039,follicular,persons,2,3441.1973949485628,3221.63586293642,3680.2034576148317,3447.1435568257457
optimistic,2040,follicular,persons,2,3433.604669145496,3201.5761248727513,3681.3017758990077,3438.573854107928
optimistic,2041,follicular,persons,2,3418.8796439099933,3180.4919426698166,3674.0806423911104,3424.0599581616734
optimistic,2042,follicular,persons,2,3400.0915270585974,3155.7689155443627,3662.5932512100208,3404.794962000735
optimistic,2043,follicular,persons,2,3377.420718534303,3122.7590199972497,3648.8355637815566,3382.1658450114505
optimistic,2044,follicular,persons,2,3355.4960126115184,3094.2835481003167,3634.9628948182344,3360.1049214423183
optimistic,2045,follicular,persons,2,3336.575083371529,3066.80181054499,3627.2104401910933,3340.986438817178
optimistic,2012,mantle_cell,persons,2,383.6192452981826,378.08409410446586,388.78470076313585,383.604911400422
optimistic,2013,mantle_cell,persons,2,409.88309916368604,401.7609926716044,416.394628858408,409.70524831232564
optimistic,2014,mantle_cell,persons,2,446.68304164466394,438.07596381917534,453.88303306085726,446.43854403010516
optimistic,2015,mantle_cell,persons,2,457.051203653552,448.05945075674055,464.6007731249577,456.8444649265662
optimistic,2016,mantle_cell,persons,2,454.025053315655,444.9465442837199,461.76421523911785,453.78643670912464
optimistic,2017,mantle_cell,persons,2,508.1957369205799,501.4915277231455,513.6180569722662,508.0030684024333
optimistic,2018,mantle_cell,persons,2,522.3136436828768,514.3056106222481,529.3376364724428,522.1615792359032
optimistic,2019,mantle_cell,persons,2,521.0665767339597,513.4649835636476,528.3695301576436,520.9015684488569
optimistic,2020,mantle_cell,persons,2,573.4467915831908,564.0523584668766,582.1951561903956,573.2301287822478
optimistic,2021,mantle_cell,persons,2,527.964507096631,518.0874060902521,536.978517170576,527.8454925206164
optimistic,2022,mantle_cell,persons,2,505.98928038453244,480.67031485647004,533.4060569578032,506.46453086658937
optimistic,2023,mantle_cell,persons,2,555.5932358765084,508.0560026698442,608.5784325727104,556.1876699349469
optimistic,2024,mantle_cell,persons,2,584.2182679184741,532.3574992884538,638.4413631246929,584.5402381637325
optimistic,2025,mantle_cell,persons,2,613.5238749182977,559.0432820383656,671.7269528428119,613.7894786013451
optimistic,2026,mantle_cell,persons,2,644.478404465636,586.6492675639478,707.8659620393184,644.9368708344647
optimistic,2027,mantle_cell,persons,2,676.6092005561129,613.1909461895532,747.7525069996503,677.6803608639362
optimistic,2028,mantle_cell,persons,2,709.5889074691859,639.8805277371196,788.5444931934879,710.8845207728959
optimistic,2029,mantle_cell,persons,2,742.5024923774399,667.5061011470347,828.7970492070235,743.6733094601176
optimistic,2030,mantle_cell,persons,2,773.1000573056729,689.8573997403906,868.0981589682253,774.829936730372
optimistic,2031,mantle_cell,persons,2,801.4089699493169,710.730108717409,906.4410476923076,803.6599966018633
optimistic,2032,mantle_cell,persons,2,826.0806627911893,728.017639223315,942.489846153829,829.5316540039588
optimistic,2033,mantle_cell,persons,2,848.7312899552153,743.0066356445445,975.4388828283835,852.9137656304096
optimistic,2034,mantle_cell,persons,2,870.7210942004233,758.8257015969997,1008.1265348678796,875.5658732516335
optimistic,2035,mantle_cell,persons,2,891.8648198118133,772.9451033462042,1042.3036519185325,897.8521062309666
optimistic,2036,mantle_cell,persons,2,915.3158904197714,785.8013426209664,1077.6794810245162,920.6637685205093
optimistic,2037,mantle_cell,persons,2,938.5480347629659,797.514695888835,1112.4818081114006,943.4012950844045
optimistic,2038,mantle_cell,persons,2,957.4167115660289,808.0312622915193,1147.414429132005,964.3064525932635
optimistic,2039,mantle_cell,persons,2,977.7654221615956,818.6660933754038,1181.473233335485,983.8648423543482
optimistic,2040,mantle_cell,persons,2,996.1864382021447,825.4524480268896,1214.5398829959815,1001.6998051530227
optimistic,2041,mantle_cell,persons,2,1011.8689698492952,829.42361271297,1244.7652177314062,1017.5285213379067
optimistic,2042,mantle_cell,persons,2,1025.854463395955,832.7128156535848,1271.1090227139287,1031.2059195734623
optimistic,2043,mantle_cell,persons,2,1037.4929572408353,835.4398614481142,1295.4521407761515,1042.9077947591413
optimistic,2044,mantle_cell,persons,2,1047.8442100249167,835.3052986588003,1326.2364205444374,1053.341668169014
optimistic,2045,mantle_cell,persons,2,1056.0239351050998,835.0696180419777,1352.9175546756544,1062.7669568711694
optimistic,2012,hodgkin,persons,2,1197.9628003409973,1191.0823457196582,1204.2392643601377,1197.8889921796158
optimistic,2013,hodgkin,persons,2,1215.9946975435698,1206.7817209641664,1223.8832675456943,1215.7488586213433
optimistic,2014,hodgkin,persons,2,1222.4909960591674,1213.7593553729346,1230.1088173785045,1222.3446871370509
optimistic,2015,hodgkin,persons,2,1246.5656744899607,1237.5974059562943,1254.4061048496899,1246.3827196868547
optimistic,2016,hodgkin,persons,2,1270.4773971425134,1260.7437521251427,1279.2058082489398,1270.225379570371
optimistic,2017,hodgkin,persons,2,1306.6120995039132,1299.5589056347912,1312.9531240552415,1306.4256888392497
optimistic,2018,hodgkin,persons,2,1291.5598122403005,1283.7223784051125,1298.9134774500135,1291.5273716193556
optimistic,2019,hodgkin,persons,2,1305.1225508938605,1296.6269431232383,1313.4115884753521,1305.1072839211997
optimistic,2020,hodgkin,persons,2,1398.011247775531,1388.0166119179903,1408.0049955513832,1397.9786479553495
optimistic,2021,hodgkin,persons,2,1455.9958582381507,1443.9516892478111,1467.7687999248874,1456.049364670075
optimistic,2022,hodgkin,persons,2,1468.3334263594625,1430.966841551357,1504.3445932363031,1468.1421723697558
optimistic,2023,hodgkin,persons,2,1484.4665166652496,1416.0303078832508,1552.4235048389812,1484.4304923866139
optimistic,2024,hodgkin,persons,2,1526.9984430983907,1459.0679479332803,1594.1474746144113,1526.8801050688649
optimistic,2025,hodgkin,persons,2,1566.9195266007848,1498.0697034709626,1635.0830213836828,1566.8766772225715
optimistic,2026,hodgkin,persons,2,1606.4128978044557,1534.6945151550062,1674.9485802564377,1606.3307625414363
optimistic,2027,hodgkin,persons,2,1645.1730412536435,1569.1699647889589,1715.9339020995887,1644.7839606478165
optimistic,2028,hodgkin,persons,2,1682.4825824148447,1603.447781169605,1755.4219637013505,1682.299309558531
optimistic,2029,hodgkin,persons,2,1720.0011216053874,1637.9695431771215,1793.7781280894574,1719.1939571534301
optimistic,2030,hodgkin,persons,2,1755.9494800409097,1672.9343611837382,1832.6937507873108,1755.3972452953537
optimistic,2031,hodgkin,persons,2,1791.2467657531324,1704.1875471053745,1873.6648063491182,1791.049609258579
optimistic,2032,hodgkin,persons,2,1827.4547516264201,1735.1111286150524,1912.3585459457643,1826.2939476205186
optimistic,2033,hodgkin,persons,2,1862.1365976778598,1764.1686199895512,1952.400545144913,1860.9266657035637
optimistic,2034,hodgkin,persons,2,1895.5329189615181,1793.340344997871,1991.4934576769936,1894.7195380262633
optimistic,2035,hodgkin,persons,2,1928.3626372940575,1820.8235728885886,2029.5906332960938,1927.1382751910471
optimistic,2036,hodgkin,persons,2,1960.5796965212726,1847.2587961336196,2067.15560271723,1958.9432987337648
optimistic,2037,hodgkin,persons,2,1992.1597704455505,1873.211903120748,2102.655574623636,1990.4142927440676
optimistic,2038,hodgkin,persons,2,2022.1365254983293,1899.3781137708336,2136.2696329113737,2020.8762253737239
optimistic,2039,hodgkin,persons,2,2052.3922213439328,1925.0895969234737,2169.2749481062447,2050.86042578076
optimistic,2040,hodgkin,persons,2,2082.113940122491,1951.0954289530143,2202.2512977034053,2080.312550553706
optimistic,2041,hodgkin,persons,2,2110.908748534139,1975.3073067330558,2235.3640582996404,2109.408894623803
optimistic,2042,hodgkin,persons,2,2139.589454384476,1999.5340035190682,2268.49191184146,2138.055798532457
optimistic,2043,hodgkin,persons,2,2167.4985159820876,2023.9575133901174,2302.637447364872,2166.198270179103
optimistic,2044,hodgkin,persons,2,2194.7311172582886,2046.875005442198,2334.236085097129,2193.20229807978
optimistic,2045,hodgkin,persons,2,2218.8667662596067,2068.7803398911237,2360.8888012857233,2218.2522436005506
optimistic,2012,nhl,persons,2,8083.634996256375,8059.82100804508,8106.224031777409,8083.434536022118
optimistic,2013,nhl,persons,2,8384.390021511095,8349.671888777633,8414.375738861943,8384.15244287987
optimistic,2014,nhl,persons,2,8710.529055286734,8675.343215105115,8741.826031850522,8710.524272591203
optimistic,2015,nhl,persons,2,8954.520716882296,8919.244032903127,8988.273056728302,8954.69338334434
optimistic,2016,nhl,persons,2,9156.516634282736,9119.056428264354,9190.158054322606,9156.06448849749
optimistic,2017,nhl,persons,2,9624.57022057356,9597.387991639782,9650.488470222423,9624.434440678082
optimistic,2018,nhl,persons,2,9880.603269941532,9852.060799907906,9912.193523323593,9881.352628513474
optimistic,2019,nhl,persons,2,10084.192874159164,10049.621762676532,10119.55106298232,10084.81066538598
optimistic,2020,nhl,persons,2,10644.200469682724,10605.843683939565,10684.565255317386,10644.730760900353
optimistic,2021,nhl,persons,2,10788.819284892506,10744.519528816296,10834.972720261909,10788.944064707832
optimistic,2022,nhl,persons,2,10881.18814239087,10771.936902361844,10996.685988870446,10884.283535858325
optimistic,2023,nhl,persons,2,11386.030082967765,11192.765618326617,11587.619323402221,11388.612280999076
optimistic,2024,nhl,persons,2,11794.303560777696,11594.803624306567,12002.725740760192,11797.596704159829
optimistic,2025,nhl,persons,2,12201.878375232141,11997.454018864793,12412.99375638474,12206.45032884843
optimistic,2026,nhl,persons,2,12623.987582098365,12414.126359019347,12843.123582470433,12627.605642496575
optimistic,2027,nhl,persons,2,13052.008196770112,12828.056925270383,13281.089043197448,13054.924202410964
optimistic,2028,nhl,persons,2,13471.277319046729,13237.441018141328,13716.95414168062,13476.159640169635
optimistic,2029,nhl,persons,2,13881.342205853922,13637.857352289742,14145.928141007049,13887.643038272163
optimistic,2030,nhl,persons,2,14278.678384963076,14020.317901862532,14563.059874723853,14284.3869240793
optimistic,2031,nhl,persons,2,14660.810138135534,14387.717033718134,14967.256551379793,14668.562726193895
optimistic,2032,nhl,persons,2,15035.629201172263,14739.424898058345,15362.02958301926,15043.43339112476
optimistic,2033,nhl,persons,2,15399.763856939779,15088.751332794387,15748.706339996757,15410.070383215312
optimistic,2034,nhl,persons,2,15767.862572403144,15438.922381677834,16136.485026713544,15779.030707459577
optimistic,2035,nhl,persons,2,16140.485945927423,15792.523868088481,16533.28026351162,16151.440670534714
optimistic,2036,nhl,persons,2,16520.739898907974,16145.264825519811,16938.918193048026,16531.933235342367
optimistic,2037,nhl,persons,2,16873.573263456638,16471.224517129765,17314.739283681713,16884.34046767523
optimistic,2038,nhl,persons,2,17155.28796874924,16735.160535073355,17616.7420736493,17165.99794472742
optimistic,2039,nhl,persons,2,17413.186604652496,16963.371610335817,17891.789132006932,17423.598255530607
optimistic,2040,nhl,persons,2,17642.85776971021,17180.06295209757,18149.912806757344,17654.77326124872
optimistic,2041,nhl,persons,2,17848.24575939837,17376.561291847585,18379.83836121652,17861.815864986576
optimistic,2042,nhl,persons,2,18032.088118428972,17540.078527280042,18583.80205981278,18048.48697928948
optimistic,2043,nhl,persons,2,18203.807822868934,17697.60366002105,18771.275115411627,18220.788856332867
optimistic,2044,nhl,persons,2,18373.1113630911,17848.454179035452,18961.214890040977,18391.062092936416
optimistic,2045,nhl,persons,2,18546.452435099403,18002.806723165595,19163.699775694757,18564.687330410386
optimistic,2012,total,males,2,5329.328830835984,5311.057795969371,5348.022602301901,5329.42358150557
optimistic,2013,total,males,2,5479.524812257809,5450.890238819057,5503.525157904382,5478.873839126127
optimistic,2014,total,males,2,5565.849621238874,5537.588670521996,5589.305304155318,5565.047537367287
optimistic,2015,total,males,2,5710.001254266797,5680.479419061689,5734.4669061051845,5709.081537823476
optimistic,2016,total,males,2,5852.05385931957,5820.470731088328,5879.904404424191,5851.273122241094
optimistic,2017,total,males,2,6207.593554515285,6183.296894198034,6229.124461923773,6206.736542553397
optimistic,2018,total,males,2,6434.769421380328,6410.4271291727155,6460.1499586910795,6434.891892665486
optimistic,2019,total,males,2,6549.616133676591,6521.950198872673,6577.65614678698,6549.637664133021
optimistic,2020,total,males,2,6861.6211747135185,6829.33116989209,6892.913846481748,6861.621315337835
optimistic,2021,total,males,2,6887.8914442728565,6850.491471861154,6923.794465862248,6887.789009835451
optimistic,2022,total,males,2,6950.315191533222,6866.2272958806425,7035.7541629567995,6950.0736768715915
optimistic,2023,total,males,2,7278.218837260953,7124.4710016717345,7429.423769498697,7276.521707132812
optimistic,2024,total,males,2,7530.9831928744725,7375.537970157279,7684.266087590033,7529.924767444723
optimistic,2025,total,males,2,7780.801256446128,7626.1287295381335,7936.5999703170555,7781.391176622676
optimistic,2026,total,males,2,8037.528408463733,7877.058974144022,8198.194446552652,8039.0469675252
optimistic,2027,total,males,2,8299.12378604247,8126.4048623875515,8469.696936592392,8299.640058436155
optimistic,2028,total,males,2,8554.45479759878,8371.850289887068,8734.640669961967,8555.485519116175
optimistic,2029,total,males,2,8801.088890377756,8609.397307898113,8999.531563342005,8804.48789769218
optimistic,2030,total,males,2,9039.07475554851,8834.088426388302,9250.233061599387,9043.655226089331
optimistic,2031,total,males,2,9270.212688794445,9052.399542271123,9492.119300455392,9274.454636461389
optimistic,2032,total,males,2,9498.148331827235,9265.001003337582,9731.979442994974,9499.440128902734
optimistic,2033,total,males,2,9717.542470378294,9466.830353563968,9963.591795992437,9717.654889996038
optimistic,2034,total,males,2,9934.465013352688,9669.968125493819,10197.864548915433,9934.512901166128
optimistic,2035,total,males,2,10153.916931932634,9866.441563556613,10434.863712054674,10151.583335354888
optimistic,2036,total,males,2,10374.16045216738,10067.279728592775,10676.125582115987,10372.541316353832
optimistic,2037,total,males,2,10580.734215734079,10255.869286846433,10900.668941788574,10577.586570241376
optimistic,2038,total,males,2,10747.441904057509,10402.50041326782,11081.244832586048,10742.66944413458
optimistic,2039,total,males,2,10895.999735515215,10541.111684226255,11250.68245763011,10892.9227297252
optimistic,2040,total,males,2,11029.326883053094,10656.991193243044,11398.94365937297,11027.216238786235
optimistic,2041,total,males,2,11149.2132659087,10762.141643479572,11537.846618164438,11147.5465083872
optimistic,2042,total,males,2,11257.493714256827,10858.16001039533,11664.879637904323,11255.004581028736
optimistic,2043,total,males,2,11353.222183454856,10932.655401989377,11779.85695061529,11352.368626890138
optimistic,2044,total,males,2,11449.418155240615,11013.377757075805,11892.977998060911,11447.36918779968
optimistic,2045,total,males,2,11544.302386401281,11095.701130023192,12004.913245213556,11543.390169628019
optimistic,2012,total,females,2,3951.8534622375873,3936.1900246852724,3966.2819407602706,3951.8999466961636
optimistic,2013,total,females,2,4121.262810804357,4099.1964416075525,4143.779982816702,4121.0274623750865
optimistic,2014,total,females,2,4367.84765733176,4345.344998782387,4390.66659587204,4367.8214223609675
optimistic,2015,total,females,2,4491.986037415588,4468.110900513468,4515.462556520534,4491.99456520772
optimistic,2016,total,females,2,4574.740544195907,4549.924921024192,4598.761772141424,4575.016745826766
optimistic,2017,total,females,2,4724.190344632245,4705.950394356962,4741.909335866498,4724.123586963935
optimistic,2018,total,females,2,4738.31210700864,4717.676910065995,4758.662583565852,4737.988107467344
optimistic,2019,total,females,2,4840.631838625184,4817.174729772205,4863.767570325636,4840.280285174157
optimistic,2020,total,females,2,5181.390030844772,5153.9816908748235,5206.940723045551,5181.0880935178675
optimistic,2021,total,females,2,5357.290110225858,5326.068996523655,5386.7070780182485,5357.204419542457
optimistic,2022,total,females,2,5401.958118510818,5330.514214940461,5478.815724820507,5402.3520313564895
optimistic,2023,total,females,2,5594.8525799596355,5470.5136280157885,5735.864640126611,5596.521066252877
optimistic,2024,total,females,2,5792.463684205815,5666.44274355172,5934.902904696696,5794.55204178397
optimistic,2025,total,females,2,5990.773684181855,5859.515313788163,6139.730427826088,5991.935829448326
optimistic,2026,total,females,2,6192.821215869224,6048.103107171757,6344.548211029382,6194.889437512812
optimistic,2027,total,females,2,6398.416212656628,6247.5015926453325,6556.307772944089,6400.068104622627
optimistic,2028,total,females,2,6600.774928416002,6438.877605861575,6768.63742867006,6602.97343061199
optimistic,2029,total,females,2,6799.700004294733,6621.774770245424,6977.7968019667105,6802.349097733413
optimistic,2030,total,females,2,6994.501428136802,6801.762819777934,7181.088404089935,6996.128943285322
optimistic,2031,total,females,2,7183.731395901058,6982.732058664655,7380.5827350611735,7185.157698991086
optimistic,2032,total,females,2,7368.947149868933,7154.041099387729,7577.643416352019,7370.287209842545
optimistic,2033,total,females,2,7551.90525663074,7321.626779423402,7774.332663704173,7553.342158922837
optimistic,2034,total,females,2,7737.683679141959,7491.241346827482,7980.550934601323,7739.237344319711
optimistic,2035,total,females,2,7924.552627244855,7661.310660120473,8186.287360905572,7926.995610370874
optimistic,2036,total,females,2,8116.082846025551,7836.7508895274905,8395.435390892757,8118.3352177223
optimistic,2037,total,females,2,8295.916238049762,7995.139885846793,8591.343105045102,8297.16819017792
optimistic,2038,total,females,2,8442.890508595972,8127.3243218366415,8757.167401674813,8444.204725966565
optimistic,2039,total,females,2,8581.072170118805,8249.907977786475,8908.143882505343,8581.535951586167
optimistic,2040,total,females,2,8706.655304452685,8361.358571185918,9050.125031201922,8707.869573016189
optimistic,2041,total,females,2,8822.833829222749,8462.7922643034035,9176.125101390418,8823.678251223177
optimistic,2042,total,females,2,8930.281280302788,8556.018510446629,9299.271203765687,8931.538196793199
optimistic,2043,total,females,2,9030.205476398278,8644.626656639746,9417.207390906136,9034.618499621833
optimistic,2044,total,females,2,9131.211615968663,8732.61373293701,9532.490136739776,9136.895203216516
optimistic,2045,total,females,2,9233.380360810736,8820.979573051914,9649.236509893706,9239.54940438292
optimistic,2012,total,persons,2,9281.586903737634,9258.232329827686,9304.525667991407,9281.323528201734
optimistic,2013,total,persons,2,9600.599092553259,9565.677588386334,9631.905622637685,9599.901301501213
optimistic,2014,total,persons,2,9934.045124100734,9897.611225139359,9966.466478578244,9932.868959728254
optimistic,2015,total,persons,2,10201.868874691552,10164.320856023362,10235.407582711325,10201.076103031195
optimistic,2016,total,persons,2,10427.216938036563,10387.483458302962,10461.932791670404,10426.28986806786
optimistic,2017,total,persons,2,10931.007243125452,10903.601761721511,10958.376377089282,10930.860129517332
optimistic,2018,total,persons,2,11172.69223451008,11141.283563295265,11206.019786906269,11172.880000132829
optimistic,2019,total,persons,2,11389.723149598678,11354.162743475375,11426.838577730065,11389.917949307179
optimistic,2020,total,persons,2,12042.77139863712,12002.504843608667,12083.955261898374,12042.709408855702
optimistic,2021,total,persons,2,12244.592286443518,12198.979279215184,12292.058840624219,12244.993429377908
optimistic,2022,total,persons,2,12350.1444296805,12240.135188552555,12475.42701018192,12352.425708228082
optimistic,2023,total,persons,2,12870.835432072614,12663.997561716353,13086.070807313337,12873.042773385689
optimistic,2024,total,persons,2,13321.621258242325,13118.162365606277,13542.183346335389,13324.476809228692
optimistic,2025,total,persons,2,13769.171002201727,13560.06729345881,13997.943956642877,13773.327006071002
optimistic,2026,total,persons,2,14228.371849152983,14009.886178686927,14467.81409214954,14233.936405038012
optimistic,2027,total,persons,2,14693.119774787749,14462.70548348161,14942.039761600041,14699.708163058782
optimistic,2028,total,persons,2,15149.697890509276,14909.23837944502,15415.964507118002,15158.458949728165
optimistic,2029,total,persons,2,15598.03924456492,15341.398008754102,15883.0804410812,15606.836995425592
optimistic,2030,total,persons,2,16028.673807764388,15755.783698455509,16330.651742776638,16039.784169374652
optimistic,2031,total,persons,2,16446.976265720736,16162.74789871146,16777.578438092656,16459.612335452475
optimistic,2032,total,persons,2,16857.315049108496,16550.997050879392,17213.017238672164,16869.727338745277
optimistic,2033,total,persons,2,17259.2229184217,16931.72586360099,17637.732395957126,17270.997048918874
optimistic,2034,total,persons,2,17661.462764429954,17310.38362374934,18070.41867338346,17673.75024548584
optimistic,2035,total,persons,2,18066.769950089765,17690.37770186649,18501.485267301712,18078.57894572576
optimistic,2036,total,persons,2,18479.592949095924,18080.321837075033,18942.832256681417,18490.87653407613
optimistic,2037,total,persons,2,18865.428507082604,18444.714322626973,19345.52993736053,18874.754760419295
optimistic,2038,total,persons,2,19177.923298929778,18732.698432636764,19677.827667041325,19186.874170101146
optimistic,2039,total,persons,2,19463.339445083526,18998.642392309524,19980.48010681822,19474.458681311367
optimistic,2040,total,persons,2,19720.15133588291,19240.749604770437,20258.656188441128,19735.085811802426
optimistic,2041,total,persons,2,19954.170396548987,19462.41362592016,20511.852355530056,19971.224759610377
optimistic,2042,total,persons,2,20171.615577258628,19656.93302549224,20743.923774513,20186.542777821935
optimistic,2043,total,persons,2,20373.713308528844,19834.20964468217,20961.493919418524,20386.98712651197
optimistic,2044,total,persons,2,20570.51144609977,20011.457862862957,21177.344145953244,20584.264391016197
optimistic,2045,total,persons,2,20766.867952127628,20192.925160687362,21395.921074723836,20782.93957401094
optimistic,2012,dlbcl,persons,3,3887.416409526256,3867.4745497537806,3907.8916139899625,3887.572016649068
optimistic,2013,dlbcl,persons,3,4018.882049411479,3992.772247271546,4044.5008674407463,4018.4798085189564
optimistic,2014,dlbcl,persons,3,4149.131527583295,4120.566657135411,4176.194510834475,4148.739860288787
optimistic,2015,dlbcl,persons,3,4201.022052826853,4172.821026754441,4228.025414086336,4200.6813473798165
optimistic,2016,dlbcl,persons,3,4307.520725157375,4277.301361397301,4334.976428683302,4306.843536593755
optimistic,2017,dlbcl,persons,3,4353.620898194733,4327.668313590871,4377.315054585772,4353.15204706417
optimistic,2018,dlbcl,persons,3,4471.092753468692,4442.85162125251,4498.029529248024,4471.0437840059585
optimistic,2019,dlbcl,persons,3,4622.730870735128,4593.142092490907,4647.85456701043,4621.778877017084
optimistic,2020,dlbcl,persons,3,4838.610015523287,4804.542703433802,4868.428088901148,4837.477680790247
optimistic,2021,dlbcl,persons,3,5011.514414685673,4971.475237826555,5046.471689811506,5010.528304406746
optimistic,2022,dlbcl,persons,3,5172.421108282275,5094.358387098323,5246.960770252061,5171.131956137392
optimistic,2023,dlbcl,persons,3,5284.977974585582,5154.60905916338,5419.191582670074,5285.227430662444
optimistic,2024,dlbcl,persons,3,5434.471095452503,5256.227868652071,5628.007250701182,5437.064974872652
optimistic,2025,dlbcl,persons,3,5585.791646472098,5400.857829471823,5785.496469201287,5588.010774928868
optimistic,2026,dlbcl,persons,3,5740.0274582655875,5541.690929045295,5952.725390996714,5740.791303452321
optimistic,2027,dlbcl,persons,3,5893.674586034245,5684.685444225096,6120.496392837409,5896.038394119209
optimistic,2028,dlbcl,persons,3,6048.836485637986,5824.717752268074,6299.5224752418635,6051.431425049871
optimistic,2029,dlbcl,persons,3,6199.229451017849,5958.670970863551,6464.981626037847,6202.713801036709
optimistic,2030,dlbcl,persons,3,6343.001016471005,6097.792858262667,6623.648378719518,6347.885079158263
optimistic,2031,dlbcl,persons,3,6482.575127321943,6220.170554347823,6781.5146222704625,6485.980219832091
optimistic,2032,dlbcl,persons,3,6613.125369972071,6333.536443158914,6931.28911234579,6618.628735342551
optimistic,2033,dlbcl,persons,3,6739.924838241594,6438.736668740743,7079.404800656801,6745.124597093318
optimistic,2034,dlbcl,persons,3,6864.014108181155,6539.0732632068375,7232.036844868548,6868.433904005379
optimistic,2035,dlbcl,persons,3,6987.472835609069,6638.702538176624,7381.087778003362,6991.338718405175
optimistic,2036,dlbcl,persons,3,7114.20925017752,6739.722084025691,7534.783174685156,7117.623540682135
optimistic,2037,dlbcl,persons,3,7233.584634235109,6831.078631691056,7682.826923822868,7236.934058734238
optimistic,2038,dlbcl,persons,3,7341.869249736705,6907.511371714375,7813.463966471816,7340.977063004876
optimistic,2039,dlbcl,persons,3,7418.857964545463,6962.736048808561,7913.759783949037,7420.683215329274
optimistic,2040,dlbcl,persons,3,7490.870853586923,7005.473377750539,8010.731327236048,7491.410516926602
optimistic,2041,dlbcl,persons,3,7549.866243396055,7039.5272341456875,8099.614641177893,7553.104714455705
optimistic,2042,dlbcl,persons,3,7602.760608686303,7069.444974636253,8180.80459473659,7606.379954894989
optimistic,2043,dlbcl,persons,3,7649.143429428608,7092.301580845938,8255.874556942483,7652.996080574271
optimistic,2044,dlbcl,persons,3,7691.879628708068,7107.645580653064,8341.970386775862,7697.134016305899
optimistic,2045,dlbcl,persons,3,7733.585306423542,7124.308162945798,8424.340549824177,7741.597949670675
optimistic,2012,follicular,persons,3,3029.7265754161003,3019.8369194503666,3038.65929378546,3029.660555565906
optimistic,2013,follicular,persons,3,3041.6397458318984,3030.35073013699,3051.6527695389254,3041.506294120571
optimistic,2014,follicular,persons,3,3187.6509537886805,3175.7360698053444,3199.1364029638376,3187.6310471238253
optimistic,2015,follicular,persons,3,3217.2228384835257,3205.33558377,3228.90353494929,3217.131687842299
optimistic,2016,follicular,persons,3,3354.1553217202854,3341.950766169736,3366.7306469693194,3353.9080971451167
optimistic,2017,follicular,persons,3,3550.03563388171,3539.313017675417,3560.436146899901,3550.0245509706565
optimistic,2018,follicular,persons,3,3689.001010865427,3676.1173632093596,3699.773610246516,3688.78649028343
optimistic,2019,follicular,persons,3,3799.257460611976,3788.24751733369,3809.8959866667847,3799.0974646322215
optimistic,2020,follicular,persons,3,3972.4374130234555,3960.035897910594,3983.895865915234,3972.2497402449626
optimistic,2021,follicular,persons,3,4053.0534570304744,4039.048499986757,4066.2647120644738,4052.980674667628
optimistic,2022,follicular,persons,3,4164.977277697044,4104.916436789796,4219.9907414222625,4165.031336446179
optimistic,2023,follicular,persons,3,4137.296362790348,4022.9665798531933,4244.741693674892,4137.505507748083
optimistic,2024,follicular,persons,3,4289.131547167988,4115.994075323211,4449.696549503563,4289.115771135731
optimistic,2025,follicular,persons,3,4387.99926578537,4209.59534254015,4555.075194783314,4387.8859830760675
optimistic,2026,follicular,persons,3,4482.335965514176,4299.707648881817,4657.253793733638,4483.7926371298
optimistic,2027,follicular,persons,3,4573.932702612003,4387.456703926721,4759.05730553916,4575.923018743988
optimistic,2028,follicular,persons,3,4660.6691446457335,4463.9568339276075,4853.48291700125,4662.104057913257
optimistic,2029,follicular,persons,3,4737.456964840012,4534.2977196792735,4943.601519063279,4738.6372914876765
optimistic,2030,follicular,persons,3,4802.216169789877,4590.68324895723,5020.766006150561,4805.670264320122
optimistic,2031,follicular,persons,3,4859.642908826036,4636.667708986886,5090.741242527323,4863.654406215108
optimistic,2032,follicular,persons,3,4908.646855988961,4674.065315361055,5151.572601356779,4913.378613583165
optimistic,2033,follicular,persons,3,4952.0256701319095,4704.284185699193,5211.304203973111,4955.962604879267
optimistic,2034,follicular,persons,3,4986.96039650298,4725.8734116929445,5262.614484417965,4993.265756441147
optimistic,2035,follicular,persons,3,5021.522923949777,4750.126176608379,5313.245919137188,5027.621815290608
optimistic,2036,follicular,persons,3,5053.862487536752,4770.430114063656,5360.108196440794,5060.359413014022
optimistic,2037,follicular,persons,3,5080.965370836895,4784.588536626252,5400.03622659899,5087.018947807176
optimistic,2038,follicular,persons,3,5096.5445532263075,4789.5438857569125,5426.10602908957,5104.1623278855495
optimistic,2039,follicular,persons,3,5097.817573573142,4773.9089288894775,5441.413571884961,5106.7990819733295
optimistic,2040,follicular,persons,3,5089.545446947444,4748.316782526372,5444.786667432969,5098.157525079561
optimistic,2041,follicular,persons,3,5070.178759934612,4722.275294169194,5442.472914665526,5079.67090802309
optimistic,2042,follicular,persons,3,5044.161756188198,4688.034590354087,5426.921035352756,5052.927990495673
optimistic,2043,follicular,persons,3,5009.774023772472,4644.371054579147,5400.994053733314,5019.944157607762
optimistic,2044,follicular,persons,3,4976.805059340029,4602.886382055664,5382.400100472805,4985.290573767152
optimistic,2045,follicular,persons,3,4945.221837985195,4558.163213017501,5362.001946624442,4952.17407697119
optimistic,2012,mantle_cell,persons,3,539.6587896612575,531.7904504390473,546.9369303425975,539.5620219712929
optimistic,2013,mantle_cell,persons,3,571.5066274468018,562.0236623543537,579.6666122243951,571.2289845974409
optimistic,2014,mantle_cell,persons,3,606.7885113936557,596.7946064742599,616.0524041377518,606.7372235176686
optimistic,2015,mantle_cell,persons,3,640.0372342492401,629.1838413628352,649.46328751885,639.8175295537496
optimistic,2016,mantle_cell,persons,3,649.1865630699144,637.8770738418759,658.9131937604449,649.0336104711549
optimistic,2017,mantle_cell,persons,3,702.3118200553499,693.3066714885665,710.9216769777402,702.2841846863488
optimistic,2018,mantle_cell,persons,3,716.6550383972669,706.9940109001581,726.8814188479654,716.7725204146153
optimistic,2019,mantle_cell,persons,3,761.8508549094583,752.1201713645486,770.8453168557854,761.6953623108872
optimistic,2020,mantle_cell,persons,3,783.708050840178,773.3669308576231,793.892346651281,783.5959149456307
optimistic,2021,mantle_cell,persons,3,768.067489028984,756.8064632661689,779.1544588756113,767.9406124044182
optimistic,2022,mantle_cell,persons,3,765.2880728052452,738.1107448748867,792.7568736269584,765.3936313586057
optimistic,2023,mantle_cell,persons,3,761.6205514801459,711.0861166487856,813.7202004117909,762.1189085482845
optimistic,2024,mantle_cell,persons,3,821.9768488182476,748.5611226869215,899.8457659264308,823.0316989857564
optimistic,2025,mantle_cell,persons,3,865.3237375847351,788.3281881651702,946.8039616947857,865.8941730095622
optimistic,2026,mantle_cell,persons,3,910.4137869670412,828.4488497100149,998.1032703620397,910.9535504859102
optimistic,2027,mantle_cell,persons,3,956.6814826339778,868.9059291211028,1054.0395478307494,958.3731001382673
optimistic,2028,mantle_cell,persons,3,1005.6310045759997,910.0275865656555,1114.5575606599211,1007.5604250641105
optimistic,2029,mantle_cell,persons,3,1054.507535404056,949.6400140536061,1177.4987667592725,1056.8963330956392
optimistic,2030,mantle_cell,persons,3,1102.1994400326653,985.9957763894769,1238.175353583405,1104.9823443000341
optimistic,2031,mantle_cell,persons,3,1148.931280018842,1020.1234393725883,1297.5642044928732,1150.420911527485
optimistic,2032,mantle_cell,persons,3,1189.2218210653443,1051.9884681699991,1351.4529005575444,1192.1169360364013
optimistic,2033,mantle_cell,persons,3,1226.4898604238317,1078.197189764754,1406.730131666738,1230.2734163930927
optimistic,2034,mantle_cell,persons,3,1260.8450673732332,1102.1372797051652,1458.7677402086272,1265.8627189159738
optimistic,2035,mantle_cell,persons,3,1295.247136061223,1122.973530454041,1505.2470867977586,1300.498837229346
optimistic,2036,mantle_cell,persons,3,1329.162287204103,1144.573285589873,1557.1998794716148,1335.4673733098764
optimistic,2037,mantle_cell,persons,3,1363.9977299585275,1164.580766528203,1612.5545827219244,1369.8582997596768
optimistic,2038,mantle_cell,persons,3,1396.9862294974628,1184.1326181663105,1665.5324739455382,1402.901604801552
optimistic,2039,mantle_cell,persons,3,1425.458575239165,1200.1706445757095,1712.1502411167837,1431.5216292751877
optimistic,2040,mantle_cell,persons,3,1450.8214742205846,1210.1009478613003,1759.8847637431593,1457.6979147767136
optimistic,2041,mantle_cell,persons,3,1472.8876043582914,1218.8051306432967,1801.9215392328374,1481.0847461552692
optimistic,2042,mantle_cell,persons,3,1492.8506144868638,1225.3976944940462,1845.4959892666418,1501.3395777502706
optimistic,2043,mantle_cell,persons,3,1509.1153434734797,1225.1469010566773,1885.1374647269608,1518.6755774069388
optimistic,2044,mantle_cell,persons,3,1523.7189987771947,1226.9450274408891,1920.4381164578908,1533.8327875339135
optimistic,2045,mantle_cell,persons,3,1535.1945461789658,1224.0452907095523,1956.0235476776195,1547.2642836325708
optimistic,2012,hodgkin,persons,3,1730.7796102671557,1720.8951594680311,1739.0067824159803,1730.594358583754
optimistic,2013,hodgkin,persons,3,1777.706700227312,1766.2429977273127,1787.420623118478,1777.5913554787192
optimistic,2014,hodgkin,persons,3,1800.599428340362,1789.8893735689949,1810.9326169847232,1800.6061549027238
optimistic,2015,hodgkin,persons,3,1823.6770900034635,1813.5046293433459,1834.0643234577965,1823.605970356358
optimistic,2016,hodgkin,persons,3,1858.8349360212862,1847.4483248903323,1869.774742730297,1858.6799521422276
optimistic,2017,hodgkin,persons,3,1903.6570150350976,1893.7954728870945,1913.3931111494244,1903.5276806767326
optimistic,2018,hodgkin,persons,3,1902.9001241080432,1892.3206232986804,1912.663660404435,1902.7799857708987
optimistic,2019,hodgkin,persons,3,1938.776975524776,1928.742886840641,1948.3512474740633,1938.7963102172143
optimistic,2020,hodgkin,persons,3,1997.585247134228,1986.1897382754214,2008.172598606581,1997.5148835484156
optimistic,2021,hodgkin,persons,3,2103.065169060931,2089.7174597742874,2115.6789294994433,2102.927707477021
optimistic,2022,hodgkin,persons,3,2155.388906218574,2116.439076318839,2191.5453192670348,2155.6640256538317
optimistic,2023,hodgkin,persons,3,2189.4770759174226,2120.4850008440812,2257.24588735449,2190.300864149175
optimistic,2024,hodgkin,persons,3,2223.841090953372,2123.9936763334354,2323.326835319935,2224.562165379349
optimistic,2025,hodgkin,persons,3,2284.9033454635164,2183.8155512162966,2384.336284408952,2285.9666387667357
optimistic,2026,hodgkin,persons,3,2343.6710471697174,2240.1213546983927,2445.7633038806566,2344.4630449065917
optimistic,2027,hodgkin,persons,3,2400.6710423495497,2292.971344765733,2506.110394475982,2401.7904629282575
optimistic,2028,hodgkin,persons,3,2457.6710281591477,2345.553062896914,2563.7725375797168,2457.6644274963805
optimistic,2029,hodgkin,persons,3,2511.421415849989,2395.8279205193285,2620.63609132993,2512.286414590702
optimistic,2030,hodgkin,persons,3,2565.483296508832,2445.3718919994376,2677.6514839582624,2565.800473809054
optimistic,2031,hodgkin,persons,3,2619.4096000948307,2492.870607775968,2735.1325126469756,2618.4099098629254
optimistic,2032,hodgkin,persons,3,2671.15557401527,2540.6337130411644,2788.862995225554,2670.1483188922334
optimistic,2033,hodgkin,persons,3,2723.1635085634425,2585.1464778978766,2844.473642449235,2721.1008386363715
optimistic,2034,hodgkin,persons,3,2773.118645829536,2627.5449388771576,2900.9306398810927,2770.6515396369487
optimistic,2035,hodgkin,persons,3,2821.5180914372754,2671.6408099867276,2953.400570239567,2818.721325717144
optimistic,2036,hodgkin,persons,3,2867.979561940676,2711.934177872785,3007.4873146210625,2865.5019824292654
optimistic,2037,hodgkin,persons,3,2912.700145913891,2752.832034409348,3058.4357662856205,2911.245069151452
optimistic,2038,hodgkin,persons,3,2957.0912494019803,2790.0362700338833,3109.120241942252,2956.0096050083234
optimistic,2039,hodgkin,persons,3,3000.6614228802828,2825.11260543147,3155.9804783063696,2999.3374868590663
optimistic,2040,hodgkin,persons,3,3042.9910026228617,2863.105677175557,3203.7335812559522,3042.0126149592966
optimistic,2041,hodgkin,persons,3,3085.2165279133997,2900.4086112945347,3250.867520657636,3084.168918473501
optimistic,2042,hodgkin,persons,3,3126.497475237583,2936.824959181615,3298.716999072972,3125.681495106156
optimistic,2043,hodgkin,persons,3,3168.017271826446,2972.9062585333745,3346.279795340836,3166.6497761021133
optimistic,2044,hodgkin,persons,3,3207.918565176408,3006.876641771775,3392.734447306277,3206.15932392063
optimistic,2045,hodgkin,persons,3,3246.0084951536146,3039.418551510444,3435.567922511871,3243.5395174696014
optimistic,2012,nhl,persons,3,11380.838954411327,11351.558660339713,11413.230083392828,11380.656094275015
optimistic,2013,nhl,persons,3,11818.38917125565,11774.298473916677,11855.660407198575,11817.779224750604
optimistic,2014,nhl,persons,3,12391.748900269702,12348.419620711096,12431.762647778878,12391.43823882132
optimistic,2015,nhl,persons,3,12662.246582517335,12618.321786334871,12702.523958628179,12662.34610608742
optimistic,2016,nhl,persons,3,13137.70917613417,13091.410806689513,13180.312792488661,13137.628779900138
optimistic,2017,nhl,persons,3,13578.353266276848,13537.426724056308,13613.407010318928,13578.272660407009
optimistic,2018,nhl,persons,3,14043.321027401907,14001.231511376433,14084.365844426544,14043.58453361121
optimistic,2019,nhl,persons,3,14461.539348602142,14424.397409319141,14502.717373129944,14461.602725842042
optimistic,2020,nhl,persons,3,15059.535758518115,15016.761982487684,15106.34769861208,15059.999954378349
optimistic,2021,nhl,persons,3,15372.110996918927,15323.199108695404,15423.224317657705,15372.488061733007
optimistic,2022,nhl,persons,3,15833.52469125993,15717.693098994714,15950.776628723892,15834.919609907045
optimistic,2023,nhl,persons,3,16136.323212985753,15942.436212539262,16337.12378090022,16139.413886324146
optimistic,2024,nhl,persons,3,16827.51100387397,16545.14915916845,17108.33067500751,16827.967682205122
optimistic,2025,nhl,persons,3,17428.92703765067,17142.183487052975,17719.794790065578,17433.8196328726
optimistic,2026,nhl,persons,3,18045.260923205817,17750.70716100839,18344.38003494881,18049.502036296315
optimistic,2027,nhl,persons,3,18672.103933183622,18372.970890714943,18987.278814433488,18675.17998457851
optimistic,2028,nhl,persons,3,19300.712871960764,18989.14773775493,19626.485291865352,19304.02228976824
optimistic,2029,nhl,persons,3,19914.800211407703,19587.141208512872,20258.53102857512,19921.09256576673
optimistic,2030,nhl,persons,3,20516.541466415034,20169.91011453244,20885.120683297224,20521.931057457405
optimistic,2031,nhl,persons,3,21097.73262867134,20724.040742045498,21491.63268201042,21103.238113190142
optimistic,2032,nhl,persons,3,21658.58295809791,21271.684968402762,22080.595444232677,21668.897262158083
optimistic,2033,nhl,persons,3,22209.51591693851,21803.36379362379,22666.865958115777,22221.77758947729
optimistic,2034,nhl,persons,3,22759.621970072643,22323.436622767502,23236.63666863795,22769.033315703295
optimistic,2035,nhl,persons,3,23312.021671921026,22845.70626237738,23819.92098060176,23321.109037592967
optimistic,2036,nhl,persons,3,23879.03903767583,23375.296554509456,24417.437544098848,23886.34693672626
optimistic,2037,nhl,persons,3,24417.98566400909,23886.566605872344,24983.819910571605,24424.73494587966
optimistic,2038,nhl,persons,3,24896.139584806362,24343.12766425469,25481.884306947475,24901.506643369492
optimistic,2039,nhl,persons,3,25282.330130703063,24695.62240534273,25892.43017596477,25286.509904923547
optimistic,2040,nhl,persons,3,25631.607322030322,25013.16157405924,26268.175380695862,25635.517247285934
optimistic,2041,nhl,persons,3,25945.700586622195,25293.455636129347,26612.74781205589,25948.862781069947
optimistic,2042,nhl,persons,3,26223.620242638306,25541.618102613913,26931.455570240065,26229.595715636962
optimistic,2043,nhl,persons,3,26483.568316715602,25764.77336622833,27218.779367620755,26485.684470413922
optimistic,2044,nhl,persons,3,26728.08530789917,25985.861955112945,27509.20870599943,26731.42114221776
optimistic,2045,nhl,persons,3,26965.896373203737,26206.940078262098,27777.220560561113,26975.67771133879
optimistic,2012,total,males,3,7481.334733430779,7456.341622935665,7508.336122720872,7481.58060072279
optimistic,2013,total,males,3,7748.36247539322,7717.923666187668,7779.14775115826,7748.525618809237
optimistic,2014,total,males,3,8000.783014562956,7964.845831166111,8031.390598061329,7999.44215333175
optimistic,2015,total,males,3,8118.506940261871,8081.0563742165905,8149.316668605058,8117.066949744013
optimistic,2016,total,males,3,8373.992988525857,8333.993324685882,8407.502314527263,8373.055115824543
optimistic,2017,total,males,3,8746.806207069701,8714.806687685834,8776.56948730402,8746.544014491108
optimistic,2018,total,males,3,9078.806295264989,9047.390861761918,9110.073946442404,9078.726959326617
optimistic,2019,total,males,3,9408.054900376863,9377.745386386168,9440.253769657043,9407.933425850617
optimistic,2020,total,males,3,9726.98061485504,9692.307638239528,9762.414805985949,9726.866864953567
optimistic,2021,total,males,3,9867.168024631948,9828.104001618543,9906.909864111913,9867.038686565436
optimistic,2022,total,males,3,10110.028215913306,10020.037935721677,10199.57174619011,10109.697282266789
optimistic,2023,total,males,3,10301.251743006236,10146.730929367839,10448.532808699401,10299.386305884249
optimistic,2024,total,males,3,10737.11972510516,10520.514615146873,10945.850161520984,10734.46250693907
optimistic,2025,total,males,3,11106.747496436605,10881.516259172606,11324.723319891029,11106.76640253391
optimistic,2026,total,males,3,11481.04358766759,11255.446417085102,11712.63769265837,11482.570257128747
optimistic,2027,total,males,3,11859.91462821533,11629.343426357795,12103.577412627083,11862.836071997222
optimistic,2028,total,males,3,12237.284528748965,11996.612247136565,12500.19976530901,12243.23824750759
optimistic,2029,total,males,3,12611.512546580117,12354.60095241275,12887.55274087639,12615.166686436907
optimistic,2030,total,males,3,12969.105237847201,12701.60683271098,13262.31449571149,12975.661514713891
optimistic,2031,total,males,3,13317.174448267937,13031.142021746387,13624.490616216253,13323.13064528631
optimistic,2032,total,males,3,13654.582117292957,13350.167517094007,13973.787583230256,13660.258276643704
optimistic,2033,total,males,3,13984.106927109637,13654.99824374351,14326.34139679827,13987.479247126415
optimistic,2034,total,males,3,14304.274594789433,13951.908572128963,14670.395121983116,14308.086867999253
optimistic,2035,total,males,3,14627.620931401983,14247.531083705786,15008.802602467778,14628.240140825963
optimistic,2036,total,males,3,14951.197518577399,14546.806614687617,15353.310412883951,14954.257010388625
optimistic,2037,total,males,3,15261.985958743797,14833.059623203284,15690.765829212742,15264.168869900104
optimistic,2038,total,males,3,15535.29662989129,15084.938573584312,15984.381613453632,15538.894997343616
optimistic,2039,total,males,3,15755.718215168654,15289.334733211444,16229.54011759272,15761.39048111371
optimistic,2040,total,males,3,15957.376472174135,15474.790059642419,16439.84245287672,15962.229677160387
optimistic,2041,total,males,3,16134.985655120156,15636.821355574551,16629.467179848572,16142.217872165922
optimistic,2042,total,males,3,16295.366976129972,15778.274514387904,16819.564310107216,16302.207741149336
optimistic,2043,total,males,3,16438.548256229282,15907.502460070034,16996.65710345531,16446.206412347336
optimistic,2044,total,males,3,16575.623504648465,16028.558462952991,17160.421140974424,16582.150811651478
optimistic,2045,total,males,3,16705.64056044007,16136.984494171615,17309.61705262735,16715.698851287547
optimistic,2012,total,females,3,5629.5929432372595,5609.877549161148,5651.427200185239,5629.6698521359785
optimistic,2013,total,females,3,5846.849658152616,5822.140339311691,5874.713064718495,5846.844961420086
optimistic,2014,total,females,3,6192.488246162185,6165.200325986624,6220.348120075262,6192.602240392294
optimistic,2015,total,females,3,6368.790164566735,6340.524845951312,6396.531534720844,6368.885126699765
optimistic,2016,total,females,3,6623.481026419071,6594.288702705224,6652.7160363173025,6623.253616217822
optimistic,2017,total,females,3,6735.381462537189,6710.881738921905,6760.896475910692,6735.256326592632
optimistic,2018,total,females,3,6867.68851834552,6840.755516169197,6894.326593691063,6867.637560055491
optimistic,2019,total,females,3,6992.6896743616835,6966.570643077707,7018.774274496702,6992.465610208639
optimistic,2020,total,females,3,7331.154820549374,7301.030575089635,7362.072464563908,7330.647972973197
optimistic,2021,total,females,3,7608.89451176058,7575.182154029608,7641.887948969825,7608.377082644592
optimistic,2022,total,females,3,7880.862378359768,7804.871669674234,7959.59320510892,7880.886353294088
optimistic,2023,total,females,3,8028.038373478661,7899.790512313955,8174.275400638019,8030.328444589072
optimistic,2024,total,females,3,8315.014870180352,8133.698858289188,8523.322106963473,8318.067340645403
optimistic,2025,total,females,3,8611.561006700276,8424.641957618818,8821.009783530802,8613.019869105428
optimistic,2026,total,females,3,8909.607122340178,8714.57469141214,9126.732814424982,8911.394824074157
optimistic,2027,total,females,3,9211.987891632853,9006.749975888155,9438.122027084486,9214.134375509546
optimistic,2028,total,females,3,9516.93117797654,9301.887123055836,9751.034860636437,9518.448469757028
optimistic,2029,total,females,3,9817.173450150509,9587.818581155892,10059.651398023787,9818.212293920524
optimistic,2030,total,females,3,10113.544956651,9866.811014578903,10363.680666469221,10112.07001655257
optimistic,2031,total,females,3,10399.013128895163,10129.430893314042,10665.776406839312,10398.517377766759
optimistic,2032,total,females,3,10680.543602651602,10385.527998727819,10966.85568629911,10678.787304406611
optimistic,2033,total,females,3,10959.196702551853,10638.920643947931,11257.759381456832,10955.399180987244
optimistic,2034,total,females,3,11233.325514466822,10898.699671866892,11549.098159794046,11231.597987340989
optimistic,2035,total,females,3,11512.866281980445,11163.207998459477,11859.47424473094,11511.590222484148
optimistic,2036,total,females,3,11798.97160724409,11424.079964952085,12170.713370080555,11797.591908766897
optimistic,2037,total,females,3,12073.429720814158,11680.447103886705,12459.953961084835,12071.811145131009
optimistic,2038,total,females,3,12320.887870108323,11913.71983484575,12723.327019771818,12318.6212510342
optimistic,2039,total,females,3,12525.819309615035,12098.634042586084,12946.939879445077,12524.456910668903
optimistic,2040,total,females,3,12714.571105204468,12266.623556181687,13157.161499811175,12715.300185084845
optimistic,2041,total,females,3,12886.34220935493,12415.99399803449,13357.204165410638,12890.813827377526
optimistic,2042,total,females,3,13050.165904462337,12552.327905524755,13538.37985350026,13053.069469593784
optimistic,2043,total,females,3,13201.316855418925,12687.602755898532,13720.127658431618,13206.127834168698
optimistic,2044,total,females,3,13349.797922259919,12801.749198191043,13876.567008678898,13355.429654486914
optimistic,2045,total,females,3,13494.730927817513,12926.70812854165,14045.11888152938,13503.518377520846
optimistic,2012,total,persons,3,13111.196951545486,13080.841428317764,13145.459909612508,13111.250452858769
optimistic,2013,total,persons,3,13595.467044574561,13552.401640144073,13635.466302922308,13595.370580229324
optimistic,2014,total,persons,3,14192.331140218972,14146.664619042942,14232.423517962912,14192.044393724045
optimistic,2015,total,persons,3,14486.911077749894,14439.673541307671,14528.70495163982,14485.952076443778
optimistic,2016,total,persons,3,14996.999816116393,14946.64535490802,15043.059632016251,14996.308732042366
optimistic,2017,total,persons,3,15482.108005641125,15441.054056422783,15519.310177018884,15481.800341083741
optimistic,2018,total,persons,3,15946.16032309643,15901.941526297964,15989.319025329898,15946.364519382108
optimistic,2019,total,persons,3,16400.293883979462,16361.948570084767,16442.05581383668,16400.399036059254
optimistic,2020,total,persons,3,17057.557851909252,17011.927365405278,17102.844933522254,17057.514837926763
optimistic,2021,total,persons,3,17475.456038018627,17424.467398879846,17529.605505721334,17475.415769210027
optimistic,2022,total,persons,3,17988.49854861955,17871.679247522312,18117.191538355863,17990.583635560877
optimistic,2023,total,persons,3,18327.183695454245,18118.96922403413,18540.189876705474,18329.714750473322
optimistic,2024,total,persons,3,19049.5103833021,18750.52108176519,19348.12723780559,19052.529847584472
optimistic,2025,total,persons,3,19714.460162116247,19416.47866868798,20026.629979295147,19719.78627163934
optimistic,2026,total,persons,3,20389.439461673664,20079.741734684325,20716.031168010395,20393.965081202907
optimistic,2027,total,persons,3,21070.510587348886,20759.42374013244,21408.211463547686,21076.97044750677
optimistic,2028,total,persons,3,21753.474892148988,21429.20144756447,22102.329632504898,21761.68671726462
optimistic,2029,total,persons,3,22423.06864583255,22084.687991387338,22801.80286296804,22433.37898035743
optimistic,2030,total,persons,3,23078.662976721826,22725.623972172154,23473.166714591454,23087.73153126646
optimistic,2031,total,persons,3,23712.15223782095,23341.382655454494,24135.0936584535,23721.64802305307
optimistic,2032,total,persons,3,24331.079918414624,23928.12955686139,24786.30961159652,24339.045581050315
optimistic,2033,total,persons,3,24932.542720452497,24506.032303824308,25417.641315408153,24942.878428113658
optimistic,2034,total,persons,3,25527.795613568953,25082.178355336546,26034.830344023467,25539.68485534024
optimistic,2035,total,persons,3,26134.163993390208,25658.150305504165,26668.685064114816,26139.830363310113
optimistic,2036,total,persons,3,26744.445752015592,26220.942169905316,27323.40797921718,26751.848919155524
optimistic,2037,total,persons,3,27330.96650540636,26759.984450542757,27934.43758320071,27335.980015031113
optimistic,2038,total,persons,3,27847.668405901117,27255.065574943856,28488.553217168315,27857.516248377815
optimistic,2039,total,persons,3,28274.705281918566,27658.327492152966,28948.6195860581,28285.847391782612
optimistic,2040,total,persons,3,28662.5672496489,28037.213105307925,29370.99679387712,28677.529862245232
optimistic,2041,total,persons,3,29018.238636758586,28363.494310088783,29763.60095157395,29033.031699543448
optimistic,2042,total,persons,3,29340.233296631348,28663.186396030185,30115.015970663895,29355.27721074312
optimistic,2043,total,persons,3,29636.174068727058,28932.32421930583,30438.387879888138,29652.334246516035
optimistic,2044,total,persons,3,29920.619829714808,29192.245936770054,30774.386865331675,29937.58046613839
optimistic,2045,total,persons,3,30201.617257271646,29450.018552912923,31098.69214589218,30219.217228808393
optimistic,2012,dlbcl,persons,5,5775.940718489663,5745.655508568798,5809.045944857823,5776.042250968388
optimistic,2013,dlbcl,persons,5,5981.077949130018,5946.369319382815,6015.460140437515,5981.3749194686325
optimistic,2014,dlbcl,persons,5,6204.867138473266,6169.122280340996,6238.022013541543,6204.989267336344
optimistic,2015,dlbcl,persons,5,6371.778027661623,6337.942242485111,6405.227140993007,6371.94182688422
optimistic,2016,dlbcl,persons,5,6537.255271484309,6500.4037585582455,6569.622113588826,6536.651010328565
optimistic,2017,dlbcl,persons,5,6651.731399693723,6618.245221110728,6682.465751530892,6651.390873388006
optimistic,2018,dlbcl,persons,5,6820.316763785014,6781.262655238361,6855.88378237239,6819.451046082053
optimistic,2019,dlbcl,persons,5,6982.99015572658,6944.268260392479,7021.7051880415975,6982.972368890136
optimistic,2020,dlbcl,persons,5,7250.570364576335,7211.057324168644,7289.840858826045,7250.538024382262
optimistic,2021,dlbcl,persons,5,7482.062583458446,7436.9809480917065,7523.4340521723825,7481.532422424039
optimistic,2022,dlbcl,persons,5,7747.187736700799,7670.39621946816,7828.677502944949,7747.642774747501
optimistic,2023,dlbcl,persons,5,8007.175252055689,7875.487614862962,8143.328381856998,8008.159273692681
optimistic,2024,dlbcl,persons,5,8247.479281591355,8060.509734769235,8438.81885917333,8251.142739427203
optimistic,2025,dlbcl,persons,5,8443.642689694618,8206.704551189452,8696.238321213496,8449.169946370555
optimistic,2026,dlbcl,persons,5,8683.112007265572,8391.447055716962,8994.665243316054,8688.902281028664
optimistic,2027,dlbcl,persons,5,8927.922276145786,8615.839051570607,9256.306355079045,8930.924289907387
optimistic,2028,dlbcl,persons,5,9171.780715712686,8850.055268961074,9527.49354352671,9172.433220991508
optimistic,2029,dlbcl,persons,5,9409.316332455182,9061.913594651636,9794.66052801319,9412.89458102304
optimistic,2030,dlbcl,persons,5,9644.852858647093,9277.299629925392,10061.86559324513,9649.05480025977
optimistic,2031,dlbcl,persons,5,9874.554972469949,9485.86965874722,10317.973197719484,9876.73688504293
optimistic,2032,dlbcl,persons,5,10088.811661518735,9672.85231824028,10558.931581991117,10096.175711241294
optimistic,2033,dlbcl,persons,5,10297.816120975942,9850.341618867242,10804.770833880513,10305.332323492714
optimistic,2034,dlbcl,persons,5,10498.824883591362,10012.90869284863,11028.622103945097,10507.445336697347
optimistic,2035,dlbcl,persons,5,10692.85079667356,10179.404846443418,11271.421378611298,10704.937867695293
optimistic,2036,dlbcl,persons,5,10890.804341068084,10336.581595308711,11515.955720390693,10902.723583653638
optimistic,2037,dlbcl,persons,5,11085.097321258874,10484.861547791124,11750.172861419802,11094.101595283457
optimistic,2038,dlbcl,persons,5,11263.787788264613,10608.10517628094,11960.988987115006,11271.50290730818
optimistic,2039,dlbcl,persons,5,11412.16933263787,10726.024202809118,12145.935473019728,11426.941938291518
optimistic,2040,dlbcl,persons,5,11541.312774702574,10820.029532700688,12316.369800418774,11557.712882091875
optimistic,2041,dlbcl,persons,5,11642.572109759887,10887.897154478767,12454.448143065327,11660.192008647211
optimistic,2042,dlbcl,persons,5,11728.164131721962,10933.549836870812,12575.501375759448,11749.704221911461
optimistic,2043,dlbcl,persons,5,11807.399815653782,10974.34745783292,12704.014693971543,11827.636504995236
optimistic,2044,dlbcl,persons,5,11883.029440813567,11015.088275871383,12816.140283944957,11898.357072992885
optimistic,2045,dlbcl,persons,5,11952.088076351383,11053.10696227221,12935.743294006335,11965.20362262451
optimistic,2012,follicular,persons,5,4771.562907019259,4755.28968623023,4787.682915511022,4771.386061776782
optimistic,2013,follicular,persons,5,4878.333967792686,4861.699450051251,4894.6475687604525,4878.280316949054
optimistic,2014,follicular,persons,5,4988.7748523871,4971.97487884977,5005.367355442911,4988.574893755613
optimistic,2015,follicular,persons,5,5066.436203492294,5048.963097905374,5082.789266882881,5066.4752776556115
optimistic,2016,follicular,persons,5,5270.517770985032,5252.485381840874,5287.47021316928,5270.359477662361
optimistic,2017,follicular,persons,5,5509.360875017604,5491.850261914355,5524.897151309287,5509.053138825244
optimistic,2018,follicular,persons,5,5708.351576449895,5689.492248895127,5724.628981052373,5707.89291703863
optimistic,2019,follicular,persons,5,5879.898668334336,5861.984850287476,5897.228688093446,5879.924843366949
optimistic,2020,follicular,persons,5,6244.591448719113,6227.985767477575,6262.715928490826,6244.67143082426
optimistic,2021,follicular,persons,5,6368.477534211162,6349.626232256313,6387.169301510849,6368.442328653345
optimistic,2022,follicular,persons,5,6474.136019825376,6412.24805027158,6534.630547138576,6473.7654082942345
optimistic,2023,follicular,persons,5,6679.4487970000555,6560.7952892899775,6791.962588025128,6678.879691432871
optimistic,2024,follicular,persons,5,6851.096864320647,6676.485227185485,7016.289194513802,6851.092999734854
optimistic,2025,follicular,persons,5,6885.993933469327,6656.491856022556,7105.8836844394655,6886.918573195272
optimistic,2026,follicular,persons,5,7088.967519650659,6804.879361352801,7362.866564487848,7091.509073686413
optimistic,2027,follicular,persons,5,7245.483796341712,6954.787322970913,7528.884936753458,7247.588111020282
optimistic,2028,follicular,persons,5,7393.454654028531,7088.40001984836,7687.123701173579,7394.825848988901
optimistic,2029,follicular,persons,5,7530.089116922803,7215.00413986736,7846.6642844004455,7531.993920380636
optimistic,2030,follicular,persons,5,7658.142557436666,7327.208479261494,7989.818734987236,7657.426214927245
optimistic,2031,follicular,persons,5,7767.833196979407,7422.197657950678,8116.375245460193,7767.9845413635185
optimistic,2032,follicular,persons,5,7862.9546082488105,7497.50434435344,8229.587230660183,7864.1444683368645
optimistic,2033,follicular,persons,5,7943.788921108023,7554.928586095106,8331.123184428474,7946.851264487067
optimistic,2034,follicular,persons,5,8014.818155231392,7603.813542668288,8427.941541068209,8018.836871632032
optimistic,2035,follicular,persons,5,8076.093019763868,7649.259679022243,8515.667558752019,8081.874754189184
optimistic,2036,follicular,persons,5,8131.82013709,7690.675269489887,8594.08026042072,8138.286271754137
optimistic,2037,follicular,persons,5,8181.86493453751,7711.316367914098,8668.304733722964,8188.102043500036
optimistic,2038,follicular,persons,5,8222.138561288859,7719.062218388967,8736.745921744532,8227.729320582494
optimistic,2039,follicular,persons,5,8246.964565544038,7726.621442094656,8782.53101304267,8251.513086685636
optimistic,2040,follicular,persons,5,8249.848152792165,7708.528417971118,8801.563316225123,8255.430244261415
optimistic,2041,follicular,persons,5,8230.67160820814,7672.236369545923,8807.494860355475,8236.03467900864
optimistic,2042,follicular,persons,5,8193.146624444411,7621.01370783938,8789.509713757221,8200.61808485979
optimistic,2043,follicular,persons,5,8141.723595109233,7552.3372216299085,8764.967726438836,8151.774145776532
optimistic,2044,follicular,persons,5,8081.938383250962,7471.804995520791,8732.08555541868,8094.747221519349
optimistic,2045,follicular,persons,5,8018.739546172836,7392.830698522729,8689.988932070744,8033.892033959529
optimistic,2012,mantle_cell,persons,5,774.721824401355,763.1146501613199,786.592964286066,774.7878018480563
optimistic,2013,mantle_cell,persons,5,816.3239448295124,803.3005816278454,828.308905800736,816.2690574099046
optimistic,2014,mantle_cell,persons,5,875.5113496017012,863.2156534396701,887.2840594784893,875.4866077351013
optimistic,2015,mantle_cell,persons,5,910.5331814733079,897.6212298529474,922.61704211025,910.5484632904883
optimistic,2016,mantle_cell,persons,5,932.5311307382196,918.6017358705578,945.6924507699648,932.491011546101
optimistic,2017,mantle_cell,persons,5,1016.4158336569037,1003.1249423583575,1028.6304905278703,1016.3396880375199
optimistic,2018,mantle_cell,persons,5,1044.3382931463043,1031.0287541290852,1058.7102532086699,1044.4186035478826
optimistic,2019,mantle_cell,persons,5,1092.0309419137648,1077.2257308165263,1105.4612958830603,1091.8126977157465
optimistic,2020,mantle_cell,persons,5,1160.3268479554185,1145.885159088515,1174.474172817448,1160.470670746618
optimistic,2021,mantle_cell,persons,5,1159.087198710035,1144.6518471011025,1172.6560193784546,1159.0334223139994
optimistic,2022,mantle_cell,persons,5,1160.17694488988,1130.2343785202327,1188.5119556609297,1160.0699358886918
optimistic,2023,mantle_cell,persons,5,1202.1068576427265,1151.106276836303,1256.6091892606762,1202.8525723780126
optimistic,2024,mantle_cell,persons,5,1233.213443417768,1159.165727614413,1312.5445239300545,1234.4134971186638
optimistic,2025,mantle_cell,persons,5,1263.135601392276,1166.6129342132638,1367.403295220638,1264.7165946845992
optimistic,2026,mantle_cell,persons,5,1350.7374054839038,1229.164189679208,1481.9944335157306,1351.9642174574099
optimistic,2027,mantle_cell,persons,5,1426.2605141302279,1292.708116189434,1566.728618560592,1427.0263924832595
optimistic,2028,mantle_cell,persons,5,1504.8135150057237,1360.8857947625854,1662.4843127838346,1505.101532920609
optimistic,2029,mantle_cell,persons,5,1583.127719957305,1429.1051480600668,1757.674315812946,1585.465225954605
optimistic,2030,mantle_cell,persons,5,1663.6351756165582,1494.4461944062555,1857.1181424560361,1666.504968792843
optimistic,2031,mantle_cell,persons,5,1744.226778769243,1560.4889910997808,1957.826326085685,1746.0062978085787
optimistic,2032,mantle_cell,persons,5,1820.6043624701506,1617.6725589795903,2049.163791097516,1822.0021868575095
optimistic,2033,mantle_cell,persons,5,1891.4055835970667,1670.5470622795594,2138.543060485379,1893.6166353260433
optimistic,2034,mantle_cell,persons,5,1957.3725027390863,1717.89205122478,2228.3052254479308,1961.1342969858906
optimistic,2035,mantle_cell,persons,5,2019.6984948955385,1761.680531245341,2321.8478135192636,2025.09034112504
optimistic,2036,mantle_cell,persons,5,2081.8980921681045,1803.8515434849653,2413.702713754383,2087.424046662643
optimistic,2037,mantle_cell,persons,5,2141.8097523082074,1846.106213708359,2502.3847755097568,2148.770829201212
optimistic,2038,mantle_cell,persons,5,2199.4435474050297,1884.978507360628,2596.102674024628,2208.35521171536
optimistic,2039,mantle_cell,persons,5,2254.825118410631,1915.2898571422634,2685.6152157512397,2263.723734662815
optimistic,2040,mantle_cell,persons,5,2301.971969265459,1943.8359594447995,2770.5658267700114,2312.5725073876615
optimistic,2041,mantle_cell,persons,5,2340.4602228658982,1962.166155139917,2846.240215716969,2352.2943367651296
optimistic,2042,mantle_cell,persons,5,2377.587482502644,1968.1835513146216,2919.9766149543884,2387.396103909035
optimistic,2043,mantle_cell,persons,5,2406.6536167301047,1971.5560473734972,2988.5178724388957,2417.8574543156133
optimistic,2044,mantle_cell,persons,5,2431.9688212059727,1974.5727576279182,3055.2211022788197,2444.3278069262187
optimistic,2045,mantle_cell,persons,5,2451.7005129581776,1974.3175780024624,3113.6214086878203,2467.3831925349587
optimistic,2012,hodgkin,persons,5,2672.736131949449,2659.3039949780214,2685.7229597950336,2672.714993373859
optimistic,2013,hodgkin,persons,5,2779.413096973219,2764.7536213960075,2793.2315928671264,2779.475308771836
optimistic,2014,hodgkin,persons,5,2855.3294758370566,2841.0890933504265,2869.733790500002,2855.361933666524
optimistic,2015,hodgkin,persons,5,2926.4811935018756,2913.1926215257413,2940.0339749351224,2926.529147467258
optimistic,2016,hodgkin,persons,5,2978.089691560318,2964.451012559244,2992.0169454541724,2978.262899460933
optimistic,2017,hodgkin,persons,5,3034.791721075523,3021.915946946741,3047.212174479544,3034.714292307931
optimistic,2018,hodgkin,persons,5,3055.67162421957,3041.741146718015,3069.165766215241,3055.791749643909
optimistic,2019,hodgkin,persons,5,3113.741067249639,3100.2820349466665,3127.747611267418,3113.9383329285574
optimistic,2020,hodgkin,persons,5,3205.9743090168886,3191.360900544814,3219.242069408202,3205.664932190243
optimistic,2021,hodgkin,persons,5,3299.2136049868213,3283.3468584271263,3313.081595729064,3299.124157702202
optimistic,2022,hodgkin,persons,5,3366.878935075044,3327.7877898605548,3403.7821608838135,3366.8199968394806
optimistic,2023,hodgkin,persons,5,3488.8273463102933,3419.23482512119,3555.972380550721,3488.4146613220705
optimistic,2024,hodgkin,persons,5,3580.5589928223917,3483.5046586353415,3679.4562632311063,3580.921534032337
optimistic,2025,hodgkin,persons,5,3652.3388634599128,3525.868025456194,3783.4610354499114,3653.636817946585
optimistic,2026,hodgkin,persons,5,3725.21852403524,3570.723985237675,3889.9158684630056,3727.5886504421487
optimistic,2027,hodgkin,persons,5,3824.0798279864584,3664.663456808877,3989.3210632139794,3825.708137075333
optimistic,2028,hodgkin,persons,5,3919.5420555109026,3753.447850713623,4087.2333453295137,3919.8979380356327
optimistic,2029,hodgkin,persons,5,4012.729507684571,3839.3450294351337,4182.565786223747,4012.2264586184733
optimistic,2030,hodgkin,persons,5,4102.186933465304,3924.5707098419884,4278.693173660699,4102.39969201261
optimistic,2031,hodgkin,persons,5,4190.98461565854,4005.33883227418,4371.162002382561,4190.780932665844
optimistic,2032,hodgkin,persons,5,4278.038342411257,4082.5582999340972,4461.305253934736,4277.69442643709
optimistic,2033,hodgkin,persons,5,4362.895890867438,4157.051122714679,4554.096032789475,4363.160627846024
optimistic,2034,hodgkin,persons,5,4448.542034607896,4230.192337017833,4649.030117513563,4446.770954408359
optimistic,2035,hodgkin,persons,5,4530.05164760104,4304.156979933028,4740.717698717791,4528.313682815875
optimistic,2036,hodgkin,persons,5,4610.799208641693,4373.832535363773,4831.8416078226055,4607.992008621038
optimistic,2037,hodgkin,persons,5,4688.428686347677,4440.069531824638,4918.59568252585,4685.9713330578825
optimistic,2038,hodgkin,persons,5,4764.57688498115,4509.909582138037,5001.489680965491,4761.6766678292615
optimistic,2039,hodgkin,persons,5,4838.165728122756,4575.602293549124,5079.052662821228,4835.345977263879
optimistic,2040,hodgkin,persons,5,4908.356059375304,4635.177926414813,5155.252110456106,4906.819422516354
optimistic,2041,hodgkin,persons,5,4978.192843648416,4694.358291453688,5230.769955636613,4975.259804406352
optimistic,2042,hodgkin,persons,5,5045.015401968822,4750.401713365042,5306.521603559403,5042.763740517809
optimistic,2043,hodgkin,persons,5,5112.280514937085,4806.587442944953,5381.787309660825,5109.321718453836
optimistic,2044,hodgkin,persons,5,5176.241520893172,4863.169152027649,5459.853883259833,5174.105751291602
optimistic,2045,hodgkin,persons,5,5236.721355776183,4918.162004758707,5532.884397830995,5236.344482278944
optimistic,2012,nhl,persons,5,17033.269594025485,16983.495948793592,17081.982913222233,17033.200789819166
optimistic,2013,nhl,persons,5,17750.161868988107,17699.151836397283,17800.543090554664,17750.246701616532
optimistic,2014,nhl,persons,5,18591.985719627748,18537.639164880744,18643.572812970353,18591.716822732305
optimistic,2015,nhl,persons,5,19207.352345189953,19153.847843252443,19259.927524833758,19207.449952149396
optimistic,2016,nhl,persons,5,19937.1941204548,19878.857923438245,19993.620923450017,19936.317672263467
optimistic,2017,nhl,persons,5,20660.45777528762,20604.556998480904,20710.445629131173,20659.162643777494
optimistic,2018,nhl,persons,5,21353.46520959337,21293.682877621275,21407.844834160715,21352.664310346565
optimistic,2019,nhl,persons,5,21944.173841706128,21886.766387855463,22003.08764089251,21944.162434807502
optimistic,2020,nhl,persons,5,22945.645818536144,22885.64378277898,23000.52184384707,22945.273057969014
optimistic,2021,nhl,persons,5,23477.77035497331,23418.235685680596,23538.905740821323,23478.773082068725
optimistic,2022,nhl,persons,5,24137.590500126535,24022.365962982803,24261.592101923037,24136.709176633947
optimistic,2023,nhl,persons,5,24956.00114064999,24761.29577780745,25167.890680236633,24958.74549650451
optimistic,2024,nhl,persons,5,25791.83495933276,25514.037702660276,26087.36992235628,25796.559384878736
optimistic,2025,nhl,persons,5,26478.765059013836,26114.8981601317,26857.03651333236,26482.065476427593
optimistic,2026,nhl,persons,5,27535.075633452332,27096.320106471772,27989.12840546909,27536.254356930604
optimistic,2027,nhl,persons,5,28523.094750127835,28069.8039730785,28992.037967716857,28525.549222406407
optimistic,2028,nhl,persons,5,29518.046241746015,29048.813640575456,30001.944669298187,29519.642211117767
optimistic,2029,nhl,persons,5,30516.32680705428,30026.88806071291,31018.878977240896,30514.343261622827
optimistic,2030,nhl,persons,5,31496.600937302926,30976.68131178544,32028.599844399014,31499.3602150707
optimistic,2031,nhl,persons,5,32460.644607736776,31914.043388473678,33032.067413809185,32461.577178363685
optimistic,2032,nhl,persons,5,33397.12990801565,32814.536169640574,34013.13195160111,33399.736219282924
optimistic,2033,nhl,persons,5,34307.818900593775,33691.75617346523,34957.81534321001,34311.548450712355
optimistic,2034,nhl,persons,5,35198.79576919705,34547.22604257321,35902.532357050106,35206.60604458841
optimistic,2035,nhl,persons,5,36086.44908055035,35402.64799090739,36826.20835880857,36091.83754594798
optimistic,2036,nhl,persons,5,36976.59423634449,36236.65450777286,37760.04779506035,36982.03994137163
optimistic,2037,nhl,persons,5,37841.868149970775,37068.77896219678,38680.82812509054,37853.13553147648
optimistic,2038,nhl,persons,5,38657.94506682293,37844.79525805806,39541.58918920438,38669.380419100286
optimistic,2039,nhl,persons,5,39391.20018647769,38529.20148624106,40306.91620672956,39404.20951236989
optimistic,2040,nhl,persons,5,40033.67695180171,39131.82503894985,41016.5043838708,40044.27288982911
optimistic,2041,nhl,persons,5,40557.92835660632,39618.360326208756,41612.34142806306,40568.76396351023
optimistic,2042,nhl,persons,5,41027.852004288776,40053.99132588355,42157.321193318305,41041.90479237279
optimistic,2043,nhl,persons,5,41455.45099662281,40444.07335069044,42636.00587848236,41469.77691771252
optimistic,2044,nhl,persons,5,41849.66855926302,40800.31392884042,43099.36991503804,41867.40656694999
optimistic,2045,nhl,persons,5,42233.2444583137,41126.138211726626,43530.63654935807,42247.033542955105
optimistic,2012,total,males,5,11117.137015772176,11078.365458266213,11154.902516272605,11116.961324714606
optimistic,2013,total,males,5,11590.660407058589,11549.1791218057,11632.863405325517,11590.963259293238
optimistic,2014,total,males,5,12079.321584098623,12033.758438953007,12117.523670320956,12078.21059392185
optimistic,2015,total,males,5,12450.710687419112,12403.765554218313,12494.581622443577,12449.896113550749
optimistic,2016,total,males,5,12824.024203245182,12776.30421751935,12872.375368240753,12823.881936224663
optimistic,2017,total,males,5,13278.969794780893,13237.424879265729,13323.93720727943,13279.098925258086
optimistic,2018,total,males,5,13735.38620894285,13691.588555549693,13780.018329626135,13735.931183208944
optimistic,2019,total,males,5,14172.717983886774,14129.521735335897,14216.589420344628,14173.260807026805
optimistic,2020,total,males,5,14796.602260201176,14750.716660751297,14844.840056124569,14796.388845650708
optimistic,2021,total,males,5,15143.924506352916,15094.13562010835,15192.094333867022,15143.249091648326
optimistic,2022,total,males,5,15505.139592853211,15407.877333630091,15603.0367650179,15504.288108628643
optimistic,2023,total,males,5,15979.88714426415,15818.646267939586,16139.049396371169,15978.555139891625
optimistic,2024,total,males,5,16447.604894586053,16219.62551069762,16669.564429519145,16446.494424998607
optimistic,2025,total,males,5,16867.51294418426,16564.4068267366,17143.308728896915,16862.99192982379
optimistic,2026,total,males,5,17519.443019769067,17148.330066699265,17856.49435063922,17513.947916301408
optimistic,2027,total,males,5,18118.711349768906,17739.090878807754,18470.19178476164,18114.461435265537
optimistic,2028,total,males,5,18717.43971006226,18325.310083612185,19085.81879711856,18714.18324063071
optimistic,2029,total,males,5,19313.83804697352,18909.87865790784,19699.666776634796,19311.394870139477
optimistic,2030,total,males,5,19900.543163776078,19485.93758547725,20313.81215507795,19899.894284758193
optimistic,2031,total,males,5,20473.90989483743,20043.555674216397,20904.11623350636,20472.30552436063
optimistic,2032,total,males,5,21031.104365603205,20574.009716152814,21488.38916017221,21028.197123595433
optimistic,2033,total,males,5,21566.331263260556,21087.34706114695,22045.233947382214,21564.82189215805
optimistic,2034,total,males,5,22091.74111496868,21583.214980759272,22588.995100293192,22086.9752013681
optimistic,2035,total,males,5,22606.112794364213,22068.571508058096,23138.155650109027,22598.659769909336
optimistic,2036,total,males,5,23117.19750261635,22539.7014416643,23686.169255285946,23109.289167209365
optimistic,2037,total,males,5,23613.3664123061,22998.63494112028,24219.036519444107,23606.199690909205
optimistic,2038,total,males,5,24075.24169737662,23429.85294386734,24722.50930778165,24070.09919464392
optimistic,2039,total,males,5,24486.767992777408,23830.03606952456,25172.09400158706,24486.39863401324
optimistic,2040,total,males,5,24847.73914989476,24164.53558727535,25566.310667680278,24847.86645094418
optimistic,2041,total,males,5,25143.291362605334,24433.13246844289,25884.066795008777,25144.63045659711
optimistic,2042,total,males,5,25406.080117181336,24671.61128005431,26174.160573804787,25410.48423212529
optimistic,2043,total,males,5,25645.31174731825,24880.5019591561,26451.739954134664,25648.425699492458
optimistic,2044,total,males,5,25862.915032686127,25069.218499987423,26701.269836248295,25866.88192489077
optimistic,2045,total,males,5,26063.209127879614,25237.832900641344,26933.989280194925,26072.6883560459
optimistic,2012,total,females,5,8589.930040344647,8553.880479205562,8620.228555379692,8588.954458478418
optimistic,2013,total,females,5,8938.601730530976,8903.282543705809,8972.829246068628,8938.75875109513
optimistic,2014,total,females,5,9369.082697545402,9334.600243202614,9402.947597268403,9368.868162476976
optimistic,2015,total,females,5,9684.269211782837,9649.320392947126,9719.774195156191,9684.082986065905
optimistic,2016,total,females,5,10090.7294017272,10052.520869711741,10129.028171470158,10090.698635499737
optimistic,2017,total,females,5,10414.626326447833,10378.617540799894,10448.854962183292,10414.778010827342
optimistic,2018,total,females,5,10673.1002503665,10632.643798090478,10710.675283120921,10672.52487678153
optimistic,2019,total,females,5,10884.258392119733,10845.486163372449,10923.730731237116,10884.839960709252
optimistic,2020,total,females,5,11354.425079518249,11315.159436605374,11394.34747068524,11354.54914450855
optimistic,2021,total,females,5,11634.346535790992,11592.752579205124,11674.212748057533,11634.6481481226
optimistic,2022,total,females,5,12000.09249993406,11919.612760688482,12077.567176616203,11999.241064844784
optimistic,2023,total,females,5,12469.935206258564,12336.74546140506,12613.110956893168,12468.605017934955
optimistic,2024,total,females,5,12930.091054204233,12747.269522897817,13142.335079351047,12930.986493912467
optimistic,2025,total,females,5,13271.226641908554,13033.752718037804,13544.019481735477,13272.710364550388
optimistic,2026,total,females,5,13746.617005641625,13452.07888689435,14076.73794453936,13749.895091071343
optimistic,2027,total,females,5,14233.094670082262,13924.161024694666,14571.517444442034,14236.795924216203
optimistic,2028,total,females,5,14722.48839170764,14390.658201758051,15068.718035871723,14725.356908522688
optimistic,2029,total,females,5,15212.880255036376,14874.260722905201,15568.719058307883,15215.174850101823
optimistic,2030,total,females,5,15700.035450020488,15342.487189405647,16074.67363308982,15701.865622325118
optimistic,2031,total,females,5,16174.879967229592,15790.186665846843,16569.616435386946,16180.0525866689
optimistic,2032,total,females,5,16644.008303191982,16224.941647325046,17058.21255442145,16649.23352212458
optimistic,2033,total,females,5,17102.34978041837,16650.794388383136,17538.83004150891,17109.887186400327
optimistic,2034,total,females,5,17560.841842851347,17073.174218826716,18020.519588027444,17566.401797628667
optimistic,2035,total,females,5,18013.23142256263,17501.162559768163,18503.683569168024,18021.491458854518
optimistic,2036,total,females,5,18473.539544192157,17925.97894008392,18985.50827652609,18480.7427827833
optimistic,2037,total,females,5,18929.73308399415,18351.5142843824,19472.5426499831,18932.90717362516
optimistic,2038,total,females,5,19358.91920272533,18754.702397886977,19945.635867282417,19360.957892285624
optimistic,2039,total,females,5,19749.934784549165,19115.805983241007,20371.46818754292,19753.156855620527
optimistic,2040,total,females,5,20092.748563495865,19441.525547343044,20752.48417250627,20103.225861401286
optimistic,2041,total,females,5,20388.779189994137,19707.593246514924,21078.801153844805,20399.393311319473
optimistic,2042,total,females,5,20662.606330702718,19946.62696423821,21392.82910899591,20674.18430076531
optimistic,2043,total,females,5,20916.53019989613,20165.58261519813,21686.25029989114,20930.6729366739
optimistic,2044,total,females,5,21159.43035075259,20380.47439539004,21965.13418514739,21174.630393350817
optimistic,2045,total,females,5,21393.467385925946,20579.195177187252,22242.240708539415,21410.689669188152
optimistic,2012,total,persons,5,19706.658649043056,19654.681900809526,19755.392801707494,19705.915783193024
optimistic,2013,total,persons,5,20530.830404779586,20474.739958103895,20582.320044927495,20529.722010388366
optimistic,2014,total,persons,5,21447.393947061646,21393.100280172916,21500.043316934407,21447.078756398827
optimistic,2015,total,persons,5,22133.71442880544,22078.163798064168,22187.83862047123,22133.979099616652
optimistic,2016,total,persons,5,22916.363853201154,22855.46072133286,22972.25140617691,22914.5805717244
optimistic,2017,total,persons,5,23694.495049680652,23637.976381958517,23747.3913156296,23693.876936085428
optimistic,2018,total,persons,5,24408.260565075616,24350.873890841878,24465.19388394827,24408.456059990473
optimistic,2019,total,persons,5,25058.737877100335,24999.189550911648,25119.17194095104,25058.100767736058
optimistic,2020,total,persons,5,26151.264929211324,26089.93210511825,26206.533433672084,26150.93799015926
optimistic,2021,total,persons,5,26778.167035938342,26713.30234132401,26840.53603959651,26777.897239770926
optimistic,2022,total,persons,5,27505.45062018802,27377.2948051951,27635.28093395867,27503.529173473427
optimistic,2023,total,persons,5,28448.45541910859,28235.189251051885,28668.93487347599,28447.16015782658
optimistic,2024,total,persons,5,29373.918832820527,29074.69277127248,29686.562932824814,29377.480918911075
optimistic,2025,total,persons,5,30131.96351218693,29751.019846899308,30536.69817586232,30135.70229437418
optimistic,2026,total,persons,5,31261.896054587683,30794.9993516542,31753.235914053814,31263.84300737275
optimistic,2027,total,persons,5,32352.302157196405,31885.004937070407,32851.616964182314,32351.25735948174
optimistic,2028,total,persons,5,33442.0921355724,32957.61980065726,33960.393895625006,33439.5401491534
optimistic,2029,total,persons,5,34523.472615104256,34026.38174935489,35077.07711669473,34526.5697202413
optimistic,2030,total,persons,5,35596.50469963123,35066.23087327974,36180.385559350776,35601.75990708331
optimistic,2031,total,persons,5,36650.146143180304,36096.07825898968,37256.30759214927,36652.35811102953
optimistic,2032,total,persons,5,37674.640895700555,37083.14849037147,38314.7613669118,37677.430645720015
optimistic,2033,total,persons,5,38668.52732407264,38026.53447878573,39354.069115500555,38674.70907855838
optimistic,2034,total,persons,5,39648.84324402956,38963.850509840944,40378.54032012894,39653.37699899677
optimistic,2035,total,persons,5,40617.534103886894,39911.62021351069,41400.61778841781,40620.151228763854
optimistic,2036,total,persons,5,41588.60151239591,40833.341417617376,42422.886122537195,41590.03194999266
optimistic,2037,total,persons,5,42536.73100484035,41726.104026507506,43414.38958864033,42539.10686453437
optimistic,2038,total,persons,5,43427.95096727485,42580.553632689815,44364.06127218408,43431.05708692955
optimistic,2039,total,persons,5,44231.44916228768,43372.55880388478,45221.12552770778,44239.55548963376
optimistic,2040,total,persons,5,44942.16766546552,44016.232780002865,45996.278202819965,44951.09231234546
optimistic,2041,total,persons,5,45538.8125659993,44592.6053205002,46635.150955769066,45544.02376791659
optimistic,2042,total,persons,5,46084.45745976585,45096.48504080529,47230.61828137512,46084.6685328906
optimistic,2043,total,persons,5,46578.6829562193,45544.1367975631,47783.52756024537,46579.09863616636
optimistic,2044,total,persons,5,47030.46634757635,45950.86960984682,48315.20881663876,47041.51231824159
optimistic,2045,total,persons,5,47468.14522052577,46337.67109429207,48810.028012428775,47483.37802523405
optimistic,2012,dlbcl,persons,10,9277.854983272275,9094.332105871765,9467.23343553998,9278.72315469679
optimistic,2013,dlbcl,persons,10,9616.595375587578,9444.163431658113,9801.199268294593,9620.003280084118
optimistic,2014,dlbcl,persons,10,9988.17286550044,9817.056793582491,10163.910213930025,9990.598614346602
optimistic,2015,dlbcl,persons,10,10260.657632852308,10089.648538661784,10427.726132259302,10261.499630119348
optimistic,2016,dlbcl,persons,10,10586.3246150459,10426.434921739357,10739.23832092481,10587.461066701855
optimistic,2017,dlbcl,persons,10,10920.64869054054,10778.675568287308,11053.625473641054,10921.985151318118
optimistic,2018,dlbcl,persons,10,11253.54724104393,11130.650930683565,11375.432373067244,11254.081050113475
optimistic,2019,dlbcl,persons,10,11611.131937234528,11504.90766683921,11727.061724787081,11613.846689318409
optimistic,2020,dlbcl,persons,10,12016.47236904869,11896.189028511832,12130.044251993879,12016.222381167774
optimistic,2021,dlbcl,persons,10,12371.005229920807,12216.475975499909,12523.937742820683,12370.856649196474
optimistic,2022,dlbcl,persons,10,12718.116334394403,12566.516840700971,12873.412691202859,12718.296623185142
optimistic,2023,dlbcl,persons,10,13097.868059947456,12923.052844640893,13270.588601869438,13097.169032620404
optimistic,2024,dlbcl,persons,10,13439.120180346446,13233.998096966458,13653.76641532767,13441.127710672723
optimistic,2025,dlbcl,persons,10,13835.567032500954,13576.192683047097,14103.76684730906,13836.43792592082
optimistic,2026,dlbcl,persons,10,14244.998963011085,13923.335330487986,14592.33602967647,14246.953098063797
optimistic,2027,dlbcl,persons,10,14688.505022495607,14300.60963268579,15090.665302011703,14688.21001185526
optimistic,2028,dlbcl,persons,10,15128.65124810073,14684.482454175113,15592.124099202496,15127.110963737294
optimistic,2029,dlbcl,persons,10,15550.908783768526,15035.09877277914,16094.312363913823,15553.786738404719
optimistic,2030,dlbcl,persons,10,15930.309465325561,15342.7404287326,16546.029028999772,15934.13026378927
optimistic,2031,dlbcl,persons,10,16346.949941178338,15677.093121159312,17048.14627622437,16347.524491728316
optimistic,2032,dlbcl,persons,10,16748.346116226676,16019.623171596162,17517.476376773808,16750.87775912408
optimistic,2033,dlbcl,persons,10,17141.61411383636,16339.254777303771,17968.674543798403,17144.07107430732
optimistic,2034,dlbcl,persons,10,17524.22457360689,16651.144167032824,18409.394506166558,17529.16312913222
optimistic,2035,dlbcl,persons,10,17899.1240104955,16960.690109599964,18840.780138847993,17906.329749731645
optimistic,2036,dlbcl,persons,10,18267.674272220826,17256.953644516343,19268.460174974996,18277.157834451256
optimistic,2037,dlbcl,persons,10,18629.520544242245,17556.954980909162,19689.672887069664,18633.335056994074
optimistic,2038,dlbcl,persons,10,18965.834912531798,17839.20768173571,20111.716363023435,18967.91977534156
optimistic,2039,dlbcl,persons,10,19274.902569329308,18059.892852239896,20506.208227779414,19275.803680706176
optimistic,2040,dlbcl,persons,10,19556.798944176808,18283.052283002533,20850.59391801744,19556.402044980776
optimistic,2041,dlbcl,persons,10,19812.624483983825,18451.346506267626,21195.866167587046,19809.466050087798
optimistic,2042,dlbcl,persons,10,20036.91006976673,18594.045035662086,21473.957628482465,20034.957260935447
optimistic,2043,dlbcl,persons,10,20234.672468430552,18716.963243080518,21759.492549675626,20233.31701115915
optimistic,2044,dlbcl,persons,10,20401.65260595178,18817.453038130134,22009.112579363406,20406.545405885023
optimistic,2045,dlbcl,persons,10,20552.094518650298,18900.97098619223,22262.040034958,20556.14809711769
optimistic,2012,follicular,persons,10,8114.269623730665,8006.194548148408,8223.551525343633,8113.848625832534
optimistic,2013,follicular,persons,10,8329.616910911922,8223.190887511591,8433.361835879987,8329.869870157027
optimistic,2014,follicular,persons,10,8594.646472193854,8494.528060711578,8695.005587065903,8596.034004675712
optimistic,2015,follicular,persons,10,8806.86112238063,8712.546492972366,8906.672790524599,8808.825574447303
optimistic,2016,follicular,persons,10,9076.964918351672,8986.538970453206,9173.245788429267,9078.414096586
optimistic,2017,follicular,persons,10,9477.498573694824,9396.860094750687,9561.022299076561,9478.455271801262
optimistic,2018,follicular,persons,10,9786.57955951204,9712.492495290273,9864.150340835824,9788.126121641202
optimistic,2019,follicular,persons,10,10081.740102154154,10012.903562576905,10149.993680837651,10081.63321981444
optimistic,2020,follicular,persons,10,10541.112011849411,10463.048374934673,10610.721067798124,10540.611828774863
optimistic,2021,follicular,persons,10,10865.054060518894,10769.008769276112,10960.492385633548,10864.722904688999
optimistic,2022,follicular,persons,10,11179.708211694076,11073.190618512883,11279.137759202846,11178.183337522607
optimistic,2023,follicular,persons,10,11546.535197699315,11399.486999545785,11679.737259120811,11543.54012376872
optimistic,2024,follicular,persons,10,11871.082568892865,11671.74009147142,12058.662315568787,11870.947257794493
optimistic,2025,follicular,persons,10,12225.324004281487,11965.515524656104,12462.205015430254,12222.453214305104
optimistic,2026,follicular,persons,10,12536.664838004133,12215.632859630396,12828.236160097424,12531.841572368874
optimistic,2027,follicular,persons,10,12791.960171560804,12403.903632595468,13151.968859725637,12788.21946024858
optimistic,2028,follicular,persons,10,13134.890473581458,12686.620684591093,13555.659905052327,13130.52417948945
optimistic,2029,follicular,persons,10,13427.324612803033,12911.24344346953,13915.911835039711,13426.773746704463
optimistic,2030,follicular,persons,10,13594.068146777194,13018.048451089526,14157.09568292244,13594.542989675194
optimistic,2031,follicular,persons,10,13894.688451661716,13264.308647383978,14532.785701784353,13899.668658486697
optimistic,2032,follicular,persons,10,14144.759293959902,13484.004239374197,14824.774834256928,14149.724669820624
optimistic,2033,follicular,persons,10,14373.907299961964,13686.58377946629,15095.82311851391,14379.505079317469
optimistic,2034,follicular,persons,10,14582.776385971505,13854.397618298253,15344.487589101738,14589.46720351564
optimistic,2035,follicular,persons,10,14770.880659195804,14004.774820691098,15584.46822970092,14779.17729085434
optimistic,2036,follicular,persons,10,14935.537387675526,14123.94619451749,15786.695048284002,14947.760492422627
optimistic,2037,follicular,persons,10,15081.752206094301,14223.568034588761,15985.6818564499,15094.145610407091
optimistic,2038,follicular,persons,10,15205.178569119144,14297.936677623353,16152.048926016683,15216.932360658235
optimistic,2039,follicular,persons,10,15303.172992058575,14352.444673779004,16295.478955641027,15314.475712432684
optimistic,2040,follicular,persons,10,15373.063677239103,14383.04794656412,16434.162059713763,15384.952385401839
optimistic,2041,follicular,persons,10,15417.161724969012,14378.255326400045,16516.684879299293,15427.420814791141
optimistic,2042,follicular,persons,10,15435.488760044966,14346.788436183855,16574.339792926636,15441.409501347525
optimistic,2043,follicular,persons,10,15420.20145039008,14289.433865596848,16602.24190517362,15425.174604259393
optimistic,2044,follicular,persons,10,15373.419793148452,14206.97244704598,16609.45226494852,15378.788367154753
optimistic,2045,follicular,persons,10,15303.098390849573,14094.163612171826,16581.184740400284,15303.221076792008
optimistic,2012,mantle_cell,persons,10,1070.6720889724756,1022.9189645556372,1122.5780220012048,1071.6552833823291
optimistic,2013,mantle_cell,persons,10,1150.6739306634893,1103.814105174449,1201.4751498413736,1151.095838880176
optimistic,2014,mantle_cell,persons,10,1229.0727054097588,1181.7484376105,1280.4590943737849,1230.0326223534757
optimistic,2015,mantle_cell,persons,10,1299.8936403806474,1251.5437977574188,1350.8944362443613,1300.31582330486
optimistic,2016,mantle_cell,persons,10,1354.0559253851538,1308.42784300604,1404.8082751473908,1354.9677992308887
optimistic,2017,mantle_cell,persons,10,1453.2819387048417,1411.4934547240928,1500.076800185892,1453.6654079279958
optimistic,2018,mantle_cell,persons,10,1499.8348182764864,1462.5736258976383,1542.252721322142,1500.9442864439036
optimistic,2019,mantle_cell,persons,10,1581.955464619311,1544.3458065718344,1620.4389295217202,1582.2663569032086
optimistic,2020,mantle_cell,persons,10,1672.983395510199,1629.1841069702016,1715.0648609164327,1672.221925478824
optimistic,2021,mantle_cell,persons,10,1688.0541778029988,1635.2164851266484,1740.939360680045,1687.606052265861
optimistic,2022,mantle_cell,persons,10,1760.2532412260657,1700.312277180359,1815.4458707603333,1759.0135972069452
optimistic,2023,mantle_cell,persons,10,1843.2037406333006,1766.1307536475422,1907.6767647553568,1840.251105957404
optimistic,2024,mantle_cell,persons,10,1924.2831653356595,1834.4385072712694,2007.3148800875101,1923.749387412434
optimistic,2025,mantle_cell,persons,10,2019.7250185109617,1906.5113496997678,2129.672413511848,2021.320318833683
optimistic,2026,mantle_cell,persons,10,2129.924482714563,1990.5263468271799,2266.162584016256,2131.204437012208
optimistic,2027,mantle_cell,persons,10,2216.843973214888,2052.9854659322004,2378.9950270759246,2219.5155228962803
optimistic,2028,mantle_cell,persons,10,2336.973021782564,2143.7353890445793,2531.0273043550146,2340.0396829102756
optimistic,2029,mantle_cell,persons,10,2447.647501337808,2219.4708991757316,2680.429302754578,2452.9668519056304
optimistic,2030,mantle_cell,persons,10,2559.588801272957,2302.330617142798,2832.843817204317,2566.802496737889
optimistic,2031,mantle_cell,persons,10,2712.9460094655537,2414.8359911420607,3035.3604056037493,2720.6099419740676
optimistic,2032,mantle_cell,persons,10,2857.9234725974898,2520.7524425380925,3218.7285408474436,2864.0125418572857
optimistic,2033,mantle_cell,persons,10,3002.8943742389124,2625.8221551931265,3397.851372737023,3005.7794774814215
optimistic,2034,mantle_cell,persons,10,3142.6982119072427,2726.5249310231466,3576.0764049739087,3145.5585356459355
optimistic,2035,mantle_cell,persons,10,3280.7480658433615,2817.7335962505485,3755.939555526169,3282.796565669626
optimistic,2036,mantle_cell,persons,10,3415.0370867620886,2913.71942166384,3949.847706744837,3417.899396744047
optimistic,2037,mantle_cell,persons,10,3547.3285918166425,3002.322267008902,4135.711603509684,3549.8902751786372
optimistic,2038,mantle_cell,persons,10,3676.8995411093347,3086.7996289196503,4311.24433223146,3677.7540283291814
optimistic,2039,mantle_cell,persons,10,3797.963821487536,3157.034995483515,4487.031748524655,3799.4020476171986
optimistic,2040,mantle_cell,persons,10,3909.169228876755,3212.4991991869697,4651.914500337453,3912.8630110502518
optimistic,2041,mantle_cell,persons,10,4007.3551926750993,3261.761055232945,4811.500579312195,4016.818519565809
optimistic,2042,mantle_cell,persons,10,4100.155282076712,3311.03717968081,4974.592954865966,4110.5482303385425
optimistic,2043,mantle_cell,persons,10,4185.666064474226,3353.654859889434,5127.07469376947,4193.371737928362
optimistic,2044,mantle_cell,persons,10,4253.144321828095,3382.1535323504463,5262.922893240003,4264.980741619442
optimistic,2045,mantle_cell,persons,10,4309.205557645233,3398.51938855205,5402.260857853245,4325.030444813676
optimistic,2012,hodgkin,persons,10,4682.049859868409,4602.962891080173,4748.383494838149,4678.961873668709
optimistic,2013,hodgkin,persons,10,4865.183489215638,4787.99355217865,4932.125001496398,4863.190047476598
optimistic,2014,hodgkin,persons,10,5019.774181675263,4946.687404595945,5084.456382016389,5018.592029040065
optimistic,2015,hodgkin,persons,10,5143.868231241138,5074.401191132453,5207.129220495967,5143.172853806436
optimistic,2016,hodgkin,persons,10,5287.2863580121775,5221.649337191977,5350.667563911732,5286.622147846393
optimistic,2017,hodgkin,persons,10,5428.246546289105,5368.293378638493,5483.215169416389,5427.533547789283
optimistic,2018,hodgkin,persons,10,5551.615489085124,5497.182922159722,5600.925182129112,5550.933812189842
optimistic,2019,hodgkin,persons,10,5687.1057210901035,5636.535706146029,5731.827741177418,5686.384702688895
optimistic,2020,hodgkin,persons,10,5846.174040785961,5795.08746625935,5894.662516789795,5844.465944689578
optimistic,2021,hodgkin,persons,10,5991.1979733544595,5927.549289887398,6055.100770678852,5989.851053775736
optimistic,2022,hodgkin,persons,10,6112.997882682257,6043.5349744218765,6184.215428534881,6113.249981764115
optimistic,2023,hodgkin,persons,10,6258.137174846581,6171.103478506546,6342.305688126735,6257.246992574708
optimistic,2024,hodgkin,persons,10,6403.607595735001,6290.90347644576,6511.735678582276,6404.016417155708
optimistic,2025,hodgkin,persons,10,6563.331335563851,6420.5895751531025,6700.764831824348,6562.471763253726
optimistic,2026,hodgkin,persons,10,6728.941447797975,6554.712479653901,6905.2726344301245,6729.034754762452
optimistic,2027,hodgkin,persons,10,6892.142682906135,6681.401049241866,7093.807861259162,6892.213101463925
optimistic,2028,hodgkin,persons,10,7101.45460274922,6858.551260470423,7331.96610359836,7101.347240600338
optimistic,2029,hodgkin,persons,10,7282.564905040492,7006.309390158309,7544.219719699225,7282.146027590089
optimistic,2030,hodgkin,persons,10,7442.80513031457,7130.734274719922,7739.541507491908,7442.972999702867
optimistic,2031,hodgkin,persons,10,7605.259689546707,7257.275568569259,7933.782993956672,7604.107766416727
optimistic,2032,hodgkin,persons,10,7783.285439892058,7422.353592267858,8133.019733484949,7783.565751637569
optimistic,2033,hodgkin,persons,10,7956.99917100039,7587.177226515859,8311.119270567822,7957.529124393038
optimistic,2034,hodgkin,persons,10,8125.735530220995,7748.31341828441,8490.828315802504,8127.709437180513
optimistic,2035,hodgkin,persons,10,8294.01418937213,7895.469465700363,8672.46395736484,8293.824817131297
optimistic,2036,hodgkin,persons,10,8459.582793863776,8035.016834070898,8854.800723896322,8456.727978237246
optimistic,2037,hodgkin,persons,10,8620.363580723168,8175.041877862568,9032.90561320244,8616.694677963349
optimistic,2038,hodgkin,persons,10,8776.068110902226,8303.257544321146,9213.179451065804,8773.514390994402
optimistic,2039,hodgkin,persons,10,8930.104612817375,8433.32765202858,9398.480022940823,8927.115728925273
optimistic,2040,hodgkin,persons,10,9080.398751795674,8561.747082120368,9566.231472901745,9076.990820561094
optimistic,2041,hodgkin,persons,10,9225.221052856366,8690.388373345408,9737.4234892388,9222.364627165143
optimistic,2042,hodgkin,persons,10,9370.233507487868,8806.008486769571,9901.975911730511,9362.879624026189
optimistic,2043,hodgkin,persons,10,9507.279368550999,8910.669800049165,10059.804852198738,9498.299058571947
optimistic,2044,hodgkin,persons,10,9636.616705508515,9020.537512094945,10209.092463335617,9628.119046699007
optimistic,2045,hodgkin,persons,10,9758.446318635186,9130.113223650531,10351.437253647458,9751.817659651686
optimistic,2012,nhl,persons,10,27419.376533074577,27156.552229434805,27707.24961301685,27419.6095735558
optimistic,2013,nhl,persons,10,28487.978512609676,28237.964784647986,28763.59110972212,28489.43421054617
optimistic,2014,nhl,persons,10,29746.52828391275,29507.392439604097,30013.089417309533,29748.85108811707
optimistic,2015,nhl,persons,10,30820.17942849622,30585.58514391352,31077.625520213067,30820.8050293987
optimistic,2016,nhl,persons,10,32079.368501390014,31851.06762738063,32327.684438819077,32078.191973160505
optimistic,2017,nhl,persons,10,33488.862256140026,33283.7520724887,33712.91479324432,33488.76549840873
optimistic,2018,nhl,persons,10,34768.74056183933,34584.439905857675,34960.45800554278,34769.77530198339
optimistic,2019,nhl,persons,10,36063.47772021702,35884.70461166281,36250.55823560329,36063.98526798747
optimistic,2020,nhl,persons,10,37605.47691657688,37398.91922335623,37804.98900443175,37604.09702253669
optimistic,2021,nhl,persons,10,38749.526589409674,38497.21934900783,39019.054083101655,38752.571255092844
optimistic,2022,nhl,persons,10,39995.57208140095,39731.41363887539,40262.80135931703,39994.937758069755
optimistic,2023,nhl,persons,10,41392.5768543294,41087.61365847869,41702.040855382875,41390.32023084639
optimistic,2024,nhl,persons,10,42732.33424538797,42384.33376521095,43076.006518168055,42731.13589691567
optimistic,2025,nhl,persons,10,44235.77883638694,43820.47430558892,44636.18123600274,44237.01956214231
optimistic,2026,nhl,persons,10,45760.0836078774,45253.16062270245,46246.24195543174,45760.56983043773
optimistic,2027,nhl,persons,10,47305.74856597729,46722.375781943425,47871.664501595325,47313.31916565604
optimistic,2028,nhl,persons,10,49003.56577776382,48326.55188317932,49669.39689489378,49012.123739999064
optimistic,2029,nhl,persons,10,50699.90177158368,49955.658032788124,51455.53405042997,50708.78367550314
optimistic,2030,nhl,persons,10,52255.00372435862,51422.4231819512,53103.46415018167,52261.04942551937
optimistic,2031,nhl,persons,10,54093.95946041492,53185.98948555183,55068.653216493294,54102.074679018064
optimistic,2032,nhl,persons,10,55866.58464010726,54883.96880037724,56918.162942659605,55869.2257788365
optimistic,2033,nhl,persons,10,57612.4075463007,56564.77057028916,58752.37300967906,57618.22785611813
optimistic,2034,nhl,persons,10,59346.90465948097,58215.35947217581,60576.10830614664,59352.52006502436
optimistic,2035,nhl,persons,10,61058.07456750986,59846.40625691003,62384.15268500634,61070.16001377676
optimistic,2036,nhl,persons,10,62771.775057807776,61432.933288359985,64181.98623026329,62774.00708896279
optimistic,2037,nhl,persons,10,64426.60192339195,63006.33119135517,65932.09127172886,64430.73241284451
optimistic,2038,nhl,persons,10,66002.48944911658,64510.68240268991,67663.11366642827,66008.10991014277
optimistic,2039,nhl,persons,10,67493.55265420263,65854.06157392699,69255.15035197692,67491.40004232497
optimistic,2040,nhl,persons,10,68873.11017963619,67143.98355027453,70746.89101596051,68874.35793492272
optimistic,2041,nhl,persons,10,70135.78662720174,68315.11966316763,72141.14395625824,70149.17927388725
optimistic,2042,nhl,persons,10,71288.92634054221,69385.50693465846,73400.2544403309,71317.4227027062
optimistic,2043,nhl,persons,10,72345.91072996141,70331.06685539117,74543.70630121276,72372.96880571808
optimistic,2044,nhl,persons,10,73270.53477889654,71170.56109023039,75618.26869986286,73316.21374482039
optimistic,2045,nhl,persons,10,74103.96581617114,71930.34151417066,76559.0077485381,74148.18518551558
optimistic,2012,total,males,10,17844.40458453148,17616.4862542007,18059.490067543065,17845.97175862903
optimistic,2013,total,males,10,18537.083434036806,18325.562993556796,18742.499137486728,18535.7249547657
optimistic,2014,total,males,10,19288.687372378394,19093.491970837807,19482.139258417712,19290.348437274777
optimistic,2015,total,males,10,19991.345824592358,19798.836251108634,20182.454845456115,19992.13561303023
optimistic,2016,total,males,10,20743.15284781967,20559.92847741274,20930.228947009517,20745.148850730715
optimistic,2017,total,males,10,21689.096366622223,21521.844160888115,21862.034256552815,21689.640539709526
optimistic,2018,total,males,10,22520.84105752757,22367.85779695575,22681.898808835434,22521.073492241965
optimistic,2019,total,males,10,23370.782118014155,23225.24769073012,23516.56101677087,23369.41592079121
optimistic,2020,total,males,10,24299.469372265055,24124.913444316724,24468.176154965582,24296.93970136323
optimistic,2021,total,males,10,24941.519614451132,24717.25160118677,25151.618080213782,24939.538593800975
optimistic,2022,total,males,10,25660.952312346228,25444.411730002903,25864.8173927062,25659.387096369595
optimistic,2023,total,males,10,26518.390603718297,26272.040847045424,26733.741065184266,26513.902440710124
optimistic,2024,total,males,10,27365.286072530813,27078.66337018094,27609.602046402608,27361.527889183075
optimistic,2025,total,males,10,28298.599413868513,27962.2230942056,28603.00590581086,28296.006486639515
optimistic,2026,total,males,10,29272.53228427946,28873.55463889795,29654.33944722941,29268.10830532943
optimistic,2027,total,males,10,30176.858190336337,29706.655169681737,30631.70532749358,30172.76437034872
optimistic,2028,total,males,10,31172.744802673482,30631.57465121006,31698.61982955539,31166.111870054636
optimistic,2029,total,males,10,32142.56257639388,31534.443450491555,32751.848269232018,32138.75528813642
optimistic,2030,total,males,10,33054.17160872418,32377.38771642059,33744.48640789541,33059.70896362412
optimistic,2031,total,males,10,34156.9412899257,33402.9759531081,34945.53325447505,34161.82319938923
optimistic,2032,total,males,10,35201.48200494807,34401.88399364746,36059.205056750645,35207.25836115297
optimistic,2033,total,males,10,36230.84536835643,35375.915644704575,37132.28457254573,36234.44696461881
optimistic,2034,total,males,10,37241.25050278876,36339.63530966398,38199.34711811751,37245.12089059887
optimistic,2035,total,males,10,38227.47640762413,37274.65640077398,39276.59620328334,38238.15139418742
optimistic,2036,total,males,10,39202.19074495547,38183.445086181855,40353.03789317981,39216.21831667333
optimistic,2037,total,males,10,40142.57515146049,39047.68352001971,41370.13251389356,40160.86817364137
optimistic,2038,total,males,10,41024.645218839185,39867.871850316966,42354.45294739605,41054.25970653957
optimistic,2039,total,males,10,41861.4286496267,40624.46992020814,43274.432945937304,41888.41361443828
optimistic,2040,total,males,10,42633.45538846728,41291.39813414077,44123.974151442104,42660.211320171744
optimistic,2041,total,males,10,43326.01362641207,41916.565754349474,44917.17386238798,43367.563428677444
optimistic,2042,total,males,10,43962.240040084005,42479.815447980756,45646.89094942477,44009.9262807663
optimistic,2043,total,males,10,44531.18611362949,42986.31405074451,46307.20036133902,44584.520339344745
optimistic,2044,total,males,10,45030.47784972792,43426.24947570888,46885.18205008432,45092.5358172278
optimistic,2045,total,males,10,45475.054248705914,43824.9487902106,47368.28915274088,45535.55914869999
optimistic,2012,total,females,10,14252.219470766731,14058.768836719006,14445.0609718714,14252.599688595481
optimistic,2013,total,females,10,14816.329666851136,14629.406941175648,15007.666842695204,14816.899303257065
optimistic,2014,total,females,10,15476.634466601967,15297.973207799469,15659.707949966776,15477.094679882357
optimistic,2015,total,females,10,15971.263464744008,15802.624321806548,16143.726811571361,15971.842270174906
optimistic,2016,total,females,10,16619.243790137283,16459.046445210057,16779.800398166088,16619.665270276182
optimistic,2017,total,females,10,17225.778054389244,17082.147848133394,17369.47125929849,17226.658506488486
optimistic,2018,total,females,10,17800.90756221902,17675.9576696495,17924.886592147323,17799.635621931266
optimistic,2019,total,females,10,18378.3096321188,18264.597634117974,18498.507886875923,18380.954049885157
optimistic,2020,total,females,10,19152.462959274235,19022.107475260913,19279.18094111726,19151.623265863036
optimistic,2021,total,females,10,19803.008214124402,19631.407520091776,19968.56714724852,19802.883715067604
optimistic,2022,total,females,10,20452.66932968575,20275.589272103534,20611.196026483336,20448.800643464274
optimistic,2023,total,females,10,21133.707891938175,20948.774526018176,21331.508306750653,21133.664782710974
optimistic,2024,total,females,10,21771.201512502405,21552.876979144843,22015.31286799983,21773.624424888305
optimistic,2025,total,females,10,22501.946386360047,22239.258356155264,22801.103759829322,22503.48483875652
optimistic,2026,total,females,10,23214.853493434275,22896.14623405451,23583.303526948257,23221.496279870753
optimistic,2027,total,females,10,24023.427039982627,23642.449623536562,24454.999888197057,24032.76789677124
optimistic,2028,total,females,10,24936.66159165909,24501.748147312097,25444.725739093006,24947.359110544767
optimistic,2029,total,females,10,25839.81586002116,25338.429680055837,26426.234149701326,25852.174414956804
optimistic,2030,total,females,10,26633.293078982075,26067.84464165437,27286.75659221525,26644.313461598118
optimistic,2031,total,females,10,27527.421034767605,26883.29707604333,28272.098310634403,27544.359246045555
optimistic,2032,total,females,10,28435.142079339385,27739.808390028258,29196.039336522786,28445.5331693211
optimistic,2033,total,females,10,29326.56600215366,28573.43119687942,30153.610465172947,29341.310015892363
optimistic,2034,total,females,10,30224.753677464505,29413.31485881328,31135.68895085108,30235.108611606007
optimistic,2035,total,females,10,31109.90829909967,30253.047113744222,32104.217854463328,31125.83343672063
optimistic,2036,total,females,10,32003.846061269694,31096.01363525687,33076.81438398337,32014.516750526705
optimistic,2037,total,females,10,32879.846557743644,31908.742995532542,34021.53228093155,32886.55891716649
optimistic,2038,total,females,10,33722.403817895545,32672.478350026395,34920.693332854054,33727.3645945976
optimistic,2039,total,females,10,34519.82363451193,33383.462179292466,35804.06256462259,34530.10215681196
optimistic,2040,total,females,10,35274.31188168214,34050.11411940885,36644.49994917811,35291.13743531207
optimistic,2041,total,females,10,35982.38747101312,34674.462299962775,37421.420214837286,36003.98047237494
optimistic,2042,total,females,10,36642.91278861867,35277.68006856622,38175.07149281032,36670.376045966084
optimistic,2043,total,females,10,37258.92051531523,35830.25038155345,38879.57983780219,37286.74752494527
optimistic,2044,total,females,10,37821.30540525471,36310.571094311264,39528.61829028877,37851.79697429159
optimistic,2045,total,females,10,38338.01647251419,36749.26639541246,40116.22524723314,38364.44369646727
optimistic,2012,total,persons,10,32098.143002266443,31818.476171184477,32398.76727130769,32098.571447224513
optimistic,2013,total,persons,10,33349.15752485591,33079.49087758203,33644.24974749046,33352.62425802276
optimistic,2014,total,persons,10,34763.49351974878,34507.318285198315,35043.47400870003,34767.443117157134
optimistic,2015,total,persons,10,35962.71157307764,35719.097086797265,36233.08676205395,35963.97788320514
optimistic,2016,total,persons,10,37363.968184436046,37133.87007666741,37622.876304726575,37364.81412100689
optimistic,2017,total,persons,10,38910.63372950739,38712.94781392439,39146.62239987358,38916.299046198015
optimistic,2018,total,persons,10,40318.71322871836,40132.40085674805,40523.746835097474,40320.70911417323
optimistic,2019,total,persons,10,41751.01318696967,41557.07269391626,41947.723523949055,41750.369970676365
optimistic,2020,total,persons,10,43448.29667841087,43228.05228752578,43672.05226068542,43448.562967226266
optimistic,2021,total,persons,10,44744.006529691316,44474.362022246656,45027.98883065495,44742.42230886858
optimistic,2022,total,persons,10,46111.29221842931,45832.5457698566,46380.85741045107,46108.18773983387
optimistic,2023,total,persons,10,47653.842736358696,47332.78505275388,47967.54065020664,47647.5672234211
optimistic,2024,total,persons,10,49143.748253075166,48762.09713253862,49489.064375688526,49135.15231407138
optimistic,2025,total,persons,10,50803.266213122995,50365.550912001374,51220.058585003666,50799.49132539604
optimistic,2026,total,persons,10,52491.25739790867,51967.99077333571,53014.57425943767,52489.604585200184
optimistic,2027,total,persons,10,54200.19738087947,53579.05736590633,54831.38009273109,54205.53226711996
optimistic,2028,total,persons,10,56112.1618081248,55408.37285449341,56837.82515099488,56113.4709805994
optimistic,2029,total,persons,10,57989.140329075366,57185.92646930451,58821.28150064576,57990.92970309322
optimistic,2030,total,persons,10,59699.905647632884,58801.7923596301,60654.84662113156,59704.02242522223
optimistic,2031,total,persons,10,61701.607928349404,60681.046520879594,62766.76955516633,61706.18244543479
optimistic,2032,total,persons,10,63659.48517425578,62557.15883869303,64786.066684961035,63652.791530474075
optimistic,2033,total,persons,10,65579.9623885042,64410.31023909171,66808.2566047301,65575.75698051117
optimistic,2034,total,persons,10,67484.53640299085,66240.7429948174,68814.14121186422,67480.22950220488
optimistic,2035,total,persons,10,69361.53152108612,68054.7336379577,70773.32939652714,69363.98483090806
optimistic,2036,total,persons,10,71220.5876392576,69817.71008595687,72717.04151979281,71230.73506720005
optimistic,2037,total,persons,10,73036.4773270543,71536.61680544014,74663.20714047432,73047.42709080786
optimistic,2038,total,persons,10,74777.95352774067,73169.88962914866,76472.17171908724,74781.62430113717
optimistic,2039,total,persons,10,76410.83436259525,74696.93475893037,78205.19100587991,76418.51577125024
optimistic,2040,total,persons,10,77924.25082891437,76119.48183424436,79839.72589049894,77951.34875548382
optimistic,2041,total,persons,10,79335.88750619846,77422.48464196046,81380.39351436781,79371.54390105238
optimistic,2042,total,persons,10,80659.4285219322,78621.01741504669,82828.63352357577,80680.30232673239
optimistic,2043,total,persons,10,81841.0645175608,79710.52866548717,84127.63383451797,81871.26786429001
optimistic,2044,total,persons,10,82901.19977672686,80672.40696424535,85328.38332378678,82944.3327915194
optimistic,2045,total,persons,10,83851.10991355791,81562.14591873468,86413.43708037626,83900.00284516727
optimistic,2012,dlbcl,persons,40,15306.1692093106,13322.937221169484,17499.20781736447,15298.210988628205
optimistic,2013,dlbcl,persons,40,16018.401230486026,13949.927572731547,18316.719523959444,16012.373589384304
optimistic,2014,dlbcl,persons,40,16761.6064983263,14634.296422239682,19172.35840741056,16767.64309735353
optimistic,2015,dlbcl,persons,40,17488.656918799774,15260.486707689362,19986.611908506868,17484.743003392727
optimistic,2016,dlbcl,persons,40,18239.60798720444,15907.454080980788,20829.4460823346,18233.69605055996
optimistic,2017,dlbcl,persons,40,18982.04780983112,16566.71686391125,21648.10703351667,18970.76316852585
optimistic,2018,dlbcl,persons,40,19741.95842016152,17284.25173004259,22497.957093795074,19737.66379492945
optimistic,2019,dlbcl,persons,40,20559.65372888468,18004.106158065795,23371.770933465094,20553.2635551925
optimistic,2020,dlbcl,persons,40,21427.72341177203,18834.520792157415,24319.417746149968,21432.04273774335
optimistic,2021,dlbcl,persons,40,22265.224670569085,19660.34634833172,25203.277844334658,22284.51694202134
optimistic,2022,dlbcl,persons,40,23050.405042724582,20443.366067538296,25999.606941754668,23058.10909265746
optimistic,2023,dlbcl,persons,40,23823.273523789547,21219.36235839564,26795.82741918482,23847.907821955807
optimistic,2024,dlbcl,persons,40,24605.721965809953,22061.6461618579,27557.61852206753,24642.902644189788
optimistic,2025,dlbcl,persons,40,25396.971470479744,22913.465424069025,28256.043879860874,25446.044150560898
optimistic,2026,dlbcl,persons,40,26225.82914568103,23768.33313526548,28945.811746407642,26265.10600183535
optimistic,2027,dlbcl,persons,40,27051.607798142457,24662.018407121268,29747.18335295482,27082.73788170073
optimistic,2028,dlbcl,persons,40,27885.86038773883,25605.842268349454,30507.592334770958,27912.94454368674
optimistic,2029,dlbcl,persons,40,28710.24563189548,26519.728569999046,31253.83912754237,28753.000272897396
optimistic,2030,dlbcl,persons,40,29556.49597421797,27494.15306689081,31954.03668252047,29586.66640373388
optimistic,2031,dlbcl,persons,40,30385.33352706645,28430.98436316315,32611.364732321807,30417.5189760234
optimistic,2032,dlbcl,persons,40,31222.11646473556,29324.90048256313,33327.74261587748,31243.748872967786
optimistic,2033,dlbcl,persons,40,32056.505499573643,30241.514005458932,34087.3728410233,32072.135925146693
optimistic,2034,dlbcl,persons,40,32894.86333588687,31132.008269771115,34934.415786727026,32905.048100576896
optimistic,2035,dlbcl,persons,40,33730.70772849198,31930.45094326455,35764.444283664336,33733.76925763881
optimistic,2036,dlbcl,persons,40,34554.17502688852,32735.397547257366,36644.204363292934,34566.92959000652
optimistic,2037,dlbcl,persons,40,35383.041523192886,33472.82428176177,37530.37760172768,35405.644988894324
optimistic,2038,dlbcl,persons,40,36209.75632367772,34159.073344575685,38457.32987458353,36239.70545310196
optimistic,2039,dlbcl,persons,40,37037.66354503593,34794.77722155272,39501.95123068917,37060.46221439605
optimistic,2040,dlbcl,persons,40,37819.740214099875,35399.08425277086,40505.1808535746,37851.45267109015
optimistic,2041,dlbcl,persons,40,38575.4484424053,35818.937888136286,41480.76547773398,38625.05789054235
optimistic,2042,dlbcl,persons,40,39312.08248045588,36298.727084030885,42552.004488997736,39372.61089925412
optimistic,2043,dlbcl,persons,40,40039.45560825808,36720.89389674367,43653.452689867525,40110.8970414488
optimistic,2044,dlbcl,persons,40,40750.41341915084,37030.085829077136,44738.45276838085,40829.31967638091
optimistic,2045,dlbcl,persons,40,41456.849634380196,37415.76333122266,45702.369586371664,41517.216808113684
optimistic,2012,follicular,persons,40,13911.52065757697,12713.525193917163,15321.909100910998,13934.183157593021
optimistic,2013,follicular,persons,40,14495.342984463317,13242.131036403625,15982.97083777847,14521.50126291833
optimistic,2014,follicular,persons,40,15148.296584440877,13838.320778209893,16708.31296342569,15182.197449390569
optimistic,2015,follicular,persons,40,15781.578843543168,14406.124005624964,17417.17057043689,15813.891281715958
optimistic,2016,follicular,persons,40,16485.46860280563,15054.112933192213,18186.044790601005,16516.508283740677
optimistic,2017,follicular,persons,40,17318.088984621416,15829.586693902524,19064.058840995967,17343.226976312388
optimistic,2018,follicular,persons,40,18061.80140120147,16537.296821186603,19876.439687991427,18092.922117233982
optimistic,2019,follicular,persons,40,18831.326020254015,17288.540157905205,20727.05662541686,18877.902919982735
optimistic,2020,follicular,persons,40,19786.67059093265,18230.284284832247,21752.930632231146,19839.63708671757
optimistic,2021,follicular,persons,40,20578.756992438895,18964.15847355871,22591.776773856724,20622.43237068471
optimistic,2022,follicular,persons,40,21368.572203708507,19748.643482259027,23365.28696567544,21397.437932485744
optimistic,2023,follicular,persons,40,22157.22193433188,20571.594040568434,24113.8742178939,22190.492650903543
optimistic,2024,follicular,persons,40,22965.89089650545,21378.17379497252,24890.657812207348,22990.442321484996
optimistic,2025,follicular,persons,40,23772.329538466973,22202.623410558437,25663.260332459926,23801.370080162942
optimistic,2026,follicular,persons,40,24593.823498722075,23077.939763184644,26439.38299546286,24623.46633245593
optimistic,2027,follicular,persons,40,25407.55606371584,23922.25656271003,27208.863098400296,25449.35812418059
optimistic,2028,follicular,persons,40,26267.6860800867,24730.1043121226,28028.681745815407,26289.159210820148
optimistic,2029,follicular,persons,40,27105.294464355058,25626.84361323536,28877.549519750846,27126.947014661724
optimistic,2030,follicular,persons,40,27926.42843650201,26422.82053706309,29655.39719352211,27958.02788948582
optimistic,2031,follicular,persons,40,28784.49351586625,27289.484184889523,30443.916908134506,28791.44321179864
optimistic,2032,follicular,persons,40,29621.17296912525,28164.472429072022,31273.478656214364,29611.68354446159
optimistic,2033,follicular,persons,40,30437.687734911182,28975.281255821017,32066.184441901823,30429.060447584918
optimistic,2034,follicular,persons,40,31250.984684755935,29729.428248845496,32881.16914485117,31242.67539360467
optimistic,2035,follicular,persons,40,32069.66644551576,30540.78272456925,33688.523818092486,32053.66095825433
optimistic,2036,follicular,persons,40,32860.87281070523,31266.162018662206,34522.704364273006,32855.74641937422
optimistic,2037,follicular,persons,40,33660.63593786485,31932.08052772055,35383.81359922963,33658.73270249394
optimistic,2038,follicular,persons,40,34429.62220667539,32616.08517374217,36354.199420168916,34457.26838418205
optimistic,2039,follicular,persons,40,35218.25158600215,33218.490952389846,37242.76527670975,35239.71328402658
optimistic,2040,follicular,persons,40,35979.983678880075,33844.385750992114,38182.64315059012,35991.1785174613
optimistic,2041,follicular,persons,40,36690.05798772676,34374.573117664746,39085.15482675549,36716.024695906824
optimistic,2042,follicular,persons,40,37378.722263336516,34864.85039643913,39972.28413703733,37408.92569618884
optimistic,2043,follicular,persons,40,38061.946382616545,35304.967261036334,40870.361708201206,38087.57456868705
optimistic,2044,follicular,persons,40,38700.62329307952,35718.135743300096,41670.87636945125,38733.81708395108
optimistic,2045,follicular,persons,40,39333.62203998537,36090.23668558509,42513.99361716127,39345.56504422796
optimistic,2012,mantle_cell,persons,40,1352.4713355977601,1124.5254828180687,1704.7095319327016,1370.0526191055742
optimistic,2013,mantle_cell,persons,40,1451.463765684594,1211.7514878707552,1819.2937672501812,1468.7808705321181
optimistic,2014,mantle_cell,persons,40,1552.7898132966839,1305.728352039573,1937.397704123418,1573.3489117775698
optimistic,2015,mantle_cell,persons,40,1647.3023700673152,1390.7943474577687,2044.7385829412758,1666.8990974433286
optimistic,2016,mantle_cell,persons,40,1732.477929543414,1464.9840025653423,2137.4387754904856,1750.0097382813885
optimistic,2017,mantle_cell,persons,40,1864.0008446166985,1589.5588595956172,2276.7109209341943,1882.431379161326
optimistic,2018,mantle_cell,persons,40,1949.8242605666012,1669.4087680389077,2370.185387229766,1968.8117648919174
optimistic,2019,mantle_cell,persons,40,2064.260039661329,1779.2058787005444,2492.958995689337,2083.3128255828206
optimistic,2020,mantle_cell,persons,40,2192.7220421442203,1912.1461382317264,2634.1922606457815,2214.760871062472
optimistic,2021,mantle_cell,persons,40,2251.5745817277266,1962.1294400734168,2701.9769567403564,2275.1614024372197
optimistic,2022,mantle_cell,persons,40,2350.4264865318028,2063.4298803299203,2805.844552603934,2373.5551896474058
optimistic,2023,mantle_cell,persons,40,2465.0851301266807,2182.6765700846336,2911.0919046712393,2486.301296780224
optimistic,2024,mantle_cell,persons,40,2592.2926184344697,2313.0215199304885,3034.1481442279514,2611.6207065777985
optimistic,2025,mantle_cell,persons,40,2732.214399024891,2449.3585756141265,3166.1968006928955,2749.1603931222844
optimistic,2026,mantle_cell,persons,40,2887.2495847037235,2589.391816650609,3313.5401093184446,2899.692707788474
optimistic,2027,mantle_cell,persons,40,3051.18267795272,2742.5445516338646,3486.321234101452,3062.94887590167
optimistic,2028,mantle_cell,persons,40,3226.1393528391977,2903.275599897763,3650.4501566436156,3239.8889651234963
optimistic,2029,mantle_cell,persons,40,3424.1564485831886,3067.4912677971097,3836.480301258328,3429.0636041372345
optimistic,2030,mantle_cell,persons,40,3630.179882338756,3242.5441378018086,4046.737279836316,3628.8525799663116
optimistic,2031,mantle_cell,persons,40,3842.276694337374,3424.683367237428,4287.570413143445,3838.8898978327197
optimistic,2032,mantle_cell,persons,40,4059.2126744832794,3593.916669253813,4538.46214801513,4056.071815066801
optimistic,2033,mantle_cell,persons,40,4287.545945845282,3784.861793488171,4802.837283677603,4281.057276575231
optimistic,2034,mantle_cell,persons,40,4515.864558404519,3962.6206787426695,5083.826772008947,4512.770063888655
optimistic,2035,mantle_cell,persons,40,4757.970676486401,4145.137401005693,5375.893020749466,4751.077603973018
optimistic,2036,mantle_cell,persons,40,5006.28428555322,4315.023926787372,5696.228499552503,4997.645302486341
optimistic,2037,mantle_cell,persons,40,5259.100045633591,4486.206071496595,6047.99957160185,5251.7553835668095
optimistic,2038,mantle_cell,persons,40,5521.6203124068825,4648.519210432586,6421.435942261857,5512.766469096826
optimistic,2039,mantle_cell,persons,40,5786.396537798788,4781.164382726365,6816.458624299785,5777.596426582514
optimistic,2040,mantle_cell,persons,40,6052.640799314965,4935.158168820181,7201.648210019837,6044.195260394281
optimistic,2041,mantle_cell,persons,40,6319.991923711475,5091.243484193367,7619.0509603982955,6311.184007872906
optimistic,2042,mantle_cell,persons,40,6582.542197288822,5202.719049786942,8033.297063128273,6577.021376871719
optimistic,2043,mantle_cell,persons,40,6851.782636295995,5356.672279174252,8458.917902577816,6842.88022470733
optimistic,2044,mantle_cell,persons,40,7109.7706490670425,5486.3421363726075,8876.38664524201,7105.9024623942705
optimistic,2045,mantle_cell,persons,40,7372.012126551166,5614.884541729307,9302.24055650216,7366.555394530321
optimistic,2012,hodgkin,persons,40,9250.075210037634,8224.708632838518,10135.111530039256,9235.258517085304
optimistic,2013,hodgkin,persons,40,9691.213886031343,8620.202799538705,10612.973300483665,9674.116664035817
optimistic,2014,hodgkin,persons,40,10129.036175914192,9015.215508214604,11099.713766138491,10115.197053734375
optimistic,2015,hodgkin,persons,40,10581.69458546011,9427.39568617697,11592.634952927887,10570.433284178549
optimistic,2016,hodgkin,persons,40,11041.133005511208,9840.540330268503,12103.422871458877,11031.320368440229
optimistic,2017,hodgkin,persons,40,11519.862962974757,10265.87314627681,12628.630584121796,11510.427414155742
optimistic,2018,hodgkin,persons,40,11957.196705308881,10674.621912921497,13116.507679751385,11949.883141546414
optimistic,2019,hodgkin,persons,40,12446.351896459739,11125.720111146322,13655.491979186552,12436.406811778856
optimistic,2020,hodgkin,persons,40,12973.477120781445,11614.967305116841,14222.590359320242,12960.389029564923
optimistic,2021,hodgkin,persons,40,13500.924299135648,12131.759466191412,14789.348561672083,13495.356302835318
optimistic,2022,hodgkin,persons,40,13891.65987882271,12544.601708069398,15144.288534987318,13883.420737015314
optimistic,2023,hodgkin,persons,40,14288.265257806454,12992.308571172209,15519.812762412035,14288.126285492788
optimistic,2024,hodgkin,persons,40,14715.93361122923,13446.80791571825,15915.28805448989,14717.88465311174
optimistic,2025,hodgkin,persons,40,15163.911523297416,13926.31021965277,16344.167806843045,15171.787894666106
optimistic,2026,hodgkin,persons,40,15612.862744329837,14395.444542069286,16774.68617803743,15628.324468489645
optimistic,2027,hodgkin,persons,40,16091.941278433187,14886.784419364083,17207.940907402295,16096.736525415889
optimistic,2028,hodgkin,persons,40,16559.301177246463,15383.286727730718,17662.327732773232,16569.3752080791
optimistic,2029,hodgkin,persons,40,17052.766695278544,15904.919822265163,18121.200528242243,17055.21913225784
optimistic,2030,hodgkin,persons,40,17537.240691458603,16461.575160648947,18569.254091493713,17535.754549638543
optimistic,2031,hodgkin,persons,40,18079.4887929134,16987.177166446192,19079.69338305694,18057.34599959504
optimistic,2032,hodgkin,persons,40,18582.222773257272,17498.621332705898,19547.364575121403,18564.351923939077
optimistic,2033,hodgkin,persons,40,19096.83316669194,18094.083975943377,20037.14623177068,19090.070985640938
optimistic,2034,hodgkin,persons,40,19637.851057327436,18605.93926863369,20563.713142407185,19626.92895356039
optimistic,2035,hodgkin,persons,40,20170.13312527974,19120.31426529034,21124.56569459323,20171.179022887096
optimistic,2036,hodgkin,persons,40,20707.018542907805,19677.880018542975,21680.63403678642,20707.941716284487
optimistic,2037,hodgkin,persons,40,21234.581115045177,20224.9662620966,22247.465912224627,21242.50871637703
optimistic,2038,hodgkin,persons,40,21782.893090964142,20751.302277527866,22803.700209923554,21793.05620449827
optimistic,2039,hodgkin,persons,40,22327.066746024906,21236.38692304741,23379.498575299473,22335.550055306394
optimistic,2040,hodgkin,persons,40,22876.545890867183,21732.179895623878,24012.77474002097,22886.44313687722
optimistic,2041,hodgkin,persons,40,23438.388217007796,22231.86833903872,24655.451563483857,23447.060505231013
optimistic,2042,hodgkin,persons,40,23997.334191266942,22710.045487249878,25274.44475200998,23995.214906536286
optimistic,2043,hodgkin,persons,40,24558.58692485616,23195.67009815503,25953.73095013734,24562.482140410022
optimistic,2044,hodgkin,persons,40,25094.801043569318,23649.380902768866,26656.070802004622,25111.80030465026
optimistic,2045,hodgkin,persons,40,25630.822582422275,24060.389952418,27277.767200608327,25632.703924051137
optimistic,2012,nhl,persons,40,43522.57043113053,40499.461552733716,47192.87323135685,43554.454232708966
optimistic,2013,nhl,persons,40,45657.16140558224,42523.12001120708,49521.02120813499,45698.169467732085
optimistic,2014,nhl,persons,40,48004.57816951503,44748.39131210029,52105.99748123623,48057.81407034584
optimistic,2015,nhl,persons,40,50236.93837452073,46863.50768644851,54516.87434685937,50285.75844138526
optimistic,2016,nhl,persons,40,52627.06247775958,49182.55770777398,57068.919612054546,52695.7926988386
optimistic,2017,nhl,persons,40,55201.54372042931,51643.67523036301,59779.43739489953,55267.883862296905
optimistic,2018,nhl,persons,40,57717.02559147989,54080.81503291626,62438.26685600665,57778.73965631293
optimistic,2019,nhl,persons,40,60326.48704983201,56603.008335251354,65177.35132619859,60383.73729540596
optimistic,2020,nhl,persons,40,63256.78692778823,59462.26990464978,68253.50128686144,63325.20029767266
optimistic,2021,nhl,persons,40,65853.2619039687,61970.35414794413,70968.44376736387,65927.48627127294
optimistic,2022,nhl,persons,40,68530.07846042977,64724.04609658832,73516.60412950047,68562.0951009278
optimistic,2023,nhl,persons,40,71305.06452138771,67491.0787413683,76127.78498760075,71323.66949430047
optimistic,2024,nhl,persons,40,74152.22280479931,70414.65485940177,78910.7964434727,74187.53840368077
optimistic,2025,nhl,persons,40,77133.15208395637,73414.46550193599,81721.31733121631,77163.34120897175
optimistic,2026,nhl,persons,40,80221.89995750916,76529.01464897588,84655.4347435953,80253.24595737034
optimistic,2027,nhl,persons,40,83374.66962057145,79831.20121706433,87667.730961537,83419.95823788061
optimistic,2028,nhl,persons,40,86650.57844408847,83163.64030467618,90763.40479681808,86694.2602169036
optimistic,2029,nhl,persons,40,90004.1966622881,86602.71218631267,93978.92065775867,90061.10656616019
optimistic,2030,nhl,persons,40,93446.27798313182,90161.49789749761,97147.68714703419,93487.1783378791
optimistic,2031,nhl,persons,40,96910.79570808398,93744.9687059079,100436.86910971838,96983.064904965
optimistic,2032,nhl,persons,40,100471.22377112217,97360.72937486817,103769.80479662529,100526.75375997068
optimistic,2033,nhl,persons,40,104079.9679584075,101029.05807266616,107240.87120170791,104134.33064058432
optimistic,2034,nhl,persons,40,107816.97312764781,104791.8019500373,110899.69799850947,107811.49964525626
optimistic,2035,nhl,persons,40,111577.44834520663,108440.72346151239,114690.12119620113,111544.95968376311
optimistic,2036,nhl,persons,40,115349.15586291839,112172.89746909529,118567.82192695403,115347.17862216193
optimistic,2037,nhl,persons,40,119232.38470663238,115894.18360386339,122555.39783440341,119214.37899389685
optimistic,2038,nhl,persons,40,123081.82073524274,119545.16107039317,126621.3517944564,123095.0557553443
optimistic,2039,nhl,persons,40,126918.018879449,123241.4992051213,131055.0777104353,126980.46915615117
optimistic,2040,nhl,persons,40,130732.53362491334,126613.12208935445,135422.2497095363,130808.06577700203
optimistic,2041,nhl,persons,40,134466.72400267475,129877.50954214347,139763.4043231647,134593.91580608665
optimistic,2042,nhl,persons,40,138188.38545059643,133009.3070609749,144220.8227669061,138321.3018048249
optimistic,2043,nhl,persons,40,141881.78366384679,136134.63161217666,148613.07450738884,142005.77692578893
optimistic,2044,nhl,persons,40,145549.6293252709,139082.92948200498,152987.23017568936,145638.95394606414
optimistic,2045,nhl,persons,40,149178.33945937344,142013.5450072612,157312.41549617038,149221.38003752596
optimistic,2012,total,males,40,28360.428037721962,26289.91302447201,30940.61935516912,28454.084622584603
optimistic,2013,total,males,40,29762.93080583503,27617.7481237882,32478.975646720784,29863.99212050957
optimistic,2014,total,males,40,31226.170937729003,28991.93316421919,34035.20164689819,31336.694530421653
optimistic,2015,total,males,40,32666.31301392844,30348.998665223637,35616.62838989539,32786.90563683279
optimistic,2016,total,males,40,34181.80509758662,31805.140972682057,37222.23678036743,34310.56808469106
optimistic,2017,total,males,40,35888.955787112674,33470.94900050858,39029.57344452871,36022.422528255825
optimistic,2018,total,males,40,37529.492697065245,35065.61866493892,40799.49453950063,37669.953112787705
optimistic,2019,total,males,40,39223.303364444284,36710.36482172893,42618.31755936606,39373.51747743788
optimistic,2020,total,males,40,41087.45506441571,38493.3288272834,44577.43774383189,41239.87765357006
optimistic,2021,total,males,40,42741.68658490147,40068.40035182885,46344.153035947755,42879.86136170597
optimistic,2022,total,males,40,44382.49328140552,41724.53516912256,47983.982105284376,44523.93887077399
optimistic,2023,total,males,40,46104.71687037466,43444.03835074597,49619.93919968217,46228.89479389868
optimistic,2024,total,males,40,47888.60848860633,45216.5806465678,51294.75905165202,48017.471083241464
optimistic,2025,total,males,40,49745.03118941665,47184.74617954887,53078.755802763604,49869.12844557131
optimistic,2026,total,males,40,51676.43676300123,49183.65116594209,54917.044021393696,51790.90217078118
optimistic,2027,total,males,40,53617.66484443823,51179.01272633696,56858.18558652093,53759.562321144535
optimistic,2028,total,males,40,55661.27713468921,53244.81668336967,58778.78299624073,55770.34927807091
optimistic,2029,total,males,40,57748.38140338869,55366.07403483978,60802.77642227585,57845.47411670248
optimistic,2030,total,males,40,59869.691173161744,57525.66311980265,62738.99534003685,59930.04318561228
optimistic,2031,total,males,40,62017.2128661936,59732.90326591736,64861.706954755224,62075.754729210224
optimistic,2032,total,males,40,64214.02854982743,61985.977293799784,66888.9076998187,64249.41087598244
optimistic,2033,total,males,40,66400.3046888766,64267.99836359131,68925.64152024461,66441.63464837498
optimistic,2034,total,males,40,68666.60848291127,66521.44209767366,71212.45190080602,68689.04244373845
optimistic,2035,total,males,40,70971.52384605995,68716.67105517593,73457.27010586673,70965.27505631515
optimistic,2036,total,males,40,73252.32902207522,70929.72918892799,75803.85972592357,73257.09197745284
optimistic,2037,total,males,40,75590.61356147447,73125.44437724927,78273.30900914565,75591.48857340254
optimistic,2038,total,males,40,77899.05763967356,75267.9771574918,80792.10438498415,77918.28158605707
optimistic,2039,total,males,40,80217.50393170178,77387.86426674189,83421.9824219795,80235.9467915011
optimistic,2040,total,males,40,82433.32333487256,79344.10573345737,86052.6138479663,82511.89504612575
optimistic,2041,total,males,40,84605.84048528837,81219.11106193646,88755.90129386075,84758.83167259149
optimistic,2042,total,males,40,86852.82446755382,83103.2973716813,91431.99724563274,86977.11890989308
optimistic,2043,total,males,40,89027.88705345463,84810.52755649776,94111.22464919943,89140.10784972801
optimistic,2044,total,males,40,91142.48741223552,86477.680841727,96871.49859859217,91277.87988540913
optimistic,2045,total,males,40,93250.05160325942,88046.09338583317,99545.6553434823,93369.88373132402
optimistic,2012,total,females,40,24206.292563781262,22257.925267451163,26955.078078178158,24335.62812720967
optimistic,2013,total,females,40,25379.566720877505,23340.036092667702,28247.145594676847,25508.29401125833
optimistic,2014,total,females,40,26696.985090874023,24559.45719997912,29724.492901173697,26836.316593658565
optimistic,2015,total,females,40,27920.781731399504,25698.12382060223,31103.193437545826,28069.286088731023
optimistic,2016,total,females,40,29261.37371528641,26956.60558112308,32570.715697493604,29416.54498258777
optimistic,2017,total,females,40,30595.1442170439,28207.277727978675,34016.636652157926,30755.888748196823
optimistic,2018,total,females,40,31898.278387146864,29437.21738744959,35412.24728160666,32058.669685071643
optimistic,2019,total,females,40,33281.491140663136,30802.436900563942,36879.69999187687,33446.62662974693
optimistic,2020,total,females,40,34877.42851114854,32346.639948421052,38557.8187010126,35045.71167366752
optimistic,2021,total,females,40,36376.34132571063,33799.84569008935,40122.156031646875,36542.981212402294
optimistic,2022,total,females,40,37742.99339744859,35230.83320365286,41394.249834034046,37921.57696716912
optimistic,2023,total,females,40,39207.89336580983,36669.35882801263,42797.9720441421,39382.90098589458
optimistic,2024,total,females,40,40701.33673645997,38285.50514708786,44228.99249796615,40887.95197355105
optimistic,2025,total,females,40,42295.932115990734,39888.08156951094,45712.54229667989,42466.00065806655
optimistic,2026,total,females,40,43920.65976423614,41620.223670157015,47257.169010124315,44090.6682550788
optimistic,2027,total,females,40,45587.830229637766,43372.50765156732,48816.533629942336,45757.13244215197
optimistic,2028,total,females,40,47343.00969538773,45131.211589638406,50430.01335340389,47493.28614691178
optimistic,2029,total,females,40,49146.0024551319,46918.912756108686,52033.87014374844,49270.85158171554
optimistic,2030,total,females,40,50966.313240796226,48808.53021996026,53733.26163955696,51092.88970190536
optimistic,2031,total,females,40,52888.934791257125,50797.85716929429,55445.26582692295,52964.65617534982
optimistic,2032,total,females,40,54785.24481581648,52729.95001874701,57176.46465966574,54841.694807927335
optimistic,2033,total,females,40,56753.09435865105,54691.674148045895,59012.13457996687,56782.76697785027
optimistic,2034,total,females,40,58721.48421469109,56596.498044745946,60990.64859046933,58749.3861550782
optimistic,2035,total,females,40,60693.34189037842,58578.9073232136,62937.913079008336,60750.86365033505
optimistic,2036,total,females,40,62779.432903193214,60571.384671322354,64992.44468320611,62798.02836099357
optimistic,2037,total,females,40,64836.79841539712,62461.255985336975,67223.48648135563,64865.39913687133
optimistic,2038,total,females,40,66971.5240733928,64285.994778598964,69537.17423943395,66969.83037378552
optimistic,2039,total,females,40,69099.59536787204,66205.30106878179,71979.62877770013,69080.07241995646
optimistic,2040,total,females,40,71176.52147634234,67964.14816288008,74198.67484291135,71182.6138677535
optimistic,2041,total,females,40,73262.48009369837,69682.07920598143,76760.03905760389,73282.14463872617
optimistic,2042,total,females,40,75324.39921445106,71354.13093968341,79371.87784350225,75339.39780146812
optimistic,2043,total,females,40,77426.96005780982,73030.75489607008,82055.30895467062,77428.15121647094
optimistic,2044,total,females,40,79467.55267250827,74624.2811277326,84728.46202796692,79472.87436530528
optimistic,2045,total,females,40,81487.37857023977,76115.75008415796,87372.27358494581,81484.20023025307
optimistic,2012,total,persons,40,52704.30417366076,49779.42416916503,56379.593225109835,52789.71274979427
optimistic,2013,total,persons,40,55272.547890674614,52219.90752138238,59170.48601736536,55372.2861317679
optimistic,2014,total,persons,40,58097.545478597276,54896.29246261036,62165.48523259347,58173.01112408022
optimistic,2015,total,persons,40,60791.79351249046,57446.84756952746,65053.667407874615,60856.19172556381
optimistic,2016,total,persons,40,63622.2859761283,60217.85878719951,68112.24556280472,63727.113067278835
optimistic,2017,total,persons,40,66676.2588091511,63182.59626153339,71321.94135385503,66778.31127645264
optimistic,2018,total,persons,40,69616.71842278149,66050.24955619255,74423.92320786562,69728.62279785935
optimistic,2019,total,persons,40,72683.7881272146,69043.71914224295,77654.58317886866,72820.14410718481
optimistic,2020,total,persons,40,76166.25183361897,72402.18400846681,81239.92446834742,76285.58932723758
optimistic,2021,total,persons,40,79310.97880636042,75452.97937155399,84545.64879363519,79422.84257410826
optimistic,2022,total,persons,40,82331.54571503047,78462.52327595747,87514.26840116997,82445.51583794312
optimistic,2023,total,persons,40,85504.59830818383,81662.71701931572,90607.13178075121,85611.79577979326
optimistic,2024,total,persons,40,88807.37177966631,85014.81224332721,93802.10445088895,88905.42305679251
optimistic,2025,total,persons,40,92231.07028271089,88504.38361699531,97099.55220746816,92335.12910363785
optimistic,2026,total,persons,40,95754.4004859693,92116.54071111915,100515.99274487395,95881.57042585999
optimistic,2027,total,persons,40,99404.91098420246,95854.87171567445,103961.75065893379,99516.6947632965
optimistic,2028,total,persons,40,103157.48645844698,99692.00652037987,107512.68091396031,103263.6354249827
optimistic,2029,total,persons,40,106999.80723328111,103623.20015551294,111123.74935509909,107116.32569841802
optimistic,2030,total,persons,40,110934.98052630355,107588.01579227924,114798.95773111784,111022.93288751764
optimistic,2031,total,persons,40,114980.73091123966,111728.95667792807,118626.307129271,115040.41090456003
optimistic,2032,total,persons,40,119041.9302156354,115821.72548822135,122615.82881843112,119091.10568390977
optimistic,2033,total,persons,40,123205.10030360693,120008.97120853349,126680.59586232208,123224.40162622526
optimistic,2034,total,persons,40,127443.98139071454,124332.15286120256,130872.1611787637,127438.42859881665
optimistic,2035,total,persons,40,131745.50483073277,128597.13289048214,135136.2608415145,131716.1387066502
optimistic,2036,total,persons,40,136081.1683745285,132724.80496617887,139415.72898716744,136055.12033844643
optimistic,2037,total,persons,40,140459.59234675916,137065.97026562146,143934.50462855893,140456.88771027388
optimistic,2038,total,persons,40,144841.5904954598,141132.59031110545,148763.35877730636,144888.1119598426
optimistic,2039,total,persons,40,149218.52390476313,145265.68175530527,153561.70072887174,149316.01921145758
optimistic,2040,total,persons,40,153582.83393254678,149130.18509468774,158347.64564208488,153694.50891387925
optimistic,2041,total,persons,40,157869.59909917956,153162.88806497812,163363.65540962372,158040.97631131765
optimistic,2042,total,persons,40,162169.603897146,156807.94069412156,168257.36883439482,162316.5167113612
optimistic,2043,total,persons,40,166439.77037857517,160454.54216041844,173057.76173424628,166568.25906619895
optimistic,2044,total,persons,40,170613.82108045736,163921.64011488506,177927.76297683554,170750.7542507144
optimistic,2045,total,persons,40,174741.20679196276,167370.74946056562,182914.23197645132,174854.0839615771
