year,cancer_group,duration,sex,age_group,prevalence
2000,Hodgkin lymphoma,1,females,15–24,48
2000,Hodgkin lymphoma,1,females,25–34,39
2000,Hodgkin lymphoma,1,females,35–44,33
2000,Hodgkin lymphoma,1,females,45–54,11
2000,Hodgkin lymphoma,1,females,55–64,10
2000,Hodgkin lymphoma,1,females,5–14,9
2000,Hodgkin lymphoma,1,females,65–74,15
2000,Hodgkin lymphoma,1,females,75–84,14
2000,Hodgkin lymphoma,1,females,85+,3
2000,Hodgkin lymphoma,1,males,15–24,50
2000,Hodgkin lymphoma,1,males,25–34,53
2000,Hodgkin lymphoma,1,males,35–44,31
2000,Hodgkin lymphoma,1,males,45–54,31
2000,Hodgkin lymphoma,1,males,55–64,20
2000,Hodgkin lymphoma,1,males,5–14,13
2000,Hodgkin lymphoma,1,males,65–74,17
2000,Hodgkin lymphoma,1,males,75–84,6
2000,Hodgkin lymphoma,1,males,85+,1
2000,Hodgkin lymphoma,5,females,15–24,170
2000,Hodgkin lymphoma,5,females,25–34,234
2000,Hodgkin lymphoma,5,females,35–44,151
2000,Hodgkin lymphoma,5,females,45–54,79
2000,Hodgkin lymphoma,5,females,55–64,49
2000,Hodgkin lymphoma,5,females,5–14,19
2000,Hodgkin lymphoma,5,females,65–74,57
2000,Hodgkin lymphoma,5,females,75–84,36
2000,Hodgkin lymphoma,5,females,85+,9
2000,Hodgkin lymphoma,5,males,15–24,191
2000,Hodgkin lymphoma,5,males,25–34,258
2000,Hodgkin lymphoma,5,males,35–44,167
2000,Hodgkin lymphoma,5,males,45–54,139
2000,Hodgkin lymphoma,5,males,55–64,79
2000,Hodgkin lymphoma,5,males,5–14,40
2000,Hodgkin lymphoma,5,males,65–74,62
2000,Hodgkin lymphoma,5,males,75–84,33
2000,Hodgkin lymphoma,5,males,85+,4
2000,Hodgkin lymphoma,10,females,15–24,241
2000,Hodgkin lymphoma,10,females,25–34,425
2000,Hodgkin lymphoma,10,females,35–44,320
2000,Hodgkin lymphoma,10,females,45–54,144
2000,Hodgkin lymphoma,10,females,55–64,85
2000,Hodgkin lymphoma,10,females,5–14,19
2000,Hodgkin lymphoma,10,females,65–74,86
2000,Hodgkin lymphoma,10,females,75–84,64
2000,Hodgkin lymphoma,10,females,85+,17
2000,Hodgkin lymphoma,10,males,15–24,281
2000,Hodgkin lymphoma,10,males,25–34,440
2000,Hodgkin lymphoma,10,males,35–44,334
2000,Hodgkin lymphoma,10,males,45–54,239
2000,Hodgkin lymphoma,10,males,55–64,144
2000,Hodgkin lymphoma,10,males,5–14,52
2000,Hodgkin lymphoma,10,males,65–74,100
2000,Hodgkin lymphoma,10,males,75–84,61
2000,Hodgkin lymphoma,10,males,85+,6
2000,Non-Hodgkin lymphoma,1,females,15–24,12
2000,Non-Hodgkin lymphoma,1,females,25–34,36
2000,Non-Hodgkin lymphoma,1,females,35–44,94
2000,Non-Hodgkin lymphoma,1,females,45–54,169
2000,Non-Hodgkin lymphoma,1,females,55–64,266
2000,Non-Hodgkin lymphoma,1,females,5–14,13
2000,Non-Hodgkin lymphoma,1,females,65–74,290
2000,Non-Hodgkin lymphoma,1,females,75–84,305
2000,Non-Hodgkin lymphoma,1,females,85+,117
2000,Non-Hodgkin lymphoma,1,males,15–24,32
2000,Non-Hodgkin lymphoma,1,males,25–34,68
2000,Non-Hodgkin lymphoma,1,males,35–44,109
2000,Non-Hodgkin lymphoma,1,males,45–54,239
2000,Non-Hodgkin lymphoma,1,males,55–64,332
2000,Non-Hodgkin lymphoma,1,males,5–14,19
2000,Non-Hodgkin lymphoma,1,males,65–74,373
2000,Non-Hodgkin lymphoma,1,males,75–84,279
2000,Non-Hodgkin lymphoma,1,males,85+,65
2000,Non-Hodgkin lymphoma,5,females,15–24,51
2000,Non-Hodgkin lymphoma,5,females,25–34,134
2000,Non-Hodgkin lymphoma,5,females,35–44,317
2000,Non-Hodgkin lymphoma,5,females,45–54,679
2000,Non-Hodgkin lymphoma,5,females,55–64,907
2000,Non-Hodgkin lymphoma,5,females,5–14,42
2000,Non-Hodgkin lymphoma,5,females,65–74,1113
2000,Non-Hodgkin lymphoma,5,females,75–84,1044
2000,Non-Hodgkin lymphoma,5,females,85+,342
2000,Non-Hodgkin lymphoma,5,males,15–24,125
2000,Non-Hodgkin lymphoma,5,males,25–34,211
2000,Non-Hodgkin lymphoma,5,males,35–44,457
2000,Non-Hodgkin lymphoma,5,males,45–54,862
2000,Non-Hodgkin lymphoma,5,males,55–64,1105
2000,Non-Hodgkin lymphoma,5,males,5–14,89
2000,Non-Hodgkin lymphoma,5,males,65–74,1308
2000,Non-Hodgkin lymphoma,5,males,75–84,973
2000,Non-Hodgkin lymphoma,5,males,85+,213
2000,Non-Hodgkin lymphoma,10,females,15–24,89
2000,Non-Hodgkin lymphoma,10,females,25–34,210
2000,Non-Hodgkin lymphoma,10,females,35–44,478
2000,Non-Hodgkin lymphoma,10,females,45–54,1049
2000,Non-Hodgkin lymphoma,10,females,55–64,1348
2000,Non-Hodgkin lymphoma,10,females,5–14,58
2000,Non-Hodgkin lymphoma,10,females,65–74,1690
2000,Non-Hodgkin lymphoma,10,females,75–84,1577
2000,Non-Hodgkin lymphoma,10,females,85+,519
2000,Non-Hodgkin lymphoma,10,males,15–24,192
2000,Non-Hodgkin lymphoma,10,males,25–34,329
2000,Non-Hodgkin lymphoma,10,males,35–44,695
2000,Non-Hodgkin lymphoma,10,males,45–54,1294
2000,Non-Hodgkin lymphoma,10,males,55–64,1686
2000,Non-Hodgkin lymphoma,10,males,5–14,137
2000,Non-Hodgkin lymphoma,10,males,65–74,1945
2000,Non-Hodgkin lymphoma,10,males,75–84,1417
2000,Non-Hodgkin lymphoma,10,males,85+,319
2001,Hodgkin lymphoma,1,females,15–24,46
2001,Hodgkin lymphoma,1,females,25–34,39
2001,Hodgkin lymphoma,1,females,35–44,30
2001,Hodgkin lymphoma,1,females,45–54,18
2001,Hodgkin lymphoma,1,females,55–64,11
2001,Hodgkin lymphoma,1,females,5–14,7
2001,Hodgkin lymphoma,1,females,65–74,11
2001,Hodgkin lymphoma,1,females,75–84,14
2001,Hodgkin lymphoma,1,females,85+,3
2001,Hodgkin lymphoma,1,males,15–24,50
2001,Hodgkin lymphoma,1,males,25–34,32
2001,Hodgkin lymphoma,1,males,35–44,37
2001,Hodgkin lymphoma,1,males,45–54,26
2001,Hodgkin lymphoma,1,males,55–64,30
2001,Hodgkin lymphoma,1,males,5–14,18
2001,Hodgkin lymphoma,1,males,65–74,18
2001,Hodgkin lymphoma,1,males,75–84,6
2001,Hodgkin lymphoma,1,males,85+,1
2001,Hodgkin lymphoma,5,females,15–24,180
2001,Hodgkin lymphoma,5,females,25–34,232
2001,Hodgkin lymphoma,5,females,35–44,161
2001,Hodgkin lymphoma,5,females,45–54,85
2001,Hodgkin lymphoma,5,females,55–64,48
2001,Hodgkin lymphoma,5,females,5–14,15
2001,Hodgkin lymphoma,5,females,65–74,61
2001,Hodgkin lymphoma,5,females,75–84,39
2001,Hodgkin lymphoma,5,females,85+,10
2001,Hodgkin lymphoma,5,males,15–24,191
2001,Hodgkin lymphoma,5,males,25–34,251
2001,Hodgkin lymphoma,5,males,35–44,182
2001,Hodgkin lymphoma,5,males,45–54,126
2001,Hodgkin lymphoma,5,males,55–64,91
2001,Hodgkin lymphoma,5,males,5–14,47
2001,Hodgkin lymphoma,5,males,65–74,64
2001,Hodgkin lymphoma,5,males,75–84,30
2001,Hodgkin lymphoma,5,males,85+,4
2001,Hodgkin lymphoma,10,females,15–24,248
2001,Hodgkin lymphoma,10,females,25–34,434
2001,Hodgkin lymphoma,10,females,35–44,326
2001,Hodgkin lymphoma,10,females,45–54,155
2001,Hodgkin lymphoma,10,females,55–64,90
2001,Hodgkin lymphoma,10,females,5–14,18
2001,Hodgkin lymphoma,10,females,65–74,90
2001,Hodgkin lymphoma,10,females,75–84,66
2001,Hodgkin lymphoma,10,females,85+,19
2001,Hodgkin lymphoma,10,males,15–24,283
2001,Hodgkin lymphoma,10,males,25–34,447
2001,Hodgkin lymphoma,10,males,35–44,337
2001,Hodgkin lymphoma,10,males,45–54,248
2001,Hodgkin lymphoma,10,males,55–64,168
2001,Hodgkin lymphoma,10,males,5–14,59
2001,Hodgkin lymphoma,10,males,65–74,107
2001,Hodgkin lymphoma,10,males,75–84,64
2001,Hodgkin lymphoma,10,males,85+,8
2001,Non-Hodgkin lymphoma,1,females,15–24,22
2001,Non-Hodgkin lymphoma,1,females,25–34,29
2001,Non-Hodgkin lymphoma,1,females,35–44,71
2001,Non-Hodgkin lymphoma,1,females,45–54,196
2001,Non-Hodgkin lymphoma,1,females,55–64,252
2001,Non-Hodgkin lymphoma,1,females,5–14,13
2001,Non-Hodgkin lymphoma,1,females,65–74,313
2001,Non-Hodgkin lymphoma,1,females,75–84,305
2001,Non-Hodgkin lymphoma,1,females,85+,90
2001,Non-Hodgkin lymphoma,1,males,15–24,29
2001,Non-Hodgkin lymphoma,1,males,25–34,59
2001,Non-Hodgkin lymphoma,1,males,35–44,123
2001,Non-Hodgkin lymphoma,1,males,45–54,265
2001,Non-Hodgkin lymphoma,1,males,55–64,342
2001,Non-Hodgkin lymphoma,1,males,5–14,22
2001,Non-Hodgkin lymphoma,1,males,65–74,405
2001,Non-Hodgkin lymphoma,1,males,75–84,290
2001,Non-Hodgkin lymphoma,1,males,85+,58
2001,Non-Hodgkin lymphoma,5,females,15–24,58
2001,Non-Hodgkin lymphoma,5,females,25–34,129
2001,Non-Hodgkin lymphoma,5,females,35–44,319
2001,Non-Hodgkin lymphoma,5,females,45–54,697
2001,Non-Hodgkin lymphoma,5,females,55–64,983
2001,Non-Hodgkin lymphoma,5,females,5–14,41
2001,Non-Hodgkin lymphoma,5,females,65–74,1119
2001,Non-Hodgkin lymphoma,5,females,75–84,1114
2001,Non-Hodgkin lymphoma,5,females,85+,343
2001,Non-Hodgkin lymphoma,5,males,15–24,130
2001,Non-Hodgkin lymphoma,5,males,25–34,216
2001,Non-Hodgkin lymphoma,5,males,35–44,459
2001,Non-Hodgkin lymphoma,5,males,45–54,919
2001,Non-Hodgkin lymphoma,5,males,55–64,1201
2001,Non-Hodgkin lymphoma,5,males,5–14,85
2001,Non-Hodgkin lymphoma,5,males,65–74,1353
2001,Non-Hodgkin lymphoma,5,males,75–84,1032
2001,Non-Hodgkin lymphoma,5,males,85+,224
2001,Non-Hodgkin lymphoma,10,females,15–24,96
2001,Non-Hodgkin lymphoma,10,females,25–34,214
2001,Non-Hodgkin lymphoma,10,females,35–44,479
2001,Non-Hodgkin lymphoma,10,females,45–54,1111
2001,Non-Hodgkin lymphoma,10,females,55–64,1475
2001,Non-Hodgkin lymphoma,10,females,5–14,56
2001,Non-Hodgkin lymphoma,10,females,65–74,1703
2001,Non-Hodgkin lymphoma,10,females,75–84,1651
2001,Non-Hodgkin lymphoma,10,females,85+,527
2001,Non-Hodgkin lymphoma,10,males,15–24,201
2001,Non-Hodgkin lymphoma,10,males,25–34,340
2001,Non-Hodgkin lymphoma,10,males,35–44,718
2001,Non-Hodgkin lymphoma,10,males,45–54,1367
2001,Non-Hodgkin lymphoma,10,males,55–64,1826
2001,Non-Hodgkin lymphoma,10,males,5–14,135
2001,Non-Hodgkin lymphoma,10,males,65–74,2034
2001,Non-Hodgkin lymphoma,10,males,75–84,1544
2001,Non-Hodgkin lymphoma,10,males,85+,332
2002,Hodgkin lymphoma,1,females,15–24,52
2002,Hodgkin lymphoma,1,females,25–34,42
2002,Hodgkin lymphoma,1,females,35–44,25
2002,Hodgkin lymphoma,1,females,45–54,24
2002,Hodgkin lymphoma,1,females,55–64,13
2002,Hodgkin lymphoma,1,females,5–14,9
2002,Hodgkin lymphoma,1,females,65–74,18
2002,Hodgkin lymphoma,1,females,75–84,14
2002,Hodgkin lymphoma,1,females,85+,2
2002,Hodgkin lymphoma,1,males,15–24,42
2002,Hodgkin lymphoma,1,males,25–34,60
2002,Hodgkin lymphoma,1,males,35–44,33
2002,Hodgkin lymphoma,1,males,45–54,23
2002,Hodgkin lymphoma,1,males,55–64,36
2002,Hodgkin lymphoma,1,males,5–14,15
2002,Hodgkin lymphoma,1,males,65–74,23
2002,Hodgkin lymphoma,1,males,75–84,16
2002,Hodgkin lymphoma,1,males,85+,2
2002,Hodgkin lymphoma,5,females,15–24,190
2002,Hodgkin lymphoma,5,females,25–34,232
2002,Hodgkin lymphoma,5,females,35–44,148
2002,Hodgkin lymphoma,5,females,45–54,95
2002,Hodgkin lymphoma,5,females,55–64,52
2002,Hodgkin lymphoma,5,females,5–14,16
2002,Hodgkin lymphoma,5,females,65–74,58
2002,Hodgkin lymphoma,5,females,75–84,39
2002,Hodgkin lymphoma,5,females,85+,10
2002,Hodgkin lymphoma,5,males,15–24,190
2002,Hodgkin lymphoma,5,males,25–34,263
2002,Hodgkin lymphoma,5,males,35–44,186
2002,Hodgkin lymphoma,5,males,45–54,122
2002,Hodgkin lymphoma,5,males,55–64,115
2002,Hodgkin lymphoma,5,males,5–14,50
2002,Hodgkin lymphoma,5,males,65–74,65
2002,Hodgkin lymphoma,5,males,75–84,38
2002,Hodgkin lymphoma,5,males,85+,3
2002,Hodgkin lymphoma,10,females,15–24,264
2002,Hodgkin lymphoma,10,females,25–34,436
2002,Hodgkin lymphoma,10,females,35–44,325
2002,Hodgkin lymphoma,10,females,45–54,168
2002,Hodgkin lymphoma,10,females,55–64,100
2002,Hodgkin lymphoma,10,females,5–14,20
2002,Hodgkin lymphoma,10,females,65–74,94
2002,Hodgkin lymphoma,10,females,75–84,68
2002,Hodgkin lymphoma,10,females,85+,15
2002,Hodgkin lymphoma,10,males,15–24,282
2002,Hodgkin lymphoma,10,males,25–34,463
2002,Hodgkin lymphoma,10,males,35–44,347
2002,Hodgkin lymphoma,10,males,45–54,253
2002,Hodgkin lymphoma,10,males,55–64,193
2002,Hodgkin lymphoma,10,males,5–14,63
2002,Hodgkin lymphoma,10,males,65–74,110
2002,Hodgkin lymphoma,10,males,75–84,67
2002,Hodgkin lymphoma,10,males,85+,9
2002,Non-Hodgkin lymphoma,1,females,15–24,19
2002,Non-Hodgkin lymphoma,1,females,25–34,34
2002,Non-Hodgkin lymphoma,1,females,35–44,94
2002,Non-Hodgkin lymphoma,1,females,45–54,198
2002,Non-Hodgkin lymphoma,1,females,55–64,263
2002,Non-Hodgkin lymphoma,1,females,5–14,3
2002,Non-Hodgkin lymphoma,1,females,65–74,343
2002,Non-Hodgkin lymphoma,1,females,75–84,306
2002,Non-Hodgkin lymphoma,1,females,85+,101
2002,Non-Hodgkin lymphoma,1,males,15–24,27
2002,Non-Hodgkin lymphoma,1,males,25–34,57
2002,Non-Hodgkin lymphoma,1,males,35–44,124
2002,Non-Hodgkin lymphoma,1,males,45–54,245
2002,Non-Hodgkin lymphoma,1,males,55–64,383
2002,Non-Hodgkin lymphoma,1,males,5–14,19
2002,Non-Hodgkin lymphoma,1,males,65–74,410
2002,Non-Hodgkin lymphoma,1,males,75–84,325
2002,Non-Hodgkin lymphoma,1,males,85+,75
2002,Non-Hodgkin lymphoma,5,females,15–24,66
2002,Non-Hodgkin lymphoma,5,females,25–34,130
2002,Non-Hodgkin lymphoma,5,females,35–44,333
2002,Non-Hodgkin lymphoma,5,females,45–54,742
2002,Non-Hodgkin lymphoma,5,females,55–64,1026
2002,Non-Hodgkin lymphoma,5,females,5–14,31
2002,Non-Hodgkin lymphoma,5,females,65–74,1192
2002,Non-Hodgkin lymphoma,5,females,75–84,1157
2002,Non-Hodgkin lymphoma,5,females,85+,366
2002,Non-Hodgkin lymphoma,5,males,15–24,126
2002,Non-Hodgkin lymphoma,5,males,25–34,220
2002,Non-Hodgkin lymphoma,5,males,35–44,464
2002,Non-Hodgkin lymphoma,5,males,45–54,955
2002,Non-Hodgkin lymphoma,5,males,55–64,1317
2002,Non-Hodgkin lymphoma,5,males,5–14,82
2002,Non-Hodgkin lymphoma,5,males,65–74,1435
2002,Non-Hodgkin lymphoma,5,males,75–84,1101
2002,Non-Hodgkin lymphoma,5,males,85+,237
2002,Non-Hodgkin lymphoma,10,females,15–24,98
2002,Non-Hodgkin lymphoma,10,females,25–34,214
2002,Non-Hodgkin lymphoma,10,females,35–44,491
2002,Non-Hodgkin lymphoma,10,females,45–54,1145
2002,Non-Hodgkin lymphoma,10,females,55–64,1585
2002,Non-Hodgkin lymphoma,10,females,5–14,52
2002,Non-Hodgkin lymphoma,10,females,65–74,1787
2002,Non-Hodgkin lymphoma,10,females,75–84,1760
2002,Non-Hodgkin lymphoma,10,females,85+,564
2002,Non-Hodgkin lymphoma,10,males,15–24,204
2002,Non-Hodgkin lymphoma,10,males,25–34,336
2002,Non-Hodgkin lymphoma,10,males,35–44,733
2002,Non-Hodgkin lymphoma,10,males,45–54,1427
2002,Non-Hodgkin lymphoma,10,males,55–64,1984
2002,Non-Hodgkin lymphoma,10,males,5–14,135
2002,Non-Hodgkin lymphoma,10,males,65–74,2156
2002,Non-Hodgkin lymphoma,10,males,75–84,1636
2002,Non-Hodgkin lymphoma,10,males,85+,351
2003,Hodgkin lymphoma,1,females,15–24,36
2003,Hodgkin lymphoma,1,females,25–34,43
2003,Hodgkin lymphoma,1,females,35–44,28
2003,Hodgkin lymphoma,1,females,45–54,18
2003,Hodgkin lymphoma,1,females,55–64,14
2003,Hodgkin lymphoma,1,females,5–14,8
2003,Hodgkin lymphoma,1,females,65–74,18
2003,Hodgkin lymphoma,1,females,75–84,13
2003,Hodgkin lymphoma,1,females,85+,2
2003,Hodgkin lymphoma,1,males,15–24,51
2003,Hodgkin lymphoma,1,males,25–34,48
2003,Hodgkin lymphoma,1,males,35–44,43
2003,Hodgkin lymphoma,1,males,45–54,23
2003,Hodgkin lymphoma,1,males,55–64,20
2003,Hodgkin lymphoma,1,males,5–14,17
2003,Hodgkin lymphoma,1,males,65–74,19
2003,Hodgkin lymphoma,1,males,75–84,16
2003,Hodgkin lymphoma,1,males,85+,1
2003,Hodgkin lymphoma,5,females,15–24,186
2003,Hodgkin lymphoma,5,females,25–34,226
2003,Hodgkin lymphoma,5,females,35–44,156
2003,Hodgkin lymphoma,5,females,45–54,99
2003,Hodgkin lymphoma,5,females,55–64,44
2003,Hodgkin lymphoma,5,females,5–14,17
2003,Hodgkin lymphoma,5,females,65–74,65
2003,Hodgkin lymphoma,5,females,75–84,44
2003,Hodgkin lymphoma,5,females,85+,9
2003,Hodgkin lymphoma,5,males,15–24,201
2003,Hodgkin lymphoma,5,males,25–34,241
2003,Hodgkin lymphoma,5,males,35–44,211
2003,Hodgkin lymphoma,5,males,45–54,119
2003,Hodgkin lymphoma,5,males,55–64,116
2003,Hodgkin lymphoma,5,males,5–14,57
2003,Hodgkin lymphoma,5,males,65–74,65
2003,Hodgkin lymphoma,5,males,75–84,49
2003,Hodgkin lymphoma,5,males,85+,2
2003,Hodgkin lymphoma,10,females,15–24,261
2003,Hodgkin lymphoma,10,females,25–34,446
2003,Hodgkin lymphoma,10,females,35–44,317
2003,Hodgkin lymphoma,10,females,45–54,191
2003,Hodgkin lymphoma,10,females,55–64,105
2003,Hodgkin lymphoma,10,females,5–14,22
2003,Hodgkin lymphoma,10,females,65–74,107
2003,Hodgkin lymphoma,10,females,75–84,67
2003,Hodgkin lymphoma,10,females,85+,15
2003,Hodgkin lymphoma,10,males,15–24,302
2003,Hodgkin lymphoma,10,males,25–34,450
2003,Hodgkin lymphoma,10,males,35–44,366
2003,Hodgkin lymphoma,10,males,45–54,256
2003,Hodgkin lymphoma,10,males,55–64,203
2003,Hodgkin lymphoma,10,males,5–14,65
2003,Hodgkin lymphoma,10,males,65–74,113
2003,Hodgkin lymphoma,10,males,75–84,73
2003,Hodgkin lymphoma,10,males,85+,9
2003,Non-Hodgkin lymphoma,1,females,15–24,19
2003,Non-Hodgkin lymphoma,1,females,25–34,38
2003,Non-Hodgkin lymphoma,1,females,35–44,82
2003,Non-Hodgkin lymphoma,1,females,45–54,190
2003,Non-Hodgkin lymphoma,1,females,55–64,267
2003,Non-Hodgkin lymphoma,1,females,5–14,6
2003,Non-Hodgkin lymphoma,1,females,65–74,330
2003,Non-Hodgkin lymphoma,1,females,75–84,316
2003,Non-Hodgkin lymphoma,1,females,85+,117
2003,Non-Hodgkin lymphoma,1,males,15–24,29
2003,Non-Hodgkin lymphoma,1,males,25–34,66
2003,Non-Hodgkin lymphoma,1,males,35–44,132
2003,Non-Hodgkin lymphoma,1,males,45–54,242
2003,Non-Hodgkin lymphoma,1,males,55–64,395
2003,Non-Hodgkin lymphoma,1,males,5–14,29
2003,Non-Hodgkin lymphoma,1,males,65–74,418
2003,Non-Hodgkin lymphoma,1,males,75–84,340
2003,Non-Hodgkin lymphoma,1,males,85+,69
2003,Non-Hodgkin lymphoma,5,females,15–24,70
2003,Non-Hodgkin lymphoma,5,females,25–34,135
2003,Non-Hodgkin lymphoma,5,females,35–44,321
2003,Non-Hodgkin lymphoma,5,females,45–54,757
2003,Non-Hodgkin lymphoma,5,females,55–64,1102
2003,Non-Hodgkin lymphoma,5,females,5–14,32
2003,Non-Hodgkin lymphoma,5,females,65–74,1217
2003,Non-Hodgkin lymphoma,5,females,75–84,1206
2003,Non-Hodgkin lymphoma,5,females,85+,406
2003,Non-Hodgkin lymphoma,5,males,15–24,131
2003,Non-Hodgkin lymphoma,5,males,25–34,234
2003,Non-Hodgkin lymphoma,5,males,35–44,467
2003,Non-Hodgkin lymphoma,5,males,45–54,986
2003,Non-Hodgkin lymphoma,5,males,55–64,1456
2003,Non-Hodgkin lymphoma,5,males,5–14,86
2003,Non-Hodgkin lymphoma,5,males,65–74,1466
2003,Non-Hodgkin lymphoma,5,males,75–84,1202
2003,Non-Hodgkin lymphoma,5,males,85+,253
2003,Non-Hodgkin lymphoma,10,females,15–24,98
2003,Non-Hodgkin lymphoma,10,females,25–34,220
2003,Non-Hodgkin lymphoma,10,females,35–44,495
2003,Non-Hodgkin lymphoma,10,females,45–54,1165
2003,Non-Hodgkin lymphoma,10,females,55–64,1723
2003,Non-Hodgkin lymphoma,10,females,5–14,50
2003,Non-Hodgkin lymphoma,10,females,65–74,1845
2003,Non-Hodgkin lymphoma,10,females,75–84,1877
2003,Non-Hodgkin lymphoma,10,females,85+,627
2003,Non-Hodgkin lymphoma,10,males,15–24,215
2003,Non-Hodgkin lymphoma,10,males,25–34,346
2003,Non-Hodgkin lymphoma,10,males,35–44,756
2003,Non-Hodgkin lymphoma,10,males,45–54,1482
2003,Non-Hodgkin lymphoma,10,males,55–64,2146
2003,Non-Hodgkin lymphoma,10,males,5–14,142
2003,Non-Hodgkin lymphoma,10,males,65–74,2189
2003,Non-Hodgkin lymphoma,10,males,75–84,1787
2003,Non-Hodgkin lymphoma,10,males,85+,396
2004,Hodgkin lymphoma,1,females,15–24,49
2004,Hodgkin lymphoma,1,females,25–34,49
2004,Hodgkin lymphoma,1,females,35–44,33
2004,Hodgkin lymphoma,1,females,45–54,25
2004,Hodgkin lymphoma,1,females,55–64,20
2004,Hodgkin lymphoma,1,females,5–14,9
2004,Hodgkin lymphoma,1,females,65–74,20
2004,Hodgkin lymphoma,1,females,75–84,17
2004,Hodgkin lymphoma,1,females,85+,2
2004,Hodgkin lymphoma,1,males,15–24,51
2004,Hodgkin lymphoma,1,males,25–34,37
2004,Hodgkin lymphoma,1,males,35–44,45
2004,Hodgkin lymphoma,1,males,45–54,25
2004,Hodgkin lymphoma,1,males,55–64,16
2004,Hodgkin lymphoma,1,males,5–14,14
2004,Hodgkin lymphoma,1,males,65–74,25
2004,Hodgkin lymphoma,1,males,75–84,15
2004,Hodgkin lymphoma,1,males,85+,1
2004,Hodgkin lymphoma,5,females,15–24,189
2004,Hodgkin lymphoma,5,females,25–34,237
2004,Hodgkin lymphoma,5,females,35–44,140
2004,Hodgkin lymphoma,5,females,45–54,112
2004,Hodgkin lymphoma,5,females,55–64,61
2004,Hodgkin lymphoma,5,females,5–14,23
2004,Hodgkin lymphoma,5,females,65–74,74
2004,Hodgkin lymphoma,5,females,75–84,53
2004,Hodgkin lymphoma,5,females,85+,8
2004,Hodgkin lymphoma,5,males,15–24,206
2004,Hodgkin lymphoma,5,males,25–34,237
2004,Hodgkin lymphoma,5,males,35–44,201
2004,Hodgkin lymphoma,5,males,45–54,124
2004,Hodgkin lymphoma,5,males,55–64,107
2004,Hodgkin lymphoma,5,males,5–14,55
2004,Hodgkin lymphoma,5,males,65–74,80
2004,Hodgkin lymphoma,5,males,75–84,49
2004,Hodgkin lymphoma,5,males,85+,3
2004,Hodgkin lymphoma,10,females,15–24,274
2004,Hodgkin lymphoma,10,females,25–34,457
2004,Hodgkin lymphoma,10,females,35–44,314
2004,Hodgkin lymphoma,10,females,45–54,211
2004,Hodgkin lymphoma,10,females,55–64,123
2004,Hodgkin lymphoma,10,females,5–14,24
2004,Hodgkin lymphoma,10,females,65–74,120
2004,Hodgkin lymphoma,10,females,75–84,72
2004,Hodgkin lymphoma,10,females,85+,16
2004,Hodgkin lymphoma,10,males,15–24,307
2004,Hodgkin lymphoma,10,males,25–34,451
2004,Hodgkin lymphoma,10,males,35–44,392
2004,Hodgkin lymphoma,10,males,45–54,267
2004,Hodgkin lymphoma,10,males,55–64,191
2004,Hodgkin lymphoma,10,males,5–14,66
2004,Hodgkin lymphoma,10,males,65–74,123
2004,Hodgkin lymphoma,10,males,75–84,79
2004,Hodgkin lymphoma,10,males,85+,10
2004,Non-Hodgkin lymphoma,1,females,15–24,20
2004,Non-Hodgkin lymphoma,1,females,25–34,47
2004,Non-Hodgkin lymphoma,1,females,35–44,76
2004,Non-Hodgkin lymphoma,1,females,45–54,196
2004,Non-Hodgkin lymphoma,1,females,55–64,276
2004,Non-Hodgkin lymphoma,1,females,5–14,7
2004,Non-Hodgkin lymphoma,1,females,65–74,332
2004,Non-Hodgkin lymphoma,1,females,75–84,307
2004,Non-Hodgkin lymphoma,1,females,85+,108
2004,Non-Hodgkin lymphoma,1,males,15–24,27
2004,Non-Hodgkin lymphoma,1,males,25–34,53
2004,Non-Hodgkin lymphoma,1,males,35–44,147
2004,Non-Hodgkin lymphoma,1,males,45–54,242
2004,Non-Hodgkin lymphoma,1,males,55–64,386
2004,Non-Hodgkin lymphoma,1,males,5–14,29
2004,Non-Hodgkin lymphoma,1,males,65–74,447
2004,Non-Hodgkin lymphoma,1,males,75–84,394
2004,Non-Hodgkin lymphoma,1,males,85+,73
2004,Non-Hodgkin lymphoma,5,females,15–24,75
2004,Non-Hodgkin lymphoma,5,females,25–34,150
2004,Non-Hodgkin lymphoma,5,females,35–44,316
2004,Non-Hodgkin lymphoma,5,females,45–54,766
2004,Non-Hodgkin lymphoma,5,females,55–64,1141
2004,Non-Hodgkin lymphoma,5,females,5–14,29
2004,Non-Hodgkin lymphoma,5,females,65–74,1299
2004,Non-Hodgkin lymphoma,5,females,75–84,1223
2004,Non-Hodgkin lymphoma,5,females,85+,399
2004,Non-Hodgkin lymphoma,5,males,15–24,126
2004,Non-Hodgkin lymphoma,5,males,25–34,233
2004,Non-Hodgkin lymphoma,5,males,35–44,511
2004,Non-Hodgkin lymphoma,5,males,45–54,984
2004,Non-Hodgkin lymphoma,5,males,55–64,1564
2004,Non-Hodgkin lymphoma,5,males,5–14,89
2004,Non-Hodgkin lymphoma,5,males,65–74,1591
2004,Non-Hodgkin lymphoma,5,males,75–84,1283
2004,Non-Hodgkin lymphoma,5,males,85+,271
2004,Non-Hodgkin lymphoma,10,females,15–24,110
2004,Non-Hodgkin lymphoma,10,females,25–34,237
2004,Non-Hodgkin lymphoma,10,females,35–44,484
2004,Non-Hodgkin lymphoma,10,females,45–54,1180
2004,Non-Hodgkin lymphoma,10,females,55–64,1834
2004,Non-Hodgkin lymphoma,10,females,5–14,45
2004,Non-Hodgkin lymphoma,10,females,65–74,1933
2004,Non-Hodgkin lymphoma,10,females,75–84,1963
2004,Non-Hodgkin lymphoma,10,females,85+,663
2004,Non-Hodgkin lymphoma,10,males,15–24,222
2004,Non-Hodgkin lymphoma,10,males,25–34,353
2004,Non-Hodgkin lymphoma,10,males,35–44,802
2004,Non-Hodgkin lymphoma,10,males,45–54,1512
2004,Non-Hodgkin lymphoma,10,males,55–64,2303
2004,Non-Hodgkin lymphoma,10,males,5–14,140
2004,Non-Hodgkin lymphoma,10,males,65–74,2381
2004,Non-Hodgkin lymphoma,10,males,75–84,1948
2004,Non-Hodgkin lymphoma,10,males,85+,424
2005,Hodgkin lymphoma,1,females,15–24,56
2005,Hodgkin lymphoma,1,females,25–34,55
2005,Hodgkin lymphoma,1,females,35–44,39
2005,Hodgkin lymphoma,1,females,45–54,19
2005,Hodgkin lymphoma,1,females,55–64,21
2005,Hodgkin lymphoma,1,females,5–14,14
2005,Hodgkin lymphoma,1,females,65–74,14
2005,Hodgkin lymphoma,1,females,75–84,12
2005,Hodgkin lymphoma,1,females,85+,3
2005,Hodgkin lymphoma,1,males,15–24,68
2005,Hodgkin lymphoma,1,males,25–34,52
2005,Hodgkin lymphoma,1,males,35–44,39
2005,Hodgkin lymphoma,1,males,45–54,36
2005,Hodgkin lymphoma,1,males,55–64,27
2005,Hodgkin lymphoma,1,males,5–14,10
2005,Hodgkin lymphoma,1,males,65–74,22
2005,Hodgkin lymphoma,1,males,75–84,11
2005,Hodgkin lymphoma,1,males,85+,5
2005,Hodgkin lymphoma,5,females,15–24,205
2005,Hodgkin lymphoma,5,females,25–34,241
2005,Hodgkin lymphoma,5,females,35–44,154
2005,Hodgkin lymphoma,5,females,45–54,115
2005,Hodgkin lymphoma,5,females,55–64,80
2005,Hodgkin lymphoma,5,females,5–14,29
2005,Hodgkin lymphoma,5,females,65–74,71
2005,Hodgkin lymphoma,5,females,75–84,49
2005,Hodgkin lymphoma,5,females,85+,8
2005,Hodgkin lymphoma,5,males,15–24,232
2005,Hodgkin lymphoma,5,males,25–34,246
2005,Hodgkin lymphoma,5,males,35–44,186
2005,Hodgkin lymphoma,5,males,45–54,141
2005,Hodgkin lymphoma,5,males,55–64,117
2005,Hodgkin lymphoma,5,males,5–14,46
2005,Hodgkin lymphoma,5,males,65–74,82
2005,Hodgkin lymphoma,5,males,75–84,50
2005,Hodgkin lymphoma,5,males,85+,8
2005,Hodgkin lymphoma,10,females,15–24,290
2005,Hodgkin lymphoma,10,females,25–34,460
2005,Hodgkin lymphoma,10,females,35–44,339
2005,Hodgkin lymphoma,10,females,45–54,216
2005,Hodgkin lymphoma,10,females,55–64,136
2005,Hodgkin lymphoma,10,females,5–14,32
2005,Hodgkin lymphoma,10,females,65–74,125
2005,Hodgkin lymphoma,10,females,75–84,72
2005,Hodgkin lymphoma,10,females,85+,17
2005,Hodgkin lymphoma,10,males,15–24,333
2005,Hodgkin lymphoma,10,males,25–34,472
2005,Hodgkin lymphoma,10,males,35–44,402
2005,Hodgkin lymphoma,10,males,45–54,272
2005,Hodgkin lymphoma,10,males,55–64,213
2005,Hodgkin lymphoma,10,males,5–14,63
2005,Hodgkin lymphoma,10,males,65–74,127
2005,Hodgkin lymphoma,10,males,75–84,79
2005,Hodgkin lymphoma,10,males,85+,14
2005,Non-Hodgkin lymphoma,1,females,15–24,18
2005,Non-Hodgkin lymphoma,1,females,25–34,33
2005,Non-Hodgkin lymphoma,1,females,35–44,82
2005,Non-Hodgkin lymphoma,1,females,45–54,215
2005,Non-Hodgkin lymphoma,1,females,55–64,325
2005,Non-Hodgkin lymphoma,1,females,5–14,3
2005,Non-Hodgkin lymphoma,1,females,65–74,345
2005,Non-Hodgkin lymphoma,1,females,75–84,358
2005,Non-Hodgkin lymphoma,1,females,85+,124
2005,Non-Hodgkin lymphoma,1,males,15–24,39
2005,Non-Hodgkin lymphoma,1,males,25–34,52
2005,Non-Hodgkin lymphoma,1,males,35–44,126
2005,Non-Hodgkin lymphoma,1,males,45–54,252
2005,Non-Hodgkin lymphoma,1,males,55–64,423
2005,Non-Hodgkin lymphoma,1,males,5–14,22
2005,Non-Hodgkin lymphoma,1,males,65–74,437
2005,Non-Hodgkin lymphoma,1,males,75–84,372
2005,Non-Hodgkin lymphoma,1,males,85+,85
2005,Non-Hodgkin lymphoma,5,females,15–24,66
2005,Non-Hodgkin lymphoma,5,females,25–34,152
2005,Non-Hodgkin lymphoma,5,females,35–44,300
2005,Non-Hodgkin lymphoma,5,females,45–54,822
2005,Non-Hodgkin lymphoma,5,females,55–64,1224
2005,Non-Hodgkin lymphoma,5,females,5–14,23
2005,Non-Hodgkin lymphoma,5,females,65–74,1341
2005,Non-Hodgkin lymphoma,5,females,75–84,1290
2005,Non-Hodgkin lymphoma,5,females,85+,446
2005,Non-Hodgkin lymphoma,5,males,15–24,131
2005,Non-Hodgkin lymphoma,5,males,25–34,232
2005,Non-Hodgkin lymphoma,5,males,35–44,498
2005,Non-Hodgkin lymphoma,5,males,45–54,1027
2005,Non-Hodgkin lymphoma,5,males,55–64,1629
2005,Non-Hodgkin lymphoma,5,males,5–14,97
2005,Non-Hodgkin lymphoma,5,males,65–74,1649
2005,Non-Hodgkin lymphoma,5,males,75–84,1409
2005,Non-Hodgkin lymphoma,5,males,85+,331
2005,Non-Hodgkin lymphoma,10,females,15–24,105
2005,Non-Hodgkin lymphoma,10,females,25–34,229
2005,Non-Hodgkin lymphoma,10,females,35–44,500
2005,Non-Hodgkin lymphoma,10,females,45–54,1228
2005,Non-Hodgkin lymphoma,10,females,55–64,1947
2005,Non-Hodgkin lymphoma,10,females,5–14,38
2005,Non-Hodgkin lymphoma,10,females,65–74,2048
2005,Non-Hodgkin lymphoma,10,females,75–84,2054
2005,Non-Hodgkin lymphoma,10,females,85+,729
2005,Non-Hodgkin lymphoma,10,males,15–24,240
2005,Non-Hodgkin lymphoma,10,males,25–34,362
2005,Non-Hodgkin lymphoma,10,males,35–44,776
2005,Non-Hodgkin lymphoma,10,males,45–54,1596
2005,Non-Hodgkin lymphoma,10,males,55–64,2448
2005,Non-Hodgkin lymphoma,10,males,5–14,139
2005,Non-Hodgkin lymphoma,10,males,65–74,2459
2005,Non-Hodgkin lymphoma,10,males,75–84,2110
2005,Non-Hodgkin lymphoma,10,males,85+,515
2006,Hodgkin lymphoma,1,females,15–24,65
2006,Hodgkin lymphoma,1,females,25–34,48
2006,Hodgkin lymphoma,1,females,35–44,34
2006,Hodgkin lymphoma,1,females,45–54,16
2006,Hodgkin lymphoma,1,females,55–64,23
2006,Hodgkin lymphoma,1,females,5–14,10
2006,Hodgkin lymphoma,1,females,65–74,13
2006,Hodgkin lymphoma,1,females,75–84,16
2006,Hodgkin lymphoma,1,females,85+,4
2006,Hodgkin lymphoma,1,males,15–24,64
2006,Hodgkin lymphoma,1,males,25–34,51
2006,Hodgkin lymphoma,1,males,35–44,40
2006,Hodgkin lymphoma,1,males,45–54,25
2006,Hodgkin lymphoma,1,males,55–64,30
2006,Hodgkin lymphoma,1,males,5–14,15
2006,Hodgkin lymphoma,1,males,65–74,24
2006,Hodgkin lymphoma,1,males,75–84,9
2006,Hodgkin lymphoma,1,males,85+,5
2006,Hodgkin lymphoma,5,females,15–24,224
2006,Hodgkin lymphoma,5,females,25–34,251
2006,Hodgkin lymphoma,5,females,35–44,166
2006,Hodgkin lymphoma,5,females,45–54,106
2006,Hodgkin lymphoma,5,females,55–64,91
2006,Hodgkin lymphoma,5,females,5–14,29
2006,Hodgkin lymphoma,5,females,65–74,71
2006,Hodgkin lymphoma,5,females,75–84,56
2006,Hodgkin lymphoma,5,females,85+,8
2006,Hodgkin lymphoma,5,males,15–24,236
2006,Hodgkin lymphoma,5,males,25–34,256
2006,Hodgkin lymphoma,5,males,35–44,199
2006,Hodgkin lymphoma,5,males,45–54,132
2006,Hodgkin lymphoma,5,males,55–64,128
2006,Hodgkin lymphoma,5,males,5–14,48
2006,Hodgkin lymphoma,5,males,65–74,85
2006,Hodgkin lymphoma,5,males,75–84,54
2006,Hodgkin lymphoma,5,males,85+,12
2006,Hodgkin lymphoma,10,females,15–24,306
2006,Hodgkin lymphoma,10,females,25–34,469
2006,Hodgkin lymphoma,10,females,35–44,366
2006,Hodgkin lymphoma,10,females,45–54,211
2006,Hodgkin lymphoma,10,females,55–64,151
2006,Hodgkin lymphoma,10,females,5–14,32
2006,Hodgkin lymphoma,10,females,65–74,123
2006,Hodgkin lymphoma,10,females,75–84,84
2006,Hodgkin lymphoma,10,females,85+,18
2006,Hodgkin lymphoma,10,males,15–24,337
2006,Hodgkin lymphoma,10,males,25–34,485
2006,Hodgkin lymphoma,10,males,35–44,420
2006,Hodgkin lymphoma,10,males,45–54,265
2006,Hodgkin lymphoma,10,males,55–64,227
2006,Hodgkin lymphoma,10,males,5–14,67
2006,Hodgkin lymphoma,10,males,65–74,133
2006,Hodgkin lymphoma,10,males,75–84,82
2006,Hodgkin lymphoma,10,males,85+,18
2006,Non-Hodgkin lymphoma,1,females,15–24,20
2006,Non-Hodgkin lymphoma,1,females,25–34,36
2006,Non-Hodgkin lymphoma,1,females,35–44,89
2006,Non-Hodgkin lymphoma,1,females,45–54,189
2006,Non-Hodgkin lymphoma,1,females,55–64,324
2006,Non-Hodgkin lymphoma,1,females,5–14,7
2006,Non-Hodgkin lymphoma,1,females,65–74,355
2006,Non-Hodgkin lymphoma,1,females,75–84,313
2006,Non-Hodgkin lymphoma,1,females,85+,112
2006,Non-Hodgkin lymphoma,1,males,15–24,34
2006,Non-Hodgkin lymphoma,1,males,25–34,43
2006,Non-Hodgkin lymphoma,1,males,35–44,127
2006,Non-Hodgkin lymphoma,1,males,45–54,276
2006,Non-Hodgkin lymphoma,1,males,55–64,445
2006,Non-Hodgkin lymphoma,1,males,5–14,17
2006,Non-Hodgkin lymphoma,1,males,65–74,468
2006,Non-Hodgkin lymphoma,1,males,75–84,375
2006,Non-Hodgkin lymphoma,1,males,85+,80
2006,Non-Hodgkin lymphoma,5,females,15–24,71
2006,Non-Hodgkin lymphoma,5,females,25–34,143
2006,Non-Hodgkin lymphoma,5,females,35–44,338
2006,Non-Hodgkin lymphoma,5,females,45–54,786
2006,Non-Hodgkin lymphoma,5,females,55–64,1305
2006,Non-Hodgkin lymphoma,5,females,5–14,20
2006,Non-Hodgkin lymphoma,5,females,65–74,1412
2006,Non-Hodgkin lymphoma,5,females,75–84,1277
2006,Non-Hodgkin lymphoma,5,females,85+,465
2006,Non-Hodgkin lymphoma,5,males,15–24,136
2006,Non-Hodgkin lymphoma,5,males,25–34,214
2006,Non-Hodgkin lymphoma,5,males,35–44,515
2006,Non-Hodgkin lymphoma,5,males,45–54,1059
2006,Non-Hodgkin lymphoma,5,males,55–64,1694
2006,Non-Hodgkin lymphoma,5,males,5–14,93
2006,Non-Hodgkin lymphoma,5,males,65–74,1762
2006,Non-Hodgkin lymphoma,5,males,75–84,1452
2006,Non-Hodgkin lymphoma,5,males,85+,339
2006,Non-Hodgkin lymphoma,10,females,15–24,116
2006,Non-Hodgkin lymphoma,10,females,25–34,221
2006,Non-Hodgkin lymphoma,10,females,35–44,535
2006,Non-Hodgkin lymphoma,10,females,45–54,1210
2006,Non-Hodgkin lymphoma,10,females,55–64,2059
2006,Non-Hodgkin lymphoma,10,females,5–14,35
2006,Non-Hodgkin lymphoma,10,females,65–74,2188
2006,Non-Hodgkin lymphoma,10,females,75–84,2051
2006,Non-Hodgkin lymphoma,10,females,85+,790
2006,Non-Hodgkin lymphoma,10,males,15–24,231
2006,Non-Hodgkin lymphoma,10,males,25–34,359
2006,Non-Hodgkin lymphoma,10,males,35–44,786
2006,Non-Hodgkin lymphoma,10,males,45–54,1654
2006,Non-Hodgkin lymphoma,10,males,55–64,2611
2006,Non-Hodgkin lymphoma,10,males,5–14,139
2006,Non-Hodgkin lymphoma,10,males,65–74,2658
2006,Non-Hodgkin lymphoma,10,males,75–84,2187
2006,Non-Hodgkin lymphoma,10,males,85+,531
2007,Hodgkin lymphoma,1,females,15–24,67
2007,Hodgkin lymphoma,1,females,25–34,55
2007,Hodgkin lymphoma,1,females,35–44,25
2007,Hodgkin lymphoma,1,females,45–54,23
2007,Hodgkin lymphoma,1,females,55–64,26
2007,Hodgkin lymphoma,1,females,5–14,9
2007,Hodgkin lymphoma,1,females,65–74,21
2007,Hodgkin lymphoma,1,females,75–84,16
2007,Hodgkin lymphoma,1,females,85+,2
2007,Hodgkin lymphoma,1,males,15–24,53
2007,Hodgkin lymphoma,1,males,25–34,60
2007,Hodgkin lymphoma,1,males,35–44,37
2007,Hodgkin lymphoma,1,males,45–54,47
2007,Hodgkin lymphoma,1,males,55–64,29
2007,Hodgkin lymphoma,1,males,5–14,14
2007,Hodgkin lymphoma,1,males,65–74,23
2007,Hodgkin lymphoma,1,males,75–84,7
2007,Hodgkin lymphoma,1,males,85+,4
2007,Hodgkin lymphoma,5,females,15–24,239
2007,Hodgkin lymphoma,5,females,25–34,264
2007,Hodgkin lymphoma,5,females,35–44,171
2007,Hodgkin lymphoma,5,females,45–54,96
2007,Hodgkin lymphoma,5,females,55–64,104
2007,Hodgkin lymphoma,5,females,5–14,29
2007,Hodgkin lymphoma,5,females,65–74,69
2007,Hodgkin lymphoma,5,females,75–84,60
2007,Hodgkin lymphoma,5,females,85+,10
2007,Hodgkin lymphoma,5,males,15–24,240
2007,Hodgkin lymphoma,5,males,25–34,275
2007,Hodgkin lymphoma,5,males,35–44,190
2007,Hodgkin lymphoma,5,males,45–54,161
2007,Hodgkin lymphoma,5,males,55–64,123
2007,Hodgkin lymphoma,5,males,5–14,46
2007,Hodgkin lymphoma,5,males,65–74,87
2007,Hodgkin lymphoma,5,males,75–84,40
2007,Hodgkin lymphoma,5,males,85+,13
2007,Hodgkin lymphoma,10,females,15–24,320
2007,Hodgkin lymphoma,10,females,25–34,494
2007,Hodgkin lymphoma,10,females,35–44,353
2007,Hodgkin lymphoma,10,females,45–54,208
2007,Hodgkin lymphoma,10,females,55–64,174
2007,Hodgkin lymphoma,10,females,5–14,34
2007,Hodgkin lymphoma,10,females,65–74,113
2007,Hodgkin lymphoma,10,females,75–84,96
2007,Hodgkin lymphoma,10,females,85+,22
2007,Hodgkin lymphoma,10,males,15–24,342
2007,Hodgkin lymphoma,10,males,25–34,501
2007,Hodgkin lymphoma,10,males,35–44,412
2007,Hodgkin lymphoma,10,males,45–54,297
2007,Hodgkin lymphoma,10,males,55–64,241
2007,Hodgkin lymphoma,10,males,5–14,72
2007,Hodgkin lymphoma,10,males,65–74,142
2007,Hodgkin lymphoma,10,males,75–84,75
2007,Hodgkin lymphoma,10,males,85+,15
2007,Non-Hodgkin lymphoma,1,females,15–24,16
2007,Non-Hodgkin lymphoma,1,females,25–34,23
2007,Non-Hodgkin lymphoma,1,females,35–44,93
2007,Non-Hodgkin lymphoma,1,females,45–54,192
2007,Non-Hodgkin lymphoma,1,females,55–64,359
2007,Non-Hodgkin lymphoma,1,females,5–14,12
2007,Non-Hodgkin lymphoma,1,females,65–74,347
2007,Non-Hodgkin lymphoma,1,females,75–84,345
2007,Non-Hodgkin lymphoma,1,females,85+,129
2007,Non-Hodgkin lymphoma,1,males,15–24,29
2007,Non-Hodgkin lymphoma,1,males,25–34,48
2007,Non-Hodgkin lymphoma,1,males,35–44,109
2007,Non-Hodgkin lymphoma,1,males,45–54,263
2007,Non-Hodgkin lymphoma,1,males,55–64,422
2007,Non-Hodgkin lymphoma,1,males,5–14,24
2007,Non-Hodgkin lymphoma,1,males,65–74,462
2007,Non-Hodgkin lymphoma,1,males,75–84,431
2007,Non-Hodgkin lymphoma,1,males,85+,89
2007,Non-Hodgkin lymphoma,5,females,15–24,72
2007,Non-Hodgkin lymphoma,5,females,25–34,137
2007,Non-Hodgkin lymphoma,5,females,35–44,338
2007,Non-Hodgkin lymphoma,5,females,45–54,790
2007,Non-Hodgkin lymphoma,5,females,55–64,1384
2007,Non-Hodgkin lymphoma,5,females,5–14,27
2007,Non-Hodgkin lymphoma,5,females,65–74,1465
2007,Non-Hodgkin lymphoma,5,females,75–84,1312
2007,Non-Hodgkin lymphoma,5,females,85+,508
2007,Non-Hodgkin lymphoma,5,males,15–24,132
2007,Non-Hodgkin lymphoma,5,males,25–34,212
2007,Non-Hodgkin lymphoma,5,males,35–44,505
2007,Non-Hodgkin lymphoma,5,males,45–54,1068
2007,Non-Hodgkin lymphoma,5,males,55–64,1744
2007,Non-Hodgkin lymphoma,5,males,5–14,99
2007,Non-Hodgkin lymphoma,5,males,65–74,1864
2007,Non-Hodgkin lymphoma,5,males,75–84,1559
2007,Non-Hodgkin lymphoma,5,males,85+,347
2007,Non-Hodgkin lymphoma,10,females,15–24,113
2007,Non-Hodgkin lymphoma,10,females,25–34,218
2007,Non-Hodgkin lymphoma,10,females,35–44,533
2007,Non-Hodgkin lymphoma,10,females,45–54,1248
2007,Non-Hodgkin lymphoma,10,females,55–64,2188
2007,Non-Hodgkin lymphoma,10,females,5–14,40
2007,Non-Hodgkin lymphoma,10,females,65–74,2322
2007,Non-Hodgkin lymphoma,10,females,75–84,2126
2007,Non-Hodgkin lymphoma,10,females,85+,861
2007,Non-Hodgkin lymphoma,10,males,15–24,222
2007,Non-Hodgkin lymphoma,10,males,25–34,359
2007,Non-Hodgkin lymphoma,10,males,35–44,788
2007,Non-Hodgkin lymphoma,10,males,45–54,1695
2007,Non-Hodgkin lymphoma,10,males,55–64,2725
2007,Non-Hodgkin lymphoma,10,males,5–14,139
2007,Non-Hodgkin lymphoma,10,males,65–74,2821
2007,Non-Hodgkin lymphoma,10,males,75–84,2347
2007,Non-Hodgkin lymphoma,10,males,85+,564
2008,Hodgkin lymphoma,1,females,15–24,55
2008,Hodgkin lymphoma,1,females,25–34,57
2008,Hodgkin lymphoma,1,females,35–44,19
2008,Hodgkin lymphoma,1,females,45–54,18
2008,Hodgkin lymphoma,1,females,55–64,26
2008,Hodgkin lymphoma,1,females,5–14,9
2008,Hodgkin lymphoma,1,females,65–74,13
2008,Hodgkin lymphoma,1,females,75–84,11
2008,Hodgkin lymphoma,1,females,85+,4
2008,Hodgkin lymphoma,1,males,15–24,61
2008,Hodgkin lymphoma,1,males,25–34,47
2008,Hodgkin lymphoma,1,males,35–44,41
2008,Hodgkin lymphoma,1,males,45–54,43
2008,Hodgkin lymphoma,1,males,55–64,40
2008,Hodgkin lymphoma,1,males,5–14,8
2008,Hodgkin lymphoma,1,males,65–74,36
2008,Hodgkin lymphoma,1,males,75–84,13
2008,Hodgkin lymphoma,1,males,85+,3
2008,Hodgkin lymphoma,5,females,15–24,258
2008,Hodgkin lymphoma,5,females,25–34,281
2008,Hodgkin lymphoma,5,females,35–44,155
2008,Hodgkin lymphoma,5,females,45–54,104
2008,Hodgkin lymphoma,5,females,55–64,111
2008,Hodgkin lymphoma,5,females,5–14,25
2008,Hodgkin lymphoma,5,females,65–74,71
2008,Hodgkin lymphoma,5,females,75–84,51
2008,Hodgkin lymphoma,5,females,85+,14
2008,Hodgkin lymphoma,5,males,15–24,245
2008,Hodgkin lymphoma,5,males,25–34,277
2008,Hodgkin lymphoma,5,males,35–44,194
2008,Hodgkin lymphoma,5,males,45–54,177
2008,Hodgkin lymphoma,5,males,55–64,145
2008,Hodgkin lymphoma,5,males,5–14,39
2008,Hodgkin lymphoma,5,males,65–74,105
2008,Hodgkin lymphoma,5,males,75–84,44
2008,Hodgkin lymphoma,5,males,85+,13
2008,Hodgkin lymphoma,10,females,15–24,340
2008,Hodgkin lymphoma,10,females,25–34,509
2008,Hodgkin lymphoma,10,females,35–44,335
2008,Hodgkin lymphoma,10,females,45–54,229
2008,Hodgkin lymphoma,10,females,55–64,179
2008,Hodgkin lymphoma,10,females,5–14,26
2008,Hodgkin lymphoma,10,females,65–74,113
2008,Hodgkin lymphoma,10,females,75–84,92
2008,Hodgkin lymphoma,10,females,85+,27
2008,Hodgkin lymphoma,10,males,15–24,345
2008,Hodgkin lymphoma,10,males,25–34,525
2008,Hodgkin lymphoma,10,males,35–44,404
2008,Hodgkin lymphoma,10,males,45–54,333
2008,Hodgkin lymphoma,10,males,55–64,256
2008,Hodgkin lymphoma,10,males,5–14,64
2008,Hodgkin lymphoma,10,males,65–74,166
2008,Hodgkin lymphoma,10,males,75–84,76
2008,Hodgkin lymphoma,10,males,85+,20
2008,Non-Hodgkin lymphoma,1,females,15–24,18
2008,Non-Hodgkin lymphoma,1,females,25–34,32
2008,Non-Hodgkin lymphoma,1,females,35–44,93
2008,Non-Hodgkin lymphoma,1,females,45–54,198
2008,Non-Hodgkin lymphoma,1,females,55–64,331
2008,Non-Hodgkin lymphoma,1,females,5–14,10
2008,Non-Hodgkin lymphoma,1,females,65–74,392
2008,Non-Hodgkin lymphoma,1,females,75–84,381
2008,Non-Hodgkin lymphoma,1,females,85+,112
2008,Non-Hodgkin lymphoma,1,males,15–24,25
2008,Non-Hodgkin lymphoma,1,males,25–34,67
2008,Non-Hodgkin lymphoma,1,males,35–44,117
2008,Non-Hodgkin lymphoma,1,males,45–54,291
2008,Non-Hodgkin lymphoma,1,males,55–64,457
2008,Non-Hodgkin lymphoma,1,males,5–14,23
2008,Non-Hodgkin lymphoma,1,males,65–74,485
2008,Non-Hodgkin lymphoma,1,males,75–84,375
2008,Non-Hodgkin lymphoma,1,males,85+,88
2008,Non-Hodgkin lymphoma,5,females,15–24,68
2008,Non-Hodgkin lymphoma,5,females,25–34,140
2008,Non-Hodgkin lymphoma,5,females,35–44,355
2008,Non-Hodgkin lymphoma,5,females,45–54,800
2008,Non-Hodgkin lymphoma,5,females,55–64,1442
2008,Non-Hodgkin lymphoma,5,females,5–14,31
2008,Non-Hodgkin lymphoma,5,females,65–74,1561
2008,Non-Hodgkin lymphoma,5,females,75–84,1395
2008,Non-Hodgkin lymphoma,5,females,85+,488
2008,Non-Hodgkin lymphoma,5,males,15–24,129
2008,Non-Hodgkin lymphoma,5,males,25–34,226
2008,Non-Hodgkin lymphoma,5,males,35–44,474
2008,Non-Hodgkin lymphoma,5,males,45–54,1106
2008,Non-Hodgkin lymphoma,5,males,55–64,1818
2008,Non-Hodgkin lymphoma,5,males,5–14,96
2008,Non-Hodgkin lymphoma,5,males,65–74,1974
2008,Non-Hodgkin lymphoma,5,males,75–84,1569
2008,Non-Hodgkin lymphoma,5,males,85+,369
2008,Non-Hodgkin lymphoma,10,females,15–24,111
2008,Non-Hodgkin lymphoma,10,females,25–34,224
2008,Non-Hodgkin lymphoma,10,females,35–44,554
2008,Non-Hodgkin lymphoma,10,females,45–54,1249
2008,Non-Hodgkin lymphoma,10,females,55–64,2292
2008,Non-Hodgkin lymphoma,10,females,5–14,45
2008,Non-Hodgkin lymphoma,10,females,65–74,2472
2008,Non-Hodgkin lymphoma,10,females,75–84,2274
2008,Non-Hodgkin lymphoma,10,females,85+,859
2008,Non-Hodgkin lymphoma,10,males,15–24,225
2008,Non-Hodgkin lymphoma,10,males,25–34,382
2008,Non-Hodgkin lymphoma,10,males,35–44,773
2008,Non-Hodgkin lymphoma,10,males,45–54,1722
2008,Non-Hodgkin lymphoma,10,males,55–64,2880
2008,Non-Hodgkin lymphoma,10,males,5–14,136
2008,Non-Hodgkin lymphoma,10,males,65–74,3063
2008,Non-Hodgkin lymphoma,10,males,75–84,2413
2008,Non-Hodgkin lymphoma,10,males,85+,605
2009,Hodgkin lymphoma,1,females,15–24,61
2009,Hodgkin lymphoma,1,females,25–34,68
2009,Hodgkin lymphoma,1,females,35–44,28
2009,Hodgkin lymphoma,1,females,45–54,22
2009,Hodgkin lymphoma,1,females,55–64,26
2009,Hodgkin lymphoma,1,females,5–14,7
2009,Hodgkin lymphoma,1,females,65–74,21
2009,Hodgkin lymphoma,1,females,75–84,18
2009,Hodgkin lymphoma,1,females,85+,3
2009,Hodgkin lymphoma,1,males,15–24,65
2009,Hodgkin lymphoma,1,males,25–34,62
2009,Hodgkin lymphoma,1,males,35–44,41
2009,Hodgkin lymphoma,1,males,45–54,31
2009,Hodgkin lymphoma,1,males,55–64,34
2009,Hodgkin lymphoma,1,males,5–14,14
2009,Hodgkin lymphoma,1,males,65–74,22
2009,Hodgkin lymphoma,1,males,75–84,12
2009,Hodgkin lymphoma,1,males,85+,4
2009,Hodgkin lymphoma,5,females,15–24,272
2009,Hodgkin lymphoma,5,females,25–34,293
2009,Hodgkin lymphoma,5,females,35–44,157
2009,Hodgkin lymphoma,5,females,45–54,103
2009,Hodgkin lymphoma,5,females,55–64,114
2009,Hodgkin lymphoma,5,females,5–14,21
2009,Hodgkin lymphoma,5,females,65–74,69
2009,Hodgkin lymphoma,5,females,75–84,56
2009,Hodgkin lymphoma,5,females,85+,12
2009,Hodgkin lymphoma,5,males,15–24,256
2009,Hodgkin lymphoma,5,males,25–34,294
2009,Hodgkin lymphoma,5,males,35–44,195
2009,Hodgkin lymphoma,5,males,45–54,184
2009,Hodgkin lymphoma,5,males,55–64,152
2009,Hodgkin lymphoma,5,males,5–14,40
2009,Hodgkin lymphoma,5,males,65–74,112
2009,Hodgkin lymphoma,5,males,75–84,47
2009,Hodgkin lymphoma,5,males,85+,16
2009,Hodgkin lymphoma,10,females,15–24,369
2009,Hodgkin lymphoma,10,females,25–34,525
2009,Hodgkin lymphoma,10,females,35–44,331
2009,Hodgkin lymphoma,10,females,45–54,236
2009,Hodgkin lymphoma,10,females,55–64,189
2009,Hodgkin lymphoma,10,females,5–14,22
2009,Hodgkin lymphoma,10,females,65–74,123
2009,Hodgkin lymphoma,10,females,75–84,97
2009,Hodgkin lymphoma,10,females,85+,27
2009,Hodgkin lymphoma,10,males,15–24,355
2009,Hodgkin lymphoma,10,males,25–34,553
2009,Hodgkin lymphoma,10,males,35–44,397
2009,Hodgkin lymphoma,10,males,45–54,331
2009,Hodgkin lymphoma,10,males,55–64,262
2009,Hodgkin lymphoma,10,males,5–14,61
2009,Hodgkin lymphoma,10,males,65–74,178
2009,Hodgkin lymphoma,10,males,75–84,84
2009,Hodgkin lymphoma,10,males,85+,23
2009,Non-Hodgkin lymphoma,1,females,15–24,25
2009,Non-Hodgkin lymphoma,1,females,25–34,43
2009,Non-Hodgkin lymphoma,1,females,35–44,108
2009,Non-Hodgkin lymphoma,1,females,45–54,214
2009,Non-Hodgkin lymphoma,1,females,55–64,351
2009,Non-Hodgkin lymphoma,1,females,5–14,7
2009,Non-Hodgkin lymphoma,1,females,65–74,379
2009,Non-Hodgkin lymphoma,1,females,75–84,369
2009,Non-Hodgkin lymphoma,1,females,85+,122
2009,Non-Hodgkin lymphoma,1,males,15–24,35
2009,Non-Hodgkin lymphoma,1,males,25–34,72
2009,Non-Hodgkin lymphoma,1,males,35–44,122
2009,Non-Hodgkin lymphoma,1,males,45–54,262
2009,Non-Hodgkin lymphoma,1,males,55–64,475
2009,Non-Hodgkin lymphoma,1,males,5–14,29
2009,Non-Hodgkin lymphoma,1,males,65–74,545
2009,Non-Hodgkin lymphoma,1,males,75–84,435
2009,Non-Hodgkin lymphoma,1,males,85+,144
2009,Non-Hodgkin lymphoma,5,females,15–24,79
2009,Non-Hodgkin lymphoma,5,females,25–34,137
2009,Non-Hodgkin lymphoma,5,females,35–44,383
2009,Non-Hodgkin lymphoma,5,females,45–54,826
2009,Non-Hodgkin lymphoma,5,females,55–64,1496
2009,Non-Hodgkin lymphoma,5,females,5–14,31
2009,Non-Hodgkin lymphoma,5,females,65–74,1623
2009,Non-Hodgkin lymphoma,5,females,75–84,1465
2009,Non-Hodgkin lymphoma,5,females,85+,510
2009,Non-Hodgkin lymphoma,5,males,15–24,138
2009,Non-Hodgkin lymphoma,5,males,25–34,248
2009,Non-Hodgkin lymphoma,5,males,35–44,457
2009,Non-Hodgkin lymphoma,5,males,45–54,1111
2009,Non-Hodgkin lymphoma,5,males,55–64,1886
2009,Non-Hodgkin lymphoma,5,males,5–14,90
2009,Non-Hodgkin lymphoma,5,males,65–74,2088
2009,Non-Hodgkin lymphoma,5,males,75–84,1646
2009,Non-Hodgkin lymphoma,5,males,85+,450
2009,Non-Hodgkin lymphoma,10,females,15–24,120
2009,Non-Hodgkin lymphoma,10,females,25–34,230
2009,Non-Hodgkin lymphoma,10,females,35–44,595
2009,Non-Hodgkin lymphoma,10,females,45–54,1286
2009,Non-Hodgkin lymphoma,10,females,55–64,2396
2009,Non-Hodgkin lymphoma,10,females,5–14,46
2009,Non-Hodgkin lymphoma,10,females,65–74,2609
2009,Non-Hodgkin lymphoma,10,females,75–84,2390
2009,Non-Hodgkin lymphoma,10,females,85+,906
2009,Non-Hodgkin lymphoma,10,males,15–24,238
2009,Non-Hodgkin lymphoma,10,males,25–34,398
2009,Non-Hodgkin lymphoma,10,males,35–44,786
2009,Non-Hodgkin lymphoma,10,males,45–54,1772
2009,Non-Hodgkin lymphoma,10,males,55–64,2974
2009,Non-Hodgkin lymphoma,10,males,5–14,136
2009,Non-Hodgkin lymphoma,10,males,65–74,3289
2009,Non-Hodgkin lymphoma,10,males,75–84,2565
2009,Non-Hodgkin lymphoma,10,males,85+,736
2010,Hodgkin lymphoma,1,females,15–24,57
2010,Hodgkin lymphoma,1,females,25–34,67
2010,Hodgkin lymphoma,1,females,35–44,34
2010,Hodgkin lymphoma,1,females,45–54,30
2010,Hodgkin lymphoma,1,females,55–64,18
2010,Hodgkin lymphoma,1,females,5–14,10
2010,Hodgkin lymphoma,1,females,65–74,23
2010,Hodgkin lymphoma,1,females,75–84,12
2010,Hodgkin lymphoma,1,females,85+,5
2010,Hodgkin lymphoma,1,males,15–24,52
2010,Hodgkin lymphoma,1,males,25–34,46
2010,Hodgkin lymphoma,1,males,35–44,58
2010,Hodgkin lymphoma,1,males,45–54,45
2010,Hodgkin lymphoma,1,males,55–64,41
2010,Hodgkin lymphoma,1,males,5–14,12
2010,Hodgkin lymphoma,1,males,65–74,31
2010,Hodgkin lymphoma,1,males,75–84,25
2010,Hodgkin lymphoma,1,males,85+,4
2010,Hodgkin lymphoma,5,females,15–24,252
2010,Hodgkin lymphoma,5,females,25–34,310
2010,Hodgkin lymphoma,5,females,35–44,169
2010,Hodgkin lymphoma,5,females,45–54,115
2010,Hodgkin lymphoma,5,females,55–64,106
2010,Hodgkin lymphoma,5,females,5–14,26
2010,Hodgkin lymphoma,5,females,65–74,78
2010,Hodgkin lymphoma,5,females,75–84,54
2010,Hodgkin lymphoma,5,females,85+,11
2010,Hodgkin lymphoma,5,males,15–24,249
2010,Hodgkin lymphoma,5,males,25–34,291
2010,Hodgkin lymphoma,5,males,35–44,211
2010,Hodgkin lymphoma,5,males,45–54,197
2010,Hodgkin lymphoma,5,males,55–64,167
2010,Hodgkin lymphoma,5,males,5–14,35
2010,Hodgkin lymphoma,5,males,65–74,118
2010,Hodgkin lymphoma,5,males,75–84,65
2010,Hodgkin lymphoma,5,males,85+,16
2010,Hodgkin lymphoma,10,females,15–24,350
2010,Hodgkin lymphoma,10,females,25–34,572
2010,Hodgkin lymphoma,10,females,35–44,342
2010,Hodgkin lymphoma,10,females,45–54,246
2010,Hodgkin lymphoma,10,females,55–64,193
2010,Hodgkin lymphoma,10,females,5–14,27
2010,Hodgkin lymphoma,10,females,65–74,139
2010,Hodgkin lymphoma,10,females,75–84,97
2010,Hodgkin lymphoma,10,females,85+,25
2010,Hodgkin lymphoma,10,males,15–24,358
2010,Hodgkin lymphoma,10,males,25–34,554
2010,Hodgkin lymphoma,10,males,35–44,412
2010,Hodgkin lymphoma,10,males,45–54,352
2010,Hodgkin lymphoma,10,males,55–64,279
2010,Hodgkin lymphoma,10,males,5–14,53
2010,Hodgkin lymphoma,10,males,65–74,193
2010,Hodgkin lymphoma,10,males,75–84,102
2010,Hodgkin lymphoma,10,males,85+,26
2010,Non-Hodgkin lymphoma,1,females,15–24,22
2010,Non-Hodgkin lymphoma,1,females,25–34,46
2010,Non-Hodgkin lymphoma,1,females,35–44,95
2010,Non-Hodgkin lymphoma,1,females,45–54,205
2010,Non-Hodgkin lymphoma,1,females,55–64,362
2010,Non-Hodgkin lymphoma,1,females,5–14,12
2010,Non-Hodgkin lymphoma,1,females,65–74,449
2010,Non-Hodgkin lymphoma,1,females,75–84,363
2010,Non-Hodgkin lymphoma,1,females,85+,126
2010,Non-Hodgkin lymphoma,1,males,15–24,27
2010,Non-Hodgkin lymphoma,1,males,25–34,54
2010,Non-Hodgkin lymphoma,1,males,35–44,140
2010,Non-Hodgkin lymphoma,1,males,45–54,282
2010,Non-Hodgkin lymphoma,1,males,55–64,557
2010,Non-Hodgkin lymphoma,1,males,5–14,17
2010,Non-Hodgkin lymphoma,1,males,65–74,578
2010,Non-Hodgkin lymphoma,1,males,75–84,423
2010,Non-Hodgkin lymphoma,1,males,85+,109
2010,Non-Hodgkin lymphoma,5,females,15–24,80
2010,Non-Hodgkin lymphoma,5,females,25–34,154
2010,Non-Hodgkin lymphoma,5,females,35–44,400
2010,Non-Hodgkin lymphoma,5,females,45–54,842
2010,Non-Hodgkin lymphoma,5,females,55–64,1495
2010,Non-Hodgkin lymphoma,5,females,5–14,38
2010,Non-Hodgkin lymphoma,5,females,65–74,1748
2010,Non-Hodgkin lymphoma,5,females,75–84,1435
2010,Non-Hodgkin lymphoma,5,females,85+,550
2010,Non-Hodgkin lymphoma,5,males,15–24,131
2010,Non-Hodgkin lymphoma,5,males,25–34,236
2010,Non-Hodgkin lymphoma,5,males,35–44,500
2010,Non-Hodgkin lymphoma,5,males,45–54,1113
2010,Non-Hodgkin lymphoma,5,males,55–64,1990
2010,Non-Hodgkin lymphoma,5,males,5–14,86
2010,Non-Hodgkin lymphoma,5,males,65–74,2228
2010,Non-Hodgkin lymphoma,5,males,75–84,1669
2010,Non-Hodgkin lymphoma,5,males,85+,492
2010,Non-Hodgkin lymphoma,10,females,15–24,114
2010,Non-Hodgkin lymphoma,10,females,25–34,253
2010,Non-Hodgkin lymphoma,10,females,35–44,619
2010,Non-Hodgkin lymphoma,10,females,45–54,1290
2010,Non-Hodgkin lymphoma,10,females,55–64,2487
2010,Non-Hodgkin lymphoma,10,females,5–14,51
2010,Non-Hodgkin lymphoma,10,females,65–74,2811
2010,Non-Hodgkin lymphoma,10,females,75–84,2416
2010,Non-Hodgkin lymphoma,10,females,85+,968
2010,Non-Hodgkin lymphoma,10,males,15–24,236
2010,Non-Hodgkin lymphoma,10,males,25–34,397
2010,Non-Hodgkin lymphoma,10,males,35–44,814
2010,Non-Hodgkin lymphoma,10,males,45–54,1805
2010,Non-Hodgkin lymphoma,10,males,55–64,3131
2010,Non-Hodgkin lymphoma,10,males,5–14,130
2010,Non-Hodgkin lymphoma,10,males,65–74,3536
2010,Non-Hodgkin lymphoma,10,males,75–84,2676
2010,Non-Hodgkin lymphoma,10,males,85+,813
2011,Hodgkin lymphoma,1,females,15–24,76
2011,Hodgkin lymphoma,1,females,25–34,55
2011,Hodgkin lymphoma,1,females,35–44,41
2011,Hodgkin lymphoma,1,females,45–54,23
2011,Hodgkin lymphoma,1,females,55–64,24
2011,Hodgkin lymphoma,1,females,5–14,6
2011,Hodgkin lymphoma,1,females,65–74,20
2011,Hodgkin lymphoma,1,females,75–84,14
2011,Hodgkin lymphoma,1,females,85+,5
2011,Hodgkin lymphoma,1,males,15–24,55
2011,Hodgkin lymphoma,1,males,25–34,65
2011,Hodgkin lymphoma,1,males,35–44,48
2011,Hodgkin lymphoma,1,males,45–54,45
2011,Hodgkin lymphoma,1,males,55–64,38
2011,Hodgkin lymphoma,1,males,5–14,17
2011,Hodgkin lymphoma,1,males,65–74,39
2011,Hodgkin lymphoma,1,males,75–84,19
2011,Hodgkin lymphoma,1,males,85+,4
2011,Hodgkin lymphoma,5,females,15–24,264
2011,Hodgkin lymphoma,5,females,25–34,319
2011,Hodgkin lymphoma,5,females,35–44,172
2011,Hodgkin lymphoma,5,females,45–54,125
2011,Hodgkin lymphoma,5,females,55–64,103
2011,Hodgkin lymphoma,5,females,5–14,16
2011,Hodgkin lymphoma,5,females,65–74,83
2011,Hodgkin lymphoma,5,females,75–84,55
2011,Hodgkin lymphoma,5,females,85+,13
2011,Hodgkin lymphoma,5,males,15–24,240
2011,Hodgkin lymphoma,5,males,25–34,307
2011,Hodgkin lymphoma,5,males,35–44,215
2011,Hodgkin lymphoma,5,males,45–54,205
2011,Hodgkin lymphoma,5,males,55–64,186
2011,Hodgkin lymphoma,5,males,5–14,36
2011,Hodgkin lymphoma,5,males,65–74,127
2011,Hodgkin lymphoma,5,males,75–84,74
2011,Hodgkin lymphoma,5,males,85+,16
2011,Hodgkin lymphoma,10,females,15–24,380
2011,Hodgkin lymphoma,10,females,25–34,577
2011,Hodgkin lymphoma,10,females,35–44,370
2011,Hodgkin lymphoma,10,females,45–54,255
2011,Hodgkin lymphoma,10,females,55–64,188
2011,Hodgkin lymphoma,10,females,5–14,18
2011,Hodgkin lymphoma,10,females,65–74,148
2011,Hodgkin lymphoma,10,females,75–84,98
2011,Hodgkin lymphoma,10,females,85+,28
2011,Hodgkin lymphoma,10,males,15–24,360
2011,Hodgkin lymphoma,10,males,25–34,577
2011,Hodgkin lymphoma,10,males,35–44,434
2011,Hodgkin lymphoma,10,males,45–54,370
2011,Hodgkin lymphoma,10,males,55–64,296
2011,Hodgkin lymphoma,10,males,5–14,50
2011,Hodgkin lymphoma,10,males,65–74,208
2011,Hodgkin lymphoma,10,males,75–84,117
2011,Hodgkin lymphoma,10,males,85+,25
2011,Non-Hodgkin lymphoma,1,females,15–24,15
2011,Non-Hodgkin lymphoma,1,females,25–34,36
2011,Non-Hodgkin lymphoma,1,females,35–44,88
2011,Non-Hodgkin lymphoma,1,females,45–54,215
2011,Non-Hodgkin lymphoma,1,females,55–64,400
2011,Non-Hodgkin lymphoma,1,females,5–14,7
2011,Non-Hodgkin lymphoma,1,females,65–74,416
2011,Non-Hodgkin lymphoma,1,females,75–84,368
2011,Non-Hodgkin lymphoma,1,females,85+,147
2011,Non-Hodgkin lymphoma,1,males,15–24,27
2011,Non-Hodgkin lymphoma,1,males,25–34,52
2011,Non-Hodgkin lymphoma,1,males,35–44,144
2011,Non-Hodgkin lymphoma,1,males,45–54,300
2011,Non-Hodgkin lymphoma,1,males,55–64,539
2011,Non-Hodgkin lymphoma,1,males,5–14,29
2011,Non-Hodgkin lymphoma,1,males,65–74,625
2011,Non-Hodgkin lymphoma,1,males,75–84,495
2011,Non-Hodgkin lymphoma,1,males,85+,128
2011,Non-Hodgkin lymphoma,5,females,15–24,80
2011,Non-Hodgkin lymphoma,5,females,25–34,157
2011,Non-Hodgkin lymphoma,5,females,35–44,399
2011,Non-Hodgkin lymphoma,5,females,45–54,830
2011,Non-Hodgkin lymphoma,5,females,55–64,1573
2011,Non-Hodgkin lymphoma,5,females,5–14,33
2011,Non-Hodgkin lymphoma,5,females,65–74,1816
2011,Non-Hodgkin lymphoma,5,females,75–84,1478
2011,Non-Hodgkin lymphoma,5,females,85+,604
2011,Non-Hodgkin lymphoma,5,males,15–24,133
2011,Non-Hodgkin lymphoma,5,males,25–34,238
2011,Non-Hodgkin lymphoma,5,males,35–44,527
2011,Non-Hodgkin lymphoma,5,males,45–54,1143
2011,Non-Hodgkin lymphoma,5,males,55–64,2026
2011,Non-Hodgkin lymphoma,5,males,5–14,92
2011,Non-Hodgkin lymphoma,5,males,65–74,2393
2011,Non-Hodgkin lymphoma,5,males,75–84,1793
2011,Non-Hodgkin lymphoma,5,males,85+,526
2011,Non-Hodgkin lymphoma,10,females,15–24,106
2011,Non-Hodgkin lymphoma,10,females,25–34,259
2011,Non-Hodgkin lymphoma,10,females,35–44,625
2011,Non-Hodgkin lymphoma,10,females,45–54,1294
2011,Non-Hodgkin lymphoma,10,females,55–64,2578
2011,Non-Hodgkin lymphoma,10,females,5–14,45
2011,Non-Hodgkin lymphoma,10,females,65–74,2967
2011,Non-Hodgkin lymphoma,10,females,75–84,2503
2011,Non-Hodgkin lymphoma,10,females,85+,1064
2011,Non-Hodgkin lymphoma,10,males,15–24,233
2011,Non-Hodgkin lymphoma,10,males,25–34,399
2011,Non-Hodgkin lymphoma,10,males,35–44,830
2011,Non-Hodgkin lymphoma,10,males,45–54,1853
2011,Non-Hodgkin lymphoma,10,males,55–64,3222
2011,Non-Hodgkin lymphoma,10,males,5–14,136
2011,Non-Hodgkin lymphoma,10,males,65–74,3835
2011,Non-Hodgkin lymphoma,10,males,75–84,2826
2011,Non-Hodgkin lymphoma,10,males,85+,908
2012,Hodgkin lymphoma,1,females,15–24,67
2012,Hodgkin lymphoma,1,females,25–34,51
2012,Hodgkin lymphoma,1,females,35–44,35
2012,Hodgkin lymphoma,1,females,45–54,30
2012,Hodgkin lymphoma,1,females,55–64,25
2012,Hodgkin lymphoma,1,females,5–14,5
2012,Hodgkin lymphoma,1,females,65–74,22
2012,Hodgkin lymphoma,1,females,75–84,15
2012,Hodgkin lymphoma,1,females,85+,4
2012,Hodgkin lymphoma,1,males,15–24,68
2012,Hodgkin lymphoma,1,males,25–34,71
2012,Hodgkin lymphoma,1,males,35–44,45
2012,Hodgkin lymphoma,1,males,45–54,48
2012,Hodgkin lymphoma,1,males,55–64,35
2012,Hodgkin lymphoma,1,males,5–14,21
2012,Hodgkin lymphoma,1,males,65–74,47
2012,Hodgkin lymphoma,1,males,75–84,24
2012,Hodgkin lymphoma,1,males,85+,4
2012,Hodgkin lymphoma,5,females,15–24,264
2012,Hodgkin lymphoma,5,females,25–34,307
2012,Hodgkin lymphoma,5,females,35–44,181
2012,Hodgkin lymphoma,5,females,45–54,135
2012,Hodgkin lymphoma,5,females,55–64,105
2012,Hodgkin lymphoma,5,females,5–14,17
2012,Hodgkin lymphoma,5,females,65–74,88
2012,Hodgkin lymphoma,5,females,75–84,53
2012,Hodgkin lymphoma,5,females,85+,14
2012,Hodgkin lymphoma,5,males,15–24,247
2012,Hodgkin lymphoma,5,males,25–34,329
2012,Hodgkin lymphoma,5,males,35–44,213
2012,Hodgkin lymphoma,5,males,45–54,228
2012,Hodgkin lymphoma,5,males,55–64,175
2012,Hodgkin lymphoma,5,males,5–14,49
2012,Hodgkin lymphoma,5,males,65–74,145
2012,Hodgkin lymphoma,5,males,75–84,81
2012,Hodgkin lymphoma,5,males,85+,10
2012,Hodgkin lymphoma,10,females,15–24,388
2012,Hodgkin lymphoma,10,females,25–34,578
2012,Hodgkin lymphoma,10,females,35–44,381
2012,Hodgkin lymphoma,10,females,45–54,272
2012,Hodgkin lymphoma,10,females,55–64,187
2012,Hodgkin lymphoma,10,females,5–14,21
2012,Hodgkin lymphoma,10,females,65–74,169
2012,Hodgkin lymphoma,10,females,75–84,94
2012,Hodgkin lymphoma,10,females,85+,32
2012,Hodgkin lymphoma,10,males,15–24,372
2012,Hodgkin lymphoma,10,males,25–34,625
2012,Hodgkin lymphoma,10,males,35–44,412
2012,Hodgkin lymphoma,10,males,45–54,410
2012,Hodgkin lymphoma,10,males,55–64,305
2012,Hodgkin lymphoma,10,males,5–14,57
2012,Hodgkin lymphoma,10,males,65–74,225
2012,Hodgkin lymphoma,10,males,75–84,127
2012,Hodgkin lymphoma,10,males,85+,21
2012,Non-Hodgkin lymphoma,1,females,15–24,15
2012,Non-Hodgkin lymphoma,1,females,25–34,44
2012,Non-Hodgkin lymphoma,1,females,35–44,101
2012,Non-Hodgkin lymphoma,1,females,45–54,242
2012,Non-Hodgkin lymphoma,1,females,55–64,394
2012,Non-Hodgkin lymphoma,1,females,5–14,8
2012,Non-Hodgkin lymphoma,1,females,65–74,444
2012,Non-Hodgkin lymphoma,1,females,75–84,420
2012,Non-Hodgkin lymphoma,1,females,85+,155
2012,Non-Hodgkin lymphoma,1,males,15–24,34
2012,Non-Hodgkin lymphoma,1,males,25–34,61
2012,Non-Hodgkin lymphoma,1,males,35–44,146
2012,Non-Hodgkin lymphoma,1,males,45–54,286
2012,Non-Hodgkin lymphoma,1,males,55–64,555
2012,Non-Hodgkin lymphoma,1,males,5–14,29
2012,Non-Hodgkin lymphoma,1,males,65–74,694
2012,Non-Hodgkin lymphoma,1,males,75–84,482
2012,Non-Hodgkin lymphoma,1,males,85+,146
2012,Non-Hodgkin lymphoma,5,females,15–24,69
2012,Non-Hodgkin lymphoma,5,females,25–34,177
2012,Non-Hodgkin lymphoma,5,females,35–44,413
2012,Non-Hodgkin lymphoma,5,females,45–54,872
2012,Non-Hodgkin lymphoma,5,females,55–64,1605
2012,Non-Hodgkin lymphoma,5,females,5–14,31
2012,Non-Hodgkin lymphoma,5,females,65–74,1909
2012,Non-Hodgkin lymphoma,5,females,75–84,1589
2012,Non-Hodgkin lymphoma,5,females,85+,651
2012,Non-Hodgkin lymphoma,5,males,15–24,135
2012,Non-Hodgkin lymphoma,5,males,25–34,251
2012,Non-Hodgkin lymphoma,5,males,35–44,558
2012,Non-Hodgkin lymphoma,5,males,45–54,1146
2012,Non-Hodgkin lymphoma,5,males,55–64,2159
2012,Non-Hodgkin lymphoma,5,males,5–14,102
2012,Non-Hodgkin lymphoma,5,males,65–74,2632
2012,Non-Hodgkin lymphoma,5,males,75–84,1820
2012,Non-Hodgkin lymphoma,5,males,85+,573
2012,Non-Hodgkin lymphoma,10,females,15–24,100
2012,Non-Hodgkin lymphoma,10,females,25–34,278
2012,Non-Hodgkin lymphoma,10,females,35–44,636
2012,Non-Hodgkin lymphoma,10,females,45–54,1347
2012,Non-Hodgkin lymphoma,10,females,55–64,2617
2012,Non-Hodgkin lymphoma,10,females,5–14,46
2012,Non-Hodgkin lymphoma,10,females,65–74,3156
2012,Non-Hodgkin lymphoma,10,females,75–84,2622
2012,Non-Hodgkin lymphoma,10,females,85+,1151
2012,Non-Hodgkin lymphoma,10,males,15–24,243
2012,Non-Hodgkin lymphoma,10,males,25–34,408
2012,Non-Hodgkin lymphoma,10,males,35–44,862
2012,Non-Hodgkin lymphoma,10,males,45–54,1855
2012,Non-Hodgkin lymphoma,10,males,55–64,3338
2012,Non-Hodgkin lymphoma,10,males,5–14,148
2012,Non-Hodgkin lymphoma,10,males,65–74,4186
2012,Non-Hodgkin lymphoma,10,males,75–84,2969
2012,Non-Hodgkin lymphoma,10,males,85+,983
2013,Hodgkin lymphoma,1,females,15–24,74
2013,Hodgkin lymphoma,1,females,25–34,56
2013,Hodgkin lymphoma,1,females,35–44,47
2013,Hodgkin lymphoma,1,females,45–54,44
2013,Hodgkin lymphoma,1,females,55–64,22
2013,Hodgkin lymphoma,1,females,5–14,5
2013,Hodgkin lymphoma,1,females,65–74,21
2013,Hodgkin lymphoma,1,females,75–84,16
2013,Hodgkin lymphoma,1,females,85+,8
2013,Hodgkin lymphoma,1,males,15–24,62
2013,Hodgkin lymphoma,1,males,25–34,64
2013,Hodgkin lymphoma,1,males,35–44,38
2013,Hodgkin lymphoma,1,males,45–54,33
2013,Hodgkin lymphoma,1,males,55–64,51
2013,Hodgkin lymphoma,1,males,5–14,15
2013,Hodgkin lymphoma,1,males,65–74,38
2013,Hodgkin lymphoma,1,males,75–84,20
2013,Hodgkin lymphoma,1,males,85+,6
2013,Hodgkin lymphoma,5,females,15–24,282
2013,Hodgkin lymphoma,5,females,25–34,309
2013,Hodgkin lymphoma,5,females,35–44,204
2013,Hodgkin lymphoma,5,females,45–54,156
2013,Hodgkin lymphoma,5,females,55–64,103
2013,Hodgkin lymphoma,5,females,5–14,17
2013,Hodgkin lymphoma,5,females,65–74,100
2013,Hodgkin lymphoma,5,females,75–84,59
2013,Hodgkin lymphoma,5,females,85+,20
2013,Hodgkin lymphoma,5,males,15–24,260
2013,Hodgkin lymphoma,5,males,25–34,330
2013,Hodgkin lymphoma,5,males,35–44,211
2013,Hodgkin lymphoma,5,males,45–54,213
2013,Hodgkin lymphoma,5,males,55–64,188
2013,Hodgkin lymphoma,5,males,5–14,54
2013,Hodgkin lymphoma,5,males,65–74,161
2013,Hodgkin lymphoma,5,males,75–84,87
2013,Hodgkin lymphoma,5,males,85+,16
2013,Hodgkin lymphoma,10,females,15–24,397
2013,Hodgkin lymphoma,10,females,25–34,613
2013,Hodgkin lymphoma,10,females,35–44,402
2013,Hodgkin lymphoma,10,females,45–54,292
2013,Hodgkin lymphoma,10,females,55–64,188
2013,Hodgkin lymphoma,10,females,5–14,21
2013,Hodgkin lymphoma,10,females,65–74,188
2013,Hodgkin lymphoma,10,females,75–84,92
2013,Hodgkin lymphoma,10,females,85+,32
2013,Hodgkin lymphoma,10,males,15–24,381
2013,Hodgkin lymphoma,10,males,25–34,638
2013,Hodgkin lymphoma,10,males,35–44,408
2013,Hodgkin lymphoma,10,males,45–54,397
2013,Hodgkin lymphoma,10,males,55–64,337
2013,Hodgkin lymphoma,10,males,5–14,57
2013,Hodgkin lymphoma,10,males,65–74,246
2013,Hodgkin lymphoma,10,males,75–84,146
2013,Hodgkin lymphoma,10,males,85+,26
2013,Non-Hodgkin lymphoma,1,females,15–24,12
2013,Non-Hodgkin lymphoma,1,females,25–34,42
2013,Non-Hodgkin lymphoma,1,females,35–44,101
2013,Non-Hodgkin lymphoma,1,females,45–54,233
2013,Non-Hodgkin lymphoma,1,females,55–64,358
2013,Non-Hodgkin lymphoma,1,females,5–14,10
2013,Non-Hodgkin lymphoma,1,females,65–74,489
2013,Non-Hodgkin lymphoma,1,females,75–84,406
2013,Non-Hodgkin lymphoma,1,females,85+,164
2013,Non-Hodgkin lymphoma,1,males,15–24,34
2013,Non-Hodgkin lymphoma,1,males,25–34,64
2013,Non-Hodgkin lymphoma,1,males,35–44,135
2013,Non-Hodgkin lymphoma,1,males,45–54,275
2013,Non-Hodgkin lymphoma,1,males,55–64,520
2013,Non-Hodgkin lymphoma,1,males,5–14,21
2013,Non-Hodgkin lymphoma,1,males,65–74,725
2013,Non-Hodgkin lymphoma,1,males,75–84,514
2013,Non-Hodgkin lymphoma,1,males,85+,177
2013,Non-Hodgkin lymphoma,5,females,15–24,63
2013,Non-Hodgkin lymphoma,5,females,25–34,183
2013,Non-Hodgkin lymphoma,5,females,35–44,422
2013,Non-Hodgkin lymphoma,5,females,45–54,895
2013,Non-Hodgkin lymphoma,5,females,55–64,1614
2013,Non-Hodgkin lymphoma,5,females,5–14,31
2013,Non-Hodgkin lymphoma,5,females,65–74,2021
2013,Non-Hodgkin lymphoma,5,females,75–84,1624
2013,Non-Hodgkin lymphoma,5,females,85+,688
2013,Non-Hodgkin lymphoma,5,males,15–24,141
2013,Non-Hodgkin lymphoma,5,males,25–34,262
2013,Non-Hodgkin lymphoma,5,males,35–44,570
2013,Non-Hodgkin lymphoma,5,males,45–54,1136
2013,Non-Hodgkin lymphoma,5,males,55–64,2154
2013,Non-Hodgkin lymphoma,5,males,5–14,97
2013,Non-Hodgkin lymphoma,5,males,65–74,2872
2013,Non-Hodgkin lymphoma,5,males,75–84,1945
2013,Non-Hodgkin lymphoma,5,males,85+,661
2013,Non-Hodgkin lymphoma,10,females,15–24,101
2013,Non-Hodgkin lymphoma,10,females,25–34,288
2013,Non-Hodgkin lymphoma,10,females,35–44,642
2013,Non-Hodgkin lymphoma,10,females,45–54,1388
2013,Non-Hodgkin lymphoma,10,females,55–64,2657
2013,Non-Hodgkin lymphoma,10,females,5–14,45
2013,Non-Hodgkin lymphoma,10,females,65–74,3338
2013,Non-Hodgkin lymphoma,10,females,75–84,2709
2013,Non-Hodgkin lymphoma,10,females,85+,1234
2013,Non-Hodgkin lymphoma,10,males,15–24,248
2013,Non-Hodgkin lymphoma,10,males,25–34,423
2013,Non-Hodgkin lymphoma,10,males,35–44,871
2013,Non-Hodgkin lymphoma,10,males,45–54,1853
2013,Non-Hodgkin lymphoma,10,males,55–64,3393
2013,Non-Hodgkin lymphoma,10,males,5–14,141
2013,Non-Hodgkin lymphoma,10,males,65–74,4495
2013,Non-Hodgkin lymphoma,10,males,75–84,3120
2013,Non-Hodgkin lymphoma,10,males,85+,1109
2014,Hodgkin lymphoma,1,females,15–24,55
2014,Hodgkin lymphoma,1,females,25–34,69
2014,Hodgkin lymphoma,1,females,35–44,38
2014,Hodgkin lymphoma,1,females,45–54,32
2014,Hodgkin lymphoma,1,females,55–64,26
2014,Hodgkin lymphoma,1,females,5–14,12
2014,Hodgkin lymphoma,1,females,65–74,31
2014,Hodgkin lymphoma,1,females,75–84,17
2014,Hodgkin lymphoma,1,females,85+,4
2014,Hodgkin lymphoma,1,males,15–24,55
2014,Hodgkin lymphoma,1,males,25–34,70
2014,Hodgkin lymphoma,1,males,35–44,56
2014,Hodgkin lymphoma,1,males,45–54,49
2014,Hodgkin lymphoma,1,males,55–64,29
2014,Hodgkin lymphoma,1,males,5–14,14
2014,Hodgkin lymphoma,1,males,65–74,41
2014,Hodgkin lymphoma,1,males,75–84,14
2014,Hodgkin lymphoma,1,males,85+,2
2014,Hodgkin lymphoma,5,females,15–24,268
2014,Hodgkin lymphoma,5,females,25–34,313
2014,Hodgkin lymphoma,5,females,35–44,208
2014,Hodgkin lymphoma,5,females,45–54,154
2014,Hodgkin lymphoma,5,females,55–64,120
2014,Hodgkin lymphoma,5,females,5–14,26
2014,Hodgkin lymphoma,5,females,65–74,104
2014,Hodgkin lymphoma,5,females,75–84,62
2014,Hodgkin lymphoma,5,females,85+,18
2014,Hodgkin lymphoma,5,males,15–24,256
2014,Hodgkin lymphoma,5,males,25–34,330
2014,Hodgkin lymphoma,5,males,35–44,241
2014,Hodgkin lymphoma,5,males,45–54,209
2014,Hodgkin lymphoma,5,males,55–64,180
2014,Hodgkin lymphoma,5,males,5–14,52
2014,Hodgkin lymphoma,5,males,65–74,182
2014,Hodgkin lymphoma,5,males,75–84,82
2014,Hodgkin lymphoma,5,males,85+,13
2014,Hodgkin lymphoma,10,females,15–24,392
2014,Hodgkin lymphoma,10,females,25–34,634
2014,Hodgkin lymphoma,10,females,35–44,416
2014,Hodgkin lymphoma,10,females,45–54,279
2014,Hodgkin lymphoma,10,females,55–64,207
2014,Hodgkin lymphoma,10,females,5–14,29
2014,Hodgkin lymphoma,10,females,65–74,186
2014,Hodgkin lymphoma,10,females,75–84,106
2014,Hodgkin lymphoma,10,females,85+,27
2014,Hodgkin lymphoma,10,males,15–24,389
2014,Hodgkin lymphoma,10,males,25–34,647
2014,Hodgkin lymphoma,10,males,35–44,457
2014,Hodgkin lymphoma,10,males,45–54,396
2014,Hodgkin lymphoma,10,males,55–64,328
2014,Hodgkin lymphoma,10,males,5–14,56
2014,Hodgkin lymphoma,10,males,65–74,281
2014,Hodgkin lymphoma,10,males,75–84,140
2014,Hodgkin lymphoma,10,males,85+,22
2014,Non-Hodgkin lymphoma,1,females,15–24,25
2014,Non-Hodgkin lymphoma,1,females,25–34,41
2014,Non-Hodgkin lymphoma,1,females,35–44,94
2014,Non-Hodgkin lymphoma,1,females,45–54,205
2014,Non-Hodgkin lymphoma,1,females,55–64,426
2014,Non-Hodgkin lymphoma,1,females,5–14,5
2014,Non-Hodgkin lymphoma,1,females,65–74,602
2014,Non-Hodgkin lymphoma,1,females,75–84,461
2014,Non-Hodgkin lymphoma,1,females,85+,194
2014,Non-Hodgkin lymphoma,1,males,15–24,34
2014,Non-Hodgkin lymphoma,1,males,25–34,57
2014,Non-Hodgkin lymphoma,1,males,35–44,154
2014,Non-Hodgkin lymphoma,1,males,45–54,296
2014,Non-Hodgkin lymphoma,1,males,55–64,571
2014,Non-Hodgkin lymphoma,1,males,5–14,19
2014,Non-Hodgkin lymphoma,1,males,65–74,731
2014,Non-Hodgkin lymphoma,1,males,75–84,556
2014,Non-Hodgkin lymphoma,1,males,85+,154
2014,Non-Hodgkin lymphoma,5,females,15–24,75
2014,Non-Hodgkin lymphoma,5,females,25–34,177
2014,Non-Hodgkin lymphoma,5,females,35–44,393
2014,Non-Hodgkin lymphoma,5,females,45–54,908
2014,Non-Hodgkin lymphoma,5,females,55–64,1669
2014,Non-Hodgkin lymphoma,5,females,5–14,26
2014,Non-Hodgkin lymphoma,5,females,65–74,2231
2014,Non-Hodgkin lymphoma,5,females,75–84,1733
2014,Non-Hodgkin lymphoma,5,females,85+,721
2014,Non-Hodgkin lymphoma,5,males,15–24,144
2014,Non-Hodgkin lymphoma,5,males,25–34,256
2014,Non-Hodgkin lymphoma,5,males,35–44,590
2014,Non-Hodgkin lymphoma,5,males,45–54,1169
2014,Non-Hodgkin lymphoma,5,males,55–64,2228
2014,Non-Hodgkin lymphoma,5,males,5–14,87
2014,Non-Hodgkin lymphoma,5,males,65–74,3004
2014,Non-Hodgkin lymphoma,5,males,75–84,2115
2014,Non-Hodgkin lymphoma,5,males,85+,676
2014,Non-Hodgkin lymphoma,10,females,15–24,111
2014,Non-Hodgkin lymphoma,10,females,25–34,293
2014,Non-Hodgkin lymphoma,10,females,35–44,609
2014,Non-Hodgkin lymphoma,10,females,45–54,1439
2014,Non-Hodgkin lymphoma,10,females,55–64,2732
2014,Non-Hodgkin lymphoma,10,females,5–14,41
2014,Non-Hodgkin lymphoma,10,females,65–74,3648
2014,Non-Hodgkin lymphoma,10,females,75–84,2848
2014,Non-Hodgkin lymphoma,10,females,85+,1314
2014,Non-Hodgkin lymphoma,10,males,15–24,246
2014,Non-Hodgkin lymphoma,10,males,25–34,434
2014,Non-Hodgkin lymphoma,10,males,35–44,909
2014,Non-Hodgkin lymphoma,10,males,45–54,1868
2014,Non-Hodgkin lymphoma,10,males,55–64,3489
2014,Non-Hodgkin lymphoma,10,males,5–14,132
2014,Non-Hodgkin lymphoma,10,males,65–74,4777
2014,Non-Hodgkin lymphoma,10,males,75–84,3354
2014,Non-Hodgkin lymphoma,10,males,85+,1172
2015,Hodgkin lymphoma,1,females,15–24,62
2015,Hodgkin lymphoma,1,females,25–34,70
2015,Hodgkin lymphoma,1,females,35–44,43
2015,Hodgkin lymphoma,1,females,45–54,19
2015,Hodgkin lymphoma,1,females,55–64,21
2015,Hodgkin lymphoma,1,females,5–14,10
2015,Hodgkin lymphoma,1,females,65–74,28
2015,Hodgkin lymphoma,1,females,75–84,12
2015,Hodgkin lymphoma,1,females,85+,7
2015,Hodgkin lymphoma,1,males,15–24,78
2015,Hodgkin lymphoma,1,males,25–34,77
2015,Hodgkin lymphoma,1,males,35–44,40
2015,Hodgkin lymphoma,1,males,45–54,38
2015,Hodgkin lymphoma,1,males,55–64,44
2015,Hodgkin lymphoma,1,males,5–14,17
2015,Hodgkin lymphoma,1,males,65–74,26
2015,Hodgkin lymphoma,1,males,75–84,27
2015,Hodgkin lymphoma,1,males,85+,13
2015,Hodgkin lymphoma,5,females,15–24,263
2015,Hodgkin lymphoma,5,females,25–34,328
2015,Hodgkin lymphoma,5,females,35–44,204
2015,Hodgkin lymphoma,5,females,45–54,149
2015,Hodgkin lymphoma,5,females,55–64,118
2015,Hodgkin lymphoma,5,females,5–14,28
2015,Hodgkin lymphoma,5,females,65–74,115
2015,Hodgkin lymphoma,5,females,75–84,64
2015,Hodgkin lymphoma,5,females,85+,18
2015,Hodgkin lymphoma,5,males,15–24,284
2015,Hodgkin lymphoma,5,males,25–34,352
2015,Hodgkin lymphoma,5,males,35–44,237
2015,Hodgkin lymphoma,5,males,45–54,193
2015,Hodgkin lymphoma,5,males,55–64,185
2015,Hodgkin lymphoma,5,males,5–14,55
2015,Hodgkin lymphoma,5,males,65–74,173
2015,Hodgkin lymphoma,5,males,75–84,97
2015,Hodgkin lymphoma,5,males,85+,28
2015,Hodgkin lymphoma,10,females,15–24,384
2015,Hodgkin lymphoma,10,females,25–34,645
2015,Hodgkin lymphoma,10,females,35–44,433
2015,Hodgkin lymphoma,10,females,45–54,262
2015,Hodgkin lymphoma,10,females,55–64,221
2015,Hodgkin lymphoma,10,females,5–14,31
2015,Hodgkin lymphoma,10,females,65–74,195
2015,Hodgkin lymphoma,10,females,75–84,114
2015,Hodgkin lymphoma,10,females,85+,30
2015,Hodgkin lymphoma,10,males,15–24,398
2015,Hodgkin lymphoma,10,males,25–34,671
2015,Hodgkin lymphoma,10,males,35–44,466
2015,Hodgkin lymphoma,10,males,45–54,385
2015,Hodgkin lymphoma,10,males,55–64,351
2015,Hodgkin lymphoma,10,males,5–14,64
2015,Hodgkin lymphoma,10,males,65–74,284
2015,Hodgkin lymphoma,10,males,75–84,159
2015,Hodgkin lymphoma,10,males,85+,41
2015,Non-Hodgkin lymphoma,1,females,15–24,25
2015,Non-Hodgkin lymphoma,1,females,25–34,42
2015,Non-Hodgkin lymphoma,1,females,35–44,88
2015,Non-Hodgkin lymphoma,1,females,45–54,218
2015,Non-Hodgkin lymphoma,1,females,55–64,432
2015,Non-Hodgkin lymphoma,1,females,5–14,8
2015,Non-Hodgkin lymphoma,1,females,65–74,583
2015,Non-Hodgkin lymphoma,1,females,75–84,437
2015,Non-Hodgkin lymphoma,1,females,85+,164
2015,Non-Hodgkin lymphoma,1,males,15–24,30
2015,Non-Hodgkin lymphoma,1,males,25–34,68
2015,Non-Hodgkin lymphoma,1,males,35–44,143
2015,Non-Hodgkin lymphoma,1,males,45–54,278
2015,Non-Hodgkin lymphoma,1,males,55–64,526
2015,Non-Hodgkin lymphoma,1,males,5–14,25
2015,Non-Hodgkin lymphoma,1,males,65–74,724
2015,Non-Hodgkin lymphoma,1,males,75–84,557
2015,Non-Hodgkin lymphoma,1,males,85+,227
2015,Non-Hodgkin lymphoma,5,females,15–24,75
2015,Non-Hodgkin lymphoma,5,females,25–34,175
2015,Non-Hodgkin lymphoma,5,females,35–44,380
2015,Non-Hodgkin lymphoma,5,females,45–54,912
2015,Non-Hodgkin lymphoma,5,females,55–64,1752
2015,Non-Hodgkin lymphoma,5,females,5–14,26
2015,Non-Hodgkin lymphoma,5,females,65–74,2342
2015,Non-Hodgkin lymphoma,5,females,75–84,1807
2015,Non-Hodgkin lymphoma,5,females,85+,736
2015,Non-Hodgkin lymphoma,5,males,15–24,147
2015,Non-Hodgkin lymphoma,5,males,25–34,261
2015,Non-Hodgkin lymphoma,5,males,35–44,591
2015,Non-Hodgkin lymphoma,5,males,45–54,1161
2015,Non-Hodgkin lymphoma,5,males,55–64,2236
2015,Non-Hodgkin lymphoma,5,males,5–14,95
2015,Non-Hodgkin lymphoma,5,males,65–74,3042
2015,Non-Hodgkin lymphoma,5,males,75–84,2276
2015,Non-Hodgkin lymphoma,5,males,85+,784
2015,Non-Hodgkin lymphoma,10,females,15–24,121
2015,Non-Hodgkin lymphoma,10,females,25–34,297
2015,Non-Hodgkin lymphoma,10,females,35–44,608
2015,Non-Hodgkin lymphoma,10,females,45–54,1447
2015,Non-Hodgkin lymphoma,10,females,55–64,2793
2015,Non-Hodgkin lymphoma,10,females,5–14,43
2015,Non-Hodgkin lymphoma,10,females,65–74,3873
2015,Non-Hodgkin lymphoma,10,females,75–84,2973
2015,Non-Hodgkin lymphoma,10,females,85+,1342
2015,Non-Hodgkin lymphoma,10,males,15–24,242
2015,Non-Hodgkin lymphoma,10,males,25–34,436
2015,Non-Hodgkin lymphoma,10,males,35–44,916
2015,Non-Hodgkin lymphoma,10,males,45–54,1866
2015,Non-Hodgkin lymphoma,10,males,55–64,3565
2015,Non-Hodgkin lymphoma,10,males,5–14,136
2015,Non-Hodgkin lymphoma,10,males,65–74,4934
2015,Non-Hodgkin lymphoma,10,males,75–84,3570
2015,Non-Hodgkin lymphoma,10,males,85+,1306
2016,Hodgkin lymphoma,1,females,15–24,79
2016,Hodgkin lymphoma,1,females,25–34,78
2016,Hodgkin lymphoma,1,females,35–44,49
2016,Hodgkin lymphoma,1,females,45–54,25
2016,Hodgkin lymphoma,1,females,55–64,26
2016,Hodgkin lymphoma,1,females,5–14,12
2016,Hodgkin lymphoma,1,females,65–74,27
2016,Hodgkin lymphoma,1,females,75–84,22
2016,Hodgkin lymphoma,1,females,85+,9
2016,Hodgkin lymphoma,1,males,15–24,51
2016,Hodgkin lymphoma,1,males,25–34,57
2016,Hodgkin lymphoma,1,males,35–44,43
2016,Hodgkin lymphoma,1,males,45–54,50
2016,Hodgkin lymphoma,1,males,55–64,34
2016,Hodgkin lymphoma,1,males,5–14,16
2016,Hodgkin lymphoma,1,males,65–74,46
2016,Hodgkin lymphoma,1,males,75–84,26
2016,Hodgkin lymphoma,1,males,85+,9
2016,Hodgkin lymphoma,5,females,15–24,278
2016,Hodgkin lymphoma,5,females,25–34,352
2016,Hodgkin lymphoma,5,females,35–44,217
2016,Hodgkin lymphoma,5,females,45–54,144
2016,Hodgkin lymphoma,5,females,55–64,119
2016,Hodgkin lymphoma,5,females,5–14,25
2016,Hodgkin lymphoma,5,females,65–74,124
2016,Hodgkin lymphoma,5,females,75–84,72
2016,Hodgkin lymphoma,5,females,85+,21
2016,Hodgkin lymphoma,5,males,15–24,265
2016,Hodgkin lymphoma,5,males,25–34,359
2016,Hodgkin lymphoma,5,males,35–44,237
2016,Hodgkin lymphoma,5,males,45–54,201
2016,Hodgkin lymphoma,5,males,55–64,179
2016,Hodgkin lymphoma,5,males,5–14,56
2016,Hodgkin lymphoma,5,males,65–74,175
2016,Hodgkin lymphoma,5,males,75–84,101
2016,Hodgkin lymphoma,5,males,85+,26
2016,Hodgkin lymphoma,10,females,15–24,384
2016,Hodgkin lymphoma,10,females,25–34,679
2016,Hodgkin lymphoma,10,females,35–44,467
2016,Hodgkin lymphoma,10,females,45–54,261
2016,Hodgkin lymphoma,10,females,55–64,232
2016,Hodgkin lymphoma,10,females,5–14,30
2016,Hodgkin lymphoma,10,females,65–74,209
2016,Hodgkin lymphoma,10,females,75–84,122
2016,Hodgkin lymphoma,10,females,85+,35
2016,Hodgkin lymphoma,10,males,15–24,386
2016,Hodgkin lymphoma,10,males,25–34,671
2016,Hodgkin lymphoma,10,males,35–44,478
2016,Hodgkin lymphoma,10,males,45–54,398
2016,Hodgkin lymphoma,10,males,55–64,354
2016,Hodgkin lymphoma,10,males,5–14,65
2016,Hodgkin lymphoma,10,males,65–74,302
2016,Hodgkin lymphoma,10,males,75–84,176
2016,Hodgkin lymphoma,10,males,85+,36
2016,Non-Hodgkin lymphoma,1,females,15–24,19
2016,Non-Hodgkin lymphoma,1,females,25–34,45
2016,Non-Hodgkin lymphoma,1,females,35–44,87
2016,Non-Hodgkin lymphoma,1,females,45–54,242
2016,Non-Hodgkin lymphoma,1,females,55–64,397
2016,Non-Hodgkin lymphoma,1,females,5–14,8
2016,Non-Hodgkin lymphoma,1,females,65–74,605
2016,Non-Hodgkin lymphoma,1,females,75–84,445
2016,Non-Hodgkin lymphoma,1,females,85+,194
2016,Non-Hodgkin lymphoma,1,males,15–24,42
2016,Non-Hodgkin lymphoma,1,males,25–34,51
2016,Non-Hodgkin lymphoma,1,males,35–44,136
2016,Non-Hodgkin lymphoma,1,males,45–54,284
2016,Non-Hodgkin lymphoma,1,males,55–64,549
2016,Non-Hodgkin lymphoma,1,males,5–14,33
2016,Non-Hodgkin lymphoma,1,males,65–74,778
2016,Non-Hodgkin lymphoma,1,males,75–84,633
2016,Non-Hodgkin lymphoma,1,males,85+,218
2016,Non-Hodgkin lymphoma,5,females,15–24,74
2016,Non-Hodgkin lymphoma,5,females,25–34,192
2016,Non-Hodgkin lymphoma,5,females,35–44,366
2016,Non-Hodgkin lymphoma,5,females,45–54,938
2016,Non-Hodgkin lymphoma,5,females,55–64,1769
2016,Non-Hodgkin lymphoma,5,females,5–14,28
2016,Non-Hodgkin lymphoma,5,females,65–74,2468
2016,Non-Hodgkin lymphoma,5,females,75–84,1918
2016,Non-Hodgkin lymphoma,5,females,85+,802
2016,Non-Hodgkin lymphoma,5,males,15–24,152
2016,Non-Hodgkin lymphoma,5,males,25–34,250
2016,Non-Hodgkin lymphoma,5,males,35–44,565
2016,Non-Hodgkin lymphoma,5,males,45–54,1179
2016,Non-Hodgkin lymphoma,5,males,55–64,2222
2016,Non-Hodgkin lymphoma,5,males,5–14,104
2016,Non-Hodgkin lymphoma,5,males,65–74,3168
2016,Non-Hodgkin lymphoma,5,males,75–84,2460
2016,Non-Hodgkin lymphoma,5,males,85+,828
2016,Non-Hodgkin lymphoma,10,females,15–24,128
2016,Non-Hodgkin lymphoma,10,females,25–34,305
2016,Non-Hodgkin lymphoma,10,females,35–44,588
2016,Non-Hodgkin lymphoma,10,females,45–54,1471
2016,Non-Hodgkin lymphoma,10,females,55–64,2862
2016,Non-Hodgkin lymphoma,10,females,5–14,40
2016,Non-Hodgkin lymphoma,10,females,65–74,4076
2016,Non-Hodgkin lymphoma,10,females,75–84,3175
2016,Non-Hodgkin lymphoma,10,females,85+,1420
2016,Non-Hodgkin lymphoma,10,males,15–24,257
2016,Non-Hodgkin lymphoma,10,males,25–34,413
2016,Non-Hodgkin lymphoma,10,males,35–44,918
2016,Non-Hodgkin lymphoma,10,males,45–54,1872
2016,Non-Hodgkin lymphoma,10,males,55–64,3627
2016,Non-Hodgkin lymphoma,10,males,5–14,149
2016,Non-Hodgkin lymphoma,10,males,65–74,5186
2016,Non-Hodgkin lymphoma,10,males,75–84,3857
2016,Non-Hodgkin lymphoma,10,males,85+,1374
2017,Hodgkin lymphoma,1,females,15–24,61
2017,Hodgkin lymphoma,1,females,25–34,76
2017,Hodgkin lymphoma,1,females,35–44,36
2017,Hodgkin lymphoma,1,females,45–54,26
2017,Hodgkin lymphoma,1,females,55–64,32
2017,Hodgkin lymphoma,1,females,5–14,11
2017,Hodgkin lymphoma,1,females,65–74,26
2017,Hodgkin lymphoma,1,females,75–84,14
2017,Hodgkin lymphoma,1,females,85+,5
2017,Hodgkin lymphoma,1,males,15–24,68
2017,Hodgkin lymphoma,1,males,25–34,80
2017,Hodgkin lymphoma,1,males,35–44,44
2017,Hodgkin lymphoma,1,males,45–54,50
2017,Hodgkin lymphoma,1,males,55–64,39
2017,Hodgkin lymphoma,1,males,5–14,12
2017,Hodgkin lymphoma,1,males,65–74,59
2017,Hodgkin lymphoma,1,males,75–84,25
2017,Hodgkin lymphoma,1,males,85+,7
2017,Hodgkin lymphoma,5,females,15–24,280
2017,Hodgkin lymphoma,5,females,25–34,363
2017,Hodgkin lymphoma,5,females,35–44,231
2017,Hodgkin lymphoma,5,females,45–54,141
2017,Hodgkin lymphoma,5,females,55–64,130
2017,Hodgkin lymphoma,5,females,5–14,26
2017,Hodgkin lymphoma,5,females,65–74,133
2017,Hodgkin lymphoma,5,females,75–84,71
2017,Hodgkin lymphoma,5,females,85+,26
2017,Hodgkin lymphoma,5,males,15–24,254
2017,Hodgkin lymphoma,5,males,25–34,369
2017,Hodgkin lymphoma,5,males,35–44,236
2017,Hodgkin lymphoma,5,males,45–54,207
2017,Hodgkin lymphoma,5,males,55–64,195
2017,Hodgkin lymphoma,5,males,5–14,51
2017,Hodgkin lymphoma,5,males,65–74,180
2017,Hodgkin lymphoma,5,males,75–84,104
2017,Hodgkin lymphoma,5,males,85+,25
2017,Hodgkin lymphoma,10,females,15–24,380
2017,Hodgkin lymphoma,10,females,25–34,682
2017,Hodgkin lymphoma,10,females,35–44,482
2017,Hodgkin lymphoma,10,females,45–54,273
2017,Hodgkin lymphoma,10,females,55–64,241
2017,Hodgkin lymphoma,10,females,5–14,34
2017,Hodgkin lymphoma,10,females,65–74,220
2017,Hodgkin lymphoma,10,females,75–84,129
2017,Hodgkin lymphoma,10,females,85+,38
2017,Hodgkin lymphoma,10,males,15–24,385
2017,Hodgkin lymphoma,10,males,25–34,691
2017,Hodgkin lymphoma,10,males,35–44,484
2017,Hodgkin lymphoma,10,males,45–54,408
2017,Hodgkin lymphoma,10,males,55–64,370
2017,Hodgkin lymphoma,10,males,5–14,63
2017,Hodgkin lymphoma,10,males,65–74,320
2017,Hodgkin lymphoma,10,males,75–84,183
2017,Hodgkin lymphoma,10,males,85+,36
2017,Non-Hodgkin lymphoma,1,females,15–24,15
2017,Non-Hodgkin lymphoma,1,females,25–34,52
2017,Non-Hodgkin lymphoma,1,females,35–44,89
2017,Non-Hodgkin lymphoma,1,females,45–54,251
2017,Non-Hodgkin lymphoma,1,females,55–64,434
2017,Non-Hodgkin lymphoma,1,females,5–14,5
2017,Non-Hodgkin lymphoma,1,females,65–74,598
2017,Non-Hodgkin lymphoma,1,females,75–84,475
2017,Non-Hodgkin lymphoma,1,females,85+,223
2017,Non-Hodgkin lymphoma,1,males,15–24,29
2017,Non-Hodgkin lymphoma,1,males,25–34,46
2017,Non-Hodgkin lymphoma,1,males,35–44,132
2017,Non-Hodgkin lymphoma,1,males,45–54,318
2017,Non-Hodgkin lymphoma,1,males,55–64,574
2017,Non-Hodgkin lymphoma,1,males,5–14,18
2017,Non-Hodgkin lymphoma,1,males,65–74,936
2017,Non-Hodgkin lymphoma,1,males,75–84,649
2017,Non-Hodgkin lymphoma,1,males,85+,210
2017,Non-Hodgkin lymphoma,5,females,15–24,70
2017,Non-Hodgkin lymphoma,5,females,25–34,196
2017,Non-Hodgkin lymphoma,5,females,35–44,358
2017,Non-Hodgkin lymphoma,5,females,45–54,967
2017,Non-Hodgkin lymphoma,5,females,55–64,1749
2017,Non-Hodgkin lymphoma,5,females,5–14,28
2017,Non-Hodgkin lymphoma,5,females,65–74,2566
2017,Non-Hodgkin lymphoma,5,females,75–84,2038
2017,Non-Hodgkin lymphoma,5,females,85+,868
2017,Non-Hodgkin lymphoma,5,males,15–24,147
2017,Non-Hodgkin lymphoma,5,males,25–34,228
2017,Non-Hodgkin lymphoma,5,males,35–44,563
2017,Non-Hodgkin lymphoma,5,males,45–54,1217
2017,Non-Hodgkin lymphoma,5,males,55–64,2258
2017,Non-Hodgkin lymphoma,5,males,5–14,98
2017,Non-Hodgkin lymphoma,5,males,65–74,3418
2017,Non-Hodgkin lymphoma,5,males,75–84,2541
2017,Non-Hodgkin lymphoma,5,males,85+,891
2017,Non-Hodgkin lymphoma,10,females,15–24,116
2017,Non-Hodgkin lymphoma,10,females,25–34,321
2017,Non-Hodgkin lymphoma,10,females,35–44,595
2017,Non-Hodgkin lymphoma,10,females,45–54,1525
2017,Non-Hodgkin lymphoma,10,females,55–64,2899
2017,Non-Hodgkin lymphoma,10,females,5–14,41
2017,Non-Hodgkin lymphoma,10,females,65–74,4210
2017,Non-Hodgkin lymphoma,10,females,75–84,3393
2017,Non-Hodgkin lymphoma,10,females,85+,1511
2017,Non-Hodgkin lymphoma,10,males,15–24,245
2017,Non-Hodgkin lymphoma,10,males,25–34,404
2017,Non-Hodgkin lymphoma,10,males,35–44,924
2017,Non-Hodgkin lymphoma,10,males,45–54,1939
2017,Non-Hodgkin lymphoma,10,males,55–64,3677
2017,Non-Hodgkin lymphoma,10,males,5–14,151
2017,Non-Hodgkin lymphoma,10,males,65–74,5609
2017,Non-Hodgkin lymphoma,10,males,75–84,4065
2017,Non-Hodgkin lymphoma,10,males,85+,1443
2018,Hodgkin lymphoma,1,females,15–24,69
2018,Hodgkin lymphoma,1,females,25–34,53
2018,Hodgkin lymphoma,1,females,35–44,39
2018,Hodgkin lymphoma,1,females,45–54,24
2018,Hodgkin lymphoma,1,females,55–64,26
2018,Hodgkin lymphoma,1,females,5–14,8
2018,Hodgkin lymphoma,1,females,65–74,22
2018,Hodgkin lymphoma,1,females,75–84,24
2018,Hodgkin lymphoma,1,females,85+,6
2018,Hodgkin lymphoma,1,males,15–24,56
2018,Hodgkin lymphoma,1,males,25–34,65
2018,Hodgkin lymphoma,1,males,35–44,56
2018,Hodgkin lymphoma,1,males,45–54,48
2018,Hodgkin lymphoma,1,males,55–64,53
2018,Hodgkin lymphoma,1,males,5–14,12
2018,Hodgkin lymphoma,1,males,65–74,45
2018,Hodgkin lymphoma,1,males,75–84,31
2018,Hodgkin lymphoma,1,males,85+,4
2018,Hodgkin lymphoma,5,females,15–24,272
2018,Hodgkin lymphoma,5,females,25–34,356
2018,Hodgkin lymphoma,5,females,35–44,232
2018,Hodgkin lymphoma,5,females,45–54,119
2018,Hodgkin lymphoma,5,females,55–64,133
2018,Hodgkin lymphoma,5,females,5–14,27
2018,Hodgkin lymphoma,5,females,65–74,131
2018,Hodgkin lymphoma,5,females,75–84,80
2018,Hodgkin lymphoma,5,females,85+,23
2018,Hodgkin lymphoma,5,males,15–24,258
2018,Hodgkin lymphoma,5,males,25–34,357
2018,Hodgkin lymphoma,5,males,35–44,257
2018,Hodgkin lymphoma,5,males,45–54,223
2018,Hodgkin lymphoma,5,males,55–64,212
2018,Hodgkin lymphoma,5,males,5–14,44
2018,Hodgkin lymphoma,5,males,65–74,176
2018,Hodgkin lymphoma,5,males,75–84,114
2018,Hodgkin lymphoma,5,males,85+,27
2018,Hodgkin lymphoma,10,females,15–24,395
2018,Hodgkin lymphoma,10,females,25–34,672
2018,Hodgkin lymphoma,10,females,35–44,494
2018,Hodgkin lymphoma,10,females,45–54,280
2018,Hodgkin lymphoma,10,females,55–64,257
2018,Hodgkin lymphoma,10,females,5–14,34
2018,Hodgkin lymphoma,10,females,65–74,215
2018,Hodgkin lymphoma,10,females,75–84,150
2018,Hodgkin lymphoma,10,females,85+,41
2018,Hodgkin lymphoma,10,males,15–24,381
2018,Hodgkin lymphoma,10,males,25–34,696
2018,Hodgkin lymphoma,10,males,35–44,517
2018,Hodgkin lymphoma,10,males,45–54,406
2018,Hodgkin lymphoma,10,males,55–64,398
2018,Hodgkin lymphoma,10,males,5–14,61
2018,Hodgkin lymphoma,10,males,65–74,325
2018,Hodgkin lymphoma,10,males,75–84,202
2018,Hodgkin lymphoma,10,males,85+,38
2018,Non-Hodgkin lymphoma,1,females,15–24,14
2018,Non-Hodgkin lymphoma,1,females,25–34,52
2018,Non-Hodgkin lymphoma,1,females,35–44,82
2018,Non-Hodgkin lymphoma,1,females,45–54,196
2018,Non-Hodgkin lymphoma,1,females,55–64,409
2018,Non-Hodgkin lymphoma,1,females,5–14,7
2018,Non-Hodgkin lymphoma,1,females,65–74,645
2018,Non-Hodgkin lymphoma,1,females,75–84,514
2018,Non-Hodgkin lymphoma,1,females,85+,212
2018,Non-Hodgkin lymphoma,1,males,15–24,20
2018,Non-Hodgkin lymphoma,1,males,25–34,64
2018,Non-Hodgkin lymphoma,1,males,35–44,121
2018,Non-Hodgkin lymphoma,1,males,45–54,285
2018,Non-Hodgkin lymphoma,1,males,55–64,609
2018,Non-Hodgkin lymphoma,1,males,5–14,27
2018,Non-Hodgkin lymphoma,1,males,65–74,885
2018,Non-Hodgkin lymphoma,1,males,75–84,677
2018,Non-Hodgkin lymphoma,1,males,85+,230
2018,Non-Hodgkin lymphoma,5,females,15–24,67
2018,Non-Hodgkin lymphoma,5,females,25–34,206
2018,Non-Hodgkin lymphoma,5,females,35–44,345
2018,Non-Hodgkin lymphoma,5,females,45–54,925
2018,Non-Hodgkin lymphoma,5,females,55–64,1752
2018,Non-Hodgkin lymphoma,5,females,5–14,29
2018,Non-Hodgkin lymphoma,5,females,65–74,2716
2018,Non-Hodgkin lymphoma,5,females,75–84,2165
2018,Non-Hodgkin lymphoma,5,females,85+,913
2018,Non-Hodgkin lymphoma,5,males,15–24,134
2018,Non-Hodgkin lymphoma,5,males,25–34,235
2018,Non-Hodgkin lymphoma,5,males,35–44,555
2018,Non-Hodgkin lymphoma,5,males,45–54,1211
2018,Non-Hodgkin lymphoma,5,males,55–64,2347
2018,Non-Hodgkin lymphoma,5,males,5–14,101
2018,Non-Hodgkin lymphoma,5,males,65–74,3570
2018,Non-Hodgkin lymphoma,5,males,75–84,2725
2018,Non-Hodgkin lymphoma,5,males,85+,938
2018,Non-Hodgkin lymphoma,10,females,15–24,111
2018,Non-Hodgkin lymphoma,10,females,25–34,329
2018,Non-Hodgkin lymphoma,10,females,35–44,597
2018,Non-Hodgkin lymphoma,10,females,45–54,1480
2018,Non-Hodgkin lymphoma,10,females,55–64,2932
2018,Non-Hodgkin lymphoma,10,females,5–14,40
2018,Non-Hodgkin lymphoma,10,females,65–74,4414
2018,Non-Hodgkin lymphoma,10,females,75–84,3604
2018,Non-Hodgkin lymphoma,10,females,85+,1595
2018,Non-Hodgkin lymphoma,10,males,15–24,233
2018,Non-Hodgkin lymphoma,10,males,25–34,410
2018,Non-Hodgkin lymphoma,10,males,35–44,915
2018,Non-Hodgkin lymphoma,10,males,45–54,1951
2018,Non-Hodgkin lymphoma,10,males,55–64,3758
2018,Non-Hodgkin lymphoma,10,males,5–14,156
2018,Non-Hodgkin lymphoma,10,males,65–74,5854
2018,Non-Hodgkin lymphoma,10,males,75–84,4420
2018,Non-Hodgkin lymphoma,10,males,85+,1560
2019,Hodgkin lymphoma,1,females,15–24,61
2019,Hodgkin lymphoma,1,females,25–34,83
2019,Hodgkin lymphoma,1,females,35–44,46
2019,Hodgkin lymphoma,1,females,45–54,25
2019,Hodgkin lymphoma,1,females,55–64,17
2019,Hodgkin lymphoma,1,females,5–14,14
2019,Hodgkin lymphoma,1,females,65–74,29
2019,Hodgkin lymphoma,1,females,75–84,28
2019,Hodgkin lymphoma,1,females,85+,7
2019,Hodgkin lymphoma,1,males,15–24,69
2019,Hodgkin lymphoma,1,males,25–34,71
2019,Hodgkin lymphoma,1,males,35–44,52
2019,Hodgkin lymphoma,1,males,45–54,44
2019,Hodgkin lymphoma,1,males,55–64,46
2019,Hodgkin lymphoma,1,males,5–14,10
2019,Hodgkin lymphoma,1,males,65–74,52
2019,Hodgkin lymphoma,1,males,75–84,22
2019,Hodgkin lymphoma,1,males,85+,4
2019,Hodgkin lymphoma,5,females,15–24,275
2019,Hodgkin lymphoma,5,females,25–34,374
2019,Hodgkin lymphoma,5,females,35–44,242
2019,Hodgkin lymphoma,5,females,45–54,116
2019,Hodgkin lymphoma,5,females,55–64,118
2019,Hodgkin lymphoma,5,females,5–14,31
2019,Hodgkin lymphoma,5,females,65–74,124
2019,Hodgkin lymphoma,5,females,75–84,93
2019,Hodgkin lymphoma,5,females,85+,26
2019,Hodgkin lymphoma,5,males,15–24,267
2019,Hodgkin lymphoma,5,males,25–34,352
2019,Hodgkin lymphoma,5,males,35–44,262
2019,Hodgkin lymphoma,5,males,45–54,219
2019,Hodgkin lymphoma,5,males,55–64,218
2019,Hodgkin lymphoma,5,males,5–14,43
2019,Hodgkin lymphoma,5,males,65–74,201
2019,Hodgkin lymphoma,5,males,75–84,112
2019,Hodgkin lymphoma,5,males,85+,28
2019,Hodgkin lymphoma,10,females,15–24,389
2019,Hodgkin lymphoma,10,females,25–34,697
2019,Hodgkin lymphoma,10,females,35–44,511
2019,Hodgkin lymphoma,10,females,45–54,279
2019,Hodgkin lymphoma,10,females,55–64,251
2019,Hodgkin lymphoma,10,females,5–14,37
2019,Hodgkin lymphoma,10,females,65–74,226
2019,Hodgkin lymphoma,10,females,75–84,163
2019,Hodgkin lymphoma,10,females,85+,48
2019,Hodgkin lymphoma,10,males,15–24,391
2019,Hodgkin lymphoma,10,males,25–34,682
2019,Hodgkin lymphoma,10,males,35–44,543
2019,Hodgkin lymphoma,10,males,45–54,405
2019,Hodgkin lymphoma,10,males,55–64,407
2019,Hodgkin lymphoma,10,males,5–14,58
2019,Hodgkin lymphoma,10,males,65–74,349
2019,Hodgkin lymphoma,10,males,75–84,204
2019,Hodgkin lymphoma,10,males,85+,44
2019,Non-Hodgkin lymphoma,1,females,15–24,14
2019,Non-Hodgkin lymphoma,1,females,25–34,36
2019,Non-Hodgkin lymphoma,1,females,35–44,75
2019,Non-Hodgkin lymphoma,1,females,45–54,203
2019,Non-Hodgkin lymphoma,1,females,55–64,473
2019,Non-Hodgkin lymphoma,1,females,5–14,12
2019,Non-Hodgkin lymphoma,1,females,65–74,638
2019,Non-Hodgkin lymphoma,1,females,75–84,538
2019,Non-Hodgkin lymphoma,1,females,85+,222
2019,Non-Hodgkin lymphoma,1,males,15–24,31
2019,Non-Hodgkin lymphoma,1,males,25–34,75
2019,Non-Hodgkin lymphoma,1,males,35–44,126
2019,Non-Hodgkin lymphoma,1,males,45–54,287
2019,Non-Hodgkin lymphoma,1,males,55–64,649
2019,Non-Hodgkin lymphoma,1,males,5–14,30
2019,Non-Hodgkin lymphoma,1,males,65–74,922
2019,Non-Hodgkin lymphoma,1,males,75–84,693
2019,Non-Hodgkin lymphoma,1,males,85+,234
2019,Non-Hodgkin lymphoma,5,females,15–24,65
2019,Non-Hodgkin lymphoma,5,females,25–34,194
2019,Non-Hodgkin lymphoma,5,females,35–44,344
2019,Non-Hodgkin lymphoma,5,females,45–54,884
2019,Non-Hodgkin lymphoma,5,females,55–64,1851
2019,Non-Hodgkin lymphoma,5,females,5–14,32
2019,Non-Hodgkin lymphoma,5,females,65–74,2715
2019,Non-Hodgkin lymphoma,5,females,75–84,2241
2019,Non-Hodgkin lymphoma,5,females,85+,958
2019,Non-Hodgkin lymphoma,5,males,15–24,135
2019,Non-Hodgkin lymphoma,5,males,25–34,254
2019,Non-Hodgkin lymphoma,5,males,35–44,537
2019,Non-Hodgkin lymphoma,5,males,45–54,1202
2019,Non-Hodgkin lymphoma,5,males,55–64,2408
2019,Non-Hodgkin lymphoma,5,males,5–14,107
2019,Non-Hodgkin lymphoma,5,males,65–74,3733
2019,Non-Hodgkin lymphoma,5,males,75–84,2817
2019,Non-Hodgkin lymphoma,5,males,85+,1036
2019,Non-Hodgkin lymphoma,10,females,15–24,108
2019,Non-Hodgkin lymphoma,10,females,25–34,311
2019,Non-Hodgkin lymphoma,10,females,35–44,590
2019,Non-Hodgkin lymphoma,10,females,45–54,1438
2019,Non-Hodgkin lymphoma,10,females,55–64,3046
2019,Non-Hodgkin lymphoma,10,females,5–14,44
2019,Non-Hodgkin lymphoma,10,females,65–74,4539
2019,Non-Hodgkin lymphoma,10,females,75–84,3823
2019,Non-Hodgkin lymphoma,10,females,85+,1695
2019,Non-Hodgkin lymphoma,10,males,15–24,234
2019,Non-Hodgkin lymphoma,10,males,25–34,423
2019,Non-Hodgkin lymphoma,10,males,35–44,886
2019,Non-Hodgkin lymphoma,10,males,45–54,1972
2019,Non-Hodgkin lymphoma,10,males,55–64,3881
2019,Non-Hodgkin lymphoma,10,males,5–14,160
2019,Non-Hodgkin lymphoma,10,males,65–74,6120
2019,Non-Hodgkin lymphoma,10,males,75–84,4663
2019,Non-Hodgkin lymphoma,10,males,85+,1716
2020,Hodgkin lymphoma,1,females,15–24,63
2020,Hodgkin lymphoma,1,females,25–34,73
2020,Hodgkin lymphoma,1,females,35–44,42
2020,Hodgkin lymphoma,1,females,45–54,23
2020,Hodgkin lymphoma,1,females,55–64,34
2020,Hodgkin lymphoma,1,females,5–14,17
2020,Hodgkin lymphoma,1,females,65–74,29
2020,Hodgkin lymphoma,1,females,75–84,28
2020,Hodgkin lymphoma,1,females,85+,10
2020,Hodgkin lymphoma,1,males,15–24,77
2020,Hodgkin lymphoma,1,males,25–34,64
2020,Hodgkin lymphoma,1,males,35–44,53
2020,Hodgkin lymphoma,1,males,45–54,52
2020,Hodgkin lymphoma,1,males,55–64,53
2020,Hodgkin lymphoma,1,males,5–14,20
2020,Hodgkin lymphoma,1,males,65–74,54
2020,Hodgkin lymphoma,1,males,75–84,34
2020,Hodgkin lymphoma,1,males,85+,10
2020,Hodgkin lymphoma,5,females,15–24,273
2020,Hodgkin lymphoma,5,females,25–34,371
2020,Hodgkin lymphoma,5,females,35–44,258
2020,Hodgkin lymphoma,5,females,45–54,110
2020,Hodgkin lymphoma,5,females,55–64,134
2020,Hodgkin lymphoma,5,females,5–14,36
2020,Hodgkin lymphoma,5,females,65–74,128
2020,Hodgkin lymphoma,5,females,75–84,103
2020,Hodgkin lymphoma,5,females,85+,31
2020,Hodgkin lymphoma,5,males,15–24,264
2020,Hodgkin lymphoma,5,males,25–34,344
2020,Hodgkin lymphoma,5,males,35–44,264
2020,Hodgkin lymphoma,5,males,45–54,236
2020,Hodgkin lymphoma,5,males,55–64,223
2020,Hodgkin lymphoma,5,males,5–14,49
2020,Hodgkin lymphoma,5,males,65–74,219
2020,Hodgkin lymphoma,5,males,75–84,129
2020,Hodgkin lymphoma,5,males,85+,34
2020,Hodgkin lymphoma,10,females,15–24,387
2020,Hodgkin lymphoma,10,females,25–34,727
2020,Hodgkin lymphoma,10,females,35–44,503
2020,Hodgkin lymphoma,10,females,45–54,278
2020,Hodgkin lymphoma,10,females,55–64,265
2020,Hodgkin lymphoma,10,females,5–14,42
2020,Hodgkin lymphoma,10,females,65–74,230
2020,Hodgkin lymphoma,10,females,75–84,173
2020,Hodgkin lymphoma,10,females,85+,57
2020,Hodgkin lymphoma,10,males,15–24,406
2020,Hodgkin lymphoma,10,males,25–34,683
2020,Hodgkin lymphoma,10,males,35–44,555
2020,Hodgkin lymphoma,10,males,45–54,426
2020,Hodgkin lymphoma,10,males,55–64,417
2020,Hodgkin lymphoma,10,males,5–14,66
2020,Hodgkin lymphoma,10,males,65–74,364
2020,Hodgkin lymphoma,10,males,75–84,221
2020,Hodgkin lymphoma,10,males,85+,60
2020,Non-Hodgkin lymphoma,1,females,15–24,16
2020,Non-Hodgkin lymphoma,1,females,25–34,52
2020,Non-Hodgkin lymphoma,1,females,35–44,117
2020,Non-Hodgkin lymphoma,1,females,45–54,219
2020,Non-Hodgkin lymphoma,1,females,55–64,492
2020,Non-Hodgkin lymphoma,1,females,5–14,13
2020,Non-Hodgkin lymphoma,1,females,65–74,711
2020,Non-Hodgkin lymphoma,1,females,75–84,582
2020,Non-Hodgkin lymphoma,1,females,85+,233
2020,Non-Hodgkin lymphoma,1,males,15–24,38
2020,Non-Hodgkin lymphoma,1,males,25–34,54
2020,Non-Hodgkin lymphoma,1,males,35–44,124
2020,Non-Hodgkin lymphoma,1,males,45–54,309
2020,Non-Hodgkin lymphoma,1,males,55–64,666
2020,Non-Hodgkin lymphoma,1,males,5–14,30
2020,Non-Hodgkin lymphoma,1,males,65–74,966
2020,Non-Hodgkin lymphoma,1,males,75–84,748
2020,Non-Hodgkin lymphoma,1,males,85+,230
2020,Non-Hodgkin lymphoma,5,females,15–24,57
2020,Non-Hodgkin lymphoma,5,females,25–34,199
2020,Non-Hodgkin lymphoma,5,females,35–44,393
2020,Non-Hodgkin lymphoma,5,females,45–54,869
2020,Non-Hodgkin lymphoma,5,females,55–64,1924
2020,Non-Hodgkin lymphoma,5,females,5–14,38
2020,Non-Hodgkin lymphoma,5,females,65–74,2840
2020,Non-Hodgkin lymphoma,5,females,75–84,2360
2020,Non-Hodgkin lymphoma,5,females,85+,1032
2020,Non-Hodgkin lymphoma,5,males,15–24,136
2020,Non-Hodgkin lymphoma,5,males,25–34,256
2020,Non-Hodgkin lymphoma,5,males,35–44,511
2020,Non-Hodgkin lymphoma,5,males,45–54,1249
2020,Non-Hodgkin lymphoma,5,males,55–64,2500
2020,Non-Hodgkin lymphoma,5,males,5–14,110
2020,Non-Hodgkin lymphoma,5,males,65–74,3867
2020,Non-Hodgkin lymphoma,5,males,75–84,3079
2020,Non-Hodgkin lymphoma,5,males,85+,1035
2020,Non-Hodgkin lymphoma,10,females,15–24,97
2020,Non-Hodgkin lymphoma,10,females,25–34,322
2020,Non-Hodgkin lymphoma,10,females,35–44,628
2020,Non-Hodgkin lymphoma,10,females,45–54,1427
2020,Non-Hodgkin lymphoma,10,females,55–64,3154
2020,Non-Hodgkin lymphoma,10,females,5–14,49
2020,Non-Hodgkin lymphoma,10,females,65–74,4765
2020,Non-Hodgkin lymphoma,10,females,75–84,4024
2020,Non-Hodgkin lymphoma,10,females,85+,1833
2020,Non-Hodgkin lymphoma,10,males,15–24,245
2020,Non-Hodgkin lymphoma,10,males,25–34,428
2020,Non-Hodgkin lymphoma,10,males,35–44,866
2020,Non-Hodgkin lymphoma,10,males,45–54,2024
2020,Non-Hodgkin lymphoma,10,males,55–64,4002
2020,Non-Hodgkin lymphoma,10,males,5–14,162
2020,Non-Hodgkin lymphoma,10,males,65–74,6287
2020,Non-Hodgkin lymphoma,10,males,75–84,5007
2020,Non-Hodgkin lymphoma,10,males,85+,1832
2021,Hodgkin lymphoma,1,females,15–24,60
2021,Hodgkin lymphoma,1,females,25–34,85
2021,Hodgkin lymphoma,1,females,35–44,50
2021,Hodgkin lymphoma,1,females,45–54,40
2021,Hodgkin lymphoma,1,females,55–64,26
2021,Hodgkin lymphoma,1,females,5–14,7
2021,Hodgkin lymphoma,1,females,65–74,39
2021,Hodgkin lymphoma,1,females,75–84,32
2021,Hodgkin lymphoma,1,females,85+,8
2021,Hodgkin lymphoma,1,males,15–24,55
2021,Hodgkin lymphoma,1,males,25–34,67
2021,Hodgkin lymphoma,1,males,35–44,63
2021,Hodgkin lymphoma,1,males,45–54,44
2021,Hodgkin lymphoma,1,males,55–64,68
2021,Hodgkin lymphoma,1,males,5–14,18
2021,Hodgkin lymphoma,1,males,65–74,43
2021,Hodgkin lymphoma,1,males,75–84,29
2021,Hodgkin lymphoma,1,males,85+,8
2021,Hodgkin lymphoma,5,females,15–24,261
2021,Hodgkin lymphoma,5,females,25–34,385
2021,Hodgkin lymphoma,5,females,35–44,253
2021,Hodgkin lymphoma,5,females,45–54,127
2021,Hodgkin lymphoma,5,females,55–64,128
2021,Hodgkin lymphoma,5,females,5–14,33
2021,Hodgkin lymphoma,5,females,65–74,139
2021,Hodgkin lymphoma,5,females,75–84,111
2021,Hodgkin lymphoma,5,females,85+,29
2021,Hodgkin lymphoma,5,males,15–24,259
2021,Hodgkin lymphoma,5,males,25–34,357
2021,Hodgkin lymphoma,5,males,35–44,285
2021,Hodgkin lymphoma,5,males,45–54,239
2021,Hodgkin lymphoma,5,males,55–64,240
2021,Hodgkin lymphoma,5,males,5–14,51
2021,Hodgkin lymphoma,5,males,65–74,213
2021,Hodgkin lymphoma,5,males,75–84,139
2021,Hodgkin lymphoma,5,males,85+,27
2021,Hodgkin lymphoma,10,females,15–24,389
2021,Hodgkin lymphoma,10,females,25–34,732
2021,Hodgkin lymphoma,10,females,35–44,527
2021,Hodgkin lymphoma,10,females,45–54,299
2021,Hodgkin lymphoma,10,females,55–64,265
2021,Hodgkin lymphoma,10,females,5–14,38
2021,Hodgkin lymphoma,10,females,65–74,242
2021,Hodgkin lymphoma,10,females,75–84,185
2021,Hodgkin lymphoma,10,females,85+,55
2021,Hodgkin lymphoma,10,males,15–24,391
2021,Hodgkin lymphoma,10,males,25–34,688
2021,Hodgkin lymphoma,10,males,35–44,587
2021,Hodgkin lymphoma,10,males,45–54,425
2021,Hodgkin lymphoma,10,males,55–64,437
2021,Hodgkin lymphoma,10,males,5–14,68
2021,Hodgkin lymphoma,10,males,65–74,358
2021,Hodgkin lymphoma,10,males,75–84,238
2021,Hodgkin lymphoma,10,males,85+,57
2021,Hodgkin lymphoma,40,females,15–24,404
2021,Hodgkin lymphoma,40,females,25–34,1117
2021,Hodgkin lymphoma,40,females,35–44,1335
2021,Hodgkin lymphoma,40,females,45–54,1212
2021,Hodgkin lymphoma,40,females,55–64,1023
2021,Hodgkin lymphoma,40,females,5–14,40
2021,Hodgkin lymphoma,40,females,65–74,653
2021,Hodgkin lymphoma,40,females,75–84,373
2021,Hodgkin lymphoma,40,females,85+,115
2021,Hodgkin lymphoma,40,males,15–24,442
2021,Hodgkin lymphoma,40,males,25–34,1091
2021,Hodgkin lymphoma,40,males,35–44,1472
2021,Hodgkin lymphoma,40,males,45–54,1424
2021,Hodgkin lymphoma,40,males,55–64,1284
2021,Hodgkin lymphoma,40,males,5–14,68
2021,Hodgkin lymphoma,40,males,65–74,895
2021,Hodgkin lymphoma,40,males,75–84,504
2021,Hodgkin lymphoma,40,males,85+,113
2021,Non-Hodgkin lymphoma,1,females,15–24,16
2021,Non-Hodgkin lymphoma,1,females,25–34,52
2021,Non-Hodgkin lymphoma,1,females,35–44,98
2021,Non-Hodgkin lymphoma,1,females,45–54,208
2021,Non-Hodgkin lymphoma,1,females,55–64,455
2021,Non-Hodgkin lymphoma,1,females,5–14,14
2021,Non-Hodgkin lymphoma,1,females,65–74,663
2021,Non-Hodgkin lymphoma,1,females,75–84,597
2021,Non-Hodgkin lymphoma,1,females,85+,232
2021,Non-Hodgkin lymphoma,1,males,15–24,33
2021,Non-Hodgkin lymphoma,1,males,25–34,56
2021,Non-Hodgkin lymphoma,1,males,35–44,133
2021,Non-Hodgkin lymphoma,1,males,45–54,285
2021,Non-Hodgkin lymphoma,1,males,55–64,596
2021,Non-Hodgkin lymphoma,1,males,5–14,26
2021,Non-Hodgkin lymphoma,1,males,65–74,873
2021,Non-Hodgkin lymphoma,1,males,75–84,778
2021,Non-Hodgkin lymphoma,1,males,85+,240
2021,Non-Hodgkin lymphoma,5,females,15–24,59
2021,Non-Hodgkin lymphoma,5,females,25–34,199
2021,Non-Hodgkin lymphoma,5,females,35–44,404
2021,Non-Hodgkin lymphoma,5,females,45–54,879
2021,Non-Hodgkin lymphoma,5,females,55–64,1929
2021,Non-Hodgkin lymphoma,5,females,5–14,44
2021,Non-Hodgkin lymphoma,5,females,65–74,2863
2021,Non-Hodgkin lymphoma,5,females,75–84,2540
2021,Non-Hodgkin lymphoma,5,females,85+,1059
2021,Non-Hodgkin lymphoma,5,males,15–24,134
2021,Non-Hodgkin lymphoma,5,males,25–34,244
2021,Non-Hodgkin lymphoma,5,males,35–44,529
2021,Non-Hodgkin lymphoma,5,males,45–54,1210
2021,Non-Hodgkin lymphoma,5,males,55–64,2551
2021,Non-Hodgkin lymphoma,5,males,5–14,101
2021,Non-Hodgkin lymphoma,5,males,65–74,3852
2021,Non-Hodgkin lymphoma,5,males,75–84,3302
2021,Non-Hodgkin lymphoma,5,males,85+,1055
2021,Non-Hodgkin lymphoma,10,females,15–24,97
2021,Non-Hodgkin lymphoma,10,females,25–34,334
2021,Non-Hodgkin lymphoma,10,females,35–44,645
2021,Non-Hodgkin lymphoma,10,females,45–54,1429
2021,Non-Hodgkin lymphoma,10,females,55–64,3174
2021,Non-Hodgkin lymphoma,10,females,5–14,58
2021,Non-Hodgkin lymphoma,10,females,65–74,4815
2021,Non-Hodgkin lymphoma,10,females,75–84,4346
2021,Non-Hodgkin lymphoma,10,females,85+,1935
2021,Non-Hodgkin lymphoma,10,males,15–24,250
2021,Non-Hodgkin lymphoma,10,males,25–34,422
2021,Non-Hodgkin lymphoma,10,males,35–44,897
2021,Non-Hodgkin lymphoma,10,males,45–54,1982
2021,Non-Hodgkin lymphoma,10,males,55–64,4054
2021,Non-Hodgkin lymphoma,10,males,5–14,156
2021,Non-Hodgkin lymphoma,10,males,65–74,6259
2021,Non-Hodgkin lymphoma,10,males,75–84,5406
2021,Non-Hodgkin lymphoma,10,males,85+,1910
2021,Non-Hodgkin lymphoma,40,females,15–24,141
2021,Non-Hodgkin lymphoma,40,females,25–34,490
2021,Non-Hodgkin lymphoma,40,females,35–44,1023
2021,Non-Hodgkin lymphoma,40,females,45–54,2260
2021,Non-Hodgkin lymphoma,40,females,55–64,4799
2021,Non-Hodgkin lymphoma,40,females,5–14,59
2021,Non-Hodgkin lymphoma,40,females,65–74,7944
2021,Non-Hodgkin lymphoma,40,females,75–84,7354
2021,Non-Hodgkin lymphoma,40,females,85+,3608
2021,Non-Hodgkin lymphoma,40,males,15–24,380
2021,Non-Hodgkin lymphoma,40,males,25–34,774
2021,Non-Hodgkin lymphoma,40,males,35–44,1558
2021,Non-Hodgkin lymphoma,40,males,45–54,3161
2021,Non-Hodgkin lymphoma,40,males,55–64,6314
2021,Non-Hodgkin lymphoma,40,males,5–14,167
2021,Non-Hodgkin lymphoma,40,males,65–74,9834
2021,Non-Hodgkin lymphoma,40,males,75–84,8612
2021,Non-Hodgkin lymphoma,40,males,85+,3261
2022,Hodgkin lymphoma,1,females,15–24,61
2022,Hodgkin lymphoma,1,females,25–34,79
2022,Hodgkin lymphoma,1,females,35–44,49
2022,Hodgkin lymphoma,1,females,45–54,27
2022,Hodgkin lymphoma,1,females,55–64,28
2022,Hodgkin lymphoma,1,females,5–14,15
2022,Hodgkin lymphoma,1,females,65–74,31
2022,Hodgkin lymphoma,1,females,75–84,34
2022,Hodgkin lymphoma,1,females,85+,9
2022,Hodgkin lymphoma,1,males,15–24,63
2022,Hodgkin lymphoma,1,males,25–34,65
2022,Hodgkin lymphoma,1,males,35–44,58
2022,Hodgkin lymphoma,1,males,45–54,49
2022,Hodgkin lymphoma,1,males,55–64,60
2022,Hodgkin lymphoma,1,males,5–14,15
2022,Hodgkin lymphoma,1,males,65–74,50
2022,Hodgkin lymphoma,1,males,75–84,34
2022,Hodgkin lymphoma,1,males,85+,9
2022,Hodgkin lymphoma,5,females,15–24,270
2022,Hodgkin lymphoma,5,females,25–34,385
2022,Hodgkin lymphoma,5,females,35–44,256
2022,Hodgkin lymphoma,5,females,45–54,129
2022,Hodgkin lymphoma,5,females,55–64,135
2022,Hodgkin lymphoma,5,females,5–14,35
2022,Hodgkin lymphoma,5,females,65–74,136
2022,Hodgkin lymphoma,5,females,75–84,123
2022,Hodgkin lymphoma,5,females,85+,32
2022,Hodgkin lymphoma,5,males,15–24,265
2022,Hodgkin lymphoma,5,males,25–34,338
2022,Hodgkin lymphoma,5,males,35–44,291
2022,Hodgkin lymphoma,5,males,45–54,243
2022,Hodgkin lymphoma,5,males,55–64,253
2022,Hodgkin lymphoma,5,males,5–14,51
2022,Hodgkin lymphoma,5,males,65–74,215
2022,Hodgkin lymphoma,5,males,75–84,147
2022,Hodgkin lymphoma,5,males,85+,28
2022,Hodgkin lymphoma,10,females,15–24,391
2022,Hodgkin lymphoma,10,females,25–34,744
2022,Hodgkin lymphoma,10,females,35–44,549
2022,Hodgkin lymphoma,10,females,45–54,301
2022,Hodgkin lymphoma,10,females,55–64,269
2022,Hodgkin lymphoma,10,females,5–14,42
2022,Hodgkin lymphoma,10,females,65–74,249
2022,Hodgkin lymphoma,10,females,75–84,202
2022,Hodgkin lymphoma,10,females,85+,59
2022,Hodgkin lymphoma,10,males,15–24,393
2022,Hodgkin lymphoma,10,males,25–34,677
2022,Hodgkin lymphoma,10,males,35–44,588
2022,Hodgkin lymphoma,10,males,45–54,440
2022,Hodgkin lymphoma,10,males,55–64,440
2022,Hodgkin lymphoma,10,males,5–14,66
2022,Hodgkin lymphoma,10,males,65–74,369
2022,Hodgkin lymphoma,10,males,75–84,248
2022,Hodgkin lymphoma,10,males,85+,61
2022,Non-Hodgkin lymphoma,1,females,15–24,14
2022,Non-Hodgkin lymphoma,1,females,25–34,50
2022,Non-Hodgkin lymphoma,1,females,35–44,94
2022,Non-Hodgkin lymphoma,1,females,45–54,208
2022,Non-Hodgkin lymphoma,1,females,55–64,471
2022,Non-Hodgkin lymphoma,1,females,5–14,12
2022,Non-Hodgkin lymphoma,1,females,65–74,719
2022,Non-Hodgkin lymphoma,1,females,75–84,639
2022,Non-Hodgkin lymphoma,1,females,85+,256
2022,Non-Hodgkin lymphoma,1,males,15–24,32
2022,Non-Hodgkin lymphoma,1,males,25–34,55
2022,Non-Hodgkin lymphoma,1,males,35–44,125
2022,Non-Hodgkin lymphoma,1,males,45–54,297
2022,Non-Hodgkin lymphoma,1,males,55–64,641
2022,Non-Hodgkin lymphoma,1,males,5–14,27
2022,Non-Hodgkin lymphoma,1,males,65–74,962
2022,Non-Hodgkin lymphoma,1,males,75–84,864
2022,Non-Hodgkin lymphoma,1,males,85+,270
2022,Non-Hodgkin lymphoma,5,females,15–24,60
2022,Non-Hodgkin lymphoma,5,females,25–34,196
2022,Non-Hodgkin lymphoma,5,females,35–44,412
2022,Non-Hodgkin lymphoma,5,females,45–54,870
2022,Non-Hodgkin lymphoma,5,females,55–64,1898
2022,Non-Hodgkin lymphoma,5,females,5–14,47
2022,Non-Hodgkin lymphoma,5,females,65–74,2987
2022,Non-Hodgkin lymphoma,5,females,75–84,2710
2022,Non-Hodgkin lymphoma,5,females,85+,1129
2022,Non-Hodgkin lymphoma,5,males,15–24,140
2022,Non-Hodgkin lymphoma,5,males,25–34,240
2022,Non-Hodgkin lymphoma,5,males,35–44,538
2022,Non-Hodgkin lymphoma,5,males,45–54,1205
2022,Non-Hodgkin lymphoma,5,males,55–64,2605
2022,Non-Hodgkin lymphoma,5,males,5–14,107
2022,Non-Hodgkin lymphoma,5,males,65–74,3875
2022,Non-Hodgkin lymphoma,5,males,75–84,3520
2022,Non-Hodgkin lymphoma,5,males,85+,1123
2022,Non-Hodgkin lymphoma,10,females,15–24,97
2022,Non-Hodgkin lymphoma,10,females,25–34,333
2022,Non-Hodgkin lymphoma,10,females,35–44,656
2022,Non-Hodgkin lymphoma,10,females,45–54,1417
2022,Non-Hodgkin lymphoma,10,females,55–64,3181
2022,Non-Hodgkin lymphoma,10,females,5–14,61
2022,Non-Hodgkin lymphoma,10,females,65–74,4973
2022,Non-Hodgkin lymphoma,10,females,75–84,4670
2022,Non-Hodgkin lymphoma,10,females,85+,2054
2022,Non-Hodgkin lymphoma,10,males,15–24,250
2022,Non-Hodgkin lymphoma,10,males,25–34,418
2022,Non-Hodgkin lymphoma,10,males,35–44,894
2022,Non-Hodgkin lymphoma,10,males,45–54,1990
2022,Non-Hodgkin lymphoma,10,males,55–64,4116
2022,Non-Hodgkin lymphoma,10,males,5–14,156
2022,Non-Hodgkin lymphoma,10,males,65–74,6410
2022,Non-Hodgkin lymphoma,10,males,75–84,5795
2022,Non-Hodgkin lymphoma,10,males,85+,2045
2023,Hodgkin lymphoma,1,females,15–24,64
2023,Hodgkin lymphoma,1,females,25–34,83
2023,Hodgkin lymphoma,1,females,35–44,51
2023,Hodgkin lymphoma,1,females,45–54,27
2023,Hodgkin lymphoma,1,females,55–64,27
2023,Hodgkin lymphoma,1,females,5–14,16
2023,Hodgkin lymphoma,1,females,65–74,33
2023,Hodgkin lymphoma,1,females,75–84,37
2023,Hodgkin lymphoma,1,females,85+,11
2023,Hodgkin lymphoma,1,males,15–24,65
2023,Hodgkin lymphoma,1,males,25–34,67
2023,Hodgkin lymphoma,1,males,35–44,61
2023,Hodgkin lymphoma,1,males,45–54,49
2023,Hodgkin lymphoma,1,males,55–64,62
2023,Hodgkin lymphoma,1,males,5–14,15
2023,Hodgkin lymphoma,1,males,65–74,51
2023,Hodgkin lymphoma,1,males,75–84,36
2023,Hodgkin lymphoma,1,males,85+,10
2023,Hodgkin lymphoma,5,females,15–24,276
2023,Hodgkin lymphoma,5,females,25–34,401
2023,Hodgkin lymphoma,5,females,35–44,270
2023,Hodgkin lymphoma,5,females,45–54,142
2023,Hodgkin lymphoma,5,females,55–64,130
2023,Hodgkin lymphoma,5,females,5–14,37
2023,Hodgkin lymphoma,5,females,65–74,144
2023,Hodgkin lymphoma,5,females,75–84,135
2023,Hodgkin lymphoma,5,females,85+,35
2023,Hodgkin lymphoma,5,males,15–24,279
2023,Hodgkin lymphoma,5,males,25–34,341
2023,Hodgkin lymphoma,5,males,35–44,299
2023,Hodgkin lymphoma,5,males,45–54,237
2023,Hodgkin lymphoma,5,males,55–64,262
2023,Hodgkin lymphoma,5,males,5–14,49
2023,Hodgkin lymphoma,5,males,65–74,225
2023,Hodgkin lymphoma,5,males,75–84,154
2023,Hodgkin lymphoma,5,males,85+,32
2023,Hodgkin lymphoma,10,females,15–24,400
2023,Hodgkin lymphoma,10,females,25–34,747
2023,Hodgkin lymphoma,10,females,35–44,569
2023,Hodgkin lymphoma,10,females,45–54,300
2023,Hodgkin lymphoma,10,females,55–64,257
2023,Hodgkin lymphoma,10,females,5–14,45
2023,Hodgkin lymphoma,10,females,65–74,257
2023,Hodgkin lymphoma,10,females,75–84,222
2023,Hodgkin lymphoma,10,females,85+,61
2023,Hodgkin lymphoma,10,males,15–24,399
2023,Hodgkin lymphoma,10,males,25–34,675
2023,Hodgkin lymphoma,10,males,35–44,603
2023,Hodgkin lymphoma,10,males,45–54,459
2023,Hodgkin lymphoma,10,males,55–64,455
2023,Hodgkin lymphoma,10,males,5–14,65
2023,Hodgkin lymphoma,10,males,65–74,375
2023,Hodgkin lymphoma,10,males,75–84,264
2023,Hodgkin lymphoma,10,males,85+,64
2023,Non-Hodgkin lymphoma,1,females,15–24,15
2023,Non-Hodgkin lymphoma,1,females,25–34,53
2023,Non-Hodgkin lymphoma,1,females,35–44,95
2023,Non-Hodgkin lymphoma,1,females,45–54,205
2023,Non-Hodgkin lymphoma,1,females,55–64,475
2023,Non-Hodgkin lymphoma,1,females,5–14,12
2023,Non-Hodgkin lymphoma,1,females,65–74,737
2023,Non-Hodgkin lymphoma,1,females,75–84,679
2023,Non-Hodgkin lymphoma,1,females,85+,270
2023,Non-Hodgkin lymphoma,1,males,15–24,34
2023,Non-Hodgkin lymphoma,1,males,25–34,57
2023,Non-Hodgkin lymphoma,1,males,35–44,125
2023,Non-Hodgkin lymphoma,1,males,45–54,298
2023,Non-Hodgkin lymphoma,1,males,55–64,649
2023,Non-Hodgkin lymphoma,1,males,5–14,27
2023,Non-Hodgkin lymphoma,1,males,65–74,978
2023,Non-Hodgkin lymphoma,1,males,75–84,920
2023,Non-Hodgkin lymphoma,1,males,85+,284
2023,Non-Hodgkin lymphoma,5,females,15–24,61
2023,Non-Hodgkin lymphoma,5,females,25–34,197
2023,Non-Hodgkin lymphoma,5,females,35–44,417
2023,Non-Hodgkin lymphoma,5,females,45–54,875
2023,Non-Hodgkin lymphoma,5,females,55–64,1941
2023,Non-Hodgkin lymphoma,5,females,5–14,50
2023,Non-Hodgkin lymphoma,5,females,65–74,3092
2023,Non-Hodgkin lymphoma,5,females,75–84,2875
2023,Non-Hodgkin lymphoma,5,females,85+,1194
2023,Non-Hodgkin lymphoma,5,males,15–24,149
2023,Non-Hodgkin lymphoma,5,males,25–34,240
2023,Non-Hodgkin lymphoma,5,males,35–44,520
2023,Non-Hodgkin lymphoma,5,males,45–54,1226
2023,Non-Hodgkin lymphoma,5,males,55–64,2651
2023,Non-Hodgkin lymphoma,5,males,5–14,108
2023,Non-Hodgkin lymphoma,5,males,65–74,3959
2023,Non-Hodgkin lymphoma,5,males,75–84,3747
2023,Non-Hodgkin lymphoma,5,males,85+,1194
2023,Non-Hodgkin lymphoma,10,females,15–24,94
2023,Non-Hodgkin lymphoma,10,females,25–34,340
2023,Non-Hodgkin lymphoma,10,females,35–44,669
2023,Non-Hodgkin lymphoma,10,females,45–54,1402
2023,Non-Hodgkin lymphoma,10,females,55–64,3190
2023,Non-Hodgkin lymphoma,10,females,5–14,64
2023,Non-Hodgkin lymphoma,10,females,65–74,5153
2023,Non-Hodgkin lymphoma,10,females,75–84,5005
2023,Non-Hodgkin lymphoma,10,females,85+,2189
2023,Non-Hodgkin lymphoma,10,males,15–24,256
2023,Non-Hodgkin lymphoma,10,males,25–34,420
2023,Non-Hodgkin lymphoma,10,males,35–44,880
2023,Non-Hodgkin lymphoma,10,males,45–54,2004
2023,Non-Hodgkin lymphoma,10,males,55–64,4195
2023,Non-Hodgkin lymphoma,10,males,5–14,156
2023,Non-Hodgkin lymphoma,10,males,65–74,6571
2023,Non-Hodgkin lymphoma,10,males,75–84,6201
2023,Non-Hodgkin lymphoma,10,males,85+,2184
2024,Hodgkin lymphoma,1,females,15–24,66
2024,Hodgkin lymphoma,1,females,25–34,87
2024,Hodgkin lymphoma,1,females,35–44,52
2024,Hodgkin lymphoma,1,females,45–54,25
2024,Hodgkin lymphoma,1,females,55–64,28
2024,Hodgkin lymphoma,1,females,5–14,17
2024,Hodgkin lymphoma,1,females,65–74,33
2024,Hodgkin lymphoma,1,females,75–84,41
2024,Hodgkin lymphoma,1,females,85+,11
2024,Hodgkin lymphoma,1,males,15–24,67
2024,Hodgkin lymphoma,1,males,25–34,69
2024,Hodgkin lymphoma,1,males,35–44,64
2024,Hodgkin lymphoma,1,males,45–54,49
2024,Hodgkin lymphoma,1,males,55–64,65
2024,Hodgkin lymphoma,1,males,5–14,13
2024,Hodgkin lymphoma,1,males,65–74,52
2024,Hodgkin lymphoma,1,males,75–84,38
2024,Hodgkin lymphoma,1,males,85+,10
2024,Hodgkin lymphoma,5,females,15–24,277
2024,Hodgkin lymphoma,5,females,25–34,402
2024,Hodgkin lymphoma,5,females,35–44,281
2024,Hodgkin lymphoma,5,females,45–54,144
2024,Hodgkin lymphoma,5,females,55–64,137
2024,Hodgkin lymphoma,5,females,5–14,38
2024,Hodgkin lymphoma,5,females,65–74,153
2024,Hodgkin lymphoma,5,females,75–84,147
2024,Hodgkin lymphoma,5,females,85+,36
2024,Hodgkin lymphoma,5,males,15–24,282
2024,Hodgkin lymphoma,5,males,25–34,345
2024,Hodgkin lymphoma,5,males,35–44,307
2024,Hodgkin lymphoma,5,males,45–54,240
2024,Hodgkin lymphoma,5,males,55–64,273
2024,Hodgkin lymphoma,5,males,5–14,47
2024,Hodgkin lymphoma,5,males,65–74,230
2024,Hodgkin lymphoma,5,males,75–84,164
2024,Hodgkin lymphoma,5,males,85+,36
2024,Hodgkin lymphoma,10,females,15–24,407
2024,Hodgkin lymphoma,10,females,25–34,768
2024,Hodgkin lymphoma,10,females,35–44,578
2024,Hodgkin lymphoma,10,females,45–54,306
2024,Hodgkin lymphoma,10,females,55–64,253
2024,Hodgkin lymphoma,10,females,5–14,48
2024,Hodgkin lymphoma,10,females,65–74,260
2024,Hodgkin lymphoma,10,females,75–84,237
2024,Hodgkin lymphoma,10,females,85+,67
2024,Hodgkin lymphoma,10,males,15–24,405
2024,Hodgkin lymphoma,10,males,25–34,682
2024,Hodgkin lymphoma,10,males,35–44,616
2024,Hodgkin lymphoma,10,males,45–54,457
2024,Hodgkin lymphoma,10,males,55–64,460
2024,Hodgkin lymphoma,10,males,5–14,62
2024,Hodgkin lymphoma,10,males,65–74,397
2024,Hodgkin lymphoma,10,males,75–84,276
2024,Hodgkin lymphoma,10,males,85+,70
2024,Non-Hodgkin lymphoma,1,females,15–24,14
2024,Non-Hodgkin lymphoma,1,females,25–34,53
2024,Non-Hodgkin lymphoma,1,females,35–44,97
2024,Non-Hodgkin lymphoma,1,females,45–54,203
2024,Non-Hodgkin lymphoma,1,females,55–64,481
2024,Non-Hodgkin lymphoma,1,females,5–14,12
2024,Non-Hodgkin lymphoma,1,females,65–74,754
2024,Non-Hodgkin lymphoma,1,females,75–84,718
2024,Non-Hodgkin lymphoma,1,females,85+,288
2024,Non-Hodgkin lymphoma,1,males,15–24,35
2024,Non-Hodgkin lymphoma,1,males,25–34,57
2024,Non-Hodgkin lymphoma,1,males,35–44,126
2024,Non-Hodgkin lymphoma,1,males,45–54,300
2024,Non-Hodgkin lymphoma,1,males,55–64,657
2024,Non-Hodgkin lymphoma,1,males,5–14,27
2024,Non-Hodgkin lymphoma,1,males,65–74,998
2024,Non-Hodgkin lymphoma,1,males,75–84,975
2024,Non-Hodgkin lymphoma,1,males,85+,302
2024,Non-Hodgkin lymphoma,5,females,15–24,58
2024,Non-Hodgkin lymphoma,5,females,25–34,212
2024,Non-Hodgkin lymphoma,5,females,35–44,433
2024,Non-Hodgkin lymphoma,5,females,45–54,889
2024,Non-Hodgkin lymphoma,5,females,55–64,1949
2024,Non-Hodgkin lymphoma,5,females,5–14,50
2024,Non-Hodgkin lymphoma,5,females,65–74,3162
2024,Non-Hodgkin lymphoma,5,females,75–84,3072
2024,Non-Hodgkin lymphoma,5,females,85+,1285
2024,Non-Hodgkin lymphoma,5,males,15–24,149
2024,Non-Hodgkin lymphoma,5,males,25–34,232
2024,Non-Hodgkin lymphoma,5,males,35–44,514
2024,Non-Hodgkin lymphoma,5,males,45–54,1232
2024,Non-Hodgkin lymphoma,5,males,55–64,2662
2024,Non-Hodgkin lymphoma,5,males,5–14,106
2024,Non-Hodgkin lymphoma,5,males,65–74,4055
2024,Non-Hodgkin lymphoma,5,males,75–84,3980
2024,Non-Hodgkin lymphoma,5,males,85+,1294
2024,Non-Hodgkin lymphoma,10,females,15–24,96
2024,Non-Hodgkin lymphoma,10,females,25–34,335
2024,Non-Hodgkin lymphoma,10,females,35–44,687
2024,Non-Hodgkin lymphoma,10,females,45–54,1392
2024,Non-Hodgkin lymphoma,10,females,55–64,3212
2024,Non-Hodgkin lymphoma,10,females,5–14,67
2024,Non-Hodgkin lymphoma,10,females,65–74,5292
2024,Non-Hodgkin lymphoma,10,females,75–84,5304
2024,Non-Hodgkin lymphoma,10,females,85+,2329
2024,Non-Hodgkin lymphoma,10,males,15–24,262
2024,Non-Hodgkin lymphoma,10,males,25–34,418
2024,Non-Hodgkin lymphoma,10,males,35–44,875
2024,Non-Hodgkin lymphoma,10,males,45–54,1997
2024,Non-Hodgkin lymphoma,10,males,55–64,4257
2024,Non-Hodgkin lymphoma,10,males,5–14,157
2024,Non-Hodgkin lymphoma,10,males,65–74,6724
2024,Non-Hodgkin lymphoma,10,males,75–84,6631
2024,Non-Hodgkin lymphoma,10,males,85+,2336
2025,Hodgkin lymphoma,1,females,15–24,68
2025,Hodgkin lymphoma,1,females,25–34,91
2025,Hodgkin lymphoma,1,females,35–44,52
2025,Hodgkin lymphoma,1,females,45–54,25
2025,Hodgkin lymphoma,1,females,55–64,28
2025,Hodgkin lymphoma,1,females,5–14,18
2025,Hodgkin lymphoma,1,females,65–74,33
2025,Hodgkin lymphoma,1,females,75–84,44
2025,Hodgkin lymphoma,1,females,85+,12
2025,Hodgkin lymphoma,1,males,15–24,70
2025,Hodgkin lymphoma,1,males,25–34,69
2025,Hodgkin lymphoma,1,males,35–44,66
2025,Hodgkin lymphoma,1,males,45–54,51
2025,Hodgkin lymphoma,1,males,55–64,67
2025,Hodgkin lymphoma,1,males,5–14,13
2025,Hodgkin lymphoma,1,males,65–74,51
2025,Hodgkin lymphoma,1,males,75–84,39
2025,Hodgkin lymphoma,1,males,85+,10
2025,Hodgkin lymphoma,5,females,15–24,274
2025,Hodgkin lymphoma,5,females,25–34,424
2025,Hodgkin lymphoma,5,females,35–44,289
2025,Hodgkin lymphoma,5,females,45–54,144
2025,Hodgkin lymphoma,5,females,55–64,136
2025,Hodgkin lymphoma,5,females,5–14,41
2025,Hodgkin lymphoma,5,females,65–74,157
2025,Hodgkin lymphoma,5,females,75–84,165
2025,Hodgkin lymphoma,5,females,85+,39
2025,Hodgkin lymphoma,5,males,15–24,282
2025,Hodgkin lymphoma,5,males,25–34,328
2025,Hodgkin lymphoma,5,males,35–44,321
2025,Hodgkin lymphoma,5,males,45–54,248
2025,Hodgkin lymphoma,5,males,55–64,282
2025,Hodgkin lymphoma,5,males,5–14,45
2025,Hodgkin lymphoma,5,males,65–74,233
2025,Hodgkin lymphoma,5,males,75–84,167
2025,Hodgkin lymphoma,5,males,85+,35
2025,Hodgkin lymphoma,10,females,15–24,416
2025,Hodgkin lymphoma,10,females,25–34,784
2025,Hodgkin lymphoma,10,females,35–44,593
2025,Hodgkin lymphoma,10,females,45–54,306
2025,Hodgkin lymphoma,10,females,55–64,262
2025,Hodgkin lymphoma,10,females,5–14,50
2025,Hodgkin lymphoma,10,females,65–74,273
2025,Hodgkin lymphoma,10,females,75–84,257
2025,Hodgkin lymphoma,10,females,85+,71
2025,Hodgkin lymphoma,10,males,15–24,410
2025,Hodgkin lymphoma,10,males,25–34,669
2025,Hodgkin lymphoma,10,males,35–44,621
2025,Hodgkin lymphoma,10,males,45–54,469
2025,Hodgkin lymphoma,10,males,55–64,477
2025,Hodgkin lymphoma,10,males,5–14,60
2025,Hodgkin lymphoma,10,males,65–74,408
2025,Hodgkin lymphoma,10,males,75–84,299
2025,Hodgkin lymphoma,10,males,85+,71
2025,Non-Hodgkin lymphoma,1,females,15–24,14
2025,Non-Hodgkin lymphoma,1,females,25–34,55
2025,Non-Hodgkin lymphoma,1,females,35–44,99
2025,Non-Hodgkin lymphoma,1,females,45–54,199
2025,Non-Hodgkin lymphoma,1,females,55–64,487
2025,Non-Hodgkin lymphoma,1,females,5–14,12
2025,Non-Hodgkin lymphoma,1,females,65–74,773
2025,Non-Hodgkin lymphoma,1,females,75–84,760
2025,Non-Hodgkin lymphoma,1,females,85+,305
2025,Non-Hodgkin lymphoma,1,males,15–24,36
2025,Non-Hodgkin lymphoma,1,males,25–34,56
2025,Non-Hodgkin lymphoma,1,males,35–44,124
2025,Non-Hodgkin lymphoma,1,males,45–54,300
2025,Non-Hodgkin lymphoma,1,males,55–64,665
2025,Non-Hodgkin lymphoma,1,males,5–14,27
2025,Non-Hodgkin lymphoma,1,males,65–74,1020
2025,Non-Hodgkin lymphoma,1,males,75–84,1030
2025,Non-Hodgkin lymphoma,1,males,85+,320
2025,Non-Hodgkin lymphoma,5,females,15–24,58
2025,Non-Hodgkin lymphoma,5,females,25–34,214
2025,Non-Hodgkin lymphoma,5,females,35–44,424
2025,Non-Hodgkin lymphoma,5,females,45–54,868
2025,Non-Hodgkin lymphoma,5,females,55–64,1935
2025,Non-Hodgkin lymphoma,5,females,5–14,51
2025,Non-Hodgkin lymphoma,5,females,65–74,3235
2025,Non-Hodgkin lymphoma,5,females,75–84,3233
2025,Non-Hodgkin lymphoma,5,females,85+,1372
2025,Non-Hodgkin lymphoma,5,males,15–24,143
2025,Non-Hodgkin lymphoma,5,males,25–34,230
2025,Non-Hodgkin lymphoma,5,males,35–44,525
2025,Non-Hodgkin lymphoma,5,males,45–54,1229
2025,Non-Hodgkin lymphoma,5,males,55–64,2652
2025,Non-Hodgkin lymphoma,5,males,5–14,108
2025,Non-Hodgkin lymphoma,5,males,65–74,4137
2025,Non-Hodgkin lymphoma,5,males,75–84,4209
2025,Non-Hodgkin lymphoma,5,males,85+,1382
2025,Non-Hodgkin lymphoma,10,females,15–24,98
2025,Non-Hodgkin lymphoma,10,females,25–34,328
2025,Non-Hodgkin lymphoma,10,females,35–44,704
2025,Non-Hodgkin lymphoma,10,females,45–54,1390
2025,Non-Hodgkin lymphoma,10,females,55–64,3227
2025,Non-Hodgkin lymphoma,10,females,5–14,68
2025,Non-Hodgkin lymphoma,10,females,65–74,5434
2025,Non-Hodgkin lymphoma,10,females,75–84,5636
2025,Non-Hodgkin lymphoma,10,females,85+,2505
2025,Non-Hodgkin lymphoma,10,males,15–24,267
2025,Non-Hodgkin lymphoma,10,males,25–34,416
2025,Non-Hodgkin lymphoma,10,males,35–44,863
2025,Non-Hodgkin lymphoma,10,males,45–54,1994
2025,Non-Hodgkin lymphoma,10,males,55–64,4314
2025,Non-Hodgkin lymphoma,10,males,5–14,159
2025,Non-Hodgkin lymphoma,10,males,65–74,6933
2025,Non-Hodgkin lymphoma,10,males,75–84,7083
2025,Non-Hodgkin lymphoma,10,males,85+,2506
