survival_type,period,sex,age_group,years_since_dx,subtype,survival_pct,ci_lower,ci_upper
Observed,2007–2011,females,5–14,1,follicular,NA,NA,NA
Observed,2007–2011,females,15–24,1,follicular,NA,NA,NA
Observed,2007–2011,females,25–34,1,follicular,1,0.912,1
Observed,2007–2011,females,35–44,1,follicular,0.995,0.962,0.999
Observed,2007–2011,females,45–54,1,follicular,0.9910000000000002,0.976,0.997
Observed,2007–2011,females,55–64,1,follicular,0.982,0.969,0.99
Observed,2007–2011,females,65–74,1,follicular,0.966,0.947,0.978
Observed,2007–2011,females,75–84,1,follicular,0.873,0.836,0.902
Observed,2007–2011,females,85+,1,follicular,0.749,0.658,0.819
Observed,2007–2011,females,5–14,2,follicular,NA,NA,NA
Observed,2007–2011,females,15–24,2,follicular,NA,NA,NA
Observed,2007–2011,females,25–34,2,follicular,1,0.914,1
Observed,2007–2011,females,35–44,2,follicular,0.9840000000000002,0.951,0.995
Observed,2007–2011,females,45–54,2,follicular,0.974,0.954,0.9860000000000002
Observed,2007–2011,females,55–64,2,follicular,0.965,0.948,0.977
Observed,2007–2011,females,65–74,2,follicular,0.941,0.917,0.958
Observed,2007–2011,females,75–84,2,follicular,0.813,0.771,0.848
Observed,2007–2011,females,85+,2,follicular,0.607,0.509,0.691
Observed,2007–2011,females,5–14,3,follicular,NA,NA,NA
Observed,2007–2011,females,15–24,3,follicular,NA,NA,NA
Observed,2007–2011,females,25–34,3,follicular,1,0.915,1
Observed,2007–2011,females,35–44,3,follicular,0.9840000000000002,0.951,0.995
Observed,2007–2011,females,45–54,3,follicular,0.958,0.934,0.973
Observed,2007–2011,females,55–64,3,follicular,0.944,0.924,0.96
Observed,2007–2011,females,65–74,3,follicular,0.901,0.871,0.924
Observed,2007–2011,females,75–84,3,follicular,0.763,0.718,0.802
Observed,2007–2011,females,85+,3,follicular,0.481,0.383,0.571
Observed,2007–2011,females,5–14,4,follicular,NA,NA,NA
Observed,2007–2011,females,15–24,4,follicular,NA,NA,NA
Observed,2007–2011,females,25–34,4,follicular,0.972,0.817,0.996
Observed,2007–2011,females,35–44,4,follicular,0.973,0.937,0.9890000000000002
Observed,2007–2011,females,45–54,4,follicular,0.946,0.92,0.964
Observed,2007–2011,females,55–64,4,follicular,0.917,0.892,0.936
Observed,2007–2011,females,65–74,4,follicular,0.856,0.821,0.884
Observed,2007–2011,females,75–84,4,follicular,0.681,0.632,0.725
Observed,2007–2011,females,85+,4,follicular,0.366,0.272,0.46
Observed,2007–2011,females,5–14,5,follicular,NA,NA,NA
Observed,2007–2011,females,15–24,5,follicular,NA,NA,NA
Observed,2007–2011,females,25–34,5,follicular,0.943,0.792,0.9860000000000002
Observed,2007–2011,females,35–44,5,follicular,0.968,0.929,0.9850000000000002
Observed,2007–2011,females,45–54,5,follicular,0.933,0.905,0.953
Observed,2007–2011,females,55–64,5,follicular,0.9,0.873,0.922
Observed,2007–2011,females,65–74,5,follicular,0.828,0.791,0.859
Observed,2007–2011,females,75–84,5,follicular,0.599,0.546,0.647
Observed,2007–2011,females,85+,5,follicular,0.316,0.225,0.41
Observed,2007–2011,males,5–14,1,follicular,NA,NA,NA
Observed,2007–2011,males,15–24,1,follicular,NA,NA,NA
Observed,2007–2011,males,25–34,1,follicular,0.9840000000000002,0.895,0.998
Observed,2007–2011,males,35–44,1,follicular,0.9860000000000002,0.958,0.996
Observed,2007–2011,males,45–54,1,follicular,0.9860000000000002,0.97,0.993
Observed,2007–2011,males,55–64,1,follicular,0.982,0.969,0.9890000000000002
Observed,2007–2011,males,65–74,1,follicular,0.959,0.94,0.972
Observed,2007–2011,males,75–84,1,follicular,0.87,0.832,0.9
Observed,2007–2011,males,85+,1,follicular,0.713,0.595,0.802
Observed,2007–2011,males,5–14,2,follicular,NA,NA,NA
Observed,2007–2011,males,15–24,2,follicular,NA,NA,NA
Observed,2007–2011,males,25–34,2,follicular,0.9840000000000002,0.895,0.998
Observed,2007–2011,males,35–44,2,follicular,0.968,0.934,0.9850000000000002
Observed,2007–2011,males,45–54,2,follicular,0.965,0.944,0.978
Observed,2007–2011,males,55–64,2,follicular,0.941,0.921,0.955
Observed,2007–2011,males,65–74,2,follicular,0.926,0.902,0.944
Observed,2007–2011,males,75–84,2,follicular,0.787,0.742,0.825
Observed,2007–2011,males,85+,2,follicular,0.641,0.52,0.74
Observed,2007–2011,males,5–14,3,follicular,NA,NA,NA
Observed,2007–2011,males,15–24,3,follicular,NA,NA,NA
Observed,2007–2011,males,25–34,3,follicular,0.9840000000000002,0.895,0.998
Observed,2007–2011,males,35–44,3,follicular,0.95,0.912,0.972
Observed,2007–2011,males,45–54,3,follicular,0.947,0.922,0.963
Observed,2007–2011,males,55–64,3,follicular,0.916,0.893,0.933
Observed,2007–2011,males,65–74,3,follicular,0.885,0.856,0.908
Observed,2007–2011,males,75–84,3,follicular,0.713,0.663,0.757
Observed,2007–2011,males,85+,3,follicular,0.538,0.416,0.646
Observed,2007–2011,males,5–14,4,follicular,NA,NA,NA
Observed,2007–2011,males,15–24,4,follicular,NA,NA,NA
Observed,2007–2011,males,25–34,4,follicular,0.967,0.873,0.9920000000000002
Observed,2007–2011,males,35–44,4,follicular,0.95,0.912,0.972
Observed,2007–2011,males,45–54,4,follicular,0.93,0.903,0.949
Observed,2007–2011,males,55–64,4,follicular,0.894,0.869,0.914
Observed,2007–2011,males,65–74,4,follicular,0.853,0.821,0.879
Observed,2007–2011,males,75–84,4,follicular,0.612,0.558,0.662
Observed,2007–2011,males,85+,4,follicular,0.419,0.295,0.538
Observed,2007–2011,males,5–14,5,follicular,NA,NA,NA
Observed,2007–2011,males,15–24,5,follicular,NA,NA,NA
Observed,2007–2011,males,25–34,5,follicular,0.967,0.873,0.9920000000000002
Observed,2007–2011,males,35–44,5,follicular,0.936,0.894,0.962
Observed,2007–2011,males,45–54,5,follicular,0.921,0.893,0.942
Observed,2007–2011,males,55–64,5,follicular,0.871,0.844,0.894
Observed,2007–2011,males,65–74,5,follicular,0.807,0.772,0.838
Observed,2007–2011,males,75–84,5,follicular,0.538,0.482,0.59
Observed,2007–2011,males,85+,5,follicular,0.297,0.179,0.424
Observed,2007–2011,persons,5–14,1,follicular,NA,NA,NA
Observed,2007–2011,persons,15–24,1,follicular,NA,NA,NA
Observed,2007–2011,persons,25–34,1,follicular,0.99,0.929,0.999
Observed,2007–2011,persons,35–44,1,follicular,0.99,0.974,0.996
Observed,2007–2011,persons,45–54,1,follicular,0.9880000000000002,0.979,0.993
Observed,2007–2011,persons,55–64,1,follicular,0.982,0.973,0.9880000000000002
Observed,2007–2011,persons,65–74,1,follicular,0.962,0.949,0.972
Observed,2007–2011,persons,75–84,1,follicular,0.872,0.846,0.893
Observed,2007–2011,persons,85+,1,follicular,0.735,0.665,0.792
Observed,2007–2011,persons,5–14,2,follicular,NA,NA,NA
Observed,2007–2011,persons,15–24,2,follicular,NA,NA,NA
Observed,2007–2011,persons,25–34,2,follicular,0.99,0.929,0.999
Observed,2007–2011,persons,35–44,2,follicular,0.975,0.955,0.9870000000000002
Observed,2007–2011,persons,45–54,2,follicular,0.969,0.956,0.979
Observed,2007–2011,persons,55–64,2,follicular,0.952,0.94,0.962
Observed,2007–2011,persons,65–74,2,follicular,0.933,0.917,0.946
Observed,2007–2011,persons,75–84,2,follicular,0.801,0.771,0.827
Observed,2007–2011,persons,85+,2,follicular,0.621,0.546,0.687
Observed,2007–2011,persons,5–14,3,follicular,NA,NA,NA
Observed,2007–2011,persons,15–24,3,follicular,NA,NA,NA
Observed,2007–2011,persons,25–34,3,follicular,0.99,0.929,0.999
Observed,2007–2011,persons,35–44,3,follicular,0.966,0.943,0.979
Observed,2007–2011,persons,45–54,3,follicular,0.952,0.936,0.964
Observed,2007–2011,persons,55–64,3,follicular,0.929,0.914,0.941
Observed,2007–2011,persons,65–74,3,follicular,0.892,0.872,0.909
Observed,2007–2011,persons,75–84,3,follicular,0.74,0.707,0.769
Observed,2007–2011,persons,85+,3,follicular,0.504,0.428,0.574
Observed,2007–2011,persons,5–14,4,follicular,NA,NA,NA
Observed,2007–2011,persons,15–24,4,follicular,NA,NA,NA
Observed,2007–2011,persons,25–34,4,follicular,0.968,0.904,0.99
Observed,2007–2011,persons,35–44,4,follicular,0.961,0.936,0.976
Observed,2007–2011,persons,45–54,4,follicular,0.937,0.92,0.951
Observed,2007–2011,persons,55–64,4,follicular,0.905,0.888,0.919
Observed,2007–2011,persons,65–74,4,follicular,0.854,0.831,0.874
Observed,2007–2011,persons,75–84,4,follicular,0.649,0.613,0.683
Observed,2007–2011,persons,85+,4,follicular,0.387,0.311,0.461
Observed,2007–2011,persons,5–14,5,follicular,NA,NA,NA
Observed,2007–2011,persons,15–24,5,follicular,NA,NA,NA
Observed,2007–2011,persons,25–34,5,follicular,0.958,0.891,0.9840000000000002
Observed,2007–2011,persons,35–44,5,follicular,0.95,0.924,0.968
Observed,2007–2011,persons,45–54,5,follicular,0.927,0.908,0.942
Observed,2007–2011,persons,55–64,5,follicular,0.885,0.866,0.901
Observed,2007–2011,persons,65–74,5,follicular,0.817,0.792,0.839
Observed,2007–2011,persons,75–84,5,follicular,0.571,0.533,0.607
Observed,2007–2011,persons,85+,5,follicular,0.311,0.238,0.387
Observed,2007–2021,females,5–14,1,follicular,NA,NA,NA
Observed,2007–2021,females,15–24,1,follicular,NA,NA,NA
Observed,2007–2021,females,25–34,1,follicular,1,0.972,1
Observed,2007–2021,females,35–44,1,follicular,0.998,0.9860000000000002,1
Observed,2007–2021,females,45–54,1,follicular,0.9920000000000002,0.9850000000000002,0.995
Observed,2007–2021,females,55–64,1,follicular,0.9870000000000002,0.981,0.9910000000000002
Observed,2007–2021,females,65–74,1,follicular,0.976,0.968,0.981
Observed,2007–2021,females,75–84,1,follicular,0.921,0.906,0.934
Observed,2007–2021,females,85+,1,follicular,0.783,0.74,0.82
Observed,2007–2021,females,5–14,2,follicular,NA,NA,NA
Observed,2007–2021,females,15–24,2,follicular,NA,NA,NA
Observed,2007–2021,females,25–34,2,follicular,1,0.972,1
Observed,2007–2021,females,35–44,2,follicular,0.9920000000000002,0.979,0.997
Observed,2007–2021,females,45–54,2,follicular,0.979,0.969,0.9850000000000002
Observed,2007–2021,females,55–64,2,follicular,0.973,0.965,0.979
Observed,2007–2021,females,65–74,2,follicular,0.952,0.941,0.96
Observed,2007–2021,females,75–84,2,follicular,0.867,0.848,0.884
Observed,2007–2021,females,85+,2,follicular,0.629,0.58,0.674
Observed,2007–2021,females,5–14,3,follicular,NA,NA,NA
Observed,2007–2021,females,15–24,3,follicular,NA,NA,NA
Observed,2007–2021,females,25–34,3,follicular,1,0.972,1
Observed,2007–2021,females,35–44,3,follicular,0.9880000000000002,0.974,0.995
Observed,2007–2021,females,45–54,3,follicular,0.966,0.955,0.975
Observed,2007–2021,females,55–64,3,follicular,0.959,0.95,0.967
Observed,2007–2021,females,65–74,3,follicular,0.917,0.905,0.929
Observed,2007–2021,females,75–84,3,follicular,0.811,0.789,0.831
Observed,2007–2021,females,85+,3,follicular,0.511,0.461,0.56
Observed,2007–2021,females,5–14,4,follicular,NA,NA,NA
Observed,2007–2021,females,15–24,4,follicular,NA,NA,NA
Observed,2007–2021,females,25–34,4,follicular,0.9910000000000002,0.935,0.999
Observed,2007–2021,females,35–44,4,follicular,0.983,0.967,0.9910000000000002
Observed,2007–2021,females,45–54,4,follicular,0.956,0.943,0.966
Observed,2007–2021,females,55–64,4,follicular,0.944,0.933,0.953
Observed,2007–2021,females,65–74,4,follicular,0.89,0.875,0.903
Observed,2007–2021,females,75–84,4,follicular,0.747,0.722,0.77
Observed,2007–2021,females,85+,4,follicular,0.431,0.381,0.48
Observed,2007–2021,females,5–14,5,follicular,NA,NA,NA
Observed,2007–2021,females,15–24,5,follicular,NA,NA,NA
Observed,2007–2021,females,25–34,5,follicular,0.981,0.927,0.995
Observed,2007–2021,females,35–44,5,follicular,0.977,0.96,0.9870000000000002
Observed,2007–2021,females,45–54,5,follicular,0.947,0.934,0.958
Observed,2007–2021,females,55–64,5,follicular,0.929,0.917,0.939
Observed,2007–2021,females,65–74,5,follicular,0.873,0.858,0.887
Observed,2007–2021,females,75–84,5,follicular,0.674,0.647,0.7
Observed,2007–2021,females,85+,5,follicular,0.361,0.312,0.41
Observed,2007–2021,males,5–14,1,follicular,NA,NA,NA
Observed,2007–2021,males,15–24,1,follicular,1,0.93,1
Observed,2007–2021,males,25–34,1,follicular,0.994,0.96,0.999
Observed,2007–2021,males,35–44,1,follicular,0.9880000000000002,0.975,0.994
Observed,2007–2021,males,45–54,1,follicular,0.99,0.983,0.994
Observed,2007–2021,males,55–64,1,follicular,0.981,0.975,0.9860000000000002
Observed,2007–2021,males,65–74,1,follicular,0.965,0.957,0.971
Observed,2007–2021,males,75–84,1,follicular,0.901,0.884,0.915
Observed,2007–2021,males,85+,1,follicular,0.777,0.73,0.817
Observed,2007–2021,males,5–14,2,follicular,NA,NA,NA
Observed,2007–2021,males,15–24,2,follicular,0.978,0.855,0.997
Observed,2007–2021,males,25–34,2,follicular,0.994,0.96,0.999
Observed,2007–2021,males,35–44,2,follicular,0.98,0.966,0.9880000000000002
Observed,2007–2021,males,45–54,2,follicular,0.978,0.97,0.9850000000000002
Observed,2007–2021,males,55–64,2,follicular,0.955,0.946,0.963
Observed,2007–2021,males,65–74,2,follicular,0.931,0.921,0.94
Observed,2007–2021,males,75–84,2,follicular,0.832,0.812,0.85
Observed,2007–2021,males,85+,2,follicular,0.662,0.609,0.709
Observed,2007–2021,males,5–14,3,follicular,NA,NA,NA
Observed,2007–2021,males,15–24,3,follicular,0.956,0.835,0.9890000000000002
Observed,2007–2021,males,25–34,3,follicular,0.994,0.96,0.999
Observed,2007–2021,males,35–44,3,follicular,0.969,0.953,0.98
Observed,2007–2021,males,45–54,3,follicular,0.965,0.954,0.973
Observed,2007–2021,males,55–64,3,follicular,0.933,0.922,0.942
Observed,2007–2021,males,65–74,3,follicular,0.896,0.883,0.907
Observed,2007–2021,males,75–84,3,follicular,0.764,0.741,0.785
Observed,2007–2021,males,85+,3,follicular,0.536,0.481,0.588
Observed,2007–2021,males,5–14,4,follicular,NA,NA,NA
Observed,2007–2021,males,15–24,4,follicular,0.956,0.835,0.9890000000000002
Observed,2007–2021,males,25–34,4,follicular,0.9890000000000002,0.956,0.997
Observed,2007–2021,males,35–44,4,follicular,0.965,0.948,0.976
Observed,2007–2021,males,45–54,4,follicular,0.952,0.94,0.962
Observed,2007–2021,males,55–64,4,follicular,0.912,0.9,0.922
Observed,2007–2021,males,65–74,4,follicular,0.863,0.848,0.876
Observed,2007–2021,males,75–84,4,follicular,0.687,0.661,0.711
Observed,2007–2021,males,85+,4,follicular,0.406,0.352,0.459
Observed,2007–2021,males,5–14,5,follicular,NA,NA,NA
Observed,2007–2021,males,15–24,5,follicular,0.956,0.835,0.9890000000000002
Observed,2007–2021,males,25–34,5,follicular,0.983,0.949,0.995
Observed,2007–2021,males,35–44,5,follicular,0.956,0.937,0.969
Observed,2007–2021,males,45–54,5,follicular,0.94,0.926,0.951
Observed,2007–2021,males,55–64,5,follicular,0.894,0.881,0.906
Observed,2007–2021,males,65–74,5,follicular,0.828,0.812,0.843
Observed,2007–2021,males,75–84,5,follicular,0.614,0.586,0.64
Observed,2007–2021,males,85+,5,follicular,0.339,0.287,0.392
Observed,2007–2021,persons,5–14,1,follicular,NA,NA,NA
Observed,2007–2021,persons,15–24,1,follicular,1,0.952,1
Observed,2007–2021,persons,25–34,1,follicular,0.996,0.975,1
Observed,2007–2021,persons,35–44,1,follicular,0.9920000000000002,0.9850000000000002,0.996
Observed,2007–2021,persons,45–54,1,follicular,0.9910000000000002,0.9860000000000002,0.994
Observed,2007–2021,persons,55–64,1,follicular,0.9840000000000002,0.98,0.9870000000000002
Observed,2007–2021,persons,65–74,1,follicular,0.97,0.964,0.974
Observed,2007–2021,persons,75–84,1,follicular,0.911,0.9,0.92
Observed,2007–2021,persons,85+,1,follicular,0.78,0.749,0.808
Observed,2007–2021,persons,5–14,2,follicular,NA,NA,NA
Observed,2007–2021,persons,15–24,2,follicular,0.9850000000000002,0.898,0.998
Observed,2007–2021,persons,25–34,2,follicular,0.996,0.975,1
Observed,2007–2021,persons,35–44,2,follicular,0.9850000000000002,0.976,0.9910000000000002
Observed,2007–2021,persons,45–54,2,follicular,0.979,0.972,0.983
Observed,2007–2021,persons,55–64,2,follicular,0.963,0.958,0.968
Observed,2007–2021,persons,65–74,2,follicular,0.94,0.933,0.947
Observed,2007–2021,persons,75–84,2,follicular,0.849,0.835,0.861
Observed,2007–2021,persons,85+,2,follicular,0.644,0.609,0.677
Observed,2007–2021,persons,5–14,3,follicular,NA,NA,NA
Observed,2007–2021,persons,15–24,3,follicular,0.97,0.884,0.9920000000000002
Observed,2007–2021,persons,25–34,3,follicular,0.996,0.975,1
Observed,2007–2021,persons,35–44,3,follicular,0.978,0.967,0.9850000000000002
Observed,2007–2021,persons,45–54,3,follicular,0.965,0.958,0.972
Observed,2007–2021,persons,55–64,3,follicular,0.945,0.938,0.951
Observed,2007–2021,persons,65–74,3,follicular,0.906,0.897,0.914
Observed,2007–2021,persons,75–84,3,follicular,0.787,0.771,0.802
Observed,2007–2021,persons,85+,3,follicular,0.523,0.486,0.558
Observed,2007–2021,persons,5–14,4,follicular,NA,NA,NA
Observed,2007–2021,persons,15–24,4,follicular,0.97,0.884,0.9920000000000002
Observed,2007–2021,persons,25–34,4,follicular,0.9890000000000002,0.968,0.997
Observed,2007–2021,persons,35–44,4,follicular,0.973,0.961,0.981
Observed,2007–2021,persons,45–54,4,follicular,0.954,0.945,0.961
Observed,2007–2021,persons,55–64,4,follicular,0.927,0.919,0.934
Observed,2007–2021,persons,65–74,4,follicular,0.875,0.865,0.885
Observed,2007–2021,persons,75–84,4,follicular,0.716,0.698,0.733
Observed,2007–2021,persons,85+,4,follicular,0.42,0.383,0.456
Observed,2007–2021,persons,5–14,5,follicular,NA,NA,NA
Observed,2007–2021,persons,15–24,5,follicular,0.97,0.884,0.9920000000000002
Observed,2007–2021,persons,25–34,5,follicular,0.983,0.959,0.993
Observed,2007–2021,persons,35–44,5,follicular,0.965,0.953,0.974
Observed,2007–2021,persons,45–54,5,follicular,0.943,0.934,0.951
Observed,2007–2021,persons,55–64,5,follicular,0.91,0.901,0.918
Observed,2007–2021,persons,65–74,5,follicular,0.849,0.838,0.859
Observed,2007–2021,persons,75–84,5,follicular,0.643,0.624,0.662
Observed,2007–2021,persons,85+,5,follicular,0.351,0.315,0.387
Observed,2012–2016,females,5–14,1,follicular,NA,NA,NA
Observed,2012–2016,females,15–24,1,follicular,NA,NA,NA
Observed,2012–2016,females,25–34,1,follicular,1,0.92,1
Observed,2012–2016,females,35–44,1,follicular,1,0.983,1
Observed,2012–2016,females,45–54,1,follicular,0.9890000000000002,0.974,0.995
Observed,2012–2016,females,55–64,1,follicular,0.9870000000000002,0.975,0.993
Observed,2012–2016,females,65–74,1,follicular,0.983,0.97,0.99
Observed,2012–2016,females,75–84,1,follicular,0.919,0.888,0.942
Observed,2012–2016,females,85+,1,follicular,0.753,0.666,0.82
Observed,2012–2016,females,5–14,2,follicular,NA,NA,NA
Observed,2012–2016,females,15–24,2,follicular,NA,NA,NA
Observed,2012–2016,females,25–34,2,follicular,1,0.921,1
Observed,2012–2016,females,35–44,2,follicular,0.994,0.96,0.999
Observed,2012–2016,females,45–54,2,follicular,0.972,0.952,0.983
Observed,2012–2016,females,55–64,2,follicular,0.978,0.963,0.9870000000000002
Observed,2012–2016,females,65–74,2,follicular,0.964,0.946,0.976
Observed,2012–2016,females,75–84,2,follicular,0.858,0.819,0.888
Observed,2012–2016,females,85+,2,follicular,0.604,0.512,0.683
Observed,2012–2016,females,5–14,3,follicular,NA,NA,NA
Observed,2012–2016,females,15–24,3,follicular,NA,NA,NA
Observed,2012–2016,females,25–34,3,follicular,1,0.923,1
Observed,2012–2016,females,35–44,3,follicular,0.9890000000000002,0.955,0.997
Observed,2012–2016,females,45–54,3,follicular,0.961,0.938,0.975
Observed,2012–2016,females,55–64,3,follicular,0.966,0.949,0.977
Observed,2012–2016,females,65–74,3,follicular,0.917,0.893,0.936
Observed,2012–2016,females,75–84,3,follicular,0.793,0.749,0.829
Observed,2012–2016,females,85+,3,follicular,0.477,0.386,0.562
Observed,2012–2016,females,5–14,4,follicular,NA,NA,NA
Observed,2012–2016,females,15–24,4,follicular,NA,NA,NA
Observed,2012–2016,females,25–34,4,follicular,1,0.921,1
Observed,2012–2016,females,35–44,4,follicular,0.9890000000000002,0.955,0.997
Observed,2012–2016,females,45–54,4,follicular,0.947,0.922,0.964
Observed,2012–2016,females,55–64,4,follicular,0.958,0.94,0.971
Observed,2012–2016,females,65–74,4,follicular,0.903,0.877,0.924
Observed,2012–2016,females,75–84,4,follicular,0.728,0.681,0.769
Observed,2012–2016,females,85+,4,follicular,0.427,0.339,0.513
Observed,2012–2016,females,5–14,5,follicular,NA,NA,NA
Observed,2012–2016,females,15–24,5,follicular,NA,NA,NA
Observed,2012–2016,females,25–34,5,follicular,1,0.92,1
Observed,2012–2016,females,35–44,5,follicular,0.978,0.941,0.9920000000000002
Observed,2012–2016,females,45–54,5,follicular,0.941,0.915,0.959
Observed,2012–2016,females,55–64,5,follicular,0.94,0.919,0.956
Observed,2012–2016,females,65–74,5,follicular,0.881,0.852,0.904
Observed,2012–2016,females,75–84,5,follicular,0.658,0.609,0.703
Observed,2012–2016,females,85+,5,follicular,0.335,0.254,0.418
Observed,2012–2016,males,5–14,1,follicular,NA,NA,NA
Observed,2012–2016,males,15–24,1,follicular,NA,NA,NA
Observed,2012–2016,males,25–34,1,follicular,1,0.945,1
Observed,2012–2016,males,35–44,1,follicular,0.9910000000000002,0.966,0.998
Observed,2012–2016,males,45–54,1,follicular,0.99,0.975,0.996
Observed,2012–2016,males,55–64,1,follicular,0.974,0.96,0.983
Observed,2012–2016,males,65–74,1,follicular,0.96,0.945,0.972
Observed,2012–2016,males,75–84,1,follicular,0.901,0.869,0.925
Observed,2012–2016,males,85+,1,follicular,0.754,0.671,0.819
Observed,2012–2016,males,5–14,2,follicular,NA,NA,NA
Observed,2012–2016,males,15–24,2,follicular,NA,NA,NA
Observed,2012–2016,males,25–34,2,follicular,1,0.948,1
Observed,2012–2016,males,35–44,2,follicular,0.9870000000000002,0.961,0.996
Observed,2012–2016,males,45–54,2,follicular,0.979,0.962,0.9890000000000002
Observed,2012–2016,males,55–64,2,follicular,0.96,0.944,0.972
Observed,2012–2016,males,65–74,2,follicular,0.926,0.906,0.942
Observed,2012–2016,males,75–84,2,follicular,0.831,0.793,0.863
Observed,2012–2016,males,85+,2,follicular,0.618,0.526,0.697
Observed,2012–2016,males,5–14,3,follicular,NA,NA,NA
Observed,2012–2016,males,15–24,3,follicular,NA,NA,NA
Observed,2012–2016,males,25–34,3,follicular,1,0.952,1
Observed,2012–2016,males,35–44,3,follicular,0.975,0.944,0.9880000000000002
Observed,2012–2016,males,45–54,3,follicular,0.964,0.943,0.978
Observed,2012–2016,males,55–64,3,follicular,0.942,0.924,0.957
Observed,2012–2016,males,65–74,3,follicular,0.884,0.859,0.904
Observed,2012–2016,males,75–84,3,follicular,0.777,0.736,0.813
Observed,2012–2016,males,85+,3,follicular,0.498,0.405,0.584
Observed,2012–2016,males,5–14,4,follicular,NA,NA,NA
Observed,2012–2016,males,15–24,4,follicular,NA,NA,NA
Observed,2012–2016,males,25–34,4,follicular,1,0.955,1
Observed,2012–2016,males,35–44,4,follicular,0.966,0.934,0.983
Observed,2012–2016,males,45–54,4,follicular,0.954,0.93,0.969
Observed,2012–2016,males,55–64,4,follicular,0.917,0.895,0.934
Observed,2012–2016,males,65–74,4,follicular,0.853,0.826,0.876
Observed,2012–2016,males,75–84,4,follicular,0.712,0.667,0.752
Observed,2012–2016,males,85+,4,follicular,0.379,0.29,0.468
Observed,2012–2016,males,5–14,5,follicular,NA,NA,NA
Observed,2012–2016,males,15–24,5,follicular,NA,NA,NA
Observed,2012–2016,males,25–34,5,follicular,0.9850000000000002,0.901,0.998
Observed,2012–2016,males,35–44,5,follicular,0.958,0.923,0.977
Observed,2012–2016,males,45–54,5,follicular,0.943,0.918,0.961
Observed,2012–2016,males,55–64,5,follicular,0.9,0.877,0.919
Observed,2012–2016,males,65–74,5,follicular,0.815,0.786,0.842
Observed,2012–2016,males,75–84,5,follicular,0.637,0.588,0.681
Observed,2012–2016,males,85+,5,follicular,0.358,0.269,0.447
Observed,2012–2016,persons,5–14,1,follicular,NA,NA,NA
Observed,2012–2016,persons,15–24,1,follicular,1,0.871,1
Observed,2012–2016,persons,25–34,1,follicular,1,0.967,1
Observed,2012–2016,persons,35–44,1,follicular,0.995,0.98,0.999
Observed,2012–2016,persons,45–54,1,follicular,0.9890000000000002,0.98,0.994
Observed,2012–2016,persons,55–64,1,follicular,0.98,0.971,0.9860000000000002
Observed,2012–2016,persons,65–74,1,follicular,0.971,0.961,0.978
Observed,2012–2016,persons,75–84,1,follicular,0.909,0.888,0.927
Observed,2012–2016,persons,85+,1,follicular,0.753,0.695,0.802
Observed,2012–2016,persons,5–14,2,follicular,NA,NA,NA
Observed,2012–2016,persons,15–24,2,follicular,NA,NA,NA
Observed,2012–2016,persons,25–34,2,follicular,1,0.968,1
Observed,2012–2016,persons,35–44,2,follicular,0.99,0.974,0.996
Observed,2012–2016,persons,45–54,2,follicular,0.976,0.963,0.9840000000000002
Observed,2012–2016,persons,55–64,2,follicular,0.968,0.958,0.976
Observed,2012–2016,persons,65–74,2,follicular,0.943,0.93,0.954
Observed,2012–2016,persons,75–84,2,follicular,0.844,0.817,0.866
Observed,2012–2016,persons,85+,2,follicular,0.61,0.547,0.668
Observed,2012–2016,persons,5–14,3,follicular,NA,NA,NA
Observed,2012–2016,persons,15–24,3,follicular,NA,NA,NA
Observed,2012–2016,persons,25–34,3,follicular,1,0.97,1
Observed,2012–2016,persons,35–44,3,follicular,0.981,0.962,0.99
Observed,2012–2016,persons,45–54,3,follicular,0.963,0.948,0.973
Observed,2012–2016,persons,55–64,3,follicular,0.953,0.941,0.963
Observed,2012–2016,persons,65–74,3,follicular,0.899,0.882,0.913
Observed,2012–2016,persons,75–84,3,follicular,0.784,0.755,0.811
Observed,2012–2016,persons,85+,3,follicular,0.487,0.423,0.548
Observed,2012–2016,persons,5–14,4,follicular,NA,NA,NA
Observed,2012–2016,persons,15–24,4,follicular,NA,NA,NA
Observed,2012–2016,persons,25–34,4,follicular,1,0.971,1
Observed,2012–2016,persons,35–44,4,follicular,0.976,0.956,0.9870000000000002
Observed,2012–2016,persons,45–54,4,follicular,0.951,0.935,0.963
Observed,2012–2016,persons,55–64,4,follicular,0.936,0.922,0.947
Observed,2012–2016,persons,65–74,4,follicular,0.875,0.857,0.892
Observed,2012–2016,persons,75–84,4,follicular,0.719,0.688,0.749
Observed,2012–2016,persons,85+,4,follicular,0.406,0.343,0.468
Observed,2012–2016,persons,5–14,5,follicular,NA,NA,NA
Observed,2012–2016,persons,15–24,5,follicular,NA,NA,NA
Observed,2012–2016,persons,25–34,5,follicular,0.99,0.933,0.999
Observed,2012–2016,persons,35–44,5,follicular,0.966,0.944,0.98
Observed,2012–2016,persons,45–54,5,follicular,0.942,0.925,0.955
Observed,2012–2016,persons,55–64,5,follicular,0.919,0.903,0.932
Observed,2012–2016,persons,65–74,5,follicular,0.845,0.824,0.863
Observed,2012–2016,persons,75–84,5,follicular,0.647,0.613,0.679
Observed,2012–2016,persons,85+,5,follicular,0.344,0.283,0.405
Observed,2017–2021,females,5–14,1,follicular,NA,NA,NA
Observed,2017–2021,females,15–24,1,follicular,NA,NA,NA
Observed,2017–2021,females,25–34,1,follicular,1,0.924,1
Observed,2017–2021,females,35–44,1,follicular,1,0.979,1
Observed,2017–2021,females,45–54,1,follicular,0.995,0.981,0.999
Observed,2017–2021,females,55–64,1,follicular,0.9920000000000002,0.982,0.996
Observed,2017–2021,females,65–74,1,follicular,0.976,0.963,0.9840000000000002
Observed,2017–2021,females,75–84,1,follicular,0.955,0.935,0.969
Observed,2017–2021,females,85+,1,follicular,0.826,0.761,0.875
Observed,2017–2021,females,5–14,2,follicular,NA,NA,NA
Observed,2017–2021,females,15–24,2,follicular,NA,NA,NA
Observed,2017–2021,females,25–34,2,follicular,1,0.92,1
Observed,2017–2021,females,35–44,2,follicular,1,0.98,1
Observed,2017–2021,females,45–54,2,follicular,0.9910000000000002,0.975,0.996
Observed,2017–2021,females,55–64,2,follicular,0.976,0.962,0.9850000000000002
Observed,2017–2021,females,65–74,2,follicular,0.949,0.932,0.961
Observed,2017–2021,females,75–84,2,follicular,0.91,0.883,0.931
Observed,2017–2021,females,85+,2,follicular,0.661,0.583,0.728
Observed,2017–2021,females,5–14,3,follicular,NA,NA,NA
Observed,2017–2021,females,15–24,3,follicular,NA,NA,NA
Observed,2017–2021,females,25–34,3,follicular,1,0.917,1
Observed,2017–2021,females,35–44,3,follicular,0.993,0.955,0.999
Observed,2017–2021,females,45–54,3,follicular,0.981,0.963,0.9910000000000002
Observed,2017–2021,females,55–64,3,follicular,0.966,0.95,0.977
Observed,2017–2021,females,65–74,3,follicular,0.927,0.907,0.942
Observed,2017–2021,females,75–84,3,follicular,0.858,0.825,0.885
Observed,2017–2021,females,85+,3,follicular,0.557,0.476,0.63
Observed,2017–2021,females,5–14,4,follicular,NA,NA,NA
Observed,2017–2021,females,15–24,4,follicular,NA,NA,NA
Observed,2017–2021,females,25–34,4,follicular,1,0.918,1
Observed,2017–2021,females,35–44,4,follicular,0.9870000000000002,0.95,0.997
Observed,2017–2021,females,45–54,4,follicular,0.974,0.954,0.9860000000000002
Observed,2017–2021,females,55–64,4,follicular,0.955,0.937,0.967
Observed,2017–2021,females,65–74,4,follicular,0.9,0.878,0.918
Observed,2017–2021,females,75–84,4,follicular,0.81,0.772,0.842
Observed,2017–2021,females,85+,4,follicular,0.471,0.392,0.546
Observed,2017–2021,females,5–14,5,follicular,NA,NA,NA
Observed,2017–2021,females,15–24,5,follicular,NA,NA,NA
Observed,2017–2021,females,25–34,5,follicular,1,0.92,1
Observed,2017–2021,females,35–44,5,follicular,0.9870000000000002,0.95,0.997
Observed,2017–2021,females,45–54,5,follicular,0.968,0.946,0.981
Observed,2017–2021,females,55–64,5,follicular,0.943,0.923,0.958
Observed,2017–2021,females,65–74,5,follicular,0.894,0.871,0.912
Observed,2017–2021,females,75–84,5,follicular,0.742,0.7,0.78
Observed,2017–2021,females,85+,5,follicular,0.413,0.334,0.491
Observed,2017–2021,males,5–14,1,follicular,NA,NA,NA
Observed,2017–2021,males,15–24,1,follicular,NA,NA,NA
Observed,2017–2021,males,25–34,1,follicular,1,0.95,1
Observed,2017–2021,males,35–44,1,follicular,0.9840000000000002,0.952,0.995
Observed,2017–2021,males,45–54,1,follicular,0.994,0.982,0.998
Observed,2017–2021,males,55–64,1,follicular,0.9860000000000002,0.976,0.9910000000000002
Observed,2017–2021,males,65–74,1,follicular,0.971,0.96,0.98
Observed,2017–2021,males,75–84,1,follicular,0.918,0.895,0.936
Observed,2017–2021,males,85+,1,follicular,0.83,0.759,0.882
Observed,2017–2021,males,5–14,2,follicular,NA,NA,NA
Observed,2017–2021,males,15–24,2,follicular,NA,NA,NA
Observed,2017–2021,males,25–34,2,follicular,1,0.948,1
Observed,2017–2021,males,35–44,2,follicular,0.9840000000000002,0.952,0.995
Observed,2017–2021,males,45–54,2,follicular,0.99,0.977,0.996
Observed,2017–2021,males,55–64,2,follicular,0.963,0.948,0.973
Observed,2017–2021,males,65–74,2,follicular,0.937,0.922,0.95
Observed,2017–2021,males,75–84,2,follicular,0.858,0.828,0.883
Observed,2017–2021,males,85+,2,follicular,0.709,0.629,0.775
Observed,2017–2021,males,5–14,3,follicular,NA,NA,NA
Observed,2017–2021,males,15–24,3,follicular,NA,NA,NA
Observed,2017–2021,males,25–34,3,follicular,1,0.946,1
Observed,2017–2021,males,35–44,3,follicular,0.9840000000000002,0.952,0.995
Observed,2017–2021,males,45–54,3,follicular,0.982,0.966,0.9910000000000002
Observed,2017–2021,males,55–64,3,follicular,0.937,0.92,0.951
Observed,2017–2021,males,65–74,3,follicular,0.911,0.893,0.927
Observed,2017–2021,males,75–84,3,follicular,0.784,0.749,0.814
Observed,2017–2021,males,85+,3,follicular,0.567,0.482,0.643
Observed,2017–2021,males,5–14,4,follicular,NA,NA,NA
Observed,2017–2021,males,15–24,4,follicular,NA,NA,NA
Observed,2017–2021,males,25–34,4,follicular,1,0.945,1
Observed,2017–2021,males,35–44,4,follicular,0.979,0.946,0.9920000000000002
Observed,2017–2021,males,45–54,4,follicular,0.972,0.953,0.983
Observed,2017–2021,males,55–64,4,follicular,0.922,0.902,0.938
Observed,2017–2021,males,65–74,4,follicular,0.875,0.854,0.894
Observed,2017–2021,males,75–84,4,follicular,0.71,0.671,0.745
Observed,2017–2021,males,85+,4,follicular,0.425,0.344,0.503
Observed,2017–2021,males,5–14,5,follicular,NA,NA,NA
Observed,2017–2021,males,15–24,5,follicular,NA,NA,NA
Observed,2017–2021,males,25–34,5,follicular,1,0.945,1
Observed,2017–2021,males,35–44,5,follicular,0.975,0.941,0.99
Observed,2017–2021,males,45–54,5,follicular,0.954,0.932,0.969
Observed,2017–2021,males,55–64,5,follicular,0.907,0.885,0.924
Observed,2017–2021,males,65–74,5,follicular,0.85,0.827,0.871
Observed,2017–2021,males,75–84,5,follicular,0.64,0.598,0.679
Observed,2017–2021,males,85+,5,follicular,0.342,0.266,0.42
Observed,2017–2021,persons,5–14,1,follicular,NA,NA,NA
Observed,2017–2021,persons,15–24,1,follicular,NA,NA,NA
Observed,2017–2021,persons,25–34,1,follicular,1,0.969,1
Observed,2017–2021,persons,35–44,1,follicular,0.9910000000000002,0.972,0.997
Observed,2017–2021,persons,45–54,1,follicular,0.995,0.9870000000000002,0.998
Observed,2017–2021,persons,55–64,1,follicular,0.9880000000000002,0.982,0.993
Observed,2017–2021,persons,65–74,1,follicular,0.973,0.965,0.979
Observed,2017–2021,persons,75–84,1,follicular,0.935,0.92,0.948
Observed,2017–2021,persons,85+,1,follicular,0.828,0.782,0.865
Observed,2017–2021,persons,5–14,2,follicular,NA,NA,NA
Observed,2017–2021,persons,15–24,2,follicular,NA,NA,NA
Observed,2017–2021,persons,25–34,2,follicular,1,0.968,1
Observed,2017–2021,persons,35–44,2,follicular,0.9910000000000002,0.972,0.997
Observed,2017–2021,persons,45–54,2,follicular,0.99,0.982,0.995
Observed,2017–2021,persons,55–64,2,follicular,0.968,0.959,0.976
Observed,2017–2021,persons,65–74,2,follicular,0.942,0.931,0.952
Observed,2017–2021,persons,75–84,2,follicular,0.882,0.863,0.899
Observed,2017–2021,persons,85+,2,follicular,0.684,0.63,0.733
Observed,2017–2021,persons,5–14,3,follicular,NA,NA,NA
Observed,2017–2021,persons,15–24,3,follicular,NA,NA,NA
Observed,2017–2021,persons,25–34,3,follicular,1,0.967,1
Observed,2017–2021,persons,35–44,3,follicular,0.9880000000000002,0.969,0.996
Observed,2017–2021,persons,45–54,3,follicular,0.982,0.971,0.9890000000000002
Observed,2017–2021,persons,55–64,3,follicular,0.95,0.938,0.96
Observed,2017–2021,persons,65–74,3,follicular,0.918,0.905,0.929
Observed,2017–2021,persons,75–84,3,follicular,0.818,0.794,0.839
Observed,2017–2021,persons,85+,3,follicular,0.562,0.504,0.615
Observed,2017–2021,persons,5–14,4,follicular,NA,NA,NA
Observed,2017–2021,persons,15–24,4,follicular,NA,NA,NA
Observed,2017–2021,persons,25–34,4,follicular,1,0.966,1
Observed,2017–2021,persons,35–44,4,follicular,0.983,0.962,0.9920000000000002
Observed,2017–2021,persons,45–54,4,follicular,0.973,0.961,0.982
Observed,2017–2021,persons,55–64,4,follicular,0.936,0.923,0.947
Observed,2017–2021,persons,65–74,4,follicular,0.887,0.872,0.9
Observed,2017–2021,persons,75–84,4,follicular,0.756,0.729,0.781
Observed,2017–2021,persons,85+,4,follicular,0.448,0.392,0.503
Observed,2017–2021,persons,5–14,5,follicular,NA,NA,NA
Observed,2017–2021,persons,15–24,5,follicular,NA,NA,NA
Observed,2017–2021,persons,25–34,5,follicular,1,0.967,1
Observed,2017–2021,persons,35–44,5,follicular,0.98,0.959,0.9910000000000002
Observed,2017–2021,persons,45–54,5,follicular,0.961,0.946,0.971
Observed,2017–2021,persons,55–64,5,follicular,0.923,0.909,0.935
Observed,2017–2021,persons,65–74,5,follicular,0.87,0.854,0.885
Observed,2017–2021,persons,75–84,5,follicular,0.687,0.658,0.715
Observed,2017–2021,persons,85+,5,follicular,0.377,0.322,0.433
Relative,2007–2011,females,5–14,1,follicular,NA,NA,NA
Relative,2007–2011,females,15–24,1,follicular,NA,NA,NA
Relative,2007–2011,females,25–34,1,follicular,1,0.912,1
Relative,2007–2011,females,35–44,1,follicular,0.995,0.963,1
Relative,2007–2011,females,45–54,1,follicular,0.993,0.977,0.998
Relative,2007–2011,females,55–64,1,follicular,0.9860000000000002,0.973,0.994
Relative,2007–2011,females,65–74,1,follicular,0.976,0.956,0.9890000000000002
Relative,2007–2011,females,75–84,1,follicular,0.904,0.866,0.934
Relative,2007–2011,females,85+,1,follicular,0.837,0.736,0.916
Relative,2007–2011,females,5–14,2,follicular,NA,NA,NA
Relative,2007–2011,females,15–24,2,follicular,NA,NA,NA
Relative,2007–2011,females,25–34,2,follicular,1.001,0.915,1.001
Relative,2007–2011,females,35–44,2,follicular,0.9860000000000002,0.953,0.997
Relative,2007–2011,females,45–54,2,follicular,0.978,0.958,0.99
Relative,2007–2011,females,55–64,2,follicular,0.974,0.957,0.9850000000000002
Relative,2007–2011,females,65–74,2,follicular,0.962,0.937,0.979
Relative,2007–2011,females,75–84,2,follicular,0.876,0.83,0.913
Relative,2007–2011,females,85+,2,follicular,0.769,0.645,0.876
Relative,2007–2011,females,5–14,3,follicular,NA,NA,NA
Relative,2007–2011,females,15–24,3,follicular,NA,NA,NA
Relative,2007–2011,females,25–34,3,follicular,1.001,0.916,1.001
Relative,2007–2011,females,35–44,3,follicular,0.9870000000000002,0.954,0.998
Relative,2007–2011,females,45–54,3,follicular,0.964,0.94,0.979
Relative,2007–2011,females,55–64,3,follicular,0.957,0.936,0.973
Relative,2007–2011,females,65–74,3,follicular,0.933,0.902,0.957
Relative,2007–2011,females,75–84,3,follicular,0.859,0.809,0.903
Relative,2007–2011,females,85+,3,follicular,0.698,0.557,0.83
Relative,2007–2011,females,5–14,4,follicular,NA,NA,NA
Relative,2007–2011,females,15–24,4,follicular,NA,NA,NA
Relative,2007–2011,females,25–34,4,follicular,0.974,0.819,0.998
Relative,2007–2011,females,35–44,4,follicular,0.977,0.94,0.9920000000000002
Relative,2007–2011,females,45–54,4,follicular,0.954,0.928,0.972
Relative,2007–2011,females,55–64,4,follicular,0.935,0.91,0.954
Relative,2007–2011,females,65–74,4,follicular,0.899,0.863,0.929
Relative,2007–2011,females,75–84,4,follicular,0.806,0.748,0.858
Relative,2007–2011,females,85+,4,follicular,0.621,0.462,0.781
Relative,2007–2011,females,5–14,5,follicular,NA,NA,NA
Relative,2007–2011,females,15–24,5,follicular,NA,NA,NA
Relative,2007–2011,females,25–34,5,follicular,0.946,0.794,0.9880000000000002
Relative,2007–2011,females,35–44,5,follicular,0.972,0.934,0.99
Relative,2007–2011,females,45–54,5,follicular,0.944,0.915,0.964
Relative,2007–2011,females,55–64,5,follicular,0.923,0.896,0.945
Relative,2007–2011,females,65–74,5,follicular,0.885,0.845,0.918
Relative,2007–2011,females,75–84,5,follicular,0.749,0.684,0.81
Relative,2007–2011,females,85+,5,follicular,0.635,0.452,0.826
Relative,2007–2011,males,5–14,1,follicular,NA,NA,NA
Relative,2007–2011,males,15–24,1,follicular,NA,NA,NA
Relative,2007–2011,males,25–34,1,follicular,0.9850000000000002,0.896,0.999
Relative,2007–2011,males,35–44,1,follicular,0.9880000000000002,0.959,0.997
Relative,2007–2011,males,45–54,1,follicular,0.9890000000000002,0.973,0.996
Relative,2007–2011,males,55–64,1,follicular,0.9890000000000002,0.976,0.996
Relative,2007–2011,males,65–74,1,follicular,0.975,0.956,0.9890000000000002
Relative,2007–2011,males,75–84,1,follicular,0.917,0.877,0.949
Relative,2007–2011,males,85+,1,follicular,0.82,0.684,0.922
Relative,2007–2011,males,5–14,2,follicular,NA,NA,NA
Relative,2007–2011,males,15–24,2,follicular,NA,NA,NA
Relative,2007–2011,males,25–34,2,follicular,0.9860000000000002,0.896,1
Relative,2007–2011,males,35–44,2,follicular,0.971,0.936,0.9870000000000002
Relative,2007–2011,males,45–54,2,follicular,0.971,0.95,0.9840000000000002
Relative,2007–2011,males,55–64,2,follicular,0.954,0.935,0.969
Relative,2007–2011,males,65–74,2,follicular,0.96,0.936,0.979
Relative,2007–2011,males,75–84,2,follicular,0.88,0.829,0.922
Relative,2007–2011,males,85+,2,follicular,0.854,0.693,0.9850000000000002
Relative,2007–2011,males,5–14,3,follicular,NA,NA,NA
Relative,2007–2011,males,15–24,3,follicular,NA,NA,NA
Relative,2007–2011,males,25–34,3,follicular,0.9870000000000002,0.897,1.001
Relative,2007–2011,males,35–44,3,follicular,0.954,0.916,0.977
Relative,2007–2011,males,45–54,3,follicular,0.956,0.932,0.973
Relative,2007–2011,males,55–64,3,follicular,0.937,0.914,0.955
Relative,2007–2011,males,65–74,3,follicular,0.937,0.907,0.962
Relative,2007–2011,males,75–84,3,follicular,0.85,0.79,0.903
Relative,2007–2011,males,85+,3,follicular,0.844,0.652,1.012
Relative,2007–2011,males,5–14,4,follicular,NA,NA,NA
Relative,2007–2011,males,15–24,4,follicular,NA,NA,NA
Relative,2007–2011,males,25–34,4,follicular,0.971,0.877,0.996
Relative,2007–2011,males,35–44,4,follicular,0.956,0.918,0.978
Relative,2007–2011,males,45–54,4,follicular,0.943,0.916,0.963
Relative,2007–2011,males,55–64,4,follicular,0.923,0.898,0.944
Relative,2007–2011,males,65–74,4,follicular,0.926,0.891,0.954
Relative,2007–2011,males,75–84,4,follicular,0.786,0.716,0.85
Relative,2007–2011,males,85+,4,follicular,0.788,0.554,1.011
Relative,2007–2011,males,5–14,5,follicular,NA,NA,NA
Relative,2007–2011,males,15–24,5,follicular,NA,NA,NA
Relative,2007–2011,males,25–34,5,follicular,0.972,0.878,0.997
Relative,2007–2011,males,35–44,5,follicular,0.944,0.902,0.97
Relative,2007–2011,males,45–54,5,follicular,0.938,0.91,0.959
Relative,2007–2011,males,55–64,5,follicular,0.909,0.881,0.932
Relative,2007–2011,males,65–74,5,follicular,0.901,0.861,0.935
Relative,2007–2011,males,75–84,5,follicular,0.748,0.67,0.821
Relative,2007–2011,males,85+,5,follicular,0.68,0.411,0.972
Relative,2007–2011,persons,5–14,1,follicular,NA,NA,NA
Relative,2007–2011,persons,15–24,1,follicular,NA,NA,NA
Relative,2007–2011,persons,25–34,1,follicular,0.99,0.93,0.999
Relative,2007–2011,persons,35–44,1,follicular,0.9910000000000002,0.975,0.997
Relative,2007–2011,persons,45–54,1,follicular,0.9910000000000002,0.981,0.996
Relative,2007–2011,persons,55–64,1,follicular,0.9870000000000002,0.979,0.993
Relative,2007–2011,persons,65–74,1,follicular,0.976,0.963,0.9860000000000002
Relative,2007–2011,persons,75–84,1,follicular,0.911,0.884,0.933
Relative,2007–2011,persons,85+,1,follicular,0.831,0.752,0.896
Relative,2007–2011,persons,5–14,2,follicular,NA,NA,NA
Relative,2007–2011,persons,15–24,2,follicular,NA,NA,NA
Relative,2007–2011,persons,25–34,2,follicular,0.9910000000000002,0.93,1
Relative,2007–2011,persons,35–44,2,follicular,0.978,0.957,0.9890000000000002
Relative,2007–2011,persons,45–54,2,follicular,0.974,0.961,0.9840000000000002
Relative,2007–2011,persons,55–64,2,follicular,0.964,0.951,0.974
Relative,2007–2011,persons,65–74,2,follicular,0.961,0.944,0.974
Relative,2007–2011,persons,75–84,2,follicular,0.878,0.845,0.907
Relative,2007–2011,persons,85+,2,follicular,0.802,0.706,0.888
Relative,2007–2011,persons,5–14,3,follicular,NA,NA,NA
Relative,2007–2011,persons,15–24,3,follicular,NA,NA,NA
Relative,2007–2011,persons,25–34,3,follicular,0.9920000000000002,0.931,1.001
Relative,2007–2011,persons,35–44,3,follicular,0.969,0.946,0.983
Relative,2007–2011,persons,45–54,3,follicular,0.96,0.944,0.972
Relative,2007–2011,persons,55–64,3,follicular,0.947,0.931,0.959
Relative,2007–2011,persons,65–74,3,follicular,0.935,0.914,0.953
Relative,2007–2011,persons,75–84,3,follicular,0.856,0.818,0.89
Relative,2007–2011,persons,85+,3,follicular,0.753,0.64,0.859
Relative,2007–2011,persons,5–14,4,follicular,NA,NA,NA
Relative,2007–2011,persons,15–24,4,follicular,NA,NA,NA
Relative,2007–2011,persons,25–34,4,follicular,0.971,0.907,0.993
Relative,2007–2011,persons,35–44,4,follicular,0.966,0.941,0.981
Relative,2007–2011,persons,45–54,4,follicular,0.948,0.93,0.962
Relative,2007–2011,persons,55–64,4,follicular,0.929,0.911,0.943
Relative,2007–2011,persons,65–74,4,follicular,0.913,0.889,0.934
Relative,2007–2011,persons,75–84,4,follicular,0.798,0.754,0.839
Relative,2007–2011,persons,85+,4,follicular,0.683,0.55,0.815
Relative,2007–2011,persons,5–14,5,follicular,NA,NA,NA
Relative,2007–2011,persons,15–24,5,follicular,NA,NA,NA
Relative,2007–2011,persons,25–34,5,follicular,0.962,0.895,0.9880000000000002
Relative,2007–2011,persons,35–44,5,follicular,0.957,0.931,0.974
Relative,2007–2011,persons,45–54,5,follicular,0.941,0.921,0.956
Relative,2007–2011,persons,55–64,5,follicular,0.915,0.896,0.932
Relative,2007–2011,persons,65–74,5,follicular,0.893,0.866,0.917
Relative,2007–2011,persons,75–84,5,follicular,0.75,0.7,0.797
Relative,2007–2011,persons,85+,5,follicular,0.659,0.504,0.819
Relative,2007–2021,females,5–14,1,follicular,NA,NA,NA
Relative,2007–2021,females,15–24,1,follicular,NA,NA,NA
Relative,2007–2021,females,25–34,1,follicular,1,0.973,1
Relative,2007–2021,females,35–44,1,follicular,0.999,0.9870000000000002,1.001
Relative,2007–2021,females,45–54,1,follicular,0.993,0.9870000000000002,0.997
Relative,2007–2021,females,55–64,1,follicular,0.9910000000000002,0.9850000000000002,0.995
Relative,2007–2021,females,65–74,1,follicular,0.9850000000000002,0.978,0.9910000000000002
Relative,2007–2021,females,75–84,1,follicular,0.951,0.935,0.964
Relative,2007–2021,females,85+,1,follicular,0.87,0.822,0.911
Relative,2007–2021,females,5–14,2,follicular,NA,NA,NA
Relative,2007–2021,females,15–24,2,follicular,NA,NA,NA
Relative,2007–2021,females,25–34,2,follicular,1.001,0.973,1.001
Relative,2007–2021,females,35–44,2,follicular,0.994,0.981,0.999
Relative,2007–2021,females,45–54,2,follicular,0.982,0.973,0.9890000000000002
Relative,2007–2021,females,55–64,2,follicular,0.981,0.973,0.9870000000000002
Relative,2007–2021,females,65–74,2,follicular,0.971,0.961,0.98
Relative,2007–2021,females,75–84,2,follicular,0.926,0.906,0.944
Relative,2007–2021,females,85+,2,follicular,0.784,0.723,0.841
Relative,2007–2021,females,5–14,3,follicular,NA,NA,NA
Relative,2007–2021,females,15–24,3,follicular,NA,NA,NA
Relative,2007–2021,females,25–34,3,follicular,1.001,0.973,1.001
Relative,2007–2021,females,35–44,3,follicular,0.9910000000000002,0.977,0.997
Relative,2007–2021,females,45–54,3,follicular,0.972,0.961,0.981
Relative,2007–2021,females,55–64,3,follicular,0.972,0.962,0.98
Relative,2007–2021,females,65–74,3,follicular,0.948,0.934,0.959
Relative,2007–2021,females,75–84,3,follicular,0.903,0.878,0.925
Relative,2007–2021,females,85+,3,follicular,0.726,0.654,0.795
Relative,2007–2021,females,5–14,4,follicular,NA,NA,NA
Relative,2007–2021,females,15–24,4,follicular,NA,NA,NA
Relative,2007–2021,females,25–34,4,follicular,0.9920000000000002,0.937,1
Relative,2007–2021,females,35–44,4,follicular,0.9860000000000002,0.97,0.995
Relative,2007–2021,females,45–54,4,follicular,0.964,0.951,0.974
Relative,2007–2021,females,55–64,4,follicular,0.962,0.951,0.971
Relative,2007–2021,females,65–74,4,follicular,0.932,0.916,0.945
Relative,2007–2021,females,75–84,4,follicular,0.87,0.841,0.897
Relative,2007–2021,females,85+,4,follicular,0.708,0.626,0.789
Relative,2007–2021,females,5–14,5,follicular,NA,NA,NA
Relative,2007–2021,females,15–24,5,follicular,NA,NA,NA
Relative,2007–2021,females,25–34,5,follicular,0.9840000000000002,0.929,0.998
Relative,2007–2021,females,35–44,5,follicular,0.982,0.964,0.9920000000000002
Relative,2007–2021,females,45–54,5,follicular,0.958,0.944,0.969
Relative,2007–2021,females,55–64,5,follicular,0.951,0.939,0.962
Relative,2007–2021,females,65–74,5,follicular,0.928,0.911,0.943
Relative,2007–2021,females,75–84,5,follicular,0.828,0.795,0.859
Relative,2007–2021,females,85+,5,follicular,0.697,0.603,0.792
Relative,2007–2021,males,5–14,1,follicular,NA,NA,NA
Relative,2007–2021,males,15–24,1,follicular,1.001,0.93,1.001
Relative,2007–2021,males,25–34,1,follicular,0.995,0.961,1
Relative,2007–2021,males,35–44,1,follicular,0.9890000000000002,0.977,0.995
Relative,2007–2021,males,45–54,1,follicular,0.993,0.9860000000000002,0.997
Relative,2007–2021,males,55–64,1,follicular,0.9880000000000002,0.981,0.9920000000000002
Relative,2007–2021,males,65–74,1,follicular,0.98,0.972,0.9870000000000002
Relative,2007–2021,males,75–84,1,follicular,0.943,0.926,0.958
Relative,2007–2021,males,85+,1,follicular,0.889,0.835,0.935
Relative,2007–2021,males,5–14,2,follicular,NA,NA,NA
Relative,2007–2021,males,15–24,2,follicular,0.979,0.856,0.998
Relative,2007–2021,males,25–34,2,follicular,0.996,0.962,1.001
Relative,2007–2021,males,35–44,2,follicular,0.983,0.968,0.9910000000000002
Relative,2007–2021,males,45–54,2,follicular,0.9850000000000002,0.976,0.9910000000000002
Relative,2007–2021,males,55–64,2,follicular,0.969,0.96,0.976
Relative,2007–2021,males,65–74,2,follicular,0.963,0.952,0.972
Relative,2007–2021,males,75–84,2,follicular,0.917,0.895,0.937
Relative,2007–2021,males,85+,2,follicular,0.875,0.806,0.937
Relative,2007–2021,males,5–14,3,follicular,NA,NA,NA
Relative,2007–2021,males,15–24,3,follicular,0.958,0.836,0.9910000000000002
Relative,2007–2021,males,25–34,3,follicular,0.997,0.963,1.002
Relative,2007–2021,males,35–44,3,follicular,0.974,0.957,0.9850000000000002
Relative,2007–2021,males,45–54,3,follicular,0.974,0.963,0.983
Relative,2007–2021,males,55–64,3,follicular,0.953,0.942,0.963
Relative,2007–2021,males,65–74,3,follicular,0.945,0.931,0.957
Relative,2007–2021,males,75–84,3,follicular,0.892,0.865,0.917
Relative,2007–2021,males,85+,3,follicular,0.832,0.747,0.912
Relative,2007–2021,males,5–14,4,follicular,NA,NA,NA
Relative,2007–2021,males,15–24,4,follicular,0.958,0.837,0.9910000000000002
Relative,2007–2021,males,25–34,4,follicular,0.9920000000000002,0.959,1.001
Relative,2007–2021,males,35–44,4,follicular,0.971,0.954,0.983
Relative,2007–2021,males,45–54,4,follicular,0.965,0.953,0.975
Relative,2007–2021,males,55–64,4,follicular,0.94,0.928,0.951
Relative,2007–2021,males,65–74,4,follicular,0.929,0.914,0.944
Relative,2007–2021,males,75–84,4,follicular,0.855,0.824,0.885
Relative,2007–2021,males,85+,4,follicular,0.75,0.65,0.848
Relative,2007–2021,males,5–14,5,follicular,NA,NA,NA
Relative,2007–2021,males,15–24,5,follicular,0.959,0.837,0.9920000000000002
Relative,2007–2021,males,25–34,5,follicular,0.9880000000000002,0.954,0.999
Relative,2007–2021,males,35–44,5,follicular,0.964,0.945,0.977
Relative,2007–2021,males,45–54,5,follicular,0.957,0.943,0.968
Relative,2007–2021,males,55–64,5,follicular,0.931,0.917,0.943
Relative,2007–2021,males,65–74,5,follicular,0.913,0.896,0.93
Relative,2007–2021,males,75–84,5,follicular,0.822,0.786,0.857
Relative,2007–2021,males,85+,5,follicular,0.757,0.64,0.876
Relative,2007–2021,persons,5–14,1,follicular,NA,NA,NA
Relative,2007–2021,persons,15–24,1,follicular,1,0.952,1
Relative,2007–2021,persons,25–34,1,follicular,0.997,0.976,1
Relative,2007–2021,persons,35–44,1,follicular,0.993,0.9860000000000002,0.997
Relative,2007–2021,persons,45–54,1,follicular,0.993,0.9890000000000002,0.996
Relative,2007–2021,persons,55–64,1,follicular,0.9890000000000002,0.9850000000000002,0.993
Relative,2007–2021,persons,65–74,1,follicular,0.983,0.977,0.9870000000000002
Relative,2007–2021,persons,75–84,1,follicular,0.947,0.935,0.957
Relative,2007–2021,persons,85+,1,follicular,0.879,0.843,0.91
Relative,2007–2021,persons,5–14,2,follicular,NA,NA,NA
Relative,2007–2021,persons,15–24,2,follicular,0.9860000000000002,0.898,0.999
Relative,2007–2021,persons,25–34,2,follicular,0.998,0.977,1.001
Relative,2007–2021,persons,35–44,2,follicular,0.9880000000000002,0.979,0.993
Relative,2007–2021,persons,45–54,2,follicular,0.9840000000000002,0.977,0.9880000000000002
Relative,2007–2021,persons,55–64,2,follicular,0.975,0.969,0.98
Relative,2007–2021,persons,65–74,2,follicular,0.967,0.959,0.973
Relative,2007–2021,persons,75–84,2,follicular,0.921,0.906,0.935
Relative,2007–2021,persons,85+,2,follicular,0.825,0.78,0.868
Relative,2007–2021,persons,5–14,3,follicular,NA,NA,NA
Relative,2007–2021,persons,15–24,3,follicular,0.971,0.886,0.994
Relative,2007–2021,persons,25–34,3,follicular,0.999,0.977,1.002
Relative,2007–2021,persons,35–44,3,follicular,0.981,0.971,0.9880000000000002
Relative,2007–2021,persons,45–54,3,follicular,0.973,0.966,0.98
Relative,2007–2021,persons,55–64,3,follicular,0.962,0.955,0.968
Relative,2007–2021,persons,65–74,3,follicular,0.946,0.937,0.955
Relative,2007–2021,persons,75–84,3,follicular,0.897,0.879,0.914
Relative,2007–2021,persons,85+,3,follicular,0.774,0.719,0.826
Relative,2007–2021,persons,5–14,4,follicular,NA,NA,NA
Relative,2007–2021,persons,15–24,4,follicular,0.972,0.886,0.994
Relative,2007–2021,persons,25–34,4,follicular,0.9920000000000002,0.971,1
Relative,2007–2021,persons,35–44,4,follicular,0.978,0.967,0.9860000000000002
Relative,2007–2021,persons,45–54,4,follicular,0.965,0.956,0.972
Relative,2007–2021,persons,55–64,4,follicular,0.95,0.942,0.958
Relative,2007–2021,persons,65–74,4,follicular,0.93,0.92,0.94
Relative,2007–2021,persons,75–84,4,follicular,0.863,0.841,0.883
Relative,2007–2021,persons,85+,4,follicular,0.728,0.665,0.791
Relative,2007–2021,persons,5–14,5,follicular,NA,NA,NA
Relative,2007–2021,persons,15–24,5,follicular,0.972,0.887,0.995
Relative,2007–2021,persons,25–34,5,follicular,0.9860000000000002,0.963,0.997
Relative,2007–2021,persons,35–44,5,follicular,0.972,0.959,0.981
Relative,2007–2021,persons,45–54,5,follicular,0.957,0.948,0.965
Relative,2007–2021,persons,55–64,5,follicular,0.94,0.931,0.949
Relative,2007–2021,persons,65–74,5,follicular,0.92,0.908,0.931
Relative,2007–2021,persons,75–84,5,follicular,0.825,0.8,0.848
Relative,2007–2021,persons,85+,5,follicular,0.724,0.65,0.799
Relative,2012–2016,females,5–14,1,follicular,NA,NA,NA
Relative,2012–2016,females,15–24,1,follicular,NA,NA,NA
Relative,2012–2016,females,25–34,1,follicular,1,0.921,1
Relative,2012–2016,females,35–44,1,follicular,1.001,0.9840000000000002,1.001
Relative,2012–2016,females,45–54,1,follicular,0.9910000000000002,0.976,0.997
Relative,2012–2016,females,55–64,1,follicular,0.9910000000000002,0.979,0.997
Relative,2012–2016,females,65–74,1,follicular,0.9920000000000002,0.979,1
Relative,2012–2016,females,75–84,1,follicular,0.948,0.916,0.972
Relative,2012–2016,females,85+,1,follicular,0.837,0.741,0.912
Relative,2012–2016,females,5–14,2,follicular,NA,NA,NA
Relative,2012–2016,females,15–24,2,follicular,NA,NA,NA
Relative,2012–2016,females,25–34,2,follicular,1.001,0.922,1.001
Relative,2012–2016,females,35–44,2,follicular,0.996,0.962,1.001
Relative,2012–2016,females,45–54,2,follicular,0.975,0.955,0.9870000000000002
Relative,2012–2016,females,55–64,2,follicular,0.9860000000000002,0.972,0.995
Relative,2012–2016,females,65–74,2,follicular,0.9840000000000002,0.966,0.996
Relative,2012–2016,females,75–84,2,follicular,0.918,0.877,0.951
Relative,2012–2016,females,85+,2,follicular,0.758,0.643,0.858
Relative,2012–2016,females,5–14,3,follicular,NA,NA,NA
Relative,2012–2016,females,15–24,3,follicular,NA,NA,NA
Relative,2012–2016,females,25–34,3,follicular,1.001,0.924,1.001
Relative,2012–2016,females,35–44,3,follicular,0.9910000000000002,0.958,1
Relative,2012–2016,females,45–54,3,follicular,0.966,0.944,0.981
Relative,2012–2016,females,55–64,3,follicular,0.979,0.962,0.99
Relative,2012–2016,females,65–74,3,follicular,0.947,0.922,0.967
Relative,2012–2016,females,75–84,3,follicular,0.884,0.835,0.925
Relative,2012–2016,females,85+,3,follicular,0.683,0.553,0.805
Relative,2012–2016,females,5–14,4,follicular,NA,NA,NA
Relative,2012–2016,females,15–24,4,follicular,NA,NA,NA
Relative,2012–2016,females,25–34,4,follicular,1.002,0.923,1.002
Relative,2012–2016,females,35–44,4,follicular,0.9920000000000002,0.959,1.001
Relative,2012–2016,females,45–54,4,follicular,0.955,0.93,0.973
Relative,2012–2016,females,55–64,4,follicular,0.976,0.958,0.9890000000000002
Relative,2012–2016,females,65–74,4,follicular,0.945,0.918,0.967
Relative,2012–2016,females,75–84,4,follicular,0.852,0.797,0.9
Relative,2012–2016,females,85+,4,follicular,0.709,0.562,0.851
Relative,2012–2016,females,5–14,5,follicular,NA,NA,NA
Relative,2012–2016,females,15–24,5,follicular,NA,NA,NA
Relative,2012–2016,females,25–34,5,follicular,1.002,0.923,1.002
Relative,2012–2016,females,35–44,5,follicular,0.982,0.946,0.996
Relative,2012–2016,females,45–54,5,follicular,0.951,0.925,0.97
Relative,2012–2016,females,55–64,5,follicular,0.963,0.942,0.979
Relative,2012–2016,females,65–74,5,follicular,0.936,0.905,0.961
Relative,2012–2016,females,75–84,5,follicular,0.814,0.752,0.869
Relative,2012–2016,females,85+,5,follicular,0.653,0.495,0.814
Relative,2012–2016,males,5–14,1,follicular,NA,NA,NA
Relative,2012–2016,males,15–24,1,follicular,NA,NA,NA
Relative,2012–2016,males,25–34,1,follicular,1.001,0.946,1.001
Relative,2012–2016,males,35–44,1,follicular,0.993,0.967,0.999
Relative,2012–2016,males,45–54,1,follicular,0.993,0.978,0.999
Relative,2012–2016,males,55–64,1,follicular,0.981,0.967,0.99
Relative,2012–2016,males,65–74,1,follicular,0.976,0.96,0.9870000000000002
Relative,2012–2016,males,75–84,1,follicular,0.944,0.911,0.969
Relative,2012–2016,males,85+,1,follicular,0.864,0.769,0.939
Relative,2012–2016,males,5–14,2,follicular,NA,NA,NA
Relative,2012–2016,males,15–24,2,follicular,NA,NA,NA
Relative,2012–2016,males,25–34,2,follicular,1.002,0.95,1.002
Relative,2012–2016,males,35–44,2,follicular,0.99,0.964,0.999
Relative,2012–2016,males,45–54,2,follicular,0.9860000000000002,0.968,0.995
Relative,2012–2016,males,55–64,2,follicular,0.974,0.958,0.9860000000000002
Relative,2012–2016,males,65–74,2,follicular,0.958,0.937,0.974
Relative,2012–2016,males,75–84,2,follicular,0.919,0.877,0.953
Relative,2012–2016,males,85+,2,follicular,0.821,0.699,0.925
Relative,2012–2016,males,5–14,3,follicular,NA,NA,NA
Relative,2012–2016,males,15–24,3,follicular,NA,NA,NA
Relative,2012–2016,males,25–34,3,follicular,1.003,0.955,1.003
Relative,2012–2016,males,35–44,3,follicular,0.979,0.949,0.993
Relative,2012–2016,males,45–54,3,follicular,0.974,0.953,0.9870000000000002
Relative,2012–2016,males,55–64,3,follicular,0.964,0.944,0.978
Relative,2012–2016,males,65–74,3,follicular,0.932,0.906,0.953
Relative,2012–2016,males,75–84,3,follicular,0.911,0.862,0.953
Relative,2012–2016,males,85+,3,follicular,0.777,0.632,0.912
Relative,2012–2016,males,5–14,4,follicular,NA,NA,NA
Relative,2012–2016,males,15–24,4,follicular,NA,NA,NA
Relative,2012–2016,males,25–34,4,follicular,1.004,0.958,1.004
Relative,2012–2016,males,35–44,4,follicular,0.973,0.94,0.9890000000000002
Relative,2012–2016,males,45–54,4,follicular,0.967,0.943,0.983
Relative,2012–2016,males,55–64,4,follicular,0.946,0.924,0.964
Relative,2012–2016,males,65–74,4,follicular,0.919,0.89,0.944
Relative,2012–2016,males,75–84,4,follicular,0.891,0.835,0.942
Relative,2012–2016,males,85+,4,follicular,0.706,0.539,0.872
Relative,2012–2016,males,5–14,5,follicular,NA,NA,NA
Relative,2012–2016,males,15–24,5,follicular,NA,NA,NA
Relative,2012–2016,males,25–34,5,follicular,0.99,0.905,1.003
Relative,2012–2016,males,35–44,5,follicular,0.966,0.931,0.9850000000000002
Relative,2012–2016,males,45–54,5,follicular,0.96,0.935,0.978
Relative,2012–2016,males,55–64,5,follicular,0.938,0.913,0.957
Relative,2012–2016,males,65–74,5,follicular,0.899,0.866,0.928
Relative,2012–2016,males,75–84,5,follicular,0.858,0.793,0.918
Relative,2012–2016,males,85+,5,follicular,0.812,0.611,1.015
Relative,2012–2016,persons,5–14,1,follicular,NA,NA,NA
Relative,2012–2016,persons,15–24,1,follicular,1,0.871,1
Relative,2012–2016,persons,25–34,1,follicular,1.001,0.968,1.001
Relative,2012–2016,persons,35–44,1,follicular,0.996,0.982,1
Relative,2012–2016,persons,45–54,1,follicular,0.9920000000000002,0.983,0.997
Relative,2012–2016,persons,55–64,1,follicular,0.9860000000000002,0.977,0.9920000000000002
Relative,2012–2016,persons,65–74,1,follicular,0.983,0.973,0.9910000000000002
Relative,2012–2016,persons,75–84,1,follicular,0.946,0.924,0.964
Relative,2012–2016,persons,85+,1,follicular,0.851,0.785,0.906
Relative,2012–2016,persons,5–14,2,follicular,NA,NA,NA
Relative,2012–2016,persons,15–24,2,follicular,NA,NA,NA
Relative,2012–2016,persons,25–34,2,follicular,1.001,0.97,1.001
Relative,2012–2016,persons,35–44,2,follicular,0.993,0.977,0.999
Relative,2012–2016,persons,45–54,2,follicular,0.981,0.968,0.9890000000000002
Relative,2012–2016,persons,55–64,2,follicular,0.98,0.969,0.9880000000000002
Relative,2012–2016,persons,65–74,2,follicular,0.969,0.956,0.98
Relative,2012–2016,persons,75–84,2,follicular,0.918,0.89,0.943
Relative,2012–2016,persons,85+,2,follicular,0.788,0.706,0.862
Relative,2012–2016,persons,5–14,3,follicular,NA,NA,NA
Relative,2012–2016,persons,15–24,3,follicular,NA,NA,NA
Relative,2012–2016,persons,25–34,3,follicular,1.002,0.972,1.002
Relative,2012–2016,persons,35–44,3,follicular,0.9840000000000002,0.965,0.994
Relative,2012–2016,persons,45–54,3,follicular,0.97,0.956,0.981
Relative,2012–2016,persons,55–64,3,follicular,0.971,0.958,0.981
Relative,2012–2016,persons,65–74,3,follicular,0.939,0.921,0.954
Relative,2012–2016,persons,75–84,3,follicular,0.898,0.864,0.928
Relative,2012–2016,persons,85+,3,follicular,0.727,0.631,0.819
Relative,2012–2016,persons,5–14,4,follicular,NA,NA,NA
Relative,2012–2016,persons,15–24,4,follicular,NA,NA,NA
Relative,2012–2016,persons,25–34,4,follicular,1.003,0.974,1.003
Relative,2012–2016,persons,35–44,4,follicular,0.981,0.961,0.9920000000000002
Relative,2012–2016,persons,45–54,4,follicular,0.961,0.945,0.974
Relative,2012–2016,persons,55–64,4,follicular,0.96,0.946,0.972
Relative,2012–2016,persons,65–74,4,follicular,0.931,0.911,0.948
Relative,2012–2016,persons,75–84,4,follicular,0.872,0.833,0.907
Relative,2012–2016,persons,85+,4,follicular,0.712,0.601,0.821
Relative,2012–2016,persons,5–14,5,follicular,NA,NA,NA
Relative,2012–2016,persons,15–24,5,follicular,NA,NA,NA
Relative,2012–2016,persons,25–34,5,follicular,0.994,0.937,1.002
Relative,2012–2016,persons,35–44,5,follicular,0.973,0.95,0.9870000000000002
Relative,2012–2016,persons,45–54,5,follicular,0.956,0.939,0.969
Relative,2012–2016,persons,55–64,5,follicular,0.949,0.934,0.963
Relative,2012–2016,persons,65–74,5,follicular,0.916,0.894,0.936
Relative,2012–2016,persons,75–84,5,follicular,0.836,0.792,0.877
Relative,2012–2016,persons,85+,5,follicular,0.718,0.592,0.845
Relative,2017–2021,females,5–14,1,follicular,NA,NA,NA
Relative,2017–2021,females,15–24,1,follicular,NA,NA,NA
Relative,2017–2021,females,25–34,1,follicular,1,0.924,1
Relative,2017–2021,females,35–44,1,follicular,1.001,0.98,1.001
Relative,2017–2021,females,45–54,1,follicular,0.997,0.983,1.001
Relative,2017–2021,females,55–64,1,follicular,0.996,0.9860000000000002,1
Relative,2017–2021,females,65–74,1,follicular,0.9850000000000002,0.973,0.993
Relative,2017–2021,females,75–84,1,follicular,0.982,0.961,0.996
Relative,2017–2021,females,85+,1,follicular,0.912,0.84,0.965
Relative,2017–2021,females,5–14,2,follicular,NA,NA,NA
Relative,2017–2021,females,15–24,2,follicular,NA,NA,NA
Relative,2017–2021,females,25–34,2,follicular,1.001,0.921,1.001
Relative,2017–2021,females,35–44,2,follicular,1.002,0.981,1.002
Relative,2017–2021,females,45–54,2,follicular,0.994,0.979,1
Relative,2017–2021,females,55–64,2,follicular,0.9840000000000002,0.969,0.993
Relative,2017–2021,females,65–74,2,follicular,0.967,0.95,0.98
Relative,2017–2021,females,75–84,2,follicular,0.966,0.938,0.9890000000000002
Relative,2017–2021,females,85+,2,follicular,0.812,0.716,0.894
Relative,2017–2021,females,5–14,3,follicular,NA,NA,NA
Relative,2017–2021,females,15–24,3,follicular,NA,NA,NA
Relative,2017–2021,females,25–34,3,follicular,1.001,0.919,1.001
Relative,2017–2021,females,35–44,3,follicular,0.996,0.957,1.002
Relative,2017–2021,females,45–54,3,follicular,0.9870000000000002,0.968,0.996
Relative,2017–2021,females,55–64,3,follicular,0.978,0.962,0.9890000000000002
Relative,2017–2021,females,65–74,3,follicular,0.956,0.936,0.972
Relative,2017–2021,females,75–84,3,follicular,0.945,0.909,0.975
Relative,2017–2021,females,85+,3,follicular,0.773,0.662,0.875
Relative,2017–2021,females,5–14,4,follicular,NA,NA,NA
Relative,2017–2021,females,15–24,4,follicular,NA,NA,NA
Relative,2017–2021,females,25–34,4,follicular,1.002,0.919,1.002
Relative,2017–2021,females,35–44,4,follicular,0.9910000000000002,0.953,1.001
Relative,2017–2021,females,45–54,4,follicular,0.982,0.962,0.994
Relative,2017–2021,females,55–64,4,follicular,0.971,0.953,0.9850000000000002
Relative,2017–2021,females,65–74,4,follicular,0.94,0.917,0.959
Relative,2017–2021,females,75–84,4,follicular,0.93,0.887,0.967
Relative,2017–2021,females,85+,4,follicular,0.755,0.628,0.876
Relative,2017–2021,females,5–14,5,follicular,NA,NA,NA
Relative,2017–2021,females,15–24,5,follicular,NA,NA,NA
Relative,2017–2021,females,25–34,5,follicular,1.002,0.922,1.002
Relative,2017–2021,females,35–44,5,follicular,0.9920000000000002,0.955,1.002
Relative,2017–2021,females,45–54,5,follicular,0.978,0.956,0.9910000000000002
Relative,2017–2021,females,55–64,5,follicular,0.965,0.945,0.98
Relative,2017–2021,females,65–74,5,follicular,0.946,0.923,0.966
Relative,2017–2021,females,75–84,5,follicular,0.896,0.845,0.941
Relative,2017–2021,females,85+,5,follicular,0.776,0.627,0.922
Relative,2017–2021,males,5–14,1,follicular,NA,NA,NA
Relative,2017–2021,males,15–24,1,follicular,NA,NA,NA
Relative,2017–2021,males,25–34,1,follicular,1.001,0.951,1.001
Relative,2017–2021,males,35–44,1,follicular,0.9860000000000002,0.953,0.996
Relative,2017–2021,males,45–54,1,follicular,0.997,0.9850000000000002,1.001
Relative,2017–2021,males,55–64,1,follicular,0.9920000000000002,0.982,0.998
Relative,2017–2021,males,65–74,1,follicular,0.9860000000000002,0.975,0.995
Relative,2017–2021,males,75–84,1,follicular,0.957,0.933,0.976
Relative,2017–2021,males,85+,1,follicular,0.946,0.865,1.005
Relative,2017–2021,males,5–14,2,follicular,NA,NA,NA
Relative,2017–2021,males,15–24,2,follicular,NA,NA,NA
Relative,2017–2021,males,25–34,2,follicular,1.002,0.95,1.002
Relative,2017–2021,males,35–44,2,follicular,0.9870000000000002,0.955,0.998
Relative,2017–2021,males,45–54,2,follicular,0.996,0.983,1.002
Relative,2017–2021,males,55–64,2,follicular,0.976,0.961,0.9860000000000002
Relative,2017–2021,males,65–74,2,follicular,0.968,0.951,0.981
Relative,2017–2021,males,75–84,2,follicular,0.937,0.905,0.964
Relative,2017–2021,males,85+,2,follicular,0.932,0.826,1.018
Relative,2017–2021,males,5–14,3,follicular,NA,NA,NA
Relative,2017–2021,males,15–24,3,follicular,NA,NA,NA
Relative,2017–2021,males,25–34,3,follicular,1.003,0.949,1.003
Relative,2017–2021,males,35–44,3,follicular,0.9890000000000002,0.957,0.999
Relative,2017–2021,males,45–54,3,follicular,0.9920000000000002,0.975,1
Relative,2017–2021,males,55–64,3,follicular,0.958,0.939,0.972
Relative,2017–2021,males,65–74,3,follicular,0.958,0.938,0.974
Relative,2017–2021,males,75–84,3,follicular,0.902,0.862,0.938
Relative,2017–2021,males,85+,3,follicular,0.873,0.743,0.9910000000000002
Relative,2017–2021,males,5–14,4,follicular,NA,NA,NA
Relative,2017–2021,males,15–24,4,follicular,NA,NA,NA
Relative,2017–2021,males,25–34,4,follicular,1.004,0.948,1.004
Relative,2017–2021,males,35–44,4,follicular,0.9860000000000002,0.952,0.999
Relative,2017–2021,males,45–54,4,follicular,0.9850000000000002,0.966,0.997
Relative,2017–2021,males,55–64,4,follicular,0.95,0.929,0.966
Relative,2017–2021,males,65–74,4,follicular,0.939,0.916,0.959
Relative,2017–2021,males,75–84,4,follicular,0.868,0.82,0.911
Relative,2017–2021,males,85+,4,follicular,0.776,0.629,0.919
Relative,2017–2021,males,5–14,5,follicular,NA,NA,NA
Relative,2017–2021,males,15–24,5,follicular,NA,NA,NA
Relative,2017–2021,males,25–34,5,follicular,1.005,0.949,1.005
Relative,2017–2021,males,35–44,5,follicular,0.983,0.949,0.998
Relative,2017–2021,males,45–54,5,follicular,0.971,0.948,0.9860000000000002
Relative,2017–2021,males,55–64,5,follicular,0.943,0.921,0.961
Relative,2017–2021,males,65–74,5,follicular,0.932,0.906,0.955
Relative,2017–2021,males,75–84,5,follicular,0.837,0.782,0.888
Relative,2017–2021,males,85+,5,follicular,0.751,0.583,0.922
Relative,2017–2021,persons,5–14,1,follicular,NA,NA,NA
Relative,2017–2021,persons,15–24,1,follicular,NA,NA,NA
Relative,2017–2021,persons,25–34,1,follicular,1.001,0.97,1.001
Relative,2017–2021,persons,35–44,1,follicular,0.9920000000000002,0.974,0.998
Relative,2017–2021,persons,45–54,1,follicular,0.997,0.99,1
Relative,2017–2021,persons,55–64,1,follicular,0.994,0.9870000000000002,0.998
Relative,2017–2021,persons,65–74,1,follicular,0.9860000000000002,0.978,0.9920000000000002
Relative,2017–2021,persons,75–84,1,follicular,0.969,0.953,0.982
Relative,2017–2021,persons,85+,1,follicular,0.928,0.876,0.969
Relative,2017–2021,persons,5–14,2,follicular,NA,NA,NA
Relative,2017–2021,persons,15–24,2,follicular,NA,NA,NA
Relative,2017–2021,persons,25–34,2,follicular,1.001,0.969,1.001
Relative,2017–2021,persons,35–44,2,follicular,0.993,0.975,1
Relative,2017–2021,persons,45–54,2,follicular,0.995,0.9870000000000002,1
Relative,2017–2021,persons,55–64,2,follicular,0.979,0.97,0.9870000000000002
Relative,2017–2021,persons,65–74,2,follicular,0.968,0.956,0.977
Relative,2017–2021,persons,75–84,2,follicular,0.951,0.93,0.969
Relative,2017–2021,persons,85+,2,follicular,0.868,0.798,0.929
Relative,2017–2021,persons,5–14,3,follicular,NA,NA,NA
Relative,2017–2021,persons,15–24,3,follicular,NA,NA,NA
Relative,2017–2021,persons,25–34,3,follicular,1.002,0.969,1.002
Relative,2017–2021,persons,35–44,3,follicular,0.9920000000000002,0.973,0.999
Relative,2017–2021,persons,45–54,3,follicular,0.99,0.979,0.996
Relative,2017–2021,persons,55–64,3,follicular,0.967,0.955,0.977
Relative,2017–2021,persons,65–74,3,follicular,0.957,0.943,0.969
Relative,2017–2021,persons,75–84,3,follicular,0.923,0.896,0.946
Relative,2017–2021,persons,85+,3,follicular,0.82,0.736,0.899
Relative,2017–2021,persons,5–14,4,follicular,NA,NA,NA
Relative,2017–2021,persons,15–24,4,follicular,NA,NA,NA
Relative,2017–2021,persons,25–34,4,follicular,1.003,0.969,1.003
Relative,2017–2021,persons,35–44,4,follicular,0.9880000000000002,0.967,0.997
Relative,2017–2021,persons,45–54,4,follicular,0.9840000000000002,0.971,0.993
Relative,2017–2021,persons,55–64,4,follicular,0.959,0.946,0.971
Relative,2017–2021,persons,65–74,4,follicular,0.939,0.923,0.954
Relative,2017–2021,persons,75–84,4,follicular,0.897,0.865,0.926
Relative,2017–2021,persons,85+,4,follicular,0.766,0.669,0.86
Relative,2017–2021,persons,5–14,5,follicular,NA,NA,NA
Relative,2017–2021,persons,15–24,5,follicular,NA,NA,NA
Relative,2017–2021,persons,25–34,5,follicular,1.004,0.97,1.004
Relative,2017–2021,persons,35–44,5,follicular,0.9870000000000002,0.965,0.997
Relative,2017–2021,persons,45–54,5,follicular,0.974,0.96,0.9850000000000002
Relative,2017–2021,persons,55–64,5,follicular,0.953,0.938,0.965
Relative,2017–2021,persons,65–74,5,follicular,0.939,0.922,0.955
Relative,2017–2021,persons,75–84,5,follicular,0.865,0.828,0.899
Relative,2017–2021,persons,85+,5,follicular,0.764,0.651,0.877
Observed,2007–2011,females,5–14,1,mantle_cell,NA,NA,NA
Observed,2007–2011,females,15–24,1,mantle_cell,NA,NA,NA
Observed,2007–2011,females,25–34,1,mantle_cell,NA,NA,NA
Observed,2007–2011,females,35–44,1,mantle_cell,NA,NA,NA
Observed,2007–2011,females,45–54,1,mantle_cell,0.89,0.697,0.963
Observed,2007–2011,females,55–64,1,mantle_cell,0.958,0.841,0.9890000000000002
Observed,2007–2011,females,65–74,1,mantle_cell,0.835,0.722,0.905
Observed,2007–2011,females,75–84,1,mantle_cell,0.752,0.646,0.83
Observed,2007–2011,females,85+,1,mantle_cell,NA,NA,NA
Observed,2007–2011,females,5–14,2,mantle_cell,NA,NA,NA
Observed,2007–2011,females,15–24,2,mantle_cell,NA,NA,NA
Observed,2007–2011,females,25–34,2,mantle_cell,NA,NA,NA
Observed,2007–2011,females,35–44,2,mantle_cell,NA,NA,NA
Observed,2007–2011,females,45–54,2,mantle_cell,0.848,0.644,0.94
Observed,2007–2011,females,55–64,2,mantle_cell,0.846,0.705,0.924
Observed,2007–2011,females,65–74,2,mantle_cell,0.775,0.654,0.857
Observed,2007–2011,females,75–84,2,mantle_cell,0.652,0.539,0.743
Observed,2007–2011,females,85+,2,mantle_cell,NA,NA,NA
Observed,2007–2011,females,5–14,3,mantle_cell,NA,NA,NA
Observed,2007–2011,females,15–24,3,mantle_cell,NA,NA,NA
Observed,2007–2011,females,25–34,3,mantle_cell,NA,NA,NA
Observed,2007–2011,females,35–44,3,mantle_cell,NA,NA,NA
Observed,2007–2011,females,45–54,3,mantle_cell,NA,NA,NA
Observed,2007–2011,females,55–64,3,mantle_cell,0.846,0.705,0.924
Observed,2007–2011,females,65–74,3,mantle_cell,0.708,0.581,0.803
Observed,2007–2011,females,75–84,3,mantle_cell,0.476,0.362,0.581
Observed,2007–2011,females,85+,3,mantle_cell,NA,NA,NA
Observed,2007–2011,females,5–14,4,mantle_cell,NA,NA,NA
Observed,2007–2011,females,15–24,4,mantle_cell,NA,NA,NA
Observed,2007–2011,females,25–34,4,mantle_cell,NA,NA,NA
Observed,2007–2011,females,35–44,4,mantle_cell,NA,NA,NA
Observed,2007–2011,females,45–54,4,mantle_cell,NA,NA,NA
Observed,2007–2011,females,55–64,4,mantle_cell,0.846,0.705,0.924
Observed,2007–2011,females,65–74,4,mantle_cell,0.635,0.502,0.742
Observed,2007–2011,females,75–84,4,mantle_cell,0.397,0.286,0.506
Observed,2007–2011,females,85+,4,mantle_cell,NA,NA,NA
Observed,2007–2011,females,5–14,5,mantle_cell,NA,NA,NA
Observed,2007–2011,females,15–24,5,mantle_cell,NA,NA,NA
Observed,2007–2011,females,25–34,5,mantle_cell,NA,NA,NA
Observed,2007–2011,females,35–44,5,mantle_cell,NA,NA,NA
Observed,2007–2011,females,45–54,5,mantle_cell,NA,NA,NA
Observed,2007–2011,females,55–64,5,mantle_cell,0.739,0.576,0.847
Observed,2007–2011,females,65–74,5,mantle_cell,0.576,0.44,0.69
Observed,2007–2011,females,75–84,5,mantle_cell,0.362,0.252,0.473
Observed,2007–2011,females,85+,5,mantle_cell,NA,NA,NA
Observed,2007–2011,males,5–14,1,mantle_cell,NA,NA,NA
Observed,2007–2011,males,15–24,1,mantle_cell,NA,NA,NA
Observed,2007–2011,males,25–34,1,mantle_cell,NA,NA,NA
Observed,2007–2011,males,35–44,1,mantle_cell,NA,NA,NA
Observed,2007–2011,males,45–54,1,mantle_cell,0.977,0.911,0.994
Observed,2007–2011,males,55–64,1,mantle_cell,0.935,0.882,0.964
Observed,2007–2011,males,65–74,1,mantle_cell,0.879,0.828,0.915
Observed,2007–2011,males,75–84,1,mantle_cell,0.758,0.69,0.813
Observed,2007–2011,males,85+,1,mantle_cell,0.544,0.375,0.685
Observed,2007–2011,males,5–14,2,mantle_cell,NA,NA,NA
Observed,2007–2011,males,15–24,2,mantle_cell,NA,NA,NA
Observed,2007–2011,males,25–34,2,mantle_cell,NA,NA,NA
Observed,2007–2011,males,35–44,2,mantle_cell,NA,NA,NA
Observed,2007–2011,males,45–54,2,mantle_cell,0.928,0.847,0.967
Observed,2007–2011,males,55–64,2,mantle_cell,0.826,0.753,0.879
Observed,2007–2011,males,65–74,2,mantle_cell,0.762,0.699,0.814
Observed,2007–2011,males,75–84,2,mantle_cell,0.555,0.48,0.624
Observed,2007–2011,males,85+,2,mantle_cell,NA,NA,NA
Observed,2007–2011,males,5–14,3,mantle_cell,NA,NA,NA
Observed,2007–2011,males,15–24,3,mantle_cell,NA,NA,NA
Observed,2007–2011,males,25–34,3,mantle_cell,NA,NA,NA
Observed,2007–2011,males,35–44,3,mantle_cell,NA,NA,NA
Observed,2007–2011,males,45–54,3,mantle_cell,0.914,0.829,0.958
Observed,2007–2011,males,55–64,3,mantle_cell,0.759,0.679,0.822
Observed,2007–2011,males,65–74,3,mantle_cell,0.657,0.587,0.717
Observed,2007–2011,males,75–84,3,mantle_cell,0.461,0.385,0.533
Observed,2007–2011,males,85+,3,mantle_cell,NA,NA,NA
Observed,2007–2011,males,5–14,4,mantle_cell,NA,NA,NA
Observed,2007–2011,males,15–24,4,mantle_cell,NA,NA,NA
Observed,2007–2011,males,25–34,4,mantle_cell,NA,NA,NA
Observed,2007–2011,males,35–44,4,mantle_cell,NA,NA,NA
Observed,2007–2011,males,45–54,4,mantle_cell,0.872,0.774,0.929
Observed,2007–2011,males,55–64,4,mantle_cell,0.66,0.574,0.733
Observed,2007–2011,males,65–74,4,mantle_cell,0.571,0.498,0.637
Observed,2007–2011,males,75–84,4,mantle_cell,0.374,0.301,0.447
Observed,2007–2011,males,85+,4,mantle_cell,NA,NA,NA
Observed,2007–2011,males,5–14,5,mantle_cell,NA,NA,NA
Observed,2007–2011,males,15–24,5,mantle_cell,NA,NA,NA
Observed,2007–2011,males,25–34,5,mantle_cell,NA,NA,NA
Observed,2007–2011,males,35–44,5,mantle_cell,NA,NA,NA
Observed,2007–2011,males,45–54,5,mantle_cell,0.84,0.734,0.906
Observed,2007–2011,males,55–64,5,mantle_cell,0.606,0.519,0.683
Observed,2007–2011,males,65–74,5,mantle_cell,0.494,0.42,0.564
Observed,2007–2011,males,75–84,5,mantle_cell,0.293,0.223,0.365
Observed,2007–2011,males,85+,5,mantle_cell,NA,NA,NA
Observed,2007–2011,persons,5–14,1,mantle_cell,NA,NA,NA
Observed,2007–2011,persons,15–24,1,mantle_cell,NA,NA,NA
Observed,2007–2011,persons,25–34,1,mantle_cell,NA,NA,NA
Observed,2007–2011,persons,35–44,1,mantle_cell,1,0.877,1
Observed,2007–2011,persons,45–54,1,mantle_cell,0.956,0.898,0.981
Observed,2007–2011,persons,55–64,1,mantle_cell,0.94,0.897,0.965
Observed,2007–2011,persons,65–74,1,mantle_cell,0.869,0.824,0.903
Observed,2007–2011,persons,75–84,1,mantle_cell,0.756,0.7,0.803
Observed,2007–2011,persons,85+,1,mantle_cell,0.546,0.418,0.657
Observed,2007–2011,persons,5–14,2,mantle_cell,NA,NA,NA
Observed,2007–2011,persons,15–24,2,mantle_cell,NA,NA,NA
Observed,2007–2011,persons,25–34,2,mantle_cell,NA,NA,NA
Observed,2007–2011,persons,35–44,2,mantle_cell,0.96,0.746,0.994
Observed,2007–2011,persons,45–54,2,mantle_cell,0.909,0.837,0.95
Observed,2007–2011,persons,55–64,2,mantle_cell,0.831,0.769,0.877
Observed,2007–2011,persons,65–74,2,mantle_cell,0.766,0.712,0.811
Observed,2007–2011,persons,75–84,2,mantle_cell,0.585,0.523,0.642
Observed,2007–2011,persons,85+,2,mantle_cell,0.415,0.297,0.529
Observed,2007–2011,persons,5–14,3,mantle_cell,NA,NA,NA
Observed,2007–2011,persons,15–24,3,mantle_cell,NA,NA,NA
Observed,2007–2011,persons,25–34,3,mantle_cell,NA,NA,NA
Observed,2007–2011,persons,35–44,3,mantle_cell,0.96,0.746,0.994
Observed,2007–2011,persons,45–54,3,mantle_cell,0.888,0.811,0.935
Observed,2007–2011,persons,55–64,3,mantle_cell,0.779,0.712,0.832
Observed,2007–2011,persons,65–74,3,mantle_cell,0.67,0.61,0.722
Observed,2007–2011,persons,75–84,3,mantle_cell,0.465,0.402,0.525
Observed,2007–2011,persons,85+,3,mantle_cell,0.28,0.179,0.39
Observed,2007–2011,persons,5–14,4,mantle_cell,NA,NA,NA
Observed,2007–2011,persons,15–24,4,mantle_cell,NA,NA,NA
Observed,2007–2011,persons,25–34,4,mantle_cell,NA,NA,NA
Observed,2007–2011,persons,35–44,4,mantle_cell,NA,NA,NA
Observed,2007–2011,persons,45–54,4,mantle_cell,0.846,0.761,0.903
Observed,2007–2011,persons,55–64,4,mantle_cell,0.702,0.629,0.763
Observed,2007–2011,persons,65–74,4,mantle_cell,0.587,0.524,0.645
Observed,2007–2011,persons,75–84,4,mantle_cell,0.381,0.32,0.442
Observed,2007–2011,persons,85+,4,mantle_cell,NA,NA,NA
Observed,2007–2011,persons,5–14,5,mantle_cell,NA,NA,NA
Observed,2007–2011,persons,15–24,5,mantle_cell,NA,NA,NA
Observed,2007–2011,persons,25–34,5,mantle_cell,NA,NA,NA
Observed,2007–2011,persons,35–44,5,mantle_cell,NA,NA,NA
Observed,2007–2011,persons,45–54,5,mantle_cell,0.799,0.704,0.866
Observed,2007–2011,persons,55–64,5,mantle_cell,0.636,0.56,0.702
Observed,2007–2011,persons,65–74,5,mantle_cell,0.514,0.45,0.575
Observed,2007–2011,persons,75–84,5,mantle_cell,0.313,0.254,0.374
Observed,2007–2011,persons,85+,5,mantle_cell,NA,NA,NA
Observed,2007–2021,females,5–14,1,mantle_cell,NA,NA,NA
Observed,2007–2021,females,15–24,1,mantle_cell,NA,NA,NA
Observed,2007–2021,females,25–34,1,mantle_cell,NA,NA,NA
Observed,2007–2021,females,35–44,1,mantle_cell,NA,NA,NA
Observed,2007–2021,females,45–54,1,mantle_cell,0.954,0.881,0.982
Observed,2007–2021,females,55–64,1,mantle_cell,0.948,0.905,0.971
Observed,2007–2021,females,65–74,1,mantle_cell,0.891,0.851,0.921
Observed,2007–2021,females,75–84,1,mantle_cell,0.8,0.75,0.842
Observed,2007–2021,females,85+,1,mantle_cell,0.579,0.482,0.664
Observed,2007–2021,females,5–14,2,mantle_cell,NA,NA,NA
Observed,2007–2021,females,15–24,2,mantle_cell,NA,NA,NA
Observed,2007–2021,females,25–34,2,mantle_cell,NA,NA,NA
Observed,2007–2021,females,35–44,2,mantle_cell,NA,NA,NA
Observed,2007–2021,females,45–54,2,mantle_cell,0.929,0.85,0.968
Observed,2007–2021,females,55–64,2,mantle_cell,0.866,0.808,0.907
Observed,2007–2021,females,65–74,2,mantle_cell,0.846,0.8,0.882
Observed,2007–2021,females,75–84,2,mantle_cell,0.682,0.626,0.732
Observed,2007–2021,females,85+,2,mantle_cell,0.477,0.384,0.565
Observed,2007–2021,females,5–14,3,mantle_cell,NA,NA,NA
Observed,2007–2021,females,15–24,3,mantle_cell,NA,NA,NA
Observed,2007–2021,females,25–34,3,mantle_cell,NA,NA,NA
Observed,2007–2021,females,35–44,3,mantle_cell,NA,NA,NA
Observed,2007–2021,females,45–54,3,mantle_cell,0.905,0.819,0.951
Observed,2007–2021,females,55–64,3,mantle_cell,0.82,0.756,0.869
Observed,2007–2021,females,65–74,3,mantle_cell,0.776,0.724,0.82
Observed,2007–2021,females,75–84,3,mantle_cell,0.585,0.526,0.639
Observed,2007–2021,females,85+,3,mantle_cell,0.352,0.264,0.441
Observed,2007–2021,females,5–14,4,mantle_cell,NA,NA,NA
Observed,2007–2021,females,15–24,4,mantle_cell,NA,NA,NA
Observed,2007–2021,females,25–34,4,mantle_cell,NA,NA,NA
Observed,2007–2021,females,35–44,4,mantle_cell,NA,NA,NA
Observed,2007–2021,females,45–54,4,mantle_cell,0.855,0.758,0.915
Observed,2007–2021,females,55–64,4,mantle_cell,0.79,0.723,0.843
Observed,2007–2021,females,65–74,4,mantle_cell,0.72,0.663,0.769
Observed,2007–2021,females,75–84,4,mantle_cell,0.504,0.445,0.56
Observed,2007–2021,females,85+,4,mantle_cell,0.284,0.203,0.371
Observed,2007–2021,females,5–14,5,mantle_cell,NA,NA,NA
Observed,2007–2021,females,15–24,5,mantle_cell,NA,NA,NA
Observed,2007–2021,females,25–34,5,mantle_cell,NA,NA,NA
Observed,2007–2021,females,35–44,5,mantle_cell,NA,NA,NA
Observed,2007–2021,females,45–54,5,mantle_cell,0.777,0.669,0.853
Observed,2007–2021,females,55–64,5,mantle_cell,0.745,0.673,0.803
Observed,2007–2021,females,65–74,5,mantle_cell,0.639,0.578,0.694
Observed,2007–2021,females,75–84,5,mantle_cell,0.456,0.397,0.514
Observed,2007–2021,females,85+,5,mantle_cell,0.207,0.135,0.29
Observed,2007–2021,males,5–14,1,mantle_cell,NA,NA,NA
Observed,2007–2021,males,15–24,1,mantle_cell,NA,NA,NA
Observed,2007–2021,males,25–34,1,mantle_cell,NA,NA,NA
Observed,2007–2021,males,35–44,1,mantle_cell,1,0.946,1
Observed,2007–2021,males,45–54,1,mantle_cell,0.963,0.929,0.98
Observed,2007–2021,males,55–64,1,mantle_cell,0.928,0.905,0.946
Observed,2007–2021,males,65–74,1,mantle_cell,0.88,0.857,0.9
Observed,2007–2021,males,75–84,1,mantle_cell,0.793,0.761,0.821
Observed,2007–2021,males,85+,1,mantle_cell,0.529,0.46,0.593
Observed,2007–2021,males,5–14,2,mantle_cell,NA,NA,NA
Observed,2007–2021,males,15–24,2,mantle_cell,NA,NA,NA
Observed,2007–2021,males,25–34,2,mantle_cell,NA,NA,NA
Observed,2007–2021,males,35–44,2,mantle_cell,0.929,0.821,0.973
Observed,2007–2021,males,45–54,2,mantle_cell,0.921,0.878,0.949
Observed,2007–2021,males,55–64,2,mantle_cell,0.858,0.827,0.884
Observed,2007–2021,males,65–74,2,mantle_cell,0.791,0.762,0.816
Observed,2007–2021,males,75–84,2,mantle_cell,0.634,0.597,0.669
Observed,2007–2021,males,85+,2,mantle_cell,0.386,0.32,0.451
Observed,2007–2021,males,5–14,3,mantle_cell,NA,NA,NA
Observed,2007–2021,males,15–24,3,mantle_cell,NA,NA,NA
Observed,2007–2021,males,25–34,3,mantle_cell,NA,NA,NA
Observed,2007–2021,males,35–44,3,mantle_cell,0.874,0.755,0.938
Observed,2007–2021,males,45–54,3,mantle_cell,0.895,0.848,0.928
Observed,2007–2021,males,55–64,3,mantle_cell,0.814,0.779,0.843
Observed,2007–2021,males,65–74,3,mantle_cell,0.693,0.66,0.723
Observed,2007–2021,males,75–84,3,mantle_cell,0.543,0.504,0.58
Observed,2007–2021,males,85+,3,mantle_cell,0.26,0.201,0.322
Observed,2007–2021,males,5–14,4,mantle_cell,NA,NA,NA
Observed,2007–2021,males,15–24,4,mantle_cell,NA,NA,NA
Observed,2007–2021,males,25–34,4,mantle_cell,NA,NA,NA
Observed,2007–2021,males,35–44,4,mantle_cell,0.874,0.755,0.938
Observed,2007–2021,males,45–54,4,mantle_cell,0.859,0.808,0.898
Observed,2007–2021,males,55–64,4,mantle_cell,0.748,0.71,0.782
Observed,2007–2021,males,65–74,4,mantle_cell,0.618,0.583,0.651
Observed,2007–2021,males,75–84,4,mantle_cell,0.447,0.408,0.485
Observed,2007–2021,males,85+,4,mantle_cell,0.2,0.146,0.261
Observed,2007–2021,males,5–14,5,mantle_cell,NA,NA,NA
Observed,2007–2021,males,15–24,5,mantle_cell,NA,NA,NA
Observed,2007–2021,males,25–34,5,mantle_cell,NA,NA,NA
Observed,2007–2021,males,35–44,5,mantle_cell,0.855,0.732,0.925
Observed,2007–2021,males,45–54,5,mantle_cell,0.827,0.772,0.87
Observed,2007–2021,males,55–64,5,mantle_cell,0.697,0.656,0.734
Observed,2007–2021,males,65–74,5,mantle_cell,0.555,0.518,0.589
Observed,2007–2021,males,75–84,5,mantle_cell,0.37,0.331,0.408
Observed,2007–2021,males,85+,5,mantle_cell,0.117,0.073,0.173
Observed,2007–2021,persons,5–14,1,mantle_cell,NA,NA,NA
Observed,2007–2021,persons,15–24,1,mantle_cell,NA,NA,NA
Observed,2007–2021,persons,25–34,1,mantle_cell,NA,NA,NA
Observed,2007–2021,persons,35–44,1,mantle_cell,0.9850000000000002,0.898,0.998
Observed,2007–2021,persons,45–54,1,mantle_cell,0.96,0.933,0.977
Observed,2007–2021,persons,55–64,1,mantle_cell,0.933,0.913,0.948
Observed,2007–2021,persons,65–74,1,mantle_cell,0.883,0.863,0.9
Observed,2007–2021,persons,75–84,1,mantle_cell,0.795,0.768,0.819
Observed,2007–2021,persons,85+,1,mantle_cell,0.546,0.49,0.598
Observed,2007–2021,persons,5–14,2,mantle_cell,NA,NA,NA
Observed,2007–2021,persons,15–24,2,mantle_cell,NA,NA,NA
Observed,2007–2021,persons,25–34,2,mantle_cell,NA,NA,NA
Observed,2007–2021,persons,35–44,2,mantle_cell,0.926,0.831,0.968
Observed,2007–2021,persons,45–54,2,mantle_cell,0.923,0.888,0.947
Observed,2007–2021,persons,55–64,2,mantle_cell,0.86,0.833,0.882
Observed,2007–2021,persons,65–74,2,mantle_cell,0.805,0.781,0.827
Observed,2007–2021,persons,75–84,2,mantle_cell,0.649,0.618,0.678
Observed,2007–2021,persons,85+,2,mantle_cell,0.419,0.365,0.472
Observed,2007–2021,persons,5–14,3,mantle_cell,NA,NA,NA
Observed,2007–2021,persons,15–24,3,mantle_cell,NA,NA,NA
Observed,2007–2021,persons,25–34,3,mantle_cell,NA,NA,NA
Observed,2007–2021,persons,35–44,3,mantle_cell,0.881,0.777,0.939
Observed,2007–2021,persons,45–54,3,mantle_cell,0.897,0.859,0.926
Observed,2007–2021,persons,55–64,3,mantle_cell,0.815,0.786,0.841
Observed,2007–2021,persons,65–74,3,mantle_cell,0.714,0.687,0.74
Observed,2007–2021,persons,75–84,3,mantle_cell,0.556,0.523,0.586
Observed,2007–2021,persons,85+,3,mantle_cell,0.293,0.243,0.344
Observed,2007–2021,persons,5–14,4,mantle_cell,NA,NA,NA
Observed,2007–2021,persons,15–24,4,mantle_cell,NA,NA,NA
Observed,2007–2021,persons,25–34,4,mantle_cell,NA,NA,NA
Observed,2007–2021,persons,35–44,4,mantle_cell,0.866,0.758,0.928
Observed,2007–2021,persons,45–54,4,mantle_cell,0.858,0.814,0.892
Observed,2007–2021,persons,55–64,4,mantle_cell,0.758,0.726,0.788
Observed,2007–2021,persons,65–74,4,mantle_cell,0.644,0.614,0.672
Observed,2007–2021,persons,75–84,4,mantle_cell,0.464,0.432,0.496
Observed,2007–2021,persons,85+,4,mantle_cell,0.231,0.185,0.28
Observed,2007–2021,persons,5–14,5,mantle_cell,NA,NA,NA
Observed,2007–2021,persons,15–24,5,mantle_cell,NA,NA,NA
Observed,2007–2021,persons,25–34,5,mantle_cell,NA,NA,NA
Observed,2007–2021,persons,35–44,5,mantle_cell,0.85,0.74,0.917
Observed,2007–2021,persons,45–54,5,mantle_cell,0.814,0.766,0.853
Observed,2007–2021,persons,55–64,5,mantle_cell,0.708,0.674,0.74
Observed,2007–2021,persons,65–74,5,mantle_cell,0.576,0.545,0.606
Observed,2007–2021,persons,75–84,5,mantle_cell,0.397,0.365,0.429
Observed,2007–2021,persons,85+,5,mantle_cell,0.151,0.111,0.197
Observed,2012–2016,females,5–14,1,mantle_cell,NA,NA,NA
Observed,2012–2016,females,15–24,1,mantle_cell,NA,NA,NA
Observed,2012–2016,females,25–34,1,mantle_cell,NA,NA,NA
Observed,2012–2016,females,35–44,1,mantle_cell,NA,NA,NA
Observed,2012–2016,females,45–54,1,mantle_cell,1,0.898,1
Observed,2012–2016,females,55–64,1,mantle_cell,0.934,0.834,0.975
Observed,2012–2016,females,65–74,1,mantle_cell,0.905,0.835,0.946
Observed,2012–2016,females,75–84,1,mantle_cell,0.836,0.755,0.892
Observed,2012–2016,females,85+,1,mantle_cell,0.602,0.442,0.73
Observed,2012–2016,females,5–14,2,mantle_cell,NA,NA,NA
Observed,2012–2016,females,15–24,2,mantle_cell,NA,NA,NA
Observed,2012–2016,females,25–34,2,mantle_cell,NA,NA,NA
Observed,2012–2016,females,35–44,2,mantle_cell,NA,NA,NA
Observed,2012–2016,females,45–54,2,mantle_cell,1,0.898,1
Observed,2012–2016,females,55–64,2,mantle_cell,0.844,0.72,0.915
Observed,2012–2016,females,65–74,2,mantle_cell,0.885,0.81,0.932
Observed,2012–2016,females,75–84,2,mantle_cell,0.692,0.6,0.767
Observed,2012–2016,females,85+,2,mantle_cell,0.51,0.355,0.646
Observed,2012–2016,females,5–14,3,mantle_cell,NA,NA,NA
Observed,2012–2016,females,15–24,3,mantle_cell,NA,NA,NA
Observed,2012–2016,females,25–34,3,mantle_cell,NA,NA,NA
Observed,2012–2016,females,35–44,3,mantle_cell,NA,NA,NA
Observed,2012–2016,females,45–54,3,mantle_cell,0.961,0.754,0.994
Observed,2012–2016,females,55–64,3,mantle_cell,0.825,0.698,0.902
Observed,2012–2016,females,65–74,3,mantle_cell,0.782,0.686,0.851
Observed,2012–2016,females,75–84,3,mantle_cell,0.596,0.501,0.678
Observed,2012–2016,females,85+,3,mantle_cell,NA,NA,NA
Observed,2012–2016,females,5–14,4,mantle_cell,NA,NA,NA
Observed,2012–2016,females,15–24,4,mantle_cell,NA,NA,NA
Observed,2012–2016,females,25–34,4,mantle_cell,NA,NA,NA
Observed,2012–2016,females,35–44,4,mantle_cell,NA,NA,NA
Observed,2012–2016,females,45–54,4,mantle_cell,NA,NA,NA
Observed,2012–2016,females,55–64,4,mantle_cell,0.787,0.654,0.873
Observed,2012–2016,females,65–74,4,mantle_cell,0.721,0.614,0.804
Observed,2012–2016,females,75–84,4,mantle_cell,0.518,0.422,0.605
Observed,2012–2016,females,85+,4,mantle_cell,NA,NA,NA
Observed,2012–2016,females,5–14,5,mantle_cell,NA,NA,NA
Observed,2012–2016,females,15–24,5,mantle_cell,NA,NA,NA
Observed,2012–2016,females,25–34,5,mantle_cell,NA,NA,NA
Observed,2012–2016,females,35–44,5,mantle_cell,NA,NA,NA
Observed,2012–2016,females,45–54,5,mantle_cell,NA,NA,NA
Observed,2012–2016,females,55–64,5,mantle_cell,0.767,0.632,0.858
Observed,2012–2016,females,65–74,5,mantle_cell,0.672,0.556,0.763
Observed,2012–2016,females,75–84,5,mantle_cell,0.443,0.347,0.534
Observed,2012–2016,females,85+,5,mantle_cell,NA,NA,NA
Observed,2012–2016,males,5–14,1,mantle_cell,NA,NA,NA
Observed,2012–2016,males,15–24,1,mantle_cell,NA,NA,NA
Observed,2012–2016,males,25–34,1,mantle_cell,NA,NA,NA
Observed,2012–2016,males,35–44,1,mantle_cell,NA,NA,NA
Observed,2012–2016,males,45–54,1,mantle_cell,0.919,0.829,0.963
Observed,2012–2016,males,55–64,1,mantle_cell,0.906,0.856,0.939
Observed,2012–2016,males,65–74,1,mantle_cell,0.878,0.833,0.912
Observed,2012–2016,males,75–84,1,mantle_cell,0.808,0.75,0.854
Observed,2012–2016,males,85+,1,mantle_cell,0.469,0.354,0.577
Observed,2012–2016,males,5–14,2,mantle_cell,NA,NA,NA
Observed,2012–2016,males,15–24,2,mantle_cell,NA,NA,NA
Observed,2012–2016,males,25–34,2,mantle_cell,NA,NA,NA
Observed,2012–2016,males,35–44,2,mantle_cell,NA,NA,NA
Observed,2012–2016,males,45–54,2,mantle_cell,0.881,0.784,0.936
Observed,2012–2016,males,55–64,2,mantle_cell,0.849,0.792,0.892
Observed,2012–2016,males,65–74,2,mantle_cell,0.794,0.741,0.838
Observed,2012–2016,males,75–84,2,mantle_cell,0.619,0.551,0.68
Observed,2012–2016,males,85+,2,mantle_cell,0.346,0.238,0.456
Observed,2012–2016,males,5–14,3,mantle_cell,NA,NA,NA
Observed,2012–2016,males,15–24,3,mantle_cell,NA,NA,NA
Observed,2012–2016,males,25–34,3,mantle_cell,NA,NA,NA
Observed,2012–2016,males,35–44,3,mantle_cell,NA,NA,NA
Observed,2012–2016,males,45–54,3,mantle_cell,0.858,0.758,0.918
Observed,2012–2016,males,55–64,3,mantle_cell,0.806,0.743,0.855
Observed,2012–2016,males,65–74,3,mantle_cell,0.669,0.607,0.722
Observed,2012–2016,males,75–84,3,mantle_cell,0.525,0.456,0.589
Observed,2012–2016,males,85+,3,mantle_cell,0.208,0.117,0.318
Observed,2012–2016,males,5–14,4,mantle_cell,NA,NA,NA
Observed,2012–2016,males,15–24,4,mantle_cell,NA,NA,NA
Observed,2012–2016,males,25–34,4,mantle_cell,NA,NA,NA
Observed,2012–2016,males,35–44,4,mantle_cell,NA,NA,NA
Observed,2012–2016,males,45–54,4,mantle_cell,0.823,0.72,0.891
Observed,2012–2016,males,55–64,4,mantle_cell,0.744,0.675,0.8
Observed,2012–2016,males,65–74,4,mantle_cell,0.58,0.516,0.638
Observed,2012–2016,males,75–84,4,mantle_cell,0.409,0.342,0.475
Observed,2012–2016,males,85+,4,mantle_cell,0.168,0.085,0.275
Observed,2012–2016,males,5–14,5,mantle_cell,NA,NA,NA
Observed,2012–2016,males,15–24,5,mantle_cell,NA,NA,NA
Observed,2012–2016,males,25–34,5,mantle_cell,NA,NA,NA
Observed,2012–2016,males,35–44,5,mantle_cell,NA,NA,NA
Observed,2012–2016,males,45–54,5,mantle_cell,0.77,0.664,0.846
Observed,2012–2016,males,55–64,5,mantle_cell,0.656,0.581,0.72
Observed,2012–2016,males,65–74,5,mantle_cell,0.501,0.437,0.562
Observed,2012–2016,males,75–84,5,mantle_cell,0.339,0.275,0.405
Observed,2012–2016,males,85+,5,mantle_cell,0.074,0.024,0.16
Observed,2012–2016,persons,5–14,1,mantle_cell,NA,NA,NA
Observed,2012–2016,persons,15–24,1,mantle_cell,NA,NA,NA
Observed,2012–2016,persons,25–34,1,mantle_cell,NA,NA,NA
Observed,2012–2016,persons,35–44,1,mantle_cell,1,0.876,1
Observed,2012–2016,persons,45–54,1,mantle_cell,0.941,0.874,0.973
Observed,2012–2016,persons,55–64,1,mantle_cell,0.912,0.871,0.941
Observed,2012–2016,persons,65–74,1,mantle_cell,0.886,0.85,0.914
Observed,2012–2016,persons,75–84,1,mantle_cell,0.818,0.772,0.855
Observed,2012–2016,persons,85+,1,mantle_cell,0.519,0.425,0.604
Observed,2012–2016,persons,5–14,2,mantle_cell,NA,NA,NA
Observed,2012–2016,persons,15–24,2,mantle_cell,NA,NA,NA
Observed,2012–2016,persons,25–34,2,mantle_cell,NA,NA,NA
Observed,2012–2016,persons,35–44,2,mantle_cell,0.956,0.724,0.994
Observed,2012–2016,persons,45–54,2,mantle_cell,0.913,0.84,0.954
Observed,2012–2016,persons,55–64,2,mantle_cell,0.848,0.798,0.887
Observed,2012–2016,persons,65–74,2,mantle_cell,0.82,0.777,0.855
Observed,2012–2016,persons,75–84,2,mantle_cell,0.644,0.591,0.693
Observed,2012–2016,persons,85+,2,mantle_cell,0.409,0.319,0.497
Observed,2012–2016,persons,5–14,3,mantle_cell,NA,NA,NA
Observed,2012–2016,persons,15–24,3,mantle_cell,NA,NA,NA
Observed,2012–2016,persons,25–34,3,mantle_cell,NA,NA,NA
Observed,2012–2016,persons,35–44,3,mantle_cell,NA,NA,NA
Observed,2012–2016,persons,45–54,3,mantle_cell,0.886,0.808,0.933
Observed,2012–2016,persons,55–64,3,mantle_cell,0.811,0.757,0.854
Observed,2012–2016,persons,65–74,3,mantle_cell,0.7,0.649,0.745
Observed,2012–2016,persons,75–84,3,mantle_cell,0.55,0.494,0.601
Observed,2012–2016,persons,85+,3,mantle_cell,0.281,0.197,0.37
Observed,2012–2016,persons,5–14,4,mantle_cell,NA,NA,NA
Observed,2012–2016,persons,15–24,4,mantle_cell,NA,NA,NA
Observed,2012–2016,persons,25–34,4,mantle_cell,NA,NA,NA
Observed,2012–2016,persons,35–44,4,mantle_cell,NA,NA,NA
Observed,2012–2016,persons,45–54,4,mantle_cell,0.84,0.755,0.897
Observed,2012–2016,persons,55–64,4,mantle_cell,0.754,0.695,0.803
Observed,2012–2016,persons,65–74,4,mantle_cell,0.616,0.562,0.666
Observed,2012–2016,persons,75–84,4,mantle_cell,0.447,0.392,0.5
Observed,2012–2016,persons,85+,4,mantle_cell,0.235,0.156,0.322
Observed,2012–2016,persons,5–14,5,mantle_cell,NA,NA,NA
Observed,2012–2016,persons,15–24,5,mantle_cell,NA,NA,NA
Observed,2012–2016,persons,25–34,5,mantle_cell,NA,NA,NA
Observed,2012–2016,persons,35–44,5,mantle_cell,NA,NA,NA
Observed,2012–2016,persons,45–54,5,mantle_cell,0.78,0.69,0.846
Observed,2012–2016,persons,55–64,5,mantle_cell,0.682,0.618,0.738
Observed,2012–2016,persons,65–74,5,mantle_cell,0.543,0.487,0.596
Observed,2012–2016,persons,75–84,5,mantle_cell,0.375,0.321,0.429
Observed,2012–2016,persons,85+,5,mantle_cell,0.122,0.062,0.202
Observed,2017–2021,females,5–14,1,mantle_cell,NA,NA,NA
Observed,2017–2021,females,15–24,1,mantle_cell,NA,NA,NA
Observed,2017–2021,females,25–34,1,mantle_cell,NA,NA,NA
Observed,2017–2021,females,35–44,1,mantle_cell,NA,NA,NA
Observed,2017–2021,females,45–54,1,mantle_cell,0.968,0.793,0.995
Observed,2017–2021,females,55–64,1,mantle_cell,0.952,0.877,0.982
Observed,2017–2021,females,65–74,1,mantle_cell,0.909,0.843,0.949
Observed,2017–2021,females,75–84,1,mantle_cell,0.8,0.702,0.869
Observed,2017–2021,females,85+,1,mantle_cell,0.574,0.409,0.708
Observed,2017–2021,females,5–14,2,mantle_cell,NA,NA,NA
Observed,2017–2021,females,15–24,2,mantle_cell,NA,NA,NA
Observed,2017–2021,females,25–34,2,mantle_cell,NA,NA,NA
Observed,2017–2021,females,35–44,2,mantle_cell,NA,NA,NA
Observed,2017–2021,females,45–54,2,mantle_cell,0.935,0.766,0.983
Observed,2017–2021,females,55–64,2,mantle_cell,0.892,0.803,0.942
Observed,2017–2021,females,65–74,2,mantle_cell,0.851,0.774,0.903
Observed,2017–2021,females,75–84,2,mantle_cell,0.699,0.595,0.781
Observed,2017–2021,females,85+,2,mantle_cell,0.506,0.347,0.645
Observed,2017–2021,females,5–14,3,mantle_cell,NA,NA,NA
Observed,2017–2021,females,15–24,3,mantle_cell,NA,NA,NA
Observed,2017–2021,females,25–34,3,mantle_cell,NA,NA,NA
Observed,2017–2021,females,35–44,3,mantle_cell,NA,NA,NA
Observed,2017–2021,females,45–54,3,mantle_cell,0.935,0.766,0.983
Observed,2017–2021,females,55–64,3,mantle_cell,0.807,0.704,0.877
Observed,2017–2021,females,65–74,3,mantle_cell,0.803,0.72,0.863
Observed,2017–2021,females,75–84,3,mantle_cell,0.658,0.552,0.744
Observed,2017–2021,females,85+,3,mantle_cell,NA,NA,NA
Observed,2017–2021,females,5–14,4,mantle_cell,NA,NA,NA
Observed,2017–2021,females,15–24,4,mantle_cell,NA,NA,NA
Observed,2017–2021,females,25–34,4,mantle_cell,NA,NA,NA
Observed,2017–2021,females,35–44,4,mantle_cell,NA,NA,NA
Observed,2017–2021,females,45–54,4,mantle_cell,0.905,0.735,0.968
Observed,2017–2021,females,55–64,4,mantle_cell,0.767,0.659,0.844
Observed,2017–2021,females,65–74,4,mantle_cell,0.755,0.669,0.822
Observed,2017–2021,females,75–84,4,mantle_cell,0.571,0.467,0.662
Observed,2017–2021,females,85+,4,mantle_cell,NA,NA,NA
Observed,2017–2021,females,5–14,5,mantle_cell,NA,NA,NA
Observed,2017–2021,females,15–24,5,mantle_cell,NA,NA,NA
Observed,2017–2021,females,25–34,5,mantle_cell,NA,NA,NA
Observed,2017–2021,females,35–44,5,mantle_cell,NA,NA,NA
Observed,2017–2021,females,45–54,5,mantle_cell,0.841,0.658,0.93
Observed,2017–2021,females,55–64,5,mantle_cell,0.737,0.624,0.82
Observed,2017–2021,females,65–74,5,mantle_cell,0.65,0.559,0.727
Observed,2017–2021,females,75–84,5,mantle_cell,0.54,0.436,0.633
Observed,2017–2021,females,85+,5,mantle_cell,NA,NA,NA
Observed,2017–2021,males,5–14,1,mantle_cell,NA,NA,NA
Observed,2017–2021,males,15–24,1,mantle_cell,NA,NA,NA
Observed,2017–2021,males,25–34,1,mantle_cell,NA,NA,NA
Observed,2017–2021,males,35–44,1,mantle_cell,NA,NA,NA
Observed,2017–2021,males,45–54,1,mantle_cell,0.9870000000000002,0.914,0.998
Observed,2017–2021,males,55–64,1,mantle_cell,0.943,0.906,0.966
Observed,2017–2021,males,65–74,1,mantle_cell,0.883,0.846,0.911
Observed,2017–2021,males,75–84,1,mantle_cell,0.803,0.752,0.845
Observed,2017–2021,males,85+,1,mantle_cell,0.567,0.465,0.658
Observed,2017–2021,males,5–14,2,mantle_cell,NA,NA,NA
Observed,2017–2021,males,15–24,2,mantle_cell,NA,NA,NA
Observed,2017–2021,males,25–34,2,mantle_cell,NA,NA,NA
Observed,2017–2021,males,35–44,2,mantle_cell,NA,NA,NA
Observed,2017–2021,males,45–54,2,mantle_cell,0.949,0.869,0.98
Observed,2017–2021,males,55–64,2,mantle_cell,0.883,0.835,0.918
Observed,2017–2021,males,65–74,2,mantle_cell,0.804,0.76,0.841
Observed,2017–2021,males,75–84,2,mantle_cell,0.698,0.641,0.748
Observed,2017–2021,males,85+,2,mantle_cell,0.394,0.298,0.488
Observed,2017–2021,males,5–14,3,mantle_cell,NA,NA,NA
Observed,2017–2021,males,15–24,3,mantle_cell,NA,NA,NA
Observed,2017–2021,males,25–34,3,mantle_cell,NA,NA,NA
Observed,2017–2021,males,35–44,3,mantle_cell,NA,NA,NA
Observed,2017–2021,males,45–54,3,mantle_cell,0.908,0.816,0.955
Observed,2017–2021,males,55–64,3,mantle_cell,0.852,0.8,0.891
Observed,2017–2021,males,65–74,3,mantle_cell,0.734,0.685,0.777
Observed,2017–2021,males,75–84,3,mantle_cell,0.61,0.549,0.664
Observed,2017–2021,males,85+,3,mantle_cell,0.265,0.183,0.353
Observed,2017–2021,males,5–14,4,mantle_cell,NA,NA,NA
Observed,2017–2021,males,15–24,4,mantle_cell,NA,NA,NA
Observed,2017–2021,males,25–34,4,mantle_cell,NA,NA,NA
Observed,2017–2021,males,35–44,4,mantle_cell,NA,NA,NA
Observed,2017–2021,males,45–54,4,mantle_cell,0.878,0.779,0.935
Observed,2017–2021,males,55–64,4,mantle_cell,0.805,0.747,0.851
Observed,2017–2021,males,65–74,4,mantle_cell,0.676,0.623,0.723
Observed,2017–2021,males,75–84,4,mantle_cell,0.524,0.461,0.582
Observed,2017–2021,males,85+,4,mantle_cell,0.203,0.129,0.289
Observed,2017–2021,males,5–14,5,mantle_cell,NA,NA,NA
Observed,2017–2021,males,15–24,5,mantle_cell,NA,NA,NA
Observed,2017–2021,males,25–34,5,mantle_cell,NA,NA,NA
Observed,2017–2021,males,35–44,5,mantle_cell,NA,NA,NA
Observed,2017–2021,males,45–54,5,mantle_cell,0.878,0.779,0.935
Observed,2017–2021,males,55–64,5,mantle_cell,0.785,0.725,0.833
Observed,2017–2021,males,65–74,5,mantle_cell,0.633,0.578,0.682
Observed,2017–2021,males,75–84,5,mantle_cell,0.448,0.385,0.509
Observed,2017–2021,males,85+,5,mantle_cell,0.16,0.092,0.244
Observed,2017–2021,persons,5–14,1,mantle_cell,NA,NA,NA
Observed,2017–2021,persons,15–24,1,mantle_cell,NA,NA,NA
Observed,2017–2021,persons,25–34,1,mantle_cell,NA,NA,NA
Observed,2017–2021,persons,35–44,1,mantle_cell,0.952,0.706,0.993
Observed,2017–2021,persons,45–54,1,mantle_cell,0.982,0.93,0.995
Observed,2017–2021,persons,55–64,1,mantle_cell,0.945,0.914,0.965
Observed,2017–2021,persons,65–74,1,mantle_cell,0.889,0.858,0.914
Observed,2017–2021,persons,75–84,1,mantle_cell,0.803,0.759,0.839
Observed,2017–2021,persons,85+,1,mantle_cell,0.569,0.483,0.646
Observed,2017–2021,persons,5–14,2,mantle_cell,NA,NA,NA
Observed,2017–2021,persons,15–24,2,mantle_cell,NA,NA,NA
Observed,2017–2021,persons,25–34,2,mantle_cell,NA,NA,NA
Observed,2017–2021,persons,35–44,2,mantle_cell,NA,NA,NA
Observed,2017–2021,persons,45–54,2,mantle_cell,0.945,0.882,0.975
Observed,2017–2021,persons,55–64,2,mantle_cell,0.886,0.845,0.916
Observed,2017–2021,persons,65–74,2,mantle_cell,0.816,0.778,0.847
Observed,2017–2021,persons,75–84,2,mantle_cell,0.698,0.649,0.742
Observed,2017–2021,persons,85+,2,mantle_cell,0.429,0.347,0.508
Observed,2017–2021,persons,5–14,3,mantle_cell,NA,NA,NA
Observed,2017–2021,persons,15–24,3,mantle_cell,NA,NA,NA
Observed,2017–2021,persons,25–34,3,mantle_cell,NA,NA,NA
Observed,2017–2021,persons,35–44,3,mantle_cell,NA,NA,NA
Observed,2017–2021,persons,45–54,3,mantle_cell,0.917,0.846,0.956
Observed,2017–2021,persons,55–64,3,mantle_cell,0.84,0.795,0.876
Observed,2017–2021,persons,65–74,3,mantle_cell,0.752,0.711,0.788
Observed,2017–2021,persons,75–84,3,mantle_cell,0.623,0.571,0.67
Observed,2017–2021,persons,85+,3,mantle_cell,0.308,0.234,0.384
Observed,2017–2021,persons,5–14,4,mantle_cell,NA,NA,NA
Observed,2017–2021,persons,15–24,4,mantle_cell,NA,NA,NA
Observed,2017–2021,persons,25–34,4,mantle_cell,NA,NA,NA
Observed,2017–2021,persons,35–44,4,mantle_cell,NA,NA,NA
Observed,2017–2021,persons,45–54,4,mantle_cell,0.887,0.81,0.934
Observed,2017–2021,persons,55–64,4,mantle_cell,0.794,0.745,0.835
Observed,2017–2021,persons,65–74,4,mantle_cell,0.697,0.653,0.736
Observed,2017–2021,persons,75–84,4,mantle_cell,0.537,0.484,0.587
Observed,2017–2021,persons,85+,4,mantle_cell,0.244,0.175,0.318
Observed,2017–2021,persons,5–14,5,mantle_cell,NA,NA,NA
Observed,2017–2021,persons,15–24,5,mantle_cell,NA,NA,NA
Observed,2017–2021,persons,25–34,5,mantle_cell,NA,NA,NA
Observed,2017–2021,persons,35–44,5,mantle_cell,NA,NA,NA
Observed,2017–2021,persons,45–54,5,mantle_cell,0.866,0.784,0.918
Observed,2017–2021,persons,55–64,5,mantle_cell,0.772,0.72,0.815
Observed,2017–2021,persons,65–74,5,mantle_cell,0.635,0.589,0.678
Observed,2017–2021,persons,75–84,5,mantle_cell,0.476,0.422,0.527
Observed,2017–2021,persons,85+,5,mantle_cell,0.187,0.126,0.258
Relative,2007–2011,females,5–14,1,mantle_cell,NA,NA,NA
Relative,2007–2011,females,15–24,1,mantle_cell,NA,NA,NA
Relative,2007–2011,females,25–34,1,mantle_cell,NA,NA,NA
Relative,2007–2011,females,35–44,1,mantle_cell,NA,NA,NA
Relative,2007–2011,females,45–54,1,mantle_cell,0.892,0.698,0.965
Relative,2007–2011,females,55–64,1,mantle_cell,0.962,0.845,0.994
Relative,2007–2011,females,65–74,1,mantle_cell,0.844,0.73,0.915
Relative,2007–2011,females,75–84,1,mantle_cell,0.777,0.667,0.858
Relative,2007–2011,females,85+,1,mantle_cell,NA,NA,NA
Relative,2007–2011,females,5–14,2,mantle_cell,NA,NA,NA
Relative,2007–2011,females,15–24,2,mantle_cell,NA,NA,NA
Relative,2007–2011,females,25–34,2,mantle_cell,NA,NA,NA
Relative,2007–2011,females,35–44,2,mantle_cell,NA,NA,NA
Relative,2007–2011,females,45–54,2,mantle_cell,0.852,0.647,0.944
Relative,2007–2011,females,55–64,2,mantle_cell,0.854,0.711,0.932
Relative,2007–2011,females,65–74,2,mantle_cell,0.794,0.671,0.879
Relative,2007–2011,females,75–84,2,mantle_cell,0.699,0.578,0.797
Relative,2007–2011,females,85+,2,mantle_cell,NA,NA,NA
Relative,2007–2011,females,5–14,3,mantle_cell,NA,NA,NA
Relative,2007–2011,females,15–24,3,mantle_cell,NA,NA,NA
Relative,2007–2011,females,25–34,3,mantle_cell,NA,NA,NA
Relative,2007–2011,females,35–44,3,mantle_cell,NA,NA,NA
Relative,2007–2011,females,45–54,3,mantle_cell,NA,NA,NA
Relative,2007–2011,females,55–64,3,mantle_cell,0.859,0.715,0.937
Relative,2007–2011,females,65–74,3,mantle_cell,0.737,0.604,0.835
Relative,2007–2011,females,75–84,3,mantle_cell,0.532,0.405,0.65
Relative,2007–2011,females,85+,3,mantle_cell,NA,NA,NA
Relative,2007–2011,females,5–14,4,mantle_cell,NA,NA,NA
Relative,2007–2011,females,15–24,4,mantle_cell,NA,NA,NA
Relative,2007–2011,females,25–34,4,mantle_cell,NA,NA,NA
Relative,2007–2011,females,35–44,4,mantle_cell,NA,NA,NA
Relative,2007–2011,females,45–54,4,mantle_cell,NA,NA,NA
Relative,2007–2011,females,55–64,4,mantle_cell,0.863,0.719,0.942
Relative,2007–2011,females,65–74,4,mantle_cell,0.671,0.531,0.783
Relative,2007–2011,females,75–84,4,mantle_cell,0.464,0.334,0.592
Relative,2007–2011,females,85+,4,mantle_cell,NA,NA,NA
Relative,2007–2011,females,5–14,5,mantle_cell,NA,NA,NA
Relative,2007–2011,females,15–24,5,mantle_cell,NA,NA,NA
Relative,2007–2011,females,25–34,5,mantle_cell,NA,NA,NA
Relative,2007–2011,females,35–44,5,mantle_cell,NA,NA,NA
Relative,2007–2011,females,45–54,5,mantle_cell,NA,NA,NA
Relative,2007–2011,females,55–64,5,mantle_cell,0.758,0.591,0.869
Relative,2007–2011,females,65–74,5,mantle_cell,0.619,0.473,0.742
Relative,2007–2011,females,75–84,5,mantle_cell,0.446,0.311,0.582
Relative,2007–2011,females,85+,5,mantle_cell,NA,NA,NA
Relative,2007–2011,males,5–14,1,mantle_cell,NA,NA,NA
Relative,2007–2011,males,15–24,1,mantle_cell,NA,NA,NA
Relative,2007–2011,males,25–34,1,mantle_cell,NA,NA,NA
Relative,2007–2011,males,35–44,1,mantle_cell,NA,NA,NA
Relative,2007–2011,males,45–54,1,mantle_cell,0.98,0.914,0.997
Relative,2007–2011,males,55–64,1,mantle_cell,0.941,0.888,0.971
Relative,2007–2011,males,65–74,1,mantle_cell,0.895,0.843,0.932
Relative,2007–2011,males,75–84,1,mantle_cell,0.801,0.729,0.859
Relative,2007–2011,males,85+,1,mantle_cell,0.627,0.433,0.79
Relative,2007–2011,males,5–14,2,mantle_cell,NA,NA,NA
Relative,2007–2011,males,15–24,2,mantle_cell,NA,NA,NA
Relative,2007–2011,males,25–34,2,mantle_cell,NA,NA,NA
Relative,2007–2011,males,35–44,2,mantle_cell,NA,NA,NA
Relative,2007–2011,males,45–54,2,mantle_cell,0.934,0.852,0.973
Relative,2007–2011,males,55–64,2,mantle_cell,0.838,0.764,0.892
Relative,2007–2011,males,65–74,2,mantle_cell,0.792,0.726,0.846
Relative,2007–2011,males,75–84,2,mantle_cell,0.624,0.539,0.701
Relative,2007–2011,males,85+,2,mantle_cell,NA,NA,NA
Relative,2007–2011,males,5–14,3,mantle_cell,NA,NA,NA
Relative,2007–2011,males,15–24,3,mantle_cell,NA,NA,NA
Relative,2007–2011,males,25–34,3,mantle_cell,NA,NA,NA
Relative,2007–2011,males,35–44,3,mantle_cell,NA,NA,NA
Relative,2007–2011,males,45–54,3,mantle_cell,0.924,0.837,0.968
Relative,2007–2011,males,55–64,3,mantle_cell,0.777,0.696,0.841
Relative,2007–2011,males,65–74,3,mantle_cell,0.699,0.624,0.763
Relative,2007–2011,males,75–84,3,mantle_cell,0.553,0.462,0.639
Relative,2007–2011,males,85+,3,mantle_cell,NA,NA,NA
Relative,2007–2011,males,5–14,4,mantle_cell,NA,NA,NA
Relative,2007–2011,males,15–24,4,mantle_cell,NA,NA,NA
Relative,2007–2011,males,25–34,4,mantle_cell,NA,NA,NA
Relative,2007–2011,males,35–44,4,mantle_cell,NA,NA,NA
Relative,2007–2011,males,45–54,4,mantle_cell,0.885,0.786,0.943
Relative,2007–2011,males,55–64,4,mantle_cell,0.682,0.594,0.757
Relative,2007–2011,males,65–74,4,mantle_cell,0.623,0.544,0.695
Relative,2007–2011,males,75–84,4,mantle_cell,0.483,0.388,0.577
Relative,2007–2011,males,85+,4,mantle_cell,NA,NA,NA
Relative,2007–2011,males,5–14,5,mantle_cell,NA,NA,NA
Relative,2007–2011,males,15–24,5,mantle_cell,NA,NA,NA
Relative,2007–2011,males,25–34,5,mantle_cell,NA,NA,NA
Relative,2007–2011,males,35–44,5,mantle_cell,NA,NA,NA
Relative,2007–2011,males,45–54,5,mantle_cell,0.856,0.748,0.923
Relative,2007–2011,males,55–64,5,mantle_cell,0.633,0.541,0.713
Relative,2007–2011,males,65–74,5,mantle_cell,0.555,0.471,0.633
Relative,2007–2011,males,75–84,5,mantle_cell,0.407,0.31,0.508
Relative,2007–2011,males,85+,5,mantle_cell,NA,NA,NA
Relative,2007–2011,persons,5–14,1,mantle_cell,NA,NA,NA
Relative,2007–2011,persons,15–24,1,mantle_cell,NA,NA,NA
Relative,2007–2011,persons,25–34,1,mantle_cell,NA,NA,NA
Relative,2007–2011,persons,35–44,1,mantle_cell,1.001,0.878,1.001
Relative,2007–2011,persons,45–54,1,mantle_cell,0.959,0.9,0.9840000000000002
Relative,2007–2011,persons,55–64,1,mantle_cell,0.946,0.903,0.972
Relative,2007–2011,persons,65–74,1,mantle_cell,0.883,0.838,0.918
Relative,2007–2011,persons,75–84,1,mantle_cell,0.793,0.735,0.842
Relative,2007–2011,persons,85+,1,mantle_cell,0.631,0.483,0.758
Relative,2007–2011,persons,5–14,2,mantle_cell,NA,NA,NA
Relative,2007–2011,persons,15–24,2,mantle_cell,NA,NA,NA
Relative,2007–2011,persons,25–34,2,mantle_cell,NA,NA,NA
Relative,2007–2011,persons,35–44,2,mantle_cell,0.962,0.749,0.997
Relative,2007–2011,persons,45–54,2,mantle_cell,0.914,0.842,0.956
Relative,2007–2011,persons,55–64,2,mantle_cell,0.842,0.779,0.889
Relative,2007–2011,persons,65–74,2,mantle_cell,0.793,0.737,0.84
Relative,2007–2011,persons,75–84,2,mantle_cell,0.648,0.579,0.71
Relative,2007–2011,persons,85+,2,mantle_cell,0.558,0.399,0.711
Relative,2007–2011,persons,5–14,3,mantle_cell,NA,NA,NA
Relative,2007–2011,persons,15–24,3,mantle_cell,NA,NA,NA
Relative,2007–2011,persons,25–34,3,mantle_cell,NA,NA,NA
Relative,2007–2011,persons,35–44,3,mantle_cell,0.964,0.75,0.999
Relative,2007–2011,persons,45–54,3,mantle_cell,0.897,0.819,0.944
Relative,2007–2011,persons,55–64,3,mantle_cell,0.796,0.727,0.85
Relative,2007–2011,persons,65–74,3,mantle_cell,0.709,0.645,0.764
Relative,2007–2011,persons,75–84,3,mantle_cell,0.545,0.472,0.616
Relative,2007–2011,persons,85+,3,mantle_cell,0.444,0.284,0.617
Relative,2007–2011,persons,5–14,4,mantle_cell,NA,NA,NA
Relative,2007–2011,persons,15–24,4,mantle_cell,NA,NA,NA
Relative,2007–2011,persons,25–34,4,mantle_cell,NA,NA,NA
Relative,2007–2011,persons,35–44,4,mantle_cell,NA,NA,NA
Relative,2007–2011,persons,45–54,4,mantle_cell,0.857,0.771,0.915
Relative,2007–2011,persons,55–64,4,mantle_cell,0.723,0.648,0.786
Relative,2007–2011,persons,65–74,4,mantle_cell,0.635,0.567,0.698
Relative,2007–2011,persons,75–84,4,mantle_cell,0.476,0.399,0.552
Relative,2007–2011,persons,85+,4,mantle_cell,NA,NA,NA
Relative,2007–2011,persons,5–14,5,mantle_cell,NA,NA,NA
Relative,2007–2011,persons,15–24,5,mantle_cell,NA,NA,NA
Relative,2007–2011,persons,25–34,5,mantle_cell,NA,NA,NA
Relative,2007–2011,persons,35–44,5,mantle_cell,NA,NA,NA
Relative,2007–2011,persons,45–54,5,mantle_cell,0.812,0.716,0.881
Relative,2007–2011,persons,55–64,5,mantle_cell,0.661,0.582,0.73
Relative,2007–2011,persons,65–74,5,mantle_cell,0.571,0.499,0.639
Relative,2007–2011,persons,75–84,5,mantle_cell,0.418,0.339,0.5
Relative,2007–2011,persons,85+,5,mantle_cell,NA,NA,NA
Relative,2007–2021,females,5–14,1,mantle_cell,NA,NA,NA
Relative,2007–2021,females,15–24,1,mantle_cell,NA,NA,NA
Relative,2007–2021,females,25–34,1,mantle_cell,NA,NA,NA
Relative,2007–2021,females,35–44,1,mantle_cell,NA,NA,NA
Relative,2007–2021,females,45–54,1,mantle_cell,0.955,0.883,0.9840000000000002
Relative,2007–2021,females,55–64,1,mantle_cell,0.952,0.909,0.976
Relative,2007–2021,females,65–74,1,mantle_cell,0.901,0.86,0.931
Relative,2007–2021,females,75–84,1,mantle_cell,0.826,0.773,0.868
Relative,2007–2021,females,85+,1,mantle_cell,0.655,0.545,0.751
Relative,2007–2021,females,5–14,2,mantle_cell,NA,NA,NA
Relative,2007–2021,females,15–24,2,mantle_cell,NA,NA,NA
Relative,2007–2021,females,25–34,2,mantle_cell,NA,NA,NA
Relative,2007–2021,females,35–44,2,mantle_cell,NA,NA,NA
Relative,2007–2021,females,45–54,2,mantle_cell,0.933,0.853,0.972
Relative,2007–2021,females,55–64,2,mantle_cell,0.874,0.815,0.916
Relative,2007–2021,females,65–74,2,mantle_cell,0.865,0.818,0.902
Relative,2007–2021,females,75–84,2,mantle_cell,0.728,0.668,0.782
Relative,2007–2021,females,85+,2,mantle_cell,0.613,0.492,0.726
Relative,2007–2021,females,5–14,3,mantle_cell,NA,NA,NA
Relative,2007–2021,females,15–24,3,mantle_cell,NA,NA,NA
Relative,2007–2021,females,25–34,3,mantle_cell,NA,NA,NA
Relative,2007–2021,females,35–44,3,mantle_cell,NA,NA,NA
Relative,2007–2021,females,45–54,3,mantle_cell,0.911,0.824,0.957
Relative,2007–2021,females,55–64,3,mantle_cell,0.832,0.767,0.881
Relative,2007–2021,females,65–74,3,mantle_cell,0.804,0.749,0.849
Relative,2007–2021,females,75–84,3,mantle_cell,0.648,0.583,0.708
Relative,2007–2021,females,85+,3,mantle_cell,0.521,0.391,0.653
Relative,2007–2021,females,5–14,4,mantle_cell,NA,NA,NA
Relative,2007–2021,females,15–24,4,mantle_cell,NA,NA,NA
Relative,2007–2021,females,25–34,4,mantle_cell,NA,NA,NA
Relative,2007–2021,females,35–44,4,mantle_cell,NA,NA,NA
Relative,2007–2021,females,45–54,4,mantle_cell,0.862,0.765,0.923
Relative,2007–2021,females,55–64,4,mantle_cell,0.805,0.737,0.859
Relative,2007–2021,females,65–74,4,mantle_cell,0.756,0.696,0.807
Relative,2007–2021,females,75–84,4,mantle_cell,0.583,0.515,0.648
Relative,2007–2021,females,85+,4,mantle_cell,0.489,0.349,0.638
Relative,2007–2021,females,5–14,5,mantle_cell,NA,NA,NA
Relative,2007–2021,females,15–24,5,mantle_cell,NA,NA,NA
Relative,2007–2021,females,25–34,5,mantle_cell,NA,NA,NA
Relative,2007–2021,females,35–44,5,mantle_cell,NA,NA,NA
Relative,2007–2021,females,45–54,5,mantle_cell,0.785,0.676,0.863
Relative,2007–2021,females,55–64,5,mantle_cell,0.764,0.69,0.824
Relative,2007–2021,females,65–74,5,mantle_cell,0.682,0.616,0.741
Relative,2007–2021,females,75–84,5,mantle_cell,0.554,0.482,0.623
Relative,2007–2021,females,85+,5,mantle_cell,0.415,0.27,0.582
Relative,2007–2021,males,5–14,1,mantle_cell,NA,NA,NA
Relative,2007–2021,males,15–24,1,mantle_cell,NA,NA,NA
Relative,2007–2021,males,25–34,1,mantle_cell,NA,NA,NA
Relative,2007–2021,males,35–44,1,mantle_cell,1.001,0.947,1.001
Relative,2007–2021,males,45–54,1,mantle_cell,0.966,0.932,0.983
Relative,2007–2021,males,55–64,1,mantle_cell,0.935,0.911,0.953
Relative,2007–2021,males,65–74,1,mantle_cell,0.895,0.871,0.915
Relative,2007–2021,males,75–84,1,mantle_cell,0.832,0.799,0.862
Relative,2007–2021,males,85+,1,mantle_cell,0.605,0.526,0.678
Relative,2007–2021,males,5–14,2,mantle_cell,NA,NA,NA
Relative,2007–2021,males,15–24,2,mantle_cell,NA,NA,NA
Relative,2007–2021,males,25–34,2,mantle_cell,NA,NA,NA
Relative,2007–2021,males,35–44,2,mantle_cell,0.932,0.824,0.976
Relative,2007–2021,males,45–54,2,mantle_cell,0.927,0.884,0.955
Relative,2007–2021,males,55–64,2,mantle_cell,0.87,0.839,0.897
Relative,2007–2021,males,65–74,2,mantle_cell,0.818,0.788,0.845
Relative,2007–2021,males,75–84,2,mantle_cell,0.703,0.661,0.742
Relative,2007–2021,males,85+,2,mantle_cell,0.507,0.42,0.593
Relative,2007–2021,males,5–14,3,mantle_cell,NA,NA,NA
Relative,2007–2021,males,15–24,3,mantle_cell,NA,NA,NA
Relative,2007–2021,males,25–34,3,mantle_cell,NA,NA,NA
Relative,2007–2021,males,35–44,3,mantle_cell,0.879,0.758,0.943
Relative,2007–2021,males,45–54,3,mantle_cell,0.904,0.857,0.937
Relative,2007–2021,males,55–64,3,mantle_cell,0.832,0.797,0.863
Relative,2007–2021,males,65–74,3,mantle_cell,0.731,0.697,0.763
Relative,2007–2021,males,75–84,3,mantle_cell,0.638,0.592,0.682
Relative,2007–2021,males,85+,3,mantle_cell,0.396,0.307,0.491
Relative,2007–2021,males,5–14,4,mantle_cell,NA,NA,NA
Relative,2007–2021,males,15–24,4,mantle_cell,NA,NA,NA
Relative,2007–2021,males,25–34,4,mantle_cell,NA,NA,NA
Relative,2007–2021,males,35–44,4,mantle_cell,0.88,0.76,0.944
Relative,2007–2021,males,45–54,4,mantle_cell,0.871,0.819,0.91
Relative,2007–2021,males,55–64,4,mantle_cell,0.772,0.733,0.807
Relative,2007–2021,males,65–74,4,mantle_cell,0.666,0.629,0.702
Relative,2007–2021,males,75–84,4,mantle_cell,0.561,0.512,0.609
Relative,2007–2021,males,85+,4,mantle_cell,0.364,0.265,0.473
Relative,2007–2021,males,5–14,5,mantle_cell,NA,NA,NA
Relative,2007–2021,males,15–24,5,mantle_cell,NA,NA,NA
Relative,2007–2021,males,25–34,5,mantle_cell,NA,NA,NA
Relative,2007–2021,males,35–44,5,mantle_cell,0.863,0.738,0.933
Relative,2007–2021,males,45–54,5,mantle_cell,0.842,0.786,0.886
Relative,2007–2021,males,55–64,5,mantle_cell,0.726,0.684,0.765
Relative,2007–2021,males,65–74,5,mantle_cell,0.613,0.573,0.651
Relative,2007–2021,males,75–84,5,mantle_cell,0.498,0.447,0.55
Relative,2007–2021,males,85+,5,mantle_cell,0.258,0.16,0.38
Relative,2007–2021,persons,5–14,1,mantle_cell,NA,NA,NA
Relative,2007–2021,persons,15–24,1,mantle_cell,NA,NA,NA
Relative,2007–2021,persons,25–34,1,mantle_cell,NA,NA,NA
Relative,2007–2021,persons,35–44,1,mantle_cell,0.9860000000000002,0.899,0.999
Relative,2007–2021,persons,45–54,1,mantle_cell,0.963,0.935,0.979
Relative,2007–2021,persons,55–64,1,mantle_cell,0.939,0.919,0.954
Relative,2007–2021,persons,65–74,1,mantle_cell,0.896,0.876,0.914
Relative,2007–2021,persons,75–84,1,mantle_cell,0.83,0.803,0.855
Relative,2007–2021,persons,85+,1,mantle_cell,0.622,0.558,0.682
Relative,2007–2021,persons,5–14,2,mantle_cell,NA,NA,NA
Relative,2007–2021,persons,15–24,2,mantle_cell,NA,NA,NA
Relative,2007–2021,persons,25–34,2,mantle_cell,NA,NA,NA
Relative,2007–2021,persons,35–44,2,mantle_cell,0.929,0.833,0.971
Relative,2007–2021,persons,45–54,2,mantle_cell,0.928,0.893,0.953
Relative,2007–2021,persons,55–64,2,mantle_cell,0.871,0.844,0.894
Relative,2007–2021,persons,65–74,2,mantle_cell,0.83,0.805,0.853
Relative,2007–2021,persons,75–84,2,mantle_cell,0.711,0.677,0.743
Relative,2007–2021,persons,85+,2,mantle_cell,0.545,0.475,0.614
Relative,2007–2021,persons,5–14,3,mantle_cell,NA,NA,NA
Relative,2007–2021,persons,15–24,3,mantle_cell,NA,NA,NA
Relative,2007–2021,persons,25–34,3,mantle_cell,NA,NA,NA
Relative,2007–2021,persons,35–44,3,mantle_cell,0.885,0.78,0.943
Relative,2007–2021,persons,45–54,3,mantle_cell,0.905,0.866,0.934
Relative,2007–2021,persons,55–64,3,mantle_cell,0.832,0.802,0.859
Relative,2007–2021,persons,65–74,3,mantle_cell,0.75,0.721,0.777
Relative,2007–2021,persons,75–84,3,mantle_cell,0.641,0.604,0.677
Relative,2007–2021,persons,85+,3,mantle_cell,0.441,0.367,0.518
Relative,2007–2021,persons,5–14,4,mantle_cell,NA,NA,NA
Relative,2007–2021,persons,15–24,4,mantle_cell,NA,NA,NA
Relative,2007–2021,persons,25–34,4,mantle_cell,NA,NA,NA
Relative,2007–2021,persons,35–44,4,mantle_cell,0.871,0.763,0.934
Relative,2007–2021,persons,45–54,4,mantle_cell,0.869,0.825,0.903
Relative,2007–2021,persons,55–64,4,mantle_cell,0.78,0.747,0.81
Relative,2007–2021,persons,65–74,4,mantle_cell,0.69,0.658,0.72
Relative,2007–2021,persons,75–84,4,mantle_cell,0.568,0.529,0.607
Relative,2007–2021,persons,85+,4,mantle_cell,0.41,0.328,0.497
Relative,2007–2021,persons,5–14,5,mantle_cell,NA,NA,NA
Relative,2007–2021,persons,15–24,5,mantle_cell,NA,NA,NA
Relative,2007–2021,persons,25–34,5,mantle_cell,NA,NA,NA
Relative,2007–2021,persons,35–44,5,mantle_cell,0.857,0.745,0.924
Relative,2007–2021,persons,45–54,5,mantle_cell,0.827,0.779,0.867
Relative,2007–2021,persons,55–64,5,mantle_cell,0.735,0.699,0.768
Relative,2007–2021,persons,65–74,5,mantle_cell,0.631,0.597,0.663
Relative,2007–2021,persons,75–84,5,mantle_cell,0.517,0.475,0.559
Relative,2007–2021,persons,85+,5,mantle_cell,0.319,0.235,0.416
Relative,2012–2016,females,5–14,1,mantle_cell,NA,NA,NA
Relative,2012–2016,females,15–24,1,mantle_cell,NA,NA,NA
Relative,2012–2016,females,25–34,1,mantle_cell,NA,NA,NA
Relative,2012–2016,females,35–44,1,mantle_cell,NA,NA,NA
Relative,2012–2016,females,45–54,1,mantle_cell,1.002,0.899,1.002
Relative,2012–2016,females,55–64,1,mantle_cell,0.938,0.838,0.979
Relative,2012–2016,females,65–74,1,mantle_cell,0.915,0.844,0.956
Relative,2012–2016,females,75–84,1,mantle_cell,0.862,0.779,0.92
Relative,2012–2016,females,85+,1,mantle_cell,0.676,0.497,0.819
Relative,2012–2016,females,5–14,2,mantle_cell,NA,NA,NA
Relative,2012–2016,females,15–24,2,mantle_cell,NA,NA,NA
Relative,2012–2016,females,25–34,2,mantle_cell,NA,NA,NA
Relative,2012–2016,females,35–44,2,mantle_cell,NA,NA,NA
Relative,2012–2016,females,45–54,2,mantle_cell,1.004,0.902,1.004
Relative,2012–2016,females,55–64,2,mantle_cell,0.851,0.727,0.924
Relative,2012–2016,females,65–74,2,mantle_cell,0.905,0.828,0.953
Relative,2012–2016,females,75–84,2,mantle_cell,0.738,0.64,0.818
Relative,2012–2016,females,85+,2,mantle_cell,0.642,0.446,0.812
Relative,2012–2016,females,5–14,3,mantle_cell,NA,NA,NA
Relative,2012–2016,females,15–24,3,mantle_cell,NA,NA,NA
Relative,2012–2016,females,25–34,3,mantle_cell,NA,NA,NA
Relative,2012–2016,females,35–44,3,mantle_cell,NA,NA,NA
Relative,2012–2016,females,45–54,3,mantle_cell,0.967,0.759,1.001
Relative,2012–2016,females,55–64,3,mantle_cell,0.836,0.708,0.915
Relative,2012–2016,females,65–74,3,mantle_cell,0.81,0.71,0.882
Relative,2012–2016,females,75–84,3,mantle_cell,0.661,0.556,0.753
Relative,2012–2016,females,85+,3,mantle_cell,NA,NA,NA
Relative,2012–2016,females,5–14,4,mantle_cell,NA,NA,NA
Relative,2012–2016,females,15–24,4,mantle_cell,NA,NA,NA
Relative,2012–2016,females,25–34,4,mantle_cell,NA,NA,NA
Relative,2012–2016,females,35–44,4,mantle_cell,NA,NA,NA
Relative,2012–2016,females,45–54,4,mantle_cell,NA,NA,NA
Relative,2012–2016,females,55–64,4,mantle_cell,0.802,0.667,0.89
Relative,2012–2016,females,65–74,4,mantle_cell,0.759,0.645,0.845
Relative,2012–2016,females,75–84,4,mantle_cell,0.6,0.489,0.702
Relative,2012–2016,females,85+,4,mantle_cell,NA,NA,NA
Relative,2012–2016,females,5–14,5,mantle_cell,NA,NA,NA
Relative,2012–2016,females,15–24,5,mantle_cell,NA,NA,NA
Relative,2012–2016,females,25–34,5,mantle_cell,NA,NA,NA
Relative,2012–2016,females,35–44,5,mantle_cell,NA,NA,NA
Relative,2012–2016,females,45–54,5,mantle_cell,NA,NA,NA
Relative,2012–2016,females,55–64,5,mantle_cell,0.787,0.648,0.88
Relative,2012–2016,females,65–74,5,mantle_cell,0.718,0.595,0.816
Relative,2012–2016,females,75–84,5,mantle_cell,0.539,0.422,0.65
Relative,2012–2016,females,85+,5,mantle_cell,NA,NA,NA
Relative,2012–2016,males,5–14,1,mantle_cell,NA,NA,NA
Relative,2012–2016,males,15–24,1,mantle_cell,NA,NA,NA
Relative,2012–2016,males,25–34,1,mantle_cell,NA,NA,NA
Relative,2012–2016,males,35–44,1,mantle_cell,NA,NA,NA
Relative,2012–2016,males,45–54,1,mantle_cell,0.922,0.832,0.966
Relative,2012–2016,males,55–64,1,mantle_cell,0.912,0.862,0.945
Relative,2012–2016,males,65–74,1,mantle_cell,0.893,0.847,0.927
Relative,2012–2016,males,75–84,1,mantle_cell,0.849,0.788,0.898
Relative,2012–2016,males,85+,1,mantle_cell,0.536,0.404,0.658
Relative,2012–2016,males,5–14,2,mantle_cell,NA,NA,NA
Relative,2012–2016,males,15–24,2,mantle_cell,NA,NA,NA
Relative,2012–2016,males,25–34,2,mantle_cell,NA,NA,NA
Relative,2012–2016,males,35–44,2,mantle_cell,NA,NA,NA
Relative,2012–2016,males,45–54,2,mantle_cell,0.887,0.79,0.943
Relative,2012–2016,males,55–64,2,mantle_cell,0.862,0.803,0.905
Relative,2012–2016,males,65–74,2,mantle_cell,0.822,0.766,0.867
Relative,2012–2016,males,75–84,2,mantle_cell,0.687,0.611,0.754
Relative,2012–2016,males,85+,2,mantle_cell,0.454,0.313,0.599
Relative,2012–2016,males,5–14,3,mantle_cell,NA,NA,NA
Relative,2012–2016,males,15–24,3,mantle_cell,NA,NA,NA
Relative,2012–2016,males,25–34,3,mantle_cell,NA,NA,NA
Relative,2012–2016,males,35–44,3,mantle_cell,NA,NA,NA
Relative,2012–2016,males,45–54,3,mantle_cell,0.867,0.766,0.928
Relative,2012–2016,males,55–64,3,mantle_cell,0.825,0.761,0.875
Relative,2012–2016,males,65–74,3,mantle_cell,0.706,0.641,0.762
Relative,2012–2016,males,75–84,3,mantle_cell,0.62,0.538,0.696
Relative,2012–2016,males,85+,3,mantle_cell,0.316,0.177,0.482
Relative,2012–2016,males,5–14,4,mantle_cell,NA,NA,NA
Relative,2012–2016,males,15–24,4,mantle_cell,NA,NA,NA
Relative,2012–2016,males,25–34,4,mantle_cell,NA,NA,NA
Relative,2012–2016,males,35–44,4,mantle_cell,NA,NA,NA
Relative,2012–2016,males,45–54,4,mantle_cell,0.835,0.731,0.904
Relative,2012–2016,males,55–64,4,mantle_cell,0.768,0.697,0.826
Relative,2012–2016,males,65–74,4,mantle_cell,0.625,0.557,0.688
Relative,2012–2016,males,75–84,4,mantle_cell,0.519,0.434,0.603
Relative,2012–2016,males,85+,4,mantle_cell,0.299,0.151,0.491
Relative,2012–2016,males,5–14,5,mantle_cell,NA,NA,NA
Relative,2012–2016,males,15–24,5,mantle_cell,NA,NA,NA
Relative,2012–2016,males,25–34,5,mantle_cell,NA,NA,NA
Relative,2012–2016,males,35–44,5,mantle_cell,NA,NA,NA
Relative,2012–2016,males,45–54,5,mantle_cell,0.785,0.676,0.863
Relative,2012–2016,males,55–64,5,mantle_cell,0.683,0.605,0.751
Relative,2012–2016,males,65–74,5,mantle_cell,0.554,0.483,0.621
Relative,2012–2016,males,75–84,5,mantle_cell,0.464,0.375,0.553
Relative,2012–2016,males,85+,5,mantle_cell,0.16,0.053,0.349
Relative,2012–2016,persons,5–14,1,mantle_cell,NA,NA,NA
Relative,2012–2016,persons,15–24,1,mantle_cell,NA,NA,NA
Relative,2012–2016,persons,25–34,1,mantle_cell,NA,NA,NA
Relative,2012–2016,persons,35–44,1,mantle_cell,1.001,0.877,1.001
Relative,2012–2016,persons,45–54,1,mantle_cell,0.944,0.876,0.976
Relative,2012–2016,persons,55–64,1,mantle_cell,0.918,0.876,0.947
Relative,2012–2016,persons,65–74,1,mantle_cell,0.899,0.863,0.928
Relative,2012–2016,persons,75–84,1,mantle_cell,0.854,0.806,0.893
Relative,2012–2016,persons,85+,1,mantle_cell,0.588,0.482,0.685
Relative,2012–2016,persons,5–14,2,mantle_cell,NA,NA,NA
Relative,2012–2016,persons,15–24,2,mantle_cell,NA,NA,NA
Relative,2012–2016,persons,25–34,2,mantle_cell,NA,NA,NA
Relative,2012–2016,persons,35–44,2,mantle_cell,0.958,0.726,0.997
Relative,2012–2016,persons,45–54,2,mantle_cell,0.919,0.845,0.96
Relative,2012–2016,persons,55–64,2,mantle_cell,0.86,0.809,0.899
Relative,2012–2016,persons,65–74,2,mantle_cell,0.846,0.802,0.882
Relative,2012–2016,persons,75–84,2,mantle_cell,0.705,0.646,0.758
Relative,2012–2016,persons,85+,2,mantle_cell,0.527,0.411,0.64
Relative,2012–2016,persons,5–14,3,mantle_cell,NA,NA,NA
Relative,2012–2016,persons,15–24,3,mantle_cell,NA,NA,NA
Relative,2012–2016,persons,25–34,3,mantle_cell,NA,NA,NA
Relative,2012–2016,persons,35–44,3,mantle_cell,NA,NA,NA
Relative,2012–2016,persons,45–54,3,mantle_cell,0.894,0.815,0.942
Relative,2012–2016,persons,55–64,3,mantle_cell,0.828,0.772,0.872
Relative,2012–2016,persons,65–74,3,mantle_cell,0.735,0.682,0.782
Relative,2012–2016,persons,75–84,3,mantle_cell,0.635,0.571,0.695
Relative,2012–2016,persons,85+,3,mantle_cell,0.414,0.29,0.546
Relative,2012–2016,persons,5–14,4,mantle_cell,NA,NA,NA
Relative,2012–2016,persons,15–24,4,mantle_cell,NA,NA,NA
Relative,2012–2016,persons,25–34,4,mantle_cell,NA,NA,NA
Relative,2012–2016,persons,35–44,4,mantle_cell,NA,NA,NA
Relative,2012–2016,persons,45–54,4,mantle_cell,0.851,0.765,0.909
Relative,2012–2016,persons,55–64,4,mantle_cell,0.776,0.715,0.826
Relative,2012–2016,persons,65–74,4,mantle_cell,0.66,0.602,0.714
Relative,2012–2016,persons,75–84,4,mantle_cell,0.548,0.481,0.614
Relative,2012–2016,persons,85+,4,mantle_cell,0.403,0.268,0.554
Relative,2012–2016,persons,5–14,5,mantle_cell,NA,NA,NA
Relative,2012–2016,persons,15–24,5,mantle_cell,NA,NA,NA
Relative,2012–2016,persons,25–34,5,mantle_cell,NA,NA,NA
Relative,2012–2016,persons,35–44,5,mantle_cell,NA,NA,NA
Relative,2012–2016,persons,45–54,5,mantle_cell,0.793,0.702,0.861
Relative,2012–2016,persons,55–64,5,mantle_cell,0.708,0.642,0.766
Relative,2012–2016,persons,65–74,5,mantle_cell,0.595,0.534,0.653
Relative,2012–2016,persons,75–84,5,mantle_cell,0.49,0.42,0.561
Relative,2012–2016,persons,85+,5,mantle_cell,0.251,0.129,0.416
Relative,2017–2021,females,5–14,1,mantle_cell,NA,NA,NA
Relative,2017–2021,females,15–24,1,mantle_cell,NA,NA,NA
Relative,2017–2021,females,25–34,1,mantle_cell,NA,NA,NA
Relative,2017–2021,females,35–44,1,mantle_cell,NA,NA,NA
Relative,2017–2021,females,45–54,1,mantle_cell,0.97,0.794,0.997
Relative,2017–2021,females,55–64,1,mantle_cell,0.956,0.88,0.9860000000000002
Relative,2017–2021,females,65–74,1,mantle_cell,0.918,0.851,0.958
Relative,2017–2021,females,75–84,1,mantle_cell,0.825,0.724,0.896
Relative,2017–2021,females,85+,1,mantle_cell,0.642,0.458,0.792
Relative,2017–2021,females,5–14,2,mantle_cell,NA,NA,NA
Relative,2017–2021,females,15–24,2,mantle_cell,NA,NA,NA
Relative,2017–2021,females,25–34,2,mantle_cell,NA,NA,NA
Relative,2017–2021,females,35–44,2,mantle_cell,NA,NA,NA
Relative,2017–2021,females,45–54,2,mantle_cell,0.939,0.769,0.9870000000000002
Relative,2017–2021,females,55–64,2,mantle_cell,0.9,0.81,0.95
Relative,2017–2021,females,65–74,2,mantle_cell,0.868,0.789,0.922
Relative,2017–2021,females,75–84,2,mantle_cell,0.743,0.633,0.831
Relative,2017–2021,females,85+,2,mantle_cell,0.64,0.439,0.816
Relative,2017–2021,females,5–14,3,mantle_cell,NA,NA,NA
Relative,2017–2021,females,15–24,3,mantle_cell,NA,NA,NA
Relative,2017–2021,females,25–34,3,mantle_cell,NA,NA,NA
Relative,2017–2021,females,35–44,3,mantle_cell,NA,NA,NA
Relative,2017–2021,females,45–54,3,mantle_cell,0.941,0.77,0.9890000000000002
Relative,2017–2021,females,55–64,3,mantle_cell,0.818,0.714,0.889
Relative,2017–2021,females,65–74,3,mantle_cell,0.829,0.744,0.892
Relative,2017–2021,females,75–84,3,mantle_cell,0.724,0.608,0.819
Relative,2017–2021,females,85+,3,mantle_cell,NA,NA,NA
Relative,2017–2021,females,5–14,4,mantle_cell,NA,NA,NA
Relative,2017–2021,females,15–24,4,mantle_cell,NA,NA,NA
Relative,2017–2021,females,25–34,4,mantle_cell,NA,NA,NA
Relative,2017–2021,females,35–44,4,mantle_cell,NA,NA,NA
Relative,2017–2021,females,45–54,4,mantle_cell,0.913,0.741,0.977
Relative,2017–2021,females,55–64,4,mantle_cell,0.781,0.671,0.86
Relative,2017–2021,females,65–74,4,mantle_cell,0.791,0.701,0.861
Relative,2017–2021,females,75–84,4,mantle_cell,0.655,0.535,0.759
Relative,2017–2021,females,85+,4,mantle_cell,NA,NA,NA
Relative,2017–2021,females,5–14,5,mantle_cell,NA,NA,NA
Relative,2017–2021,females,15–24,5,mantle_cell,NA,NA,NA
Relative,2017–2021,females,25–34,5,mantle_cell,NA,NA,NA
Relative,2017–2021,females,35–44,5,mantle_cell,NA,NA,NA
Relative,2017–2021,females,45–54,5,mantle_cell,0.85,0.666,0.941
Relative,2017–2021,females,55–64,5,mantle_cell,0.755,0.639,0.84
Relative,2017–2021,females,65–74,5,mantle_cell,0.692,0.595,0.773
Relative,2017–2021,females,75–84,5,mantle_cell,0.647,0.523,0.758
Relative,2017–2021,females,85+,5,mantle_cell,NA,NA,NA
Relative,2017–2021,males,5–14,1,mantle_cell,NA,NA,NA
Relative,2017–2021,males,15–24,1,mantle_cell,NA,NA,NA
Relative,2017–2021,males,25–34,1,mantle_cell,NA,NA,NA
Relative,2017–2021,males,35–44,1,mantle_cell,NA,NA,NA
Relative,2017–2021,males,45–54,1,mantle_cell,0.99,0.917,1.001
Relative,2017–2021,males,55–64,1,mantle_cell,0.949,0.912,0.972
Relative,2017–2021,males,65–74,1,mantle_cell,0.896,0.859,0.925
Relative,2017–2021,males,75–84,1,mantle_cell,0.84,0.786,0.883
Relative,2017–2021,males,85+,1,mantle_cell,0.647,0.53,0.75
Relative,2017–2021,males,5–14,2,mantle_cell,NA,NA,NA
Relative,2017–2021,males,15–24,2,mantle_cell,NA,NA,NA
Relative,2017–2021,males,25–34,2,mantle_cell,NA,NA,NA
Relative,2017–2021,males,35–44,2,mantle_cell,NA,NA,NA
Relative,2017–2021,males,45–54,2,mantle_cell,0.955,0.875,0.9860000000000002
Relative,2017–2021,males,55–64,2,mantle_cell,0.896,0.847,0.931
Relative,2017–2021,males,65–74,2,mantle_cell,0.83,0.784,0.868
Relative,2017–2021,males,75–84,2,mantle_cell,0.766,0.703,0.821
Relative,2017–2021,males,85+,2,mantle_cell,0.516,0.391,0.64
Relative,2017–2021,males,5–14,3,mantle_cell,NA,NA,NA
Relative,2017–2021,males,15–24,3,mantle_cell,NA,NA,NA
Relative,2017–2021,males,25–34,3,mantle_cell,NA,NA,NA
Relative,2017–2021,males,35–44,3,mantle_cell,NA,NA,NA
Relative,2017–2021,males,45–54,3,mantle_cell,0.917,0.824,0.964
Relative,2017–2021,males,55–64,3,mantle_cell,0.871,0.818,0.911
Relative,2017–2021,males,65–74,3,mantle_cell,0.772,0.72,0.817
Relative,2017–2021,males,75–84,3,mantle_cell,0.707,0.637,0.77
Relative,2017–2021,males,85+,3,mantle_cell,0.402,0.278,0.537
Relative,2017–2021,males,5–14,4,mantle_cell,NA,NA,NA
Relative,2017–2021,males,15–24,4,mantle_cell,NA,NA,NA
Relative,2017–2021,males,25–34,4,mantle_cell,NA,NA,NA
Relative,2017–2021,males,35–44,4,mantle_cell,NA,NA,NA
Relative,2017–2021,males,45–54,4,mantle_cell,0.89,0.79,0.948
Relative,2017–2021,males,55–64,4,mantle_cell,0.83,0.77,0.877
Relative,2017–2021,males,65–74,4,mantle_cell,0.725,0.668,0.775
Relative,2017–2021,males,75–84,4,mantle_cell,0.645,0.569,0.717
Relative,2017–2021,males,85+,4,mantle_cell,0.364,0.231,0.518
Relative,2017–2021,males,5–14,5,mantle_cell,NA,NA,NA
Relative,2017–2021,males,15–24,5,mantle_cell,NA,NA,NA
Relative,2017–2021,males,25–34,5,mantle_cell,NA,NA,NA
Relative,2017–2021,males,35–44,5,mantle_cell,NA,NA,NA
Relative,2017–2021,males,45–54,5,mantle_cell,0.894,0.793,0.952
Relative,2017–2021,males,55–64,5,mantle_cell,0.817,0.754,0.867
Relative,2017–2021,males,65–74,5,mantle_cell,0.694,0.634,0.748
Relative,2017–2021,males,75–84,5,mantle_cell,0.591,0.508,0.671
Relative,2017–2021,males,85+,5,mantle_cell,0.345,0.198,0.528
Relative,2017–2021,persons,5–14,1,mantle_cell,NA,NA,NA
Relative,2017–2021,persons,15–24,1,mantle_cell,NA,NA,NA
Relative,2017–2021,persons,25–34,1,mantle_cell,NA,NA,NA
Relative,2017–2021,persons,35–44,1,mantle_cell,0.953,0.707,0.994
Relative,2017–2021,persons,45–54,1,mantle_cell,0.9850000000000002,0.932,0.998
Relative,2017–2021,persons,55–64,1,mantle_cell,0.951,0.92,0.971
Relative,2017–2021,persons,65–74,1,mantle_cell,0.902,0.87,0.927
Relative,2017–2021,persons,75–84,1,mantle_cell,0.836,0.79,0.874
Relative,2017–2021,persons,85+,1,mantle_cell,0.645,0.548,0.732
Relative,2017–2021,persons,5–14,2,mantle_cell,NA,NA,NA
Relative,2017–2021,persons,15–24,2,mantle_cell,NA,NA,NA
Relative,2017–2021,persons,25–34,2,mantle_cell,NA,NA,NA
Relative,2017–2021,persons,35–44,2,mantle_cell,NA,NA,NA
Relative,2017–2021,persons,45–54,2,mantle_cell,0.95,0.887,0.98
Relative,2017–2021,persons,55–64,2,mantle_cell,0.897,0.856,0.927
Relative,2017–2021,persons,65–74,2,mantle_cell,0.84,0.801,0.872
Relative,2017–2021,persons,75–84,2,mantle_cell,0.76,0.707,0.808
Relative,2017–2021,persons,85+,2,mantle_cell,0.555,0.449,0.658
Relative,2017–2021,persons,5–14,3,mantle_cell,NA,NA,NA
Relative,2017–2021,persons,15–24,3,mantle_cell,NA,NA,NA
Relative,2017–2021,persons,25–34,3,mantle_cell,NA,NA,NA
Relative,2017–2021,persons,35–44,3,mantle_cell,NA,NA,NA
Relative,2017–2021,persons,45–54,3,mantle_cell,0.925,0.853,0.964
Relative,2017–2021,persons,55–64,3,mantle_cell,0.856,0.81,0.893
Relative,2017–2021,persons,65–74,3,mantle_cell,0.787,0.744,0.825
Relative,2017–2021,persons,75–84,3,mantle_cell,0.712,0.653,0.766
Relative,2017–2021,persons,85+,3,mantle_cell,0.461,0.35,0.576
Relative,2017–2021,persons,5–14,4,mantle_cell,NA,NA,NA
Relative,2017–2021,persons,15–24,4,mantle_cell,NA,NA,NA
Relative,2017–2021,persons,25–34,4,mantle_cell,NA,NA,NA
Relative,2017–2021,persons,35–44,4,mantle_cell,NA,NA,NA
Relative,2017–2021,persons,45–54,4,mantle_cell,0.898,0.819,0.946
Relative,2017–2021,persons,55–64,4,mantle_cell,0.816,0.766,0.859
Relative,2017–2021,persons,65–74,4,mantle_cell,0.742,0.695,0.784
Relative,2017–2021,persons,75–84,4,mantle_cell,0.648,0.584,0.709
Relative,2017–2021,persons,85+,4,mantle_cell,0.426,0.307,0.557
Relative,2017–2021,persons,5–14,5,mantle_cell,NA,NA,NA
Relative,2017–2021,persons,15–24,5,mantle_cell,NA,NA,NA
Relative,2017–2021,persons,25–34,5,mantle_cell,NA,NA,NA
Relative,2017–2021,persons,35–44,5,mantle_cell,NA,NA,NA
Relative,2017–2021,persons,45–54,5,mantle_cell,0.88,0.796,0.933
Relative,2017–2021,persons,55–64,5,mantle_cell,0.8,0.747,0.845
Relative,2017–2021,persons,65–74,5,mantle_cell,0.69,0.64,0.737
Relative,2017–2021,persons,75–84,5,mantle_cell,0.609,0.541,0.675
Relative,2017–2021,persons,85+,5,mantle_cell,0.389,0.262,0.535
Observed,2007–2011,females,5–14,1,dlbcl,NA,NA,NA
Observed,2007–2011,females,15–24,1,dlbcl,0.966,0.785,0.995
Observed,2007–2011,females,25–34,1,dlbcl,0.974,0.898,0.993
Observed,2007–2011,females,35–44,1,dlbcl,0.927,0.875,0.958
Observed,2007–2011,females,45–54,1,dlbcl,0.913,0.876,0.94
Observed,2007–2011,females,55–64,1,dlbcl,0.891,0.864,0.913
Observed,2007–2011,females,65–74,1,dlbcl,0.817,0.788,0.842
Observed,2007–2011,females,75–84,1,dlbcl,0.621,0.588,0.652
Observed,2007–2011,females,85+,1,dlbcl,0.387,0.336,0.437
Observed,2007–2011,females,5–14,2,dlbcl,NA,NA,NA
Observed,2007–2011,females,15–24,2,dlbcl,0.935,0.764,0.983
Observed,2007–2011,females,25–34,2,dlbcl,0.959,0.879,0.9870000000000002
Observed,2007–2011,females,35–44,2,dlbcl,0.89,0.83,0.929
Observed,2007–2011,females,45–54,2,dlbcl,0.875,0.833,0.907
Observed,2007–2011,females,55–64,2,dlbcl,0.829,0.796,0.856
Observed,2007–2011,females,65–74,2,dlbcl,0.753,0.722,0.782
Observed,2007–2011,females,75–84,2,dlbcl,0.527,0.494,0.559
Observed,2007–2011,females,85+,2,dlbcl,0.28,0.236,0.326
Observed,2007–2011,females,5–14,3,dlbcl,NA,NA,NA
Observed,2007–2011,females,15–24,3,dlbcl,0.935,0.764,0.983
Observed,2007–2011,females,25–34,3,dlbcl,0.959,0.879,0.9870000000000002
Observed,2007–2011,females,35–44,3,dlbcl,0.89,0.83,0.929
Observed,2007–2011,females,45–54,3,dlbcl,0.853,0.809,0.888
Observed,2007–2011,females,55–64,3,dlbcl,0.804,0.771,0.834
Observed,2007–2011,females,65–74,3,dlbcl,0.709,0.676,0.74
Observed,2007–2011,females,75–84,3,dlbcl,0.483,0.45,0.515
Observed,2007–2011,females,85+,3,dlbcl,0.238,0.197,0.281
Observed,2007–2011,females,5–14,4,dlbcl,NA,NA,NA
Observed,2007–2011,females,15–24,4,dlbcl,0.935,0.764,0.983
Observed,2007–2011,females,25–34,4,dlbcl,0.959,0.879,0.9870000000000002
Observed,2007–2011,females,35–44,4,dlbcl,0.89,0.83,0.929
Observed,2007–2011,females,45–54,4,dlbcl,0.837,0.791,0.874
Observed,2007–2011,females,55–64,4,dlbcl,0.78,0.745,0.811
Observed,2007–2011,females,65–74,4,dlbcl,0.666,0.631,0.698
Observed,2007–2011,females,75–84,4,dlbcl,0.443,0.41,0.475
Observed,2007–2011,females,85+,4,dlbcl,0.183,0.146,0.223
Observed,2007–2011,females,5–14,5,dlbcl,NA,NA,NA
Observed,2007–2011,females,15–24,5,dlbcl,0.935,0.764,0.983
Observed,2007–2011,females,25–34,5,dlbcl,0.946,0.863,0.979
Observed,2007–2011,females,35–44,5,dlbcl,0.874,0.81,0.917
Observed,2007–2011,females,45–54,5,dlbcl,0.83,0.784,0.868
Observed,2007–2011,females,55–64,5,dlbcl,0.76,0.723,0.793
Observed,2007–2011,females,65–74,5,dlbcl,0.637,0.602,0.67
Observed,2007–2011,females,75–84,5,dlbcl,0.396,0.364,0.429
Observed,2007–2011,females,85+,5,dlbcl,0.148,0.115,0.186
Observed,2007–2011,males,5–14,1,dlbcl,NA,NA,NA
Observed,2007–2011,males,15–24,1,dlbcl,0.921,0.822,0.967
Observed,2007–2011,males,25–34,1,dlbcl,0.94,0.884,0.97
Observed,2007–2011,males,35–44,1,dlbcl,0.918,0.873,0.948
Observed,2007–2011,males,45–54,1,dlbcl,0.872,0.839,0.899
Observed,2007–2011,males,55–64,1,dlbcl,0.865,0.841,0.885
Observed,2007–2011,males,65–74,1,dlbcl,0.788,0.762,0.812
Observed,2007–2011,males,75–84,1,dlbcl,0.639,0.609,0.668
Observed,2007–2011,males,85+,1,dlbcl,0.404,0.347,0.46
Observed,2007–2011,males,5–14,2,dlbcl,NA,NA,NA
Observed,2007–2011,males,15–24,2,dlbcl,0.881,0.776,0.939
Observed,2007–2011,males,25–34,2,dlbcl,0.885,0.816,0.929
Observed,2007–2011,males,35–44,2,dlbcl,0.857,0.803,0.897
Observed,2007–2011,males,45–54,2,dlbcl,0.804,0.766,0.837
Observed,2007–2011,males,55–64,2,dlbcl,0.79,0.762,0.815
Observed,2007–2011,males,65–74,2,dlbcl,0.703,0.673,0.73
Observed,2007–2011,males,75–84,2,dlbcl,0.535,0.504,0.566
Observed,2007–2011,males,85+,2,dlbcl,0.277,0.225,0.33
Observed,2007–2011,males,5–14,3,dlbcl,NA,NA,NA
Observed,2007–2011,males,15–24,3,dlbcl,0.866,0.758,0.928
Observed,2007–2011,males,25–34,3,dlbcl,0.861,0.788,0.91
Observed,2007–2011,males,35–44,3,dlbcl,0.844,0.788,0.886
Observed,2007–2011,males,45–54,3,dlbcl,0.794,0.755,0.827
Observed,2007–2011,males,55–64,3,dlbcl,0.756,0.727,0.783
Observed,2007–2011,males,65–74,3,dlbcl,0.655,0.624,0.684
Observed,2007–2011,males,75–84,3,dlbcl,0.474,0.443,0.505
Observed,2007–2011,males,85+,3,dlbcl,0.23,0.182,0.282
Observed,2007–2011,males,5–14,4,dlbcl,NA,NA,NA
Observed,2007–2011,males,15–24,4,dlbcl,0.85,0.739,0.916
Observed,2007–2011,males,25–34,4,dlbcl,0.844,0.769,0.897
Observed,2007–2011,males,35–44,4,dlbcl,0.835,0.779,0.878
Observed,2007–2011,males,45–54,4,dlbcl,0.767,0.727,0.803
Observed,2007–2011,males,55–64,4,dlbcl,0.725,0.694,0.753
Observed,2007–2011,males,65–74,4,dlbcl,0.612,0.581,0.642
Observed,2007–2011,males,75–84,4,dlbcl,0.428,0.397,0.458
Observed,2007–2011,males,85+,4,dlbcl,0.185,0.14,0.235
Observed,2007–2011,males,5–14,5,dlbcl,NA,NA,NA
Observed,2007–2011,males,15–24,5,dlbcl,0.85,0.739,0.916
Observed,2007–2011,males,25–34,5,dlbcl,0.844,0.769,0.897
Observed,2007–2011,males,35–44,5,dlbcl,0.831,0.774,0.874
Observed,2007–2011,males,45–54,5,dlbcl,0.75,0.708,0.786
Observed,2007–2011,males,55–64,5,dlbcl,0.694,0.662,0.724
Observed,2007–2011,males,65–74,5,dlbcl,0.584,0.552,0.615
Observed,2007–2011,males,75–84,5,dlbcl,0.38,0.35,0.411
Observed,2007–2011,males,85+,5,dlbcl,0.137,0.095,0.186
Observed,2007–2011,persons,5–14,1,dlbcl,0.97,0.804,0.996
Observed,2007–2011,persons,15–24,1,dlbcl,0.936,0.863,0.971
Observed,2007–2011,persons,25–34,1,dlbcl,0.952,0.913,0.974
Observed,2007–2011,persons,35–44,1,dlbcl,0.922,0.89,0.945
Observed,2007–2011,persons,45–54,1,dlbcl,0.888,0.864,0.908
Observed,2007–2011,persons,55–64,1,dlbcl,0.875,0.858,0.891
Observed,2007–2011,persons,65–74,1,dlbcl,0.801,0.782,0.819
Observed,2007–2011,persons,75–84,1,dlbcl,0.631,0.609,0.652
Observed,2007–2011,persons,85+,1,dlbcl,0.394,0.357,0.432
Observed,2007–2011,persons,5–14,2,dlbcl,0.906,0.736,0.969
Observed,2007–2011,persons,15–24,2,dlbcl,0.898,0.819,0.944
Observed,2007–2011,persons,25–34,2,dlbcl,0.912,0.863,0.943
Observed,2007–2011,persons,35–44,2,dlbcl,0.871,0.833,0.901
Observed,2007–2011,persons,45–54,2,dlbcl,0.832,0.805,0.857
Observed,2007–2011,persons,55–64,2,dlbcl,0.805,0.785,0.824
Observed,2007–2011,persons,65–74,2,dlbcl,0.726,0.704,0.746
Observed,2007–2011,persons,75–84,2,dlbcl,0.531,0.509,0.554
Observed,2007–2011,persons,85+,2,dlbcl,0.279,0.246,0.314
Observed,2007–2011,persons,5–14,3,dlbcl,0.906,0.736,0.969
Observed,2007–2011,persons,15–24,3,dlbcl,0.888,0.807,0.936
Observed,2007–2011,persons,25–34,3,dlbcl,0.897,0.846,0.931
Observed,2007–2011,persons,35–44,3,dlbcl,0.863,0.824,0.894
Observed,2007–2011,persons,45–54,3,dlbcl,0.817,0.789,0.842
Observed,2007–2011,persons,55–64,3,dlbcl,0.776,0.754,0.796
Observed,2007–2011,persons,65–74,3,dlbcl,0.68,0.657,0.701
Observed,2007–2011,persons,75–84,3,dlbcl,0.478,0.456,0.5
Observed,2007–2011,persons,85+,3,dlbcl,0.236,0.204,0.269
Observed,2007–2011,persons,5–14,4,dlbcl,0.906,0.736,0.969
Observed,2007–2011,persons,15–24,4,dlbcl,0.878,0.795,0.929
Observed,2007–2011,persons,25–34,4,dlbcl,0.887,0.834,0.923
Observed,2007–2011,persons,35–44,4,dlbcl,0.858,0.818,0.889
Observed,2007–2011,persons,45–54,4,dlbcl,0.795,0.765,0.822
Observed,2007–2011,persons,55–64,4,dlbcl,0.747,0.724,0.768
Observed,2007–2011,persons,65–74,4,dlbcl,0.636,0.613,0.659
Observed,2007–2011,persons,75–84,4,dlbcl,0.435,0.412,0.457
Observed,2007–2011,persons,85+,4,dlbcl,0.184,0.155,0.215
Observed,2007–2011,persons,5–14,5,dlbcl,NA,NA,NA
Observed,2007–2011,persons,15–24,5,dlbcl,0.878,0.795,0.929
Observed,2007–2011,persons,25–34,5,dlbcl,0.881,0.828,0.919
Observed,2007–2011,persons,35–44,5,dlbcl,0.849,0.809,0.882
Observed,2007–2011,persons,45–54,5,dlbcl,0.782,0.751,0.809
Observed,2007–2011,persons,55–64,5,dlbcl,0.721,0.697,0.743
Observed,2007–2011,persons,65–74,5,dlbcl,0.608,0.584,0.631
Observed,2007–2011,persons,75–84,5,dlbcl,0.388,0.366,0.41
Observed,2007–2011,persons,85+,5,dlbcl,0.145,0.118,0.174
Observed,2007–2021,females,5–14,1,dlbcl,0.89,0.697,0.963
Observed,2007–2021,females,15–24,1,dlbcl,0.953,0.879,0.982
Observed,2007–2021,females,25–34,1,dlbcl,0.972,0.938,0.9870000000000002
Observed,2007–2021,females,35–44,1,dlbcl,0.941,0.915,0.959
Observed,2007–2021,females,45–54,1,dlbcl,0.915,0.896,0.93
Observed,2007–2021,females,55–64,1,dlbcl,0.899,0.885,0.911
Observed,2007–2021,females,65–74,1,dlbcl,0.837,0.824,0.85
Observed,2007–2021,females,75–84,1,dlbcl,0.665,0.648,0.682
Observed,2007–2021,females,85+,1,dlbcl,0.448,0.421,0.474
Observed,2007–2021,females,5–14,2,dlbcl,0.853,0.655,0.942
Observed,2007–2021,females,15–24,2,dlbcl,0.941,0.865,0.975
Observed,2007–2021,females,25–34,2,dlbcl,0.929,0.885,0.957
Observed,2007–2021,females,35–44,2,dlbcl,0.908,0.877,0.931
Observed,2007–2021,females,45–54,2,dlbcl,0.874,0.852,0.893
Observed,2007–2021,females,55–64,2,dlbcl,0.85,0.834,0.865
Observed,2007–2021,females,65–74,2,dlbcl,0.769,0.754,0.784
Observed,2007–2021,females,75–84,2,dlbcl,0.576,0.558,0.594
Observed,2007–2021,females,85+,2,dlbcl,0.341,0.317,0.366
Observed,2007–2021,females,5–14,3,dlbcl,0.853,0.655,0.942
Observed,2007–2021,females,15–24,3,dlbcl,0.931,0.853,0.968
Observed,2007–2021,females,25–34,3,dlbcl,0.92,0.874,0.949
Observed,2007–2021,females,35–44,3,dlbcl,0.887,0.855,0.913
Observed,2007–2021,females,45–54,3,dlbcl,0.851,0.828,0.872
Observed,2007–2021,females,55–64,3,dlbcl,0.825,0.808,0.84
Observed,2007–2021,females,65–74,3,dlbcl,0.73,0.714,0.746
Observed,2007–2021,females,75–84,3,dlbcl,0.527,0.509,0.545
Observed,2007–2021,females,85+,3,dlbcl,0.291,0.267,0.315
Observed,2007–2021,females,5–14,4,dlbcl,NA,NA,NA
Observed,2007–2021,females,15–24,4,dlbcl,0.931,0.853,0.968
Observed,2007–2021,females,25–34,4,dlbcl,0.92,0.874,0.949
Observed,2007–2021,females,35–44,4,dlbcl,0.883,0.85,0.909
Observed,2007–2021,females,45–54,4,dlbcl,0.832,0.808,0.854
Observed,2007–2021,females,55–64,4,dlbcl,0.807,0.789,0.823
Observed,2007–2021,females,65–74,4,dlbcl,0.698,0.681,0.714
Observed,2007–2021,females,75–84,4,dlbcl,0.483,0.465,0.501
Observed,2007–2021,females,85+,4,dlbcl,0.241,0.219,0.264
Observed,2007–2021,females,5–14,5,dlbcl,NA,NA,NA
Observed,2007–2021,females,15–24,5,dlbcl,0.931,0.853,0.968
Observed,2007–2021,females,25–34,5,dlbcl,0.915,0.869,0.946
Observed,2007–2021,females,35–44,5,dlbcl,0.874,0.84,0.901
Observed,2007–2021,females,45–54,5,dlbcl,0.823,0.798,0.845
Observed,2007–2021,females,55–64,5,dlbcl,0.787,0.769,0.804
Observed,2007–2021,females,65–74,5,dlbcl,0.667,0.649,0.684
Observed,2007–2021,females,75–84,5,dlbcl,0.438,0.419,0.455
Observed,2007–2021,females,85+,5,dlbcl,0.204,0.183,0.226
Observed,2007–2021,males,5–14,1,dlbcl,1,0.929,1
Observed,2007–2021,males,15–24,1,dlbcl,0.943,0.894,0.97
Observed,2007–2021,males,25–34,1,dlbcl,0.953,0.924,0.972
Observed,2007–2021,males,35–44,1,dlbcl,0.936,0.915,0.951
Observed,2007–2021,males,45–54,1,dlbcl,0.901,0.885,0.915
Observed,2007–2021,males,55–64,1,dlbcl,0.88,0.868,0.891
Observed,2007–2021,males,65–74,1,dlbcl,0.821,0.809,0.832
Observed,2007–2021,males,75–84,1,dlbcl,0.675,0.66,0.69
Observed,2007–2021,males,85+,1,dlbcl,0.437,0.409,0.464
Observed,2007–2021,males,5–14,2,dlbcl,0.951,0.818,0.9880000000000002
Observed,2007–2021,males,15–24,2,dlbcl,0.913,0.857,0.948
Observed,2007–2021,males,25–34,2,dlbcl,0.915,0.879,0.941
Observed,2007–2021,males,35–44,2,dlbcl,0.881,0.855,0.903
Observed,2007–2021,males,45–54,2,dlbcl,0.848,0.829,0.865
Observed,2007–2021,males,55–64,2,dlbcl,0.81,0.796,0.824
Observed,2007–2021,males,65–74,2,dlbcl,0.737,0.723,0.75
Observed,2007–2021,males,75–84,2,dlbcl,0.577,0.561,0.593
Observed,2007–2021,males,85+,2,dlbcl,0.331,0.305,0.357
Observed,2007–2021,males,5–14,3,dlbcl,0.951,0.818,0.9880000000000002
Observed,2007–2021,males,15–24,3,dlbcl,0.894,0.835,0.933
Observed,2007–2021,males,25–34,3,dlbcl,0.896,0.857,0.925
Observed,2007–2021,males,35–44,3,dlbcl,0.87,0.843,0.893
Observed,2007–2021,males,45–54,3,dlbcl,0.83,0.81,0.847
Observed,2007–2021,males,55–64,3,dlbcl,0.781,0.765,0.795
Observed,2007–2021,males,65–74,3,dlbcl,0.694,0.679,0.708
Observed,2007–2021,males,75–84,3,dlbcl,0.52,0.503,0.536
Observed,2007–2021,males,85+,3,dlbcl,0.266,0.242,0.291
Observed,2007–2021,males,5–14,4,dlbcl,0.951,0.818,0.9880000000000002
Observed,2007–2021,males,15–24,4,dlbcl,0.876,0.814,0.918
Observed,2007–2021,males,25–34,4,dlbcl,0.89,0.85,0.92
Observed,2007–2021,males,35–44,4,dlbcl,0.861,0.834,0.885
Observed,2007–2021,males,45–54,4,dlbcl,0.81,0.79,0.829
Observed,2007–2021,males,55–64,4,dlbcl,0.756,0.74,0.771
Observed,2007–2021,males,65–74,4,dlbcl,0.653,0.637,0.667
Observed,2007–2021,males,75–84,4,dlbcl,0.467,0.45,0.483
Observed,2007–2021,males,85+,4,dlbcl,0.214,0.191,0.237
Observed,2007–2021,males,5–14,5,dlbcl,0.951,0.818,0.9880000000000002
Observed,2007–2021,males,15–24,5,dlbcl,0.876,0.814,0.918
Observed,2007–2021,males,25–34,5,dlbcl,0.88,0.839,0.911
Observed,2007–2021,males,35–44,5,dlbcl,0.856,0.828,0.88
Observed,2007–2021,males,45–54,5,dlbcl,0.797,0.776,0.816
Observed,2007–2021,males,55–64,5,dlbcl,0.731,0.715,0.747
Observed,2007–2021,males,65–74,5,dlbcl,0.624,0.608,0.639
Observed,2007–2021,males,75–84,5,dlbcl,0.416,0.399,0.432
Observed,2007–2021,males,85+,5,dlbcl,0.172,0.151,0.195
Observed,2007–2021,persons,5–14,1,dlbcl,0.956,0.869,0.9860000000000002
Observed,2007–2021,persons,15–24,1,dlbcl,0.946,0.91,0.969
Observed,2007–2021,persons,25–34,1,dlbcl,0.961,0.94,0.974
Observed,2007–2021,persons,35–44,1,dlbcl,0.938,0.922,0.95
Observed,2007–2021,persons,45–54,1,dlbcl,0.907,0.895,0.917
Observed,2007–2021,persons,55–64,1,dlbcl,0.888,0.879,0.896
Observed,2007–2021,persons,65–74,1,dlbcl,0.828,0.819,0.837
Observed,2007–2021,persons,75–84,1,dlbcl,0.671,0.659,0.682
Observed,2007–2021,persons,85+,1,dlbcl,0.443,0.423,0.462
Observed,2007–2021,persons,5–14,2,dlbcl,0.912,0.814,0.959
Observed,2007–2021,persons,15–24,2,dlbcl,0.923,0.882,0.95
Observed,2007–2021,persons,25–34,2,dlbcl,0.921,0.894,0.941
Observed,2007–2021,persons,35–44,2,dlbcl,0.892,0.872,0.908
Observed,2007–2021,persons,45–54,2,dlbcl,0.858,0.844,0.871
Observed,2007–2021,persons,55–64,2,dlbcl,0.827,0.816,0.837
Observed,2007–2021,persons,65–74,2,dlbcl,0.751,0.74,0.761
Observed,2007–2021,persons,75–84,2,dlbcl,0.577,0.565,0.589
Observed,2007–2021,persons,85+,2,dlbcl,0.336,0.318,0.354
Observed,2007–2021,persons,5–14,3,dlbcl,0.912,0.814,0.959
Observed,2007–2021,persons,15–24,3,dlbcl,0.907,0.864,0.937
Observed,2007–2021,persons,25–34,3,dlbcl,0.906,0.877,0.928
Observed,2007–2021,persons,35–44,3,dlbcl,0.877,0.856,0.894
Observed,2007–2021,persons,45–54,3,dlbcl,0.838,0.823,0.852
Observed,2007–2021,persons,55–64,3,dlbcl,0.799,0.787,0.81
Observed,2007–2021,persons,65–74,3,dlbcl,0.709,0.699,0.72
Observed,2007–2021,persons,75–84,3,dlbcl,0.523,0.511,0.535
Observed,2007–2021,persons,85+,3,dlbcl,0.279,0.262,0.297
Observed,2007–2021,persons,5–14,4,dlbcl,0.912,0.814,0.959
Observed,2007–2021,persons,15–24,4,dlbcl,0.896,0.851,0.928
Observed,2007–2021,persons,25–34,4,dlbcl,0.902,0.873,0.924
Observed,2007–2021,persons,35–44,4,dlbcl,0.87,0.849,0.888
Observed,2007–2021,persons,45–54,4,dlbcl,0.819,0.804,0.834
Observed,2007–2021,persons,55–64,4,dlbcl,0.777,0.765,0.788
Observed,2007–2021,persons,65–74,4,dlbcl,0.672,0.661,0.683
Observed,2007–2021,persons,75–84,4,dlbcl,0.474,0.462,0.487
Observed,2007–2021,persons,85+,4,dlbcl,0.229,0.213,0.245
Observed,2007–2021,persons,5–14,5,dlbcl,0.912,0.814,0.959
Observed,2007–2021,persons,15–24,5,dlbcl,0.896,0.851,0.928
Observed,2007–2021,persons,25–34,5,dlbcl,0.894,0.865,0.918
Observed,2007–2021,persons,35–44,5,dlbcl,0.863,0.842,0.881
Observed,2007–2021,persons,45–54,5,dlbcl,0.807,0.791,0.822
Observed,2007–2021,persons,55–64,5,dlbcl,0.754,0.742,0.766
Observed,2007–2021,persons,65–74,5,dlbcl,0.642,0.631,0.654
Observed,2007–2021,persons,75–84,5,dlbcl,0.426,0.414,0.438
Observed,2007–2021,persons,85+,5,dlbcl,0.189,0.174,0.205
Observed,2012–2016,females,5–14,1,dlbcl,NA,NA,NA
Observed,2012–2016,females,15–24,1,dlbcl,0.935,0.763,0.983
Observed,2012–2016,females,25–34,1,dlbcl,0.956,0.871,0.9860000000000002
Observed,2012–2016,females,35–44,1,dlbcl,0.954,0.905,0.978
Observed,2012–2016,females,45–54,1,dlbcl,0.932,0.9,0.954
Observed,2012–2016,females,55–64,1,dlbcl,0.908,0.884,0.927
Observed,2012–2016,females,65–74,1,dlbcl,0.852,0.828,0.873
Observed,2012–2016,females,75–84,1,dlbcl,0.68,0.65,0.708
Observed,2012–2016,females,85+,1,dlbcl,0.455,0.41,0.499
Observed,2012–2016,females,5–14,2,dlbcl,NA,NA,NA
Observed,2012–2016,females,15–24,2,dlbcl,0.935,0.763,0.983
Observed,2012–2016,females,25–34,2,dlbcl,0.868,0.763,0.929
Observed,2012–2016,females,35–44,2,dlbcl,0.914,0.857,0.949
Observed,2012–2016,females,45–54,2,dlbcl,0.884,0.845,0.913
Observed,2012–2016,females,55–64,2,dlbcl,0.86,0.832,0.884
Observed,2012–2016,females,65–74,2,dlbcl,0.77,0.742,0.795
Observed,2012–2016,females,75–84,2,dlbcl,0.584,0.553,0.614
Observed,2012–2016,females,85+,2,dlbcl,0.342,0.299,0.385
Observed,2012–2016,females,5–14,3,dlbcl,NA,NA,NA
Observed,2012–2016,females,15–24,3,dlbcl,0.904,0.731,0.968
Observed,2012–2016,females,25–34,3,dlbcl,0.854,0.746,0.919
Observed,2012–2016,females,35–44,3,dlbcl,0.89,0.829,0.93
Observed,2012–2016,females,45–54,3,dlbcl,0.861,0.82,0.893
Observed,2012–2016,females,55–64,3,dlbcl,0.836,0.806,0.861
Observed,2012–2016,females,65–74,3,dlbcl,0.739,0.71,0.765
Observed,2012–2016,females,75–84,3,dlbcl,0.538,0.506,0.568
Observed,2012–2016,females,85+,3,dlbcl,0.288,0.247,0.329
Observed,2012–2016,females,5–14,4,dlbcl,NA,NA,NA
Observed,2012–2016,females,15–24,4,dlbcl,0.904,0.731,0.968
Observed,2012–2016,females,25–34,4,dlbcl,0.854,0.746,0.919
Observed,2012–2016,females,35–44,4,dlbcl,0.878,0.815,0.92
Observed,2012–2016,females,45–54,4,dlbcl,0.846,0.804,0.88
Observed,2012–2016,females,55–64,4,dlbcl,0.823,0.792,0.849
Observed,2012–2016,females,65–74,4,dlbcl,0.715,0.685,0.742
Observed,2012–2016,females,75–84,4,dlbcl,0.487,0.455,0.517
Observed,2012–2016,females,85+,4,dlbcl,0.235,0.198,0.275
Observed,2012–2016,females,5–14,5,dlbcl,NA,NA,NA
Observed,2012–2016,females,15–24,5,dlbcl,0.904,0.731,0.968
Observed,2012–2016,females,25–34,5,dlbcl,0.854,0.746,0.919
Observed,2012–2016,females,35–44,5,dlbcl,0.866,0.802,0.911
Observed,2012–2016,females,45–54,5,dlbcl,0.834,0.79,0.869
Observed,2012–2016,females,55–64,5,dlbcl,0.803,0.771,0.831
Observed,2012–2016,females,65–74,5,dlbcl,0.686,0.655,0.715
Observed,2012–2016,females,75–84,5,dlbcl,0.436,0.405,0.467
Observed,2012–2016,females,85+,5,dlbcl,0.196,0.16,0.234
Observed,2012–2016,males,5–14,1,dlbcl,NA,NA,NA
Observed,2012–2016,males,15–24,1,dlbcl,0.978,0.852,0.997
Observed,2012–2016,males,25–34,1,dlbcl,0.969,0.907,0.99
Observed,2012–2016,males,35–44,1,dlbcl,0.943,0.907,0.965
Observed,2012–2016,males,45–54,1,dlbcl,0.907,0.879,0.929
Observed,2012–2016,males,55–64,1,dlbcl,0.883,0.861,0.901
Observed,2012–2016,males,65–74,1,dlbcl,0.841,0.82,0.859
Observed,2012–2016,males,75–84,1,dlbcl,0.673,0.645,0.698
Observed,2012–2016,males,85+,1,dlbcl,0.433,0.387,0.479
Observed,2012–2016,males,5–14,2,dlbcl,NA,NA,NA
Observed,2012–2016,males,15–24,2,dlbcl,0.978,0.852,0.997
Observed,2012–2016,males,25–34,2,dlbcl,0.94,0.872,0.973
Observed,2012–2016,males,35–44,2,dlbcl,0.883,0.838,0.916
Observed,2012–2016,males,45–54,2,dlbcl,0.857,0.825,0.884
Observed,2012–2016,males,55–64,2,dlbcl,0.811,0.785,0.834
Observed,2012–2016,males,65–74,2,dlbcl,0.754,0.73,0.776
Observed,2012–2016,males,75–84,2,dlbcl,0.572,0.544,0.6
Observed,2012–2016,males,85+,2,dlbcl,0.332,0.288,0.377
Observed,2012–2016,males,5–14,3,dlbcl,NA,NA,NA
Observed,2012–2016,males,15–24,3,dlbcl,0.978,0.852,0.997
Observed,2012–2016,males,25–34,3,dlbcl,0.93,0.859,0.966
Observed,2012–2016,males,35–44,3,dlbcl,0.875,0.829,0.91
Observed,2012–2016,males,45–54,3,dlbcl,0.832,0.798,0.861
Observed,2012–2016,males,55–64,3,dlbcl,0.785,0.759,0.81
Observed,2012–2016,males,65–74,3,dlbcl,0.709,0.684,0.733
Observed,2012–2016,males,75–84,3,dlbcl,0.515,0.486,0.543
Observed,2012–2016,males,85+,3,dlbcl,0.265,0.224,0.309
Observed,2012–2016,males,5–14,4,dlbcl,NA,NA,NA
Observed,2012–2016,males,15–24,4,dlbcl,0.96,0.847,0.99
Observed,2012–2016,males,25–34,4,dlbcl,0.93,0.859,0.966
Observed,2012–2016,males,35–44,4,dlbcl,0.867,0.82,0.903
Observed,2012–2016,males,45–54,4,dlbcl,0.818,0.783,0.849
Observed,2012–2016,males,55–64,4,dlbcl,0.764,0.737,0.789
Observed,2012–2016,males,65–74,4,dlbcl,0.673,0.646,0.698
Observed,2012–2016,males,75–84,4,dlbcl,0.468,0.439,0.497
Observed,2012–2016,males,85+,4,dlbcl,0.221,0.182,0.263
Observed,2012–2016,males,5–14,5,dlbcl,NA,NA,NA
Observed,2012–2016,males,15–24,5,dlbcl,0.96,0.847,0.99
Observed,2012–2016,males,25–34,5,dlbcl,0.93,0.859,0.966
Observed,2012–2016,males,35–44,5,dlbcl,0.858,0.81,0.895
Observed,2012–2016,males,45–54,5,dlbcl,0.801,0.765,0.833
Observed,2012–2016,males,55–64,5,dlbcl,0.744,0.715,0.769
Observed,2012–2016,males,65–74,5,dlbcl,0.639,0.612,0.666
Observed,2012–2016,males,75–84,5,dlbcl,0.414,0.385,0.443
Observed,2012–2016,males,85+,5,dlbcl,0.175,0.138,0.216
Observed,2012–2016,persons,5–14,1,dlbcl,NA,NA,NA
Observed,2012–2016,persons,15–24,1,dlbcl,0.96,0.882,0.9870000000000002
Observed,2012–2016,persons,25–34,1,dlbcl,0.964,0.921,0.9840000000000002
Observed,2012–2016,persons,35–44,1,dlbcl,0.947,0.92,0.965
Observed,2012–2016,persons,45–54,1,dlbcl,0.917,0.897,0.933
Observed,2012–2016,persons,55–64,1,dlbcl,0.893,0.877,0.907
Observed,2012–2016,persons,65–74,1,dlbcl,0.846,0.83,0.86
Observed,2012–2016,persons,75–84,1,dlbcl,0.676,0.656,0.695
Observed,2012–2016,persons,85+,1,dlbcl,0.445,0.412,0.477
Observed,2012–2016,persons,5–14,2,dlbcl,NA,NA,NA
Observed,2012–2016,persons,15–24,2,dlbcl,0.96,0.882,0.9870000000000002
Observed,2012–2016,persons,25–34,2,dlbcl,0.911,0.858,0.946
Observed,2012–2016,persons,35–44,2,dlbcl,0.895,0.861,0.92
Observed,2012–2016,persons,45–54,2,dlbcl,0.868,0.844,0.888
Observed,2012–2016,persons,55–64,2,dlbcl,0.831,0.813,0.848
Observed,2012–2016,persons,65–74,2,dlbcl,0.761,0.743,0.778
Observed,2012–2016,persons,75–84,2,dlbcl,0.578,0.557,0.598
Observed,2012–2016,persons,85+,2,dlbcl,0.337,0.306,0.368
Observed,2012–2016,persons,5–14,3,dlbcl,NA,NA,NA
Observed,2012–2016,persons,15–24,3,dlbcl,0.948,0.868,0.98
Observed,2012–2016,persons,25–34,3,dlbcl,0.9,0.844,0.936
Observed,2012–2016,persons,35–44,3,dlbcl,0.88,0.845,0.908
Observed,2012–2016,persons,45–54,3,dlbcl,0.844,0.818,0.866
Observed,2012–2016,persons,55–64,3,dlbcl,0.806,0.787,0.824
Observed,2012–2016,persons,65–74,3,dlbcl,0.722,0.703,0.74
Observed,2012–2016,persons,75–84,3,dlbcl,0.526,0.504,0.546
Observed,2012–2016,persons,85+,3,dlbcl,0.277,0.248,0.307
Observed,2012–2016,persons,5–14,4,dlbcl,NA,NA,NA
Observed,2012–2016,persons,15–24,4,dlbcl,0.937,0.854,0.973
Observed,2012–2016,persons,25–34,4,dlbcl,0.9,0.844,0.936
Observed,2012–2016,persons,35–44,4,dlbcl,0.87,0.834,0.899
Observed,2012–2016,persons,45–54,4,dlbcl,0.829,0.803,0.853
Observed,2012–2016,persons,55–64,4,dlbcl,0.788,0.768,0.807
Observed,2012–2016,persons,65–74,4,dlbcl,0.691,0.671,0.71
Observed,2012–2016,persons,75–84,4,dlbcl,0.477,0.455,0.498
Observed,2012–2016,persons,85+,4,dlbcl,0.229,0.201,0.257
Observed,2012–2016,persons,5–14,5,dlbcl,NA,NA,NA
Observed,2012–2016,persons,15–24,5,dlbcl,0.937,0.854,0.973
Observed,2012–2016,persons,25–34,5,dlbcl,0.9,0.844,0.936
Observed,2012–2016,persons,35–44,5,dlbcl,0.86,0.823,0.89
Observed,2012–2016,persons,45–54,5,dlbcl,0.814,0.787,0.839
Observed,2012–2016,persons,55–64,5,dlbcl,0.768,0.747,0.787
Observed,2012–2016,persons,65–74,5,dlbcl,0.66,0.639,0.679
Observed,2012–2016,persons,75–84,5,dlbcl,0.425,0.403,0.446
Observed,2012–2016,persons,85+,5,dlbcl,0.186,0.16,0.214
Observed,2017–2021,females,5–14,1,dlbcl,NA,NA,NA
Observed,2017–2021,females,15–24,1,dlbcl,0.958,0.739,0.994
Observed,2017–2021,females,25–34,1,dlbcl,0.9850000000000002,0.901,0.998
Observed,2017–2021,females,35–44,1,dlbcl,0.944,0.892,0.972
Observed,2017–2021,females,45–54,1,dlbcl,0.898,0.861,0.926
Observed,2017–2021,females,55–64,1,dlbcl,0.897,0.873,0.917
Observed,2017–2021,females,65–74,1,dlbcl,0.839,0.817,0.859
Observed,2017–2021,females,75–84,1,dlbcl,0.687,0.659,0.713
Observed,2017–2021,females,85+,1,dlbcl,0.481,0.438,0.523
Observed,2017–2021,females,5–14,2,dlbcl,NA,NA,NA
Observed,2017–2021,females,15–24,2,dlbcl,0.958,0.739,0.994
Observed,2017–2021,females,25–34,2,dlbcl,0.957,0.873,0.9860000000000002
Observed,2017–2021,females,35–44,2,dlbcl,0.922,0.863,0.956
Observed,2017–2021,females,45–54,2,dlbcl,0.863,0.822,0.895
Observed,2017–2021,females,55–64,2,dlbcl,0.858,0.832,0.881
Observed,2017–2021,females,65–74,2,dlbcl,0.779,0.754,0.802
Observed,2017–2021,females,75–84,2,dlbcl,0.608,0.579,0.636
Observed,2017–2021,females,85+,2,dlbcl,0.382,0.341,0.423
Observed,2017–2021,females,5–14,3,dlbcl,NA,NA,NA
Observed,2017–2021,females,15–24,3,dlbcl,0.958,0.739,0.994
Observed,2017–2021,females,25–34,3,dlbcl,0.944,0.857,0.979
Observed,2017–2021,females,35–44,3,dlbcl,0.882,0.815,0.926
Observed,2017–2021,females,45–54,3,dlbcl,0.84,0.797,0.875
Observed,2017–2021,females,55–64,3,dlbcl,0.831,0.802,0.856
Observed,2017–2021,females,65–74,3,dlbcl,0.737,0.711,0.762
Observed,2017–2021,females,75–84,3,dlbcl,0.554,0.524,0.582
Observed,2017–2021,females,85+,3,dlbcl,0.33,0.29,0.369
Observed,2017–2021,females,5–14,4,dlbcl,NA,NA,NA
Observed,2017–2021,females,15–24,4,dlbcl,0.958,0.739,0.994
Observed,2017–2021,females,25–34,4,dlbcl,0.944,0.857,0.979
Observed,2017–2021,females,35–44,4,dlbcl,0.882,0.815,0.926
Observed,2017–2021,females,45–54,4,dlbcl,0.814,0.769,0.851
Observed,2017–2021,females,55–64,4,dlbcl,0.814,0.784,0.84
Observed,2017–2021,females,65–74,4,dlbcl,0.705,0.678,0.731
Observed,2017–2021,females,75–84,4,dlbcl,0.513,0.483,0.542
Observed,2017–2021,females,85+,4,dlbcl,0.287,0.249,0.326
Observed,2017–2021,females,5–14,5,dlbcl,NA,NA,NA
Observed,2017–2021,females,15–24,5,dlbcl,0.958,0.739,0.994
Observed,2017–2021,females,25–34,5,dlbcl,0.944,0.857,0.979
Observed,2017–2021,females,35–44,5,dlbcl,0.882,0.815,0.926
Observed,2017–2021,females,45–54,5,dlbcl,0.805,0.76,0.843
Observed,2017–2021,females,55–64,5,dlbcl,0.794,0.763,0.821
Observed,2017–2021,females,65–74,5,dlbcl,0.67,0.642,0.697
Observed,2017–2021,females,75–84,5,dlbcl,0.472,0.442,0.501
Observed,2017–2021,females,85+,5,dlbcl,0.248,0.212,0.286
Observed,2017–2021,males,5–14,1,dlbcl,NA,NA,NA
Observed,2017–2021,males,15–24,1,dlbcl,0.939,0.824,0.98
Observed,2017–2021,males,25–34,1,dlbcl,0.956,0.887,0.983
Observed,2017–2021,males,35–44,1,dlbcl,0.944,0.905,0.967
Observed,2017–2021,males,45–54,1,dlbcl,0.922,0.896,0.942
Observed,2017–2021,males,55–64,1,dlbcl,0.891,0.87,0.908
Observed,2017–2021,males,65–74,1,dlbcl,0.825,0.806,0.843
Observed,2017–2021,males,75–84,1,dlbcl,0.702,0.678,0.725
Observed,2017–2021,males,85+,1,dlbcl,0.458,0.415,0.5
Observed,2017–2021,males,5–14,2,dlbcl,NA,NA,NA
Observed,2017–2021,males,15–24,2,dlbcl,0.9,0.776,0.957
Observed,2017–2021,males,25–34,2,dlbcl,0.932,0.855,0.969
Observed,2017–2021,males,35–44,2,dlbcl,0.902,0.856,0.935
Observed,2017–2021,males,45–54,2,dlbcl,0.877,0.846,0.903
Observed,2017–2021,males,55–64,2,dlbcl,0.828,0.804,0.85
Observed,2017–2021,males,65–74,2,dlbcl,0.744,0.722,0.764
Observed,2017–2021,males,75–84,2,dlbcl,0.61,0.584,0.634
Observed,2017–2021,males,85+,2,dlbcl,0.358,0.318,0.398
Observed,2017–2021,males,5–14,3,dlbcl,NA,NA,NA
Observed,2017–2021,males,15–24,3,dlbcl,0.856,0.721,0.929
Observed,2017–2021,males,25–34,3,dlbcl,0.909,0.826,0.953
Observed,2017–2021,males,35–44,3,dlbcl,0.89,0.841,0.924
Observed,2017–2021,males,45–54,3,dlbcl,0.859,0.826,0.886
Observed,2017–2021,males,55–64,3,dlbcl,0.797,0.771,0.82
Observed,2017–2021,males,65–74,3,dlbcl,0.706,0.684,0.727
Observed,2017–2021,males,75–84,3,dlbcl,0.555,0.529,0.581
Observed,2017–2021,males,85+,3,dlbcl,0.286,0.248,0.324
Observed,2017–2021,males,5–14,4,dlbcl,NA,NA,NA
Observed,2017–2021,males,15–24,4,dlbcl,0.832,0.692,0.913
Observed,2017–2021,males,25–34,4,dlbcl,0.909,0.826,0.953
Observed,2017–2021,males,35–44,4,dlbcl,0.881,0.832,0.917
Observed,2017–2021,males,45–54,4,dlbcl,0.841,0.807,0.869
Observed,2017–2021,males,55–64,4,dlbcl,0.773,0.747,0.798
Observed,2017–2021,males,65–74,4,dlbcl,0.661,0.638,0.684
Observed,2017–2021,males,75–84,4,dlbcl,0.492,0.466,0.518
Observed,2017–2021,males,85+,4,dlbcl,0.225,0.191,0.261
Observed,2017–2021,males,5–14,5,dlbcl,NA,NA,NA
Observed,2017–2021,males,15–24,5,dlbcl,0.832,0.692,0.913
Observed,2017–2021,males,25–34,5,dlbcl,0.875,0.786,0.929
Observed,2017–2021,males,35–44,5,dlbcl,0.877,0.827,0.913
Observed,2017–2021,males,45–54,5,dlbcl,0.833,0.799,0.862
Observed,2017–2021,males,55–64,5,dlbcl,0.75,0.723,0.776
Observed,2017–2021,males,65–74,5,dlbcl,0.636,0.612,0.659
Observed,2017–2021,males,75–84,5,dlbcl,0.441,0.415,0.467
Observed,2017–2021,males,85+,5,dlbcl,0.187,0.155,0.221
Observed,2017–2021,persons,5–14,1,dlbcl,NA,NA,NA
Observed,2017–2021,persons,15–24,1,dlbcl,0.946,0.862,0.979
Observed,2017–2021,persons,25–34,1,dlbcl,0.969,0.926,0.9870000000000002
Observed,2017–2021,persons,35–44,1,dlbcl,0.944,0.915,0.963
Observed,2017–2021,persons,45–54,1,dlbcl,0.913,0.892,0.93
Observed,2017–2021,persons,55–64,1,dlbcl,0.893,0.878,0.907
Observed,2017–2021,persons,65–74,1,dlbcl,0.831,0.817,0.844
Observed,2017–2021,persons,75–84,1,dlbcl,0.696,0.678,0.713
Observed,2017–2021,persons,85+,1,dlbcl,0.47,0.44,0.5
Observed,2017–2021,persons,5–14,2,dlbcl,NA,NA,NA
Observed,2017–2021,persons,15–24,2,dlbcl,0.919,0.829,0.963
Observed,2017–2021,persons,25–34,2,dlbcl,0.943,0.893,0.97
Observed,2017–2021,persons,35–44,2,dlbcl,0.91,0.875,0.935
Observed,2017–2021,persons,45–54,2,dlbcl,0.872,0.848,0.892
Observed,2017–2021,persons,55–64,2,dlbcl,0.841,0.823,0.857
Observed,2017–2021,persons,65–74,2,dlbcl,0.758,0.742,0.774
Observed,2017–2021,persons,75–84,2,dlbcl,0.609,0.59,0.628
Observed,2017–2021,persons,85+,2,dlbcl,0.37,0.341,0.399
Observed,2017–2021,persons,5–14,3,dlbcl,NA,NA,NA
Observed,2017–2021,persons,15–24,3,dlbcl,0.893,0.797,0.945
Observed,2017–2021,persons,25–34,3,dlbcl,0.924,0.87,0.956
Observed,2017–2021,persons,35–44,3,dlbcl,0.888,0.85,0.916
Observed,2017–2021,persons,45–54,3,dlbcl,0.852,0.826,0.873
Observed,2017–2021,persons,55–64,3,dlbcl,0.811,0.792,0.828
Observed,2017–2021,persons,65–74,3,dlbcl,0.719,0.702,0.735
Observed,2017–2021,persons,75–84,3,dlbcl,0.555,0.535,0.574
Observed,2017–2021,persons,85+,3,dlbcl,0.308,0.28,0.335
Observed,2017–2021,persons,5–14,4,dlbcl,NA,NA,NA
Observed,2017–2021,persons,15–24,4,dlbcl,0.88,0.782,0.936
Observed,2017–2021,persons,25–34,4,dlbcl,0.924,0.87,0.956
Observed,2017–2021,persons,35–44,4,dlbcl,0.882,0.845,0.911
Observed,2017–2021,persons,45–54,4,dlbcl,0.83,0.804,0.854
Observed,2017–2021,persons,55–64,4,dlbcl,0.79,0.771,0.808
Observed,2017–2021,persons,65–74,4,dlbcl,0.679,0.662,0.696
Observed,2017–2021,persons,75–84,4,dlbcl,0.502,0.482,0.521
Observed,2017–2021,persons,85+,4,dlbcl,0.255,0.23,0.282
Observed,2017–2021,persons,5–14,5,dlbcl,NA,NA,NA
Observed,2017–2021,persons,15–24,5,dlbcl,0.88,0.782,0.936
Observed,2017–2021,persons,25–34,5,dlbcl,0.904,0.846,0.941
Observed,2017–2021,persons,35–44,5,dlbcl,0.88,0.842,0.909
Observed,2017–2021,persons,45–54,5,dlbcl,0.822,0.796,0.846
Observed,2017–2021,persons,55–64,5,dlbcl,0.768,0.748,0.787
Observed,2017–2021,persons,65–74,5,dlbcl,0.65,0.632,0.668
Observed,2017–2021,persons,75–84,5,dlbcl,0.455,0.435,0.474
Observed,2017–2021,persons,85+,5,dlbcl,0.217,0.193,0.242
Relative,2007–2011,females,5–14,1,dlbcl,NA,NA,NA
Relative,2007–2011,females,15–24,1,dlbcl,0.967,0.785,0.995
Relative,2007–2011,females,25–34,1,dlbcl,0.974,0.899,0.994
Relative,2007–2011,females,35–44,1,dlbcl,0.927,0.875,0.958
Relative,2007–2011,females,45–54,1,dlbcl,0.915,0.878,0.941
Relative,2007–2011,females,55–64,1,dlbcl,0.895,0.868,0.917
Relative,2007–2011,females,65–74,1,dlbcl,0.826,0.797,0.851
Relative,2007–2011,females,75–84,1,dlbcl,0.643,0.609,0.675
Relative,2007–2011,females,85+,1,dlbcl,0.434,0.377,0.49
Relative,2007–2011,females,5–14,2,dlbcl,NA,NA,NA
Relative,2007–2011,females,15–24,2,dlbcl,0.935,0.765,0.9840000000000002
Relative,2007–2011,females,25–34,2,dlbcl,0.96,0.88,0.9880000000000002
Relative,2007–2011,females,35–44,2,dlbcl,0.891,0.832,0.93
Relative,2007–2011,females,45–54,2,dlbcl,0.879,0.837,0.911
Relative,2007–2011,females,55–64,2,dlbcl,0.836,0.803,0.864
Relative,2007–2011,females,65–74,2,dlbcl,0.771,0.739,0.8
Relative,2007–2011,females,75–84,2,dlbcl,0.567,0.531,0.601
Relative,2007–2011,females,85+,2,dlbcl,0.355,0.299,0.413
Relative,2007–2011,females,5–14,3,dlbcl,NA,NA,NA
Relative,2007–2011,females,15–24,3,dlbcl,0.936,0.765,0.9840000000000002
Relative,2007–2011,females,25–34,3,dlbcl,0.961,0.88,0.9880000000000002
Relative,2007–2011,females,35–44,3,dlbcl,0.892,0.833,0.931
Relative,2007–2011,females,45–54,3,dlbcl,0.859,0.814,0.893
Relative,2007–2011,females,55–64,3,dlbcl,0.815,0.781,0.845
Relative,2007–2011,females,65–74,3,dlbcl,0.735,0.701,0.767
Relative,2007–2011,females,75–84,3,dlbcl,0.543,0.505,0.579
Relative,2007–2011,females,85+,3,dlbcl,0.345,0.285,0.408
Relative,2007–2011,females,5–14,4,dlbcl,NA,NA,NA
Relative,2007–2011,females,15–24,4,dlbcl,0.936,0.765,0.9840000000000002
Relative,2007–2011,females,25–34,4,dlbcl,0.961,0.881,0.9880000000000002
Relative,2007–2011,females,35–44,4,dlbcl,0.893,0.834,0.932
Relative,2007–2011,females,45–54,4,dlbcl,0.844,0.798,0.881
Relative,2007–2011,females,55–64,4,dlbcl,0.795,0.759,0.827
Relative,2007–2011,females,65–74,4,dlbcl,0.7,0.664,0.734
Relative,2007–2011,females,75–84,4,dlbcl,0.524,0.485,0.562
Relative,2007–2011,females,85+,4,dlbcl,0.309,0.247,0.377
Relative,2007–2011,females,5–14,5,dlbcl,NA,NA,NA
Relative,2007–2011,females,15–24,5,dlbcl,0.936,0.765,0.9850000000000002
Relative,2007–2011,females,25–34,5,dlbcl,0.948,0.864,0.982
Relative,2007–2011,females,35–44,5,dlbcl,0.878,0.814,0.921
Relative,2007–2011,females,45–54,5,dlbcl,0.84,0.793,0.878
Relative,2007–2011,females,55–64,5,dlbcl,0.779,0.742,0.813
Relative,2007–2011,females,65–74,5,dlbcl,0.682,0.644,0.717
Relative,2007–2011,females,75–84,5,dlbcl,0.496,0.456,0.537
Relative,2007–2011,females,85+,5,dlbcl,0.297,0.229,0.373
Relative,2007–2011,males,5–14,1,dlbcl,NA,NA,NA
Relative,2007–2011,males,15–24,1,dlbcl,0.922,0.822,0.967
Relative,2007–2011,males,25–34,1,dlbcl,0.941,0.885,0.971
Relative,2007–2011,males,35–44,1,dlbcl,0.92,0.875,0.949
Relative,2007–2011,males,45–54,1,dlbcl,0.875,0.842,0.902
Relative,2007–2011,males,55–64,1,dlbcl,0.871,0.847,0.891
Relative,2007–2011,males,65–74,1,dlbcl,0.803,0.776,0.827
Relative,2007–2011,males,75–84,1,dlbcl,0.675,0.642,0.705
Relative,2007–2011,males,85+,1,dlbcl,0.466,0.4,0.531
Relative,2007–2011,males,5–14,2,dlbcl,NA,NA,NA
Relative,2007–2011,males,15–24,2,dlbcl,0.882,0.777,0.94
Relative,2007–2011,males,25–34,2,dlbcl,0.887,0.818,0.931
Relative,2007–2011,males,35–44,2,dlbcl,0.86,0.806,0.9
Relative,2007–2011,males,45–54,2,dlbcl,0.809,0.771,0.842
Relative,2007–2011,males,55–64,2,dlbcl,0.801,0.773,0.827
Relative,2007–2011,males,65–74,2,dlbcl,0.73,0.699,0.759
Relative,2007–2011,males,75–84,2,dlbcl,0.598,0.563,0.632
Relative,2007–2011,males,85+,2,dlbcl,0.37,0.302,0.442
Relative,2007–2011,males,5–14,3,dlbcl,NA,NA,NA
Relative,2007–2011,males,15–24,3,dlbcl,0.867,0.759,0.93
Relative,2007–2011,males,25–34,3,dlbcl,0.863,0.791,0.913
Relative,2007–2011,males,35–44,3,dlbcl,0.847,0.792,0.89
Relative,2007–2011,males,45–54,3,dlbcl,0.802,0.762,0.836
Relative,2007–2011,males,55–64,3,dlbcl,0.774,0.744,0.801
Relative,2007–2011,males,65–74,3,dlbcl,0.696,0.664,0.727
Relative,2007–2011,males,75–84,3,dlbcl,0.566,0.528,0.602
Relative,2007–2011,males,85+,3,dlbcl,0.364,0.287,0.446
Relative,2007–2011,males,5–14,4,dlbcl,NA,NA,NA
Relative,2007–2011,males,15–24,4,dlbcl,0.852,0.741,0.919
Relative,2007–2011,males,25–34,4,dlbcl,0.847,0.772,0.9
Relative,2007–2011,males,35–44,4,dlbcl,0.84,0.784,0.884
Relative,2007–2011,males,45–54,4,dlbcl,0.778,0.737,0.814
Relative,2007–2011,males,55–64,4,dlbcl,0.749,0.717,0.778
Relative,2007–2011,males,65–74,4,dlbcl,0.668,0.633,0.7
Relative,2007–2011,males,75–84,4,dlbcl,0.548,0.508,0.587
Relative,2007–2011,males,85+,4,dlbcl,0.347,0.262,0.44
Relative,2007–2011,males,5–14,5,dlbcl,NA,NA,NA
Relative,2007–2011,males,15–24,5,dlbcl,0.853,0.742,0.92
Relative,2007–2011,males,25–34,5,dlbcl,0.848,0.772,0.901
Relative,2007–2011,males,35–44,5,dlbcl,0.838,0.78,0.882
Relative,2007–2011,males,45–54,5,dlbcl,0.763,0.721,0.8
Relative,2007–2011,males,55–64,5,dlbcl,0.724,0.691,0.755
Relative,2007–2011,males,65–74,5,dlbcl,0.655,0.618,0.689
Relative,2007–2011,males,75–84,5,dlbcl,0.527,0.485,0.569
Relative,2007–2011,males,85+,5,dlbcl,0.312,0.218,0.423
Relative,2007–2011,persons,5–14,1,dlbcl,0.97,0.804,0.996
Relative,2007–2011,persons,15–24,1,dlbcl,0.936,0.863,0.971
Relative,2007–2011,persons,25–34,1,dlbcl,0.953,0.914,0.975
Relative,2007–2011,persons,35–44,1,dlbcl,0.923,0.891,0.946
Relative,2007–2011,persons,45–54,1,dlbcl,0.891,0.867,0.911
Relative,2007–2011,persons,55–64,1,dlbcl,0.881,0.863,0.896
Relative,2007–2011,persons,65–74,1,dlbcl,0.813,0.794,0.831
Relative,2007–2011,persons,75–84,1,dlbcl,0.659,0.636,0.682
Relative,2007–2011,persons,85+,1,dlbcl,0.448,0.405,0.491
Relative,2007–2011,persons,5–14,2,dlbcl,0.906,0.737,0.969
Relative,2007–2011,persons,15–24,2,dlbcl,0.899,0.82,0.945
Relative,2007–2011,persons,25–34,2,dlbcl,0.913,0.865,0.945
Relative,2007–2011,persons,35–44,2,dlbcl,0.873,0.835,0.903
Relative,2007–2011,persons,45–54,2,dlbcl,0.837,0.809,0.861
Relative,2007–2011,persons,55–64,2,dlbcl,0.815,0.794,0.835
Relative,2007–2011,persons,65–74,2,dlbcl,0.749,0.727,0.769
Relative,2007–2011,persons,75–84,2,dlbcl,0.583,0.558,0.608
Relative,2007–2011,persons,85+,2,dlbcl,0.362,0.318,0.407
Relative,2007–2011,persons,5–14,3,dlbcl,0.907,0.737,0.969
Relative,2007–2011,persons,15–24,3,dlbcl,0.889,0.808,0.938
Relative,2007–2011,persons,25–34,3,dlbcl,0.899,0.848,0.933
Relative,2007–2011,persons,35–44,3,dlbcl,0.866,0.827,0.897
Relative,2007–2011,persons,45–54,3,dlbcl,0.824,0.795,0.85
Relative,2007–2011,persons,55–64,3,dlbcl,0.791,0.768,0.811
Relative,2007–2011,persons,65–74,3,dlbcl,0.714,0.691,0.736
Relative,2007–2011,persons,75–84,3,dlbcl,0.555,0.528,0.58
Relative,2007–2011,persons,85+,3,dlbcl,0.354,0.306,0.403
Relative,2007–2011,persons,5–14,4,dlbcl,0.907,0.737,0.969
Relative,2007–2011,persons,15–24,4,dlbcl,0.88,0.797,0.931
Relative,2007–2011,persons,25–34,4,dlbcl,0.889,0.837,0.926
Relative,2007–2011,persons,35–44,4,dlbcl,0.862,0.823,0.894
Relative,2007–2011,persons,45–54,4,dlbcl,0.804,0.774,0.831
Relative,2007–2011,persons,55–64,4,dlbcl,0.768,0.744,0.79
Relative,2007–2011,persons,65–74,4,dlbcl,0.683,0.658,0.706
Relative,2007–2011,persons,75–84,4,dlbcl,0.536,0.508,0.564
Relative,2007–2011,persons,85+,4,dlbcl,0.324,0.273,0.378
Relative,2007–2011,persons,5–14,5,dlbcl,NA,NA,NA
Relative,2007–2011,persons,15–24,5,dlbcl,0.881,0.798,0.931
Relative,2007–2011,persons,25–34,5,dlbcl,0.884,0.831,0.922
Relative,2007–2011,persons,35–44,5,dlbcl,0.855,0.815,0.888
Relative,2007–2011,persons,45–54,5,dlbcl,0.794,0.763,0.821
Relative,2007–2011,persons,55–64,5,dlbcl,0.747,0.722,0.77
Relative,2007–2011,persons,65–74,5,dlbcl,0.667,0.641,0.692
Relative,2007–2011,persons,75–84,5,dlbcl,0.512,0.483,0.541
Relative,2007–2011,persons,85+,5,dlbcl,0.305,0.249,0.367
Relative,2007–2021,females,5–14,1,dlbcl,0.89,0.697,0.963
Relative,2007–2021,females,15–24,1,dlbcl,0.953,0.879,0.982
Relative,2007–2021,females,25–34,1,dlbcl,0.972,0.939,0.9880000000000002
Relative,2007–2021,females,35–44,1,dlbcl,0.942,0.916,0.96
Relative,2007–2021,females,45–54,1,dlbcl,0.916,0.897,0.932
Relative,2007–2021,females,55–64,1,dlbcl,0.903,0.889,0.915
Relative,2007–2021,females,65–74,1,dlbcl,0.846,0.832,0.859
Relative,2007–2021,females,75–84,1,dlbcl,0.687,0.669,0.704
Relative,2007–2021,females,85+,1,dlbcl,0.501,0.472,0.531
Relative,2007–2021,females,5–14,2,dlbcl,0.853,0.655,0.942
Relative,2007–2021,females,15–24,2,dlbcl,0.942,0.865,0.976
Relative,2007–2021,females,25–34,2,dlbcl,0.93,0.886,0.957
Relative,2007–2021,females,35–44,2,dlbcl,0.909,0.879,0.932
Relative,2007–2021,females,45–54,2,dlbcl,0.878,0.855,0.897
Relative,2007–2021,females,55–64,2,dlbcl,0.857,0.841,0.872
Relative,2007–2021,females,65–74,2,dlbcl,0.786,0.77,0.801
Relative,2007–2021,females,75–84,2,dlbcl,0.617,0.598,0.636
Relative,2007–2021,females,85+,2,dlbcl,0.43,0.399,0.461
Relative,2007–2021,females,5–14,3,dlbcl,0.853,0.655,0.943
Relative,2007–2021,females,15–24,3,dlbcl,0.932,0.854,0.969
Relative,2007–2021,females,25–34,3,dlbcl,0.921,0.875,0.951
Relative,2007–2021,females,35–44,3,dlbcl,0.89,0.857,0.916
Relative,2007–2021,females,45–54,3,dlbcl,0.857,0.833,0.877
Relative,2007–2021,females,55–64,3,dlbcl,0.836,0.818,0.852
Relative,2007–2021,females,65–74,3,dlbcl,0.755,0.738,0.772
Relative,2007–2021,females,75–84,3,dlbcl,0.588,0.568,0.608
Relative,2007–2021,females,85+,3,dlbcl,0.418,0.384,0.452
Relative,2007–2021,females,5–14,4,dlbcl,NA,NA,NA
Relative,2007–2021,females,15–24,4,dlbcl,0.932,0.854,0.969
Relative,2007–2021,females,25–34,4,dlbcl,0.921,0.876,0.951
Relative,2007–2021,females,35–44,4,dlbcl,0.886,0.853,0.913
Relative,2007–2021,females,45–54,4,dlbcl,0.84,0.815,0.861
Relative,2007–2021,females,55–64,4,dlbcl,0.822,0.804,0.839
Relative,2007–2021,females,65–74,4,dlbcl,0.732,0.714,0.749
Relative,2007–2021,females,75–84,4,dlbcl,0.565,0.544,0.585
Relative,2007–2021,females,85+,4,dlbcl,0.401,0.364,0.439
Relative,2007–2021,females,5–14,5,dlbcl,NA,NA,NA
Relative,2007–2021,females,15–24,5,dlbcl,0.932,0.854,0.97
Relative,2007–2021,females,25–34,5,dlbcl,0.917,0.871,0.948
Relative,2007–2021,females,35–44,5,dlbcl,0.878,0.844,0.906
Relative,2007–2021,females,45–54,5,dlbcl,0.832,0.807,0.855
Relative,2007–2021,females,55–64,5,dlbcl,0.806,0.787,0.824
Relative,2007–2021,females,65–74,5,dlbcl,0.71,0.691,0.728
Relative,2007–2021,females,75–84,5,dlbcl,0.539,0.516,0.561
Relative,2007–2021,females,85+,5,dlbcl,0.397,0.356,0.44
Relative,2007–2021,males,5–14,1,dlbcl,1,0.929,1
Relative,2007–2021,males,15–24,1,dlbcl,0.944,0.894,0.971
Relative,2007–2021,males,25–34,1,dlbcl,0.954,0.925,0.972
Relative,2007–2021,males,35–44,1,dlbcl,0.937,0.916,0.953
Relative,2007–2021,males,45–54,1,dlbcl,0.904,0.888,0.918
Relative,2007–2021,males,55–64,1,dlbcl,0.886,0.874,0.897
Relative,2007–2021,males,65–74,1,dlbcl,0.835,0.822,0.846
Relative,2007–2021,males,75–84,1,dlbcl,0.709,0.692,0.724
Relative,2007–2021,males,85+,1,dlbcl,0.501,0.47,0.533
Relative,2007–2021,males,5–14,2,dlbcl,0.951,0.819,0.9880000000000002
Relative,2007–2021,males,15–24,2,dlbcl,0.914,0.858,0.949
Relative,2007–2021,males,25–34,2,dlbcl,0.917,0.88,0.943
Relative,2007–2021,males,35–44,2,dlbcl,0.884,0.858,0.906
Relative,2007–2021,males,45–54,2,dlbcl,0.853,0.834,0.87
Relative,2007–2021,males,55–64,2,dlbcl,0.822,0.808,0.836
Relative,2007–2021,males,65–74,2,dlbcl,0.763,0.748,0.777
Relative,2007–2021,males,75–84,2,dlbcl,0.638,0.62,0.655
Relative,2007–2021,males,85+,2,dlbcl,0.44,0.405,0.474
Relative,2007–2021,males,5–14,3,dlbcl,0.952,0.819,0.9880000000000002
Relative,2007–2021,males,15–24,3,dlbcl,0.896,0.837,0.935
Relative,2007–2021,males,25–34,3,dlbcl,0.898,0.859,0.927
Relative,2007–2021,males,35–44,3,dlbcl,0.874,0.847,0.897
Relative,2007–2021,males,45–54,3,dlbcl,0.838,0.818,0.856
Relative,2007–2021,males,55–64,3,dlbcl,0.798,0.783,0.813
Relative,2007–2021,males,65–74,3,dlbcl,0.733,0.718,0.748
Relative,2007–2021,males,75–84,3,dlbcl,0.609,0.59,0.628
Relative,2007–2021,males,85+,3,dlbcl,0.416,0.378,0.455
Relative,2007–2021,males,5–14,4,dlbcl,0.952,0.819,0.9880000000000002
Relative,2007–2021,males,15–24,4,dlbcl,0.878,0.816,0.92
Relative,2007–2021,males,25–34,4,dlbcl,0.893,0.853,0.923
Relative,2007–2021,males,35–44,4,dlbcl,0.867,0.839,0.89
Relative,2007–2021,males,45–54,4,dlbcl,0.822,0.801,0.841
Relative,2007–2021,males,55–64,4,dlbcl,0.78,0.763,0.796
Relative,2007–2021,males,65–74,4,dlbcl,0.705,0.688,0.721
Relative,2007–2021,males,75–84,4,dlbcl,0.584,0.563,0.604
Relative,2007–2021,males,85+,4,dlbcl,0.4,0.357,0.444
Relative,2007–2021,males,5–14,5,dlbcl,0.952,0.819,0.9890000000000002
Relative,2007–2021,males,15–24,5,dlbcl,0.879,0.817,0.921
Relative,2007–2021,males,25–34,5,dlbcl,0.884,0.843,0.915
Relative,2007–2021,males,35–44,5,dlbcl,0.863,0.835,0.887
Relative,2007–2021,males,45–54,5,dlbcl,0.811,0.79,0.831
Relative,2007–2021,males,55–64,5,dlbcl,0.762,0.745,0.779
Relative,2007–2021,males,65–74,5,dlbcl,0.691,0.673,0.708
Relative,2007–2021,males,75–84,5,dlbcl,0.559,0.537,0.581
Relative,2007–2021,males,85+,5,dlbcl,0.39,0.342,0.441
Relative,2007–2021,persons,5–14,1,dlbcl,0.956,0.87,0.9860000000000002
Relative,2007–2021,persons,15–24,1,dlbcl,0.947,0.91,0.969
Relative,2007–2021,persons,25–34,1,dlbcl,0.961,0.941,0.975
Relative,2007–2021,persons,35–44,1,dlbcl,0.939,0.923,0.951
Relative,2007–2021,persons,45–54,1,dlbcl,0.909,0.897,0.92
Relative,2007–2021,persons,55–64,1,dlbcl,0.893,0.884,0.901
Relative,2007–2021,persons,65–74,1,dlbcl,0.84,0.83,0.848
Relative,2007–2021,persons,75–84,1,dlbcl,0.699,0.687,0.71
Relative,2007–2021,persons,85+,1,dlbcl,0.501,0.48,0.523
Relative,2007–2021,persons,5–14,2,dlbcl,0.912,0.814,0.96
Relative,2007–2021,persons,15–24,2,dlbcl,0.924,0.883,0.951
Relative,2007–2021,persons,25–34,2,dlbcl,0.922,0.895,0.942
Relative,2007–2021,persons,35–44,2,dlbcl,0.894,0.874,0.91
Relative,2007–2021,persons,45–54,2,dlbcl,0.863,0.849,0.876
Relative,2007–2021,persons,55–64,2,dlbcl,0.837,0.826,0.847
Relative,2007–2021,persons,65–74,2,dlbcl,0.773,0.762,0.783
Relative,2007–2021,persons,75–84,2,dlbcl,0.628,0.615,0.641
Relative,2007–2021,persons,85+,2,dlbcl,0.434,0.411,0.458
Relative,2007–2021,persons,5–14,3,dlbcl,0.912,0.814,0.96
Relative,2007–2021,persons,15–24,3,dlbcl,0.909,0.865,0.939
Relative,2007–2021,persons,25–34,3,dlbcl,0.907,0.879,0.93
Relative,2007–2021,persons,35–44,3,dlbcl,0.88,0.86,0.898
Relative,2007–2021,persons,45–54,3,dlbcl,0.845,0.83,0.859
Relative,2007–2021,persons,55–64,3,dlbcl,0.814,0.802,0.825
Relative,2007–2021,persons,65–74,3,dlbcl,0.743,0.731,0.754
Relative,2007–2021,persons,75–84,3,dlbcl,0.599,0.586,0.613
Relative,2007–2021,persons,85+,3,dlbcl,0.417,0.392,0.443
Relative,2007–2021,persons,5–14,4,dlbcl,0.912,0.814,0.96
Relative,2007–2021,persons,15–24,4,dlbcl,0.898,0.853,0.93
Relative,2007–2021,persons,25–34,4,dlbcl,0.904,0.876,0.927
Relative,2007–2021,persons,35–44,4,dlbcl,0.874,0.854,0.893
Relative,2007–2021,persons,45–54,4,dlbcl,0.829,0.813,0.843
Relative,2007–2021,persons,55–64,4,dlbcl,0.797,0.785,0.809
Relative,2007–2021,persons,65–74,4,dlbcl,0.716,0.704,0.728
Relative,2007–2021,persons,75–84,4,dlbcl,0.575,0.56,0.59
Relative,2007–2021,persons,85+,4,dlbcl,0.401,0.373,0.429
Relative,2007–2021,persons,5–14,5,dlbcl,0.912,0.815,0.96
Relative,2007–2021,persons,15–24,5,dlbcl,0.898,0.853,0.93
Relative,2007–2021,persons,25–34,5,dlbcl,0.898,0.868,0.921
Relative,2007–2021,persons,35–44,5,dlbcl,0.869,0.848,0.888
Relative,2007–2021,persons,45–54,5,dlbcl,0.819,0.803,0.834
Relative,2007–2021,persons,55–64,5,dlbcl,0.78,0.768,0.793
Relative,2007–2021,persons,65–74,5,dlbcl,0.699,0.686,0.711
Relative,2007–2021,persons,75–84,5,dlbcl,0.55,0.534,0.565
Relative,2007–2021,persons,85+,5,dlbcl,0.395,0.363,0.427
Relative,2012–2016,females,5–14,1,dlbcl,NA,NA,NA
Relative,2012–2016,females,15–24,1,dlbcl,0.935,0.763,0.983
Relative,2012–2016,females,25–34,1,dlbcl,0.957,0.871,0.9860000000000002
Relative,2012–2016,females,35–44,1,dlbcl,0.955,0.906,0.978
Relative,2012–2016,females,45–54,1,dlbcl,0.934,0.902,0.956
Relative,2012–2016,females,55–64,1,dlbcl,0.911,0.887,0.931
Relative,2012–2016,females,65–74,1,dlbcl,0.861,0.837,0.882
Relative,2012–2016,females,75–84,1,dlbcl,0.703,0.672,0.732
Relative,2012–2016,females,85+,1,dlbcl,0.51,0.459,0.56
Relative,2012–2016,females,5–14,2,dlbcl,NA,NA,NA
Relative,2012–2016,females,15–24,2,dlbcl,0.935,0.763,0.9840000000000002
Relative,2012–2016,females,25–34,2,dlbcl,0.869,0.763,0.93
Relative,2012–2016,females,35–44,2,dlbcl,0.916,0.859,0.951
Relative,2012–2016,females,45–54,2,dlbcl,0.887,0.849,0.917
Relative,2012–2016,females,55–64,2,dlbcl,0.868,0.84,0.892
Relative,2012–2016,females,65–74,2,dlbcl,0.787,0.759,0.813
Relative,2012–2016,females,75–84,2,dlbcl,0.626,0.592,0.658
Relative,2012–2016,females,85+,2,dlbcl,0.431,0.377,0.485
Relative,2012–2016,females,5–14,3,dlbcl,NA,NA,NA
Relative,2012–2016,females,15–24,3,dlbcl,0.905,0.732,0.969
Relative,2012–2016,females,25–34,3,dlbcl,0.855,0.747,0.92
Relative,2012–2016,females,35–44,3,dlbcl,0.892,0.831,0.933
Relative,2012–2016,females,45–54,3,dlbcl,0.866,0.825,0.898
Relative,2012–2016,females,55–64,3,dlbcl,0.847,0.817,0.873
Relative,2012–2016,females,65–74,3,dlbcl,0.764,0.734,0.792
Relative,2012–2016,females,75–84,3,dlbcl,0.6,0.564,0.633
Relative,2012–2016,females,85+,3,dlbcl,0.413,0.355,0.472
Relative,2012–2016,females,5–14,4,dlbcl,NA,NA,NA
Relative,2012–2016,females,15–24,4,dlbcl,0.905,0.732,0.969
Relative,2012–2016,females,25–34,4,dlbcl,0.856,0.747,0.92
Relative,2012–2016,females,35–44,4,dlbcl,0.881,0.818,0.924
Relative,2012–2016,females,45–54,4,dlbcl,0.854,0.811,0.888
Relative,2012–2016,females,55–64,4,dlbcl,0.838,0.807,0.865
Relative,2012–2016,females,65–74,4,dlbcl,0.75,0.718,0.779
Relative,2012–2016,females,75–84,4,dlbcl,0.568,0.531,0.604
Relative,2012–2016,females,85+,4,dlbcl,0.391,0.329,0.458
Relative,2012–2016,females,5–14,5,dlbcl,NA,NA,NA
Relative,2012–2016,females,15–24,5,dlbcl,0.905,0.732,0.969
Relative,2012–2016,females,25–34,5,dlbcl,0.856,0.748,0.921
Relative,2012–2016,females,35–44,5,dlbcl,0.87,0.806,0.915
Relative,2012–2016,females,45–54,5,dlbcl,0.843,0.799,0.879
Relative,2012–2016,females,55–64,5,dlbcl,0.823,0.79,0.851
Relative,2012–2016,females,65–74,5,dlbcl,0.731,0.699,0.762
Relative,2012–2016,females,75–84,5,dlbcl,0.537,0.498,0.575
Relative,2012–2016,females,85+,5,dlbcl,0.382,0.312,0.457
Relative,2012–2016,males,5–14,1,dlbcl,NA,NA,NA
Relative,2012–2016,males,15–24,1,dlbcl,0.978,0.853,0.997
Relative,2012–2016,males,25–34,1,dlbcl,0.97,0.908,0.9910000000000002
Relative,2012–2016,males,35–44,1,dlbcl,0.944,0.908,0.966
Relative,2012–2016,males,45–54,1,dlbcl,0.91,0.882,0.932
Relative,2012–2016,males,55–64,1,dlbcl,0.889,0.867,0.908
Relative,2012–2016,males,65–74,1,dlbcl,0.855,0.834,0.874
Relative,2012–2016,males,75–84,1,dlbcl,0.706,0.677,0.733
Relative,2012–2016,males,85+,1,dlbcl,0.499,0.445,0.551
Relative,2012–2016,males,5–14,2,dlbcl,NA,NA,NA
Relative,2012–2016,males,15–24,2,dlbcl,0.979,0.853,0.998
Relative,2012–2016,males,25–34,2,dlbcl,0.942,0.873,0.974
Relative,2012–2016,males,35–44,2,dlbcl,0.886,0.84,0.919
Relative,2012–2016,males,45–54,2,dlbcl,0.863,0.83,0.89
Relative,2012–2016,males,55–64,2,dlbcl,0.823,0.797,0.846
Relative,2012–2016,males,65–74,2,dlbcl,0.78,0.755,0.803
Relative,2012–2016,males,75–84,2,dlbcl,0.634,0.602,0.665
Relative,2012–2016,males,85+,2,dlbcl,0.445,0.385,0.505
Relative,2012–2016,males,5–14,3,dlbcl,NA,NA,NA
Relative,2012–2016,males,15–24,3,dlbcl,0.979,0.854,0.998
Relative,2012–2016,males,25–34,3,dlbcl,0.933,0.862,0.969
Relative,2012–2016,males,35–44,3,dlbcl,0.879,0.833,0.914
Relative,2012–2016,males,45–54,3,dlbcl,0.841,0.806,0.87
Relative,2012–2016,males,55–64,3,dlbcl,0.803,0.776,0.828
Relative,2012–2016,males,65–74,3,dlbcl,0.749,0.722,0.774
Relative,2012–2016,males,75–84,3,dlbcl,0.606,0.571,0.639
Relative,2012–2016,males,85+,3,dlbcl,0.421,0.355,0.49
Relative,2012–2016,males,5–14,4,dlbcl,NA,NA,NA
Relative,2012–2016,males,15–24,4,dlbcl,0.962,0.849,0.9920000000000002
Relative,2012–2016,males,25–34,4,dlbcl,0.934,0.862,0.969
Relative,2012–2016,males,35–44,4,dlbcl,0.872,0.825,0.908
Relative,2012–2016,males,45–54,4,dlbcl,0.83,0.794,0.86
Relative,2012–2016,males,55–64,4,dlbcl,0.789,0.76,0.815
Relative,2012–2016,males,65–74,4,dlbcl,0.727,0.698,0.754
Relative,2012–2016,males,75–84,4,dlbcl,0.588,0.552,0.624
Relative,2012–2016,males,85+,4,dlbcl,0.424,0.348,0.505
Relative,2012–2016,males,5–14,5,dlbcl,NA,NA,NA
Relative,2012–2016,males,15–24,5,dlbcl,0.962,0.85,0.993
Relative,2012–2016,males,25–34,5,dlbcl,0.934,0.863,0.97
Relative,2012–2016,males,35–44,5,dlbcl,0.865,0.816,0.903
Relative,2012–2016,males,45–54,5,dlbcl,0.816,0.778,0.848
Relative,2012–2016,males,55–64,5,dlbcl,0.775,0.745,0.802
Relative,2012–2016,males,65–74,5,dlbcl,0.707,0.677,0.736
Relative,2012–2016,males,75–84,5,dlbcl,0.56,0.521,0.599
Relative,2012–2016,males,85+,5,dlbcl,0.41,0.324,0.505
Relative,2012–2016,persons,5–14,1,dlbcl,NA,NA,NA
Relative,2012–2016,persons,15–24,1,dlbcl,0.961,0.882,0.9870000000000002
Relative,2012–2016,persons,25–34,1,dlbcl,0.964,0.922,0.9840000000000002
Relative,2012–2016,persons,35–44,1,dlbcl,0.948,0.921,0.966
Relative,2012–2016,persons,45–54,1,dlbcl,0.919,0.899,0.936
Relative,2012–2016,persons,55–64,1,dlbcl,0.898,0.882,0.912
Relative,2012–2016,persons,65–74,1,dlbcl,0.857,0.842,0.872
Relative,2012–2016,persons,75–84,1,dlbcl,0.705,0.684,0.725
Relative,2012–2016,persons,85+,1,dlbcl,0.505,0.468,0.541
Relative,2012–2016,persons,5–14,2,dlbcl,NA,NA,NA
Relative,2012–2016,persons,15–24,2,dlbcl,0.961,0.883,0.9880000000000002
Relative,2012–2016,persons,25–34,2,dlbcl,0.913,0.859,0.947
Relative,2012–2016,persons,35–44,2,dlbcl,0.897,0.863,0.923
Relative,2012–2016,persons,45–54,2,dlbcl,0.872,0.848,0.893
Relative,2012–2016,persons,55–64,2,dlbcl,0.841,0.822,0.859
Relative,2012–2016,persons,65–74,2,dlbcl,0.783,0.765,0.801
Relative,2012–2016,persons,75–84,2,dlbcl,0.63,0.607,0.652
Relative,2012–2016,persons,85+,2,dlbcl,0.436,0.397,0.477
Relative,2012–2016,persons,5–14,3,dlbcl,NA,NA,NA
Relative,2012–2016,persons,15–24,3,dlbcl,0.949,0.869,0.981
Relative,2012–2016,persons,25–34,3,dlbcl,0.902,0.845,0.938
Relative,2012–2016,persons,35–44,3,dlbcl,0.884,0.848,0.911
Relative,2012–2016,persons,45–54,3,dlbcl,0.851,0.825,0.873
Relative,2012–2016,persons,55–64,3,dlbcl,0.821,0.801,0.84
Relative,2012–2016,persons,65–74,3,dlbcl,0.756,0.736,0.775
Relative,2012–2016,persons,75–84,3,dlbcl,0.603,0.578,0.627
Relative,2012–2016,persons,85+,3,dlbcl,0.416,0.372,0.461
Relative,2012–2016,persons,5–14,4,dlbcl,NA,NA,NA
Relative,2012–2016,persons,15–24,4,dlbcl,0.938,0.856,0.975
Relative,2012–2016,persons,25–34,4,dlbcl,0.902,0.846,0.939
Relative,2012–2016,persons,35–44,4,dlbcl,0.875,0.839,0.904
Relative,2012–2016,persons,45–54,4,dlbcl,0.839,0.812,0.863
Relative,2012–2016,persons,55–64,4,dlbcl,0.809,0.788,0.828
Relative,2012–2016,persons,65–74,4,dlbcl,0.737,0.716,0.757
Relative,2012–2016,persons,75–84,4,dlbcl,0.579,0.553,0.604
Relative,2012–2016,persons,85+,4,dlbcl,0.405,0.356,0.456
Relative,2012–2016,persons,5–14,5,dlbcl,NA,NA,NA
Relative,2012–2016,persons,15–24,5,dlbcl,0.939,0.856,0.975
Relative,2012–2016,persons,25–34,5,dlbcl,0.903,0.847,0.94
Relative,2012–2016,persons,35–44,5,dlbcl,0.866,0.829,0.896
Relative,2012–2016,persons,45–54,5,dlbcl,0.827,0.799,0.851
Relative,2012–2016,persons,55–64,5,dlbcl,0.795,0.773,0.815
Relative,2012–2016,persons,65–74,5,dlbcl,0.718,0.696,0.739
Relative,2012–2016,persons,75–84,5,dlbcl,0.549,0.521,0.576
Relative,2012–2016,persons,85+,5,dlbcl,0.394,0.339,0.452
Relative,2017–2021,females,5–14,1,dlbcl,NA,NA,NA
Relative,2017–2021,females,15–24,1,dlbcl,0.958,0.739,0.994
Relative,2017–2021,females,25–34,1,dlbcl,0.9860000000000002,0.901,0.998
Relative,2017–2021,females,35–44,1,dlbcl,0.945,0.892,0.973
Relative,2017–2021,females,45–54,1,dlbcl,0.9,0.863,0.927
Relative,2017–2021,females,55–64,1,dlbcl,0.901,0.877,0.92
Relative,2017–2021,females,65–74,1,dlbcl,0.848,0.825,0.867
Relative,2017–2021,females,75–84,1,dlbcl,0.708,0.679,0.735
Relative,2017–2021,females,85+,1,dlbcl,0.537,0.489,0.583
Relative,2017–2021,females,5–14,2,dlbcl,NA,NA,NA
Relative,2017–2021,females,15–24,2,dlbcl,0.959,0.739,0.994
Relative,2017–2021,females,25–34,2,dlbcl,0.958,0.874,0.9870000000000002
Relative,2017–2021,females,35–44,2,dlbcl,0.923,0.864,0.957
Relative,2017–2021,females,45–54,2,dlbcl,0.866,0.825,0.899
Relative,2017–2021,females,55–64,2,dlbcl,0.865,0.838,0.888
Relative,2017–2021,females,65–74,2,dlbcl,0.795,0.77,0.818
Relative,2017–2021,females,75–84,2,dlbcl,0.649,0.618,0.679
Relative,2017–2021,females,85+,2,dlbcl,0.478,0.427,0.529
Relative,2017–2021,females,5–14,3,dlbcl,NA,NA,NA
Relative,2017–2021,females,15–24,3,dlbcl,0.959,0.739,0.995
Relative,2017–2021,females,25–34,3,dlbcl,0.945,0.858,0.98
Relative,2017–2021,females,35–44,3,dlbcl,0.885,0.817,0.929
Relative,2017–2021,females,45–54,3,dlbcl,0.845,0.802,0.88
Relative,2017–2021,females,55–64,3,dlbcl,0.842,0.812,0.867
Relative,2017–2021,females,65–74,3,dlbcl,0.761,0.734,0.786
Relative,2017–2021,females,75–84,3,dlbcl,0.614,0.581,0.645
Relative,2017–2021,females,85+,3,dlbcl,0.468,0.413,0.525
Relative,2017–2021,females,5–14,4,dlbcl,NA,NA,NA
Relative,2017–2021,females,15–24,4,dlbcl,0.959,0.739,0.995
Relative,2017–2021,females,25–34,4,dlbcl,0.945,0.859,0.98
Relative,2017–2021,females,35–44,4,dlbcl,0.885,0.818,0.93
Relative,2017–2021,females,45–54,4,dlbcl,0.821,0.775,0.858
Relative,2017–2021,females,55–64,4,dlbcl,0.828,0.798,0.855
Relative,2017–2021,females,65–74,4,dlbcl,0.737,0.709,0.764
Relative,2017–2021,females,75–84,4,dlbcl,0.594,0.56,0.628
Relative,2017–2021,females,85+,4,dlbcl,0.471,0.409,0.534
Relative,2017–2021,females,5–14,5,dlbcl,NA,NA,NA
Relative,2017–2021,females,15–24,5,dlbcl,0.959,0.74,0.995
Relative,2017–2021,females,25–34,5,dlbcl,0.946,0.859,0.98
Relative,2017–2021,females,35–44,5,dlbcl,0.886,0.819,0.931
Relative,2017–2021,females,45–54,5,dlbcl,0.814,0.768,0.852
Relative,2017–2021,females,55–64,5,dlbcl,0.812,0.781,0.84
Relative,2017–2021,females,65–74,5,dlbcl,0.711,0.681,0.739
Relative,2017–2021,females,75–84,5,dlbcl,0.574,0.538,0.61
Relative,2017–2021,females,85+,5,dlbcl,0.477,0.408,0.549
Relative,2017–2021,males,5–14,1,dlbcl,NA,NA,NA
Relative,2017–2021,males,15–24,1,dlbcl,0.94,0.825,0.981
Relative,2017–2021,males,25–34,1,dlbcl,0.957,0.888,0.9840000000000002
Relative,2017–2021,males,35–44,1,dlbcl,0.945,0.906,0.968
Relative,2017–2021,males,45–54,1,dlbcl,0.925,0.898,0.945
Relative,2017–2021,males,55–64,1,dlbcl,0.897,0.876,0.914
Relative,2017–2021,males,65–74,1,dlbcl,0.838,0.819,0.856
Relative,2017–2021,males,75–84,1,dlbcl,0.734,0.709,0.757
Relative,2017–2021,males,85+,1,dlbcl,0.524,0.474,0.572
Relative,2017–2021,males,5–14,2,dlbcl,NA,NA,NA
Relative,2017–2021,males,15–24,2,dlbcl,0.901,0.777,0.958
Relative,2017–2021,males,25–34,2,dlbcl,0.934,0.856,0.97
Relative,2017–2021,males,35–44,2,dlbcl,0.905,0.858,0.937
Relative,2017–2021,males,45–54,2,dlbcl,0.883,0.852,0.908
Relative,2017–2021,males,55–64,2,dlbcl,0.84,0.815,0.862
Relative,2017–2021,males,65–74,2,dlbcl,0.768,0.746,0.789
Relative,2017–2021,males,75–84,2,dlbcl,0.668,0.64,0.695
Relative,2017–2021,males,85+,2,dlbcl,0.472,0.419,0.526
Relative,2017–2021,males,5–14,3,dlbcl,NA,NA,NA
Relative,2017–2021,males,15–24,3,dlbcl,0.857,0.722,0.93
Relative,2017–2021,males,25–34,3,dlbcl,0.911,0.828,0.956
Relative,2017–2021,males,35–44,3,dlbcl,0.894,0.845,0.928
Relative,2017–2021,males,45–54,3,dlbcl,0.867,0.835,0.894
Relative,2017–2021,males,55–64,3,dlbcl,0.814,0.788,0.838
Relative,2017–2021,males,65–74,3,dlbcl,0.743,0.72,0.766
Relative,2017–2021,males,75–84,3,dlbcl,0.642,0.612,0.671
Relative,2017–2021,males,85+,3,dlbcl,0.441,0.384,0.501
Relative,2017–2021,males,5–14,4,dlbcl,NA,NA,NA
Relative,2017–2021,males,15–24,4,dlbcl,0.834,0.694,0.915
Relative,2017–2021,males,25–34,4,dlbcl,0.912,0.828,0.956
Relative,2017–2021,males,35–44,4,dlbcl,0.887,0.837,0.923
Relative,2017–2021,males,45–54,4,dlbcl,0.852,0.818,0.881
Relative,2017–2021,males,55–64,4,dlbcl,0.797,0.77,0.822
Relative,2017–2021,males,65–74,4,dlbcl,0.711,0.686,0.735
Relative,2017–2021,males,75–84,4,dlbcl,0.605,0.573,0.637
Relative,2017–2021,males,85+,4,dlbcl,0.414,0.351,0.48
Relative,2017–2021,males,5–14,5,dlbcl,NA,NA,NA
Relative,2017–2021,males,15–24,5,dlbcl,0.835,0.694,0.915
Relative,2017–2021,males,25–34,5,dlbcl,0.879,0.789,0.933
Relative,2017–2021,males,35–44,5,dlbcl,0.884,0.834,0.921
Relative,2017–2021,males,45–54,5,dlbcl,0.848,0.813,0.878
Relative,2017–2021,males,55–64,5,dlbcl,0.781,0.752,0.807
Relative,2017–2021,males,65–74,5,dlbcl,0.7,0.673,0.725
Relative,2017–2021,males,75–84,5,dlbcl,0.581,0.546,0.616
Relative,2017–2021,males,85+,5,dlbcl,0.416,0.345,0.491
Relative,2017–2021,persons,5–14,1,dlbcl,NA,NA,NA
Relative,2017–2021,persons,15–24,1,dlbcl,0.946,0.862,0.98
Relative,2017–2021,persons,25–34,1,dlbcl,0.969,0.927,0.9870000000000002
Relative,2017–2021,persons,35–44,1,dlbcl,0.945,0.916,0.964
Relative,2017–2021,persons,45–54,1,dlbcl,0.915,0.894,0.932
Relative,2017–2021,persons,55–64,1,dlbcl,0.898,0.883,0.912
Relative,2017–2021,persons,65–74,1,dlbcl,0.842,0.828,0.855
Relative,2017–2021,persons,75–84,1,dlbcl,0.722,0.704,0.74
Relative,2017–2021,persons,85+,1,dlbcl,0.531,0.496,0.564
Relative,2017–2021,persons,5–14,2,dlbcl,NA,NA,NA
Relative,2017–2021,persons,15–24,2,dlbcl,0.92,0.83,0.964
Relative,2017–2021,persons,25–34,2,dlbcl,0.944,0.894,0.971
Relative,2017–2021,persons,35–44,2,dlbcl,0.912,0.877,0.937
Relative,2017–2021,persons,45–54,2,dlbcl,0.876,0.852,0.897
Relative,2017–2021,persons,55–64,2,dlbcl,0.851,0.833,0.867
Relative,2017–2021,persons,65–74,2,dlbcl,0.779,0.763,0.795
Relative,2017–2021,persons,75–84,2,dlbcl,0.66,0.639,0.68
Relative,2017–2021,persons,85+,2,dlbcl,0.475,0.438,0.512
Relative,2017–2021,persons,5–14,3,dlbcl,NA,NA,NA
Relative,2017–2021,persons,15–24,3,dlbcl,0.894,0.799,0.946
Relative,2017–2021,persons,25–34,3,dlbcl,0.926,0.872,0.958
Relative,2017–2021,persons,35–44,3,dlbcl,0.891,0.854,0.919
Relative,2017–2021,persons,45–54,3,dlbcl,0.859,0.833,0.881
Relative,2017–2021,persons,55–64,3,dlbcl,0.826,0.807,0.843
Relative,2017–2021,persons,65–74,3,dlbcl,0.751,0.733,0.768
Relative,2017–2021,persons,75–84,3,dlbcl,0.63,0.607,0.651
Relative,2017–2021,persons,85+,3,dlbcl,0.455,0.415,0.496
Relative,2017–2021,persons,5–14,4,dlbcl,NA,NA,NA
Relative,2017–2021,persons,15–24,4,dlbcl,0.881,0.783,0.937
Relative,2017–2021,persons,25–34,4,dlbcl,0.926,0.872,0.959
Relative,2017–2021,persons,35–44,4,dlbcl,0.887,0.849,0.916
Relative,2017–2021,persons,45–54,4,dlbcl,0.84,0.813,0.863
Relative,2017–2021,persons,55–64,4,dlbcl,0.81,0.79,0.829
Relative,2017–2021,persons,65–74,4,dlbcl,0.722,0.703,0.74
Relative,2017–2021,persons,75–84,4,dlbcl,0.601,0.577,0.624
Relative,2017–2021,persons,85+,4,dlbcl,0.443,0.399,0.489
Relative,2017–2021,persons,5–14,5,dlbcl,NA,NA,NA
Relative,2017–2021,persons,15–24,5,dlbcl,0.882,0.784,0.938
Relative,2017–2021,persons,25–34,5,dlbcl,0.907,0.849,0.944
Relative,2017–2021,persons,35–44,5,dlbcl,0.886,0.847,0.915
Relative,2017–2021,persons,45–54,5,dlbcl,0.835,0.807,0.859
Relative,2017–2021,persons,55–64,5,dlbcl,0.794,0.773,0.814
Relative,2017–2021,persons,65–74,5,dlbcl,0.704,0.684,0.723
Relative,2017–2021,persons,75–84,5,dlbcl,0.578,0.553,0.603
Relative,2017–2021,persons,85+,5,dlbcl,0.447,0.397,0.499
Observed,2007–2011,females,5–14,1,hodgkin,1,0.944,1
Observed,2007–2011,females,15–24,1,hodgkin,1,0.9910000000000002,1
Observed,2007–2011,females,25–34,1,hodgkin,0.993,0.974,0.998
Observed,2007–2011,females,35–44,1,hodgkin,0.965,0.918,0.9850000000000002
Observed,2007–2011,females,45–54,1,hodgkin,0.974,0.923,0.9920000000000002
Observed,2007–2011,females,55–64,1,hodgkin,0.941,0.88,0.971
Observed,2007–2011,females,65–74,1,hodgkin,0.788,0.696,0.855
Observed,2007–2011,females,75–84,1,hodgkin,0.617,0.511,0.707
Observed,2007–2011,females,85+,1,hodgkin,NA,NA,NA
Observed,2007–2011,females,5–14,2,hodgkin,1,0.945,1
Observed,2007–2011,females,15–24,2,hodgkin,0.9870000000000002,0.965,0.995
Observed,2007–2011,females,25–34,2,hodgkin,0.99,0.969,0.997
Observed,2007–2011,females,35–44,2,hodgkin,0.958,0.909,0.981
Observed,2007–2011,females,45–54,2,hodgkin,0.946,0.884,0.975
Observed,2007–2011,females,55–64,2,hodgkin,0.898,0.827,0.941
Observed,2007–2011,females,65–74,2,hodgkin,0.693,0.593,0.773
Observed,2007–2011,females,75–84,2,hodgkin,0.571,0.463,0.664
Observed,2007–2011,females,85+,2,hodgkin,NA,NA,NA
Observed,2007–2011,females,5–14,3,hodgkin,1,0.946,1
Observed,2007–2011,females,15–24,3,hodgkin,0.9870000000000002,0.965,0.995
Observed,2007–2011,females,25–34,3,hodgkin,0.975,0.949,0.9880000000000002
Observed,2007–2011,females,35–44,3,hodgkin,0.944,0.891,0.972
Observed,2007–2011,females,45–54,3,hodgkin,0.936,0.871,0.969
Observed,2007–2011,females,55–64,3,hodgkin,0.849,0.771,0.902
Observed,2007–2011,females,65–74,3,hodgkin,0.613,0.508,0.702
Observed,2007–2011,females,75–84,3,hodgkin,0.51,0.402,0.607
Observed,2007–2011,females,85+,3,hodgkin,NA,NA,NA
Observed,2007–2011,females,5–14,4,hodgkin,0.982,0.879,0.997
Observed,2007–2011,females,15–24,4,hodgkin,0.983,0.961,0.993
Observed,2007–2011,females,25–34,4,hodgkin,0.967,0.938,0.983
Observed,2007–2011,females,35–44,4,hodgkin,0.938,0.884,0.967
Observed,2007–2011,females,45–54,4,hodgkin,0.917,0.846,0.956
Observed,2007–2011,females,55–64,4,hodgkin,0.815,0.733,0.874
Observed,2007–2011,females,65–74,4,hodgkin,0.582,0.477,0.673
Observed,2007–2011,females,75–84,4,hodgkin,0.428,0.324,0.528
Observed,2007–2011,females,85+,4,hodgkin,NA,NA,NA
Observed,2007–2011,females,5–14,5,hodgkin,0.982,0.879,0.997
Observed,2007–2011,females,15–24,5,hodgkin,0.969,0.941,0.9840000000000002
Observed,2007–2011,females,25–34,5,hodgkin,0.967,0.938,0.983
Observed,2007–2011,females,35–44,5,hodgkin,0.938,0.884,0.967
Observed,2007–2011,females,45–54,5,hodgkin,0.917,0.846,0.956
Observed,2007–2011,females,55–64,5,hodgkin,0.806,0.723,0.867
Observed,2007–2011,females,65–74,5,hodgkin,0.572,0.468,0.664
Observed,2007–2011,females,75–84,5,hodgkin,0.379,0.278,0.479
Observed,2007–2011,females,85+,5,hodgkin,NA,NA,NA
Observed,2007–2011,males,5–14,1,hodgkin,0.9840000000000002,0.894,0.998
Observed,2007–2011,males,15–24,1,hodgkin,0.997,0.977,1
Observed,2007–2011,males,25–34,1,hodgkin,0.996,0.974,0.999
Observed,2007–2011,males,35–44,1,hodgkin,0.9910000000000002,0.964,0.998
Observed,2007–2011,males,45–54,1,hodgkin,0.95,0.909,0.973
Observed,2007–2011,males,55–64,1,hodgkin,0.928,0.88,0.958
Observed,2007–2011,males,65–74,1,hodgkin,0.801,0.731,0.855
Observed,2007–2011,males,75–84,1,hodgkin,0.611,0.5,0.704
Observed,2007–2011,males,85+,1,hodgkin,NA,NA,NA
Observed,2007–2011,males,5–14,2,hodgkin,0.9840000000000002,0.894,0.998
Observed,2007–2011,males,15–24,2,hodgkin,0.9870000000000002,0.966,0.995
Observed,2007–2011,males,25–34,2,hodgkin,0.9920000000000002,0.97,0.998
Observed,2007–2011,males,35–44,2,hodgkin,0.977,0.945,0.99
Observed,2007–2011,males,45–54,2,hodgkin,0.934,0.889,0.961
Observed,2007–2011,males,55–64,2,hodgkin,0.869,0.809,0.911
Observed,2007–2011,males,65–74,2,hodgkin,0.754,0.679,0.814
Observed,2007–2011,males,75–84,2,hodgkin,0.495,0.384,0.597
Observed,2007–2011,males,85+,2,hodgkin,NA,NA,NA
Observed,2007–2011,males,5–14,3,hodgkin,0.97,0.885,0.9920000000000002
Observed,2007–2011,males,15–24,3,hodgkin,0.971,0.944,0.9850000000000002
Observed,2007–2011,males,25–34,3,hodgkin,0.9890000000000002,0.965,0.996
Observed,2007–2011,males,35–44,3,hodgkin,0.953,0.914,0.974
Observed,2007–2011,males,45–54,3,hodgkin,0.917,0.868,0.948
Observed,2007–2011,males,55–64,3,hodgkin,0.856,0.793,0.9
Observed,2007–2011,males,65–74,3,hodgkin,0.706,0.627,0.771
Observed,2007–2011,males,75–84,3,hodgkin,0.415,0.304,0.522
Observed,2007–2011,males,85+,3,hodgkin,NA,NA,NA
Observed,2007–2011,males,5–14,4,hodgkin,0.97,0.885,0.9920000000000002
Observed,2007–2011,males,15–24,4,hodgkin,0.967,0.94,0.982
Observed,2007–2011,males,25–34,4,hodgkin,0.963,0.93,0.981
Observed,2007–2011,males,35–44,4,hodgkin,0.948,0.908,0.971
Observed,2007–2011,males,45–54,4,hodgkin,0.893,0.839,0.93
Observed,2007–2011,males,55–64,4,hodgkin,0.832,0.765,0.881
Observed,2007–2011,males,65–74,4,hodgkin,0.662,0.58,0.731
Observed,2007–2011,males,75–84,4,hodgkin,0.336,0.23,0.445
Observed,2007–2011,males,85+,4,hodgkin,NA,NA,NA
Observed,2007–2011,males,5–14,5,hodgkin,0.97,0.885,0.9920000000000002
Observed,2007–2011,males,15–24,5,hodgkin,0.957,0.927,0.975
Observed,2007–2011,males,25–34,5,hodgkin,0.959,0.925,0.978
Observed,2007–2011,males,35–44,5,hodgkin,0.943,0.902,0.967
Observed,2007–2011,males,45–54,5,hodgkin,0.873,0.814,0.914
Observed,2007–2011,males,55–64,5,hodgkin,0.815,0.745,0.868
Observed,2007–2011,males,65–74,5,hodgkin,0.603,0.518,0.678
Observed,2007–2011,males,75–84,5,hodgkin,0.265,0.169,0.37
Observed,2007–2011,males,85+,5,hodgkin,NA,NA,NA
Observed,2007–2011,persons,5–14,1,hodgkin,0.9910000000000002,0.94,0.999
Observed,2007–2011,persons,15–24,1,hodgkin,0.998,0.9890000000000002,1
Observed,2007–2011,persons,25–34,1,hodgkin,0.995,0.9840000000000002,0.998
Observed,2007–2011,persons,35–44,1,hodgkin,0.981,0.96,0.9910000000000002
Observed,2007–2011,persons,45–54,1,hodgkin,0.959,0.93,0.976
Observed,2007–2011,persons,55–64,1,hodgkin,0.933,0.899,0.956
Observed,2007–2011,persons,65–74,1,hodgkin,0.796,0.743,0.84
Observed,2007–2011,persons,75–84,1,hodgkin,0.614,0.539,0.681
Observed,2007–2011,persons,85+,1,hodgkin,0.388,0.258,0.516
Observed,2007–2011,persons,5–14,2,hodgkin,0.9910000000000002,0.94,0.999
Observed,2007–2011,persons,15–24,2,hodgkin,0.9870000000000002,0.974,0.993
Observed,2007–2011,persons,25–34,2,hodgkin,0.9910000000000002,0.979,0.996
Observed,2007–2011,persons,35–44,2,hodgkin,0.969,0.945,0.983
Observed,2007–2011,persons,45–54,2,hodgkin,0.938,0.905,0.96
Observed,2007–2011,persons,55–64,2,hodgkin,0.881,0.838,0.913
Observed,2007–2011,persons,65–74,2,hodgkin,0.73,0.672,0.78
Observed,2007–2011,persons,75–84,2,hodgkin,0.535,0.458,0.606
Observed,2007–2011,persons,85+,2,hodgkin,NA,NA,NA
Observed,2007–2011,persons,5–14,3,hodgkin,0.983,0.935,0.996
Observed,2007–2011,persons,15–24,3,hodgkin,0.979,0.964,0.9880000000000002
Observed,2007–2011,persons,25–34,3,hodgkin,0.982,0.966,0.99
Observed,2007–2011,persons,35–44,3,hodgkin,0.95,0.921,0.968
Observed,2007–2011,persons,45–54,3,hodgkin,0.924,0.888,0.949
Observed,2007–2011,persons,55–64,3,hodgkin,0.851,0.805,0.887
Observed,2007–2011,persons,65–74,3,hodgkin,0.67,0.608,0.724
Observed,2007–2011,persons,75–84,3,hodgkin,0.466,0.389,0.539
Observed,2007–2011,persons,85+,3,hodgkin,NA,NA,NA
Observed,2007–2011,persons,5–14,4,hodgkin,0.976,0.926,0.9920000000000002
Observed,2007–2011,persons,15–24,4,hodgkin,0.975,0.959,0.9850000000000002
Observed,2007–2011,persons,25–34,4,hodgkin,0.965,0.946,0.978
Observed,2007–2011,persons,35–44,4,hodgkin,0.944,0.915,0.964
Observed,2007–2011,persons,45–54,4,hodgkin,0.902,0.862,0.931
Observed,2007–2011,persons,55–64,4,hodgkin,0.823,0.773,0.863
Observed,2007–2011,persons,65–74,4,hodgkin,0.631,0.568,0.688
Observed,2007–2011,persons,75–84,4,hodgkin,0.386,0.311,0.46
Observed,2007–2011,persons,85+,4,hodgkin,NA,NA,NA
Observed,2007–2011,persons,5–14,5,hodgkin,0.976,0.926,0.9920000000000002
Observed,2007–2011,persons,15–24,5,hodgkin,0.963,0.944,0.975
Observed,2007–2011,persons,25–34,5,hodgkin,0.963,0.943,0.976
Observed,2007–2011,persons,35–44,5,hodgkin,0.941,0.911,0.961
Observed,2007–2011,persons,45–54,5,hodgkin,0.89,0.848,0.921
Observed,2007–2011,persons,55–64,5,hodgkin,0.81,0.758,0.851
Observed,2007–2011,persons,65–74,5,hodgkin,0.595,0.531,0.654
Observed,2007–2011,persons,75–84,5,hodgkin,0.326,0.255,0.399
Observed,2007–2011,persons,85+,5,hodgkin,NA,NA,NA
Observed,2007–2021,females,5–14,1,hodgkin,1,0.982,1
Observed,2007–2021,females,15–24,1,hodgkin,0.996,0.9890000000000002,0.999
Observed,2007–2021,females,25–34,1,hodgkin,0.998,0.9920000000000002,0.999
Observed,2007–2021,females,35–44,1,hodgkin,0.9870000000000002,0.974,0.994
Observed,2007–2021,females,45–54,1,hodgkin,0.974,0.953,0.9860000000000002
Observed,2007–2021,females,55–64,1,hodgkin,0.948,0.92,0.966
Observed,2007–2021,females,65–74,1,hodgkin,0.835,0.794,0.868
Observed,2007–2021,females,75–84,1,hodgkin,0.656,0.602,0.706
Observed,2007–2021,females,85+,1,hodgkin,0.475,0.384,0.56
Observed,2007–2021,females,5–14,2,hodgkin,1,0.982,1
Observed,2007–2021,females,15–24,2,hodgkin,0.9890000000000002,0.98,0.994
Observed,2007–2021,females,25–34,2,hodgkin,0.993,0.9840000000000002,0.996
Observed,2007–2021,females,35–44,2,hodgkin,0.9840000000000002,0.969,0.9920000000000002
Observed,2007–2021,females,45–54,2,hodgkin,0.959,0.934,0.975
Observed,2007–2021,females,55–64,2,hodgkin,0.924,0.892,0.946
Observed,2007–2021,females,65–74,2,hodgkin,0.769,0.723,0.808
Observed,2007–2021,females,75–84,2,hodgkin,0.594,0.538,0.646
Observed,2007–2021,females,85+,2,hodgkin,0.259,0.182,0.343
Observed,2007–2021,females,5–14,3,hodgkin,1,0.982,1
Observed,2007–2021,females,15–24,3,hodgkin,0.983,0.973,0.9890000000000002
Observed,2007–2021,females,25–34,3,hodgkin,0.9840000000000002,0.973,0.99
Observed,2007–2021,females,35–44,3,hodgkin,0.973,0.955,0.983
Observed,2007–2021,females,45–54,3,hodgkin,0.951,0.924,0.968
Observed,2007–2021,females,55–64,3,hodgkin,0.891,0.855,0.919
Observed,2007–2021,females,65–74,3,hodgkin,0.724,0.676,0.766
Observed,2007–2021,females,75–84,3,hodgkin,0.545,0.487,0.598
Observed,2007–2021,females,85+,3,hodgkin,0.185,0.117,0.264
Observed,2007–2021,females,5–14,4,hodgkin,0.9870000000000002,0.949,0.997
Observed,2007–2021,females,15–24,4,hodgkin,0.975,0.963,0.983
Observed,2007–2021,females,25–34,4,hodgkin,0.978,0.966,0.9860000000000002
Observed,2007–2021,females,35–44,4,hodgkin,0.969,0.95,0.981
Observed,2007–2021,females,45–54,4,hodgkin,0.925,0.893,0.947
Observed,2007–2021,females,55–64,4,hodgkin,0.863,0.824,0.894
Observed,2007–2021,females,65–74,4,hodgkin,0.678,0.628,0.723
Observed,2007–2021,females,75–84,4,hodgkin,0.469,0.411,0.525
Observed,2007–2021,females,85+,4,hodgkin,0.152,0.091,0.229
Observed,2007–2021,females,5–14,5,hodgkin,0.9870000000000002,0.949,0.997
Observed,2007–2021,females,15–24,5,hodgkin,0.969,0.956,0.978
Observed,2007–2021,females,25–34,5,hodgkin,0.977,0.965,0.9850000000000002
Observed,2007–2021,females,35–44,5,hodgkin,0.969,0.95,0.981
Observed,2007–2021,females,45–54,5,hodgkin,0.922,0.89,0.945
Observed,2007–2021,females,55–64,5,hodgkin,0.852,0.811,0.884
Observed,2007–2021,females,65–74,5,hodgkin,0.655,0.604,0.701
Observed,2007–2021,females,75–84,5,hodgkin,0.422,0.364,0.478
Observed,2007–2021,females,85+,5,hodgkin,0.131,0.074,0.204
Observed,2007–2021,males,5–14,1,hodgkin,0.996,0.971,0.999
Observed,2007–2021,males,15–24,1,hodgkin,0.998,0.9920000000000002,0.999
Observed,2007–2021,males,25–34,1,hodgkin,0.997,0.99,0.999
Observed,2007–2021,males,35–44,1,hodgkin,0.976,0.962,0.9850000000000002
Observed,2007–2021,males,45–54,1,hodgkin,0.961,0.943,0.973
Observed,2007–2021,males,55–64,1,hodgkin,0.919,0.896,0.938
Observed,2007–2021,males,65–74,1,hodgkin,0.819,0.787,0.847
Observed,2007–2021,males,75–84,1,hodgkin,0.646,0.597,0.691
Observed,2007–2021,males,85+,1,hodgkin,0.438,0.348,0.525
Observed,2007–2021,males,5–14,2,hodgkin,0.996,0.971,0.999
Observed,2007–2021,males,15–24,2,hodgkin,0.993,0.9850000000000002,0.997
Observed,2007–2021,males,25–34,2,hodgkin,0.99,0.981,0.995
Observed,2007–2021,males,35–44,2,hodgkin,0.962,0.945,0.974
Observed,2007–2021,males,45–54,2,hodgkin,0.944,0.923,0.959
Observed,2007–2021,males,55–64,2,hodgkin,0.885,0.858,0.908
Observed,2007–2021,males,65–74,2,hodgkin,0.743,0.707,0.775
Observed,2007–2021,males,75–84,2,hodgkin,0.534,0.483,0.582
Observed,2007–2021,males,85+,2,hodgkin,0.267,0.191,0.348
Observed,2007–2021,males,5–14,3,hodgkin,0.9920000000000002,0.967,0.998
Observed,2007–2021,males,15–24,3,hodgkin,0.9840000000000002,0.974,0.9910000000000002
Observed,2007–2021,males,25–34,3,hodgkin,0.9890000000000002,0.98,0.994
Observed,2007–2021,males,35–44,3,hodgkin,0.946,0.926,0.96
Observed,2007–2021,males,45–54,3,hodgkin,0.928,0.905,0.945
Observed,2007–2021,males,55–64,3,hodgkin,0.854,0.824,0.88
Observed,2007–2021,males,65–74,3,hodgkin,0.704,0.667,0.738
Observed,2007–2021,males,75–84,3,hodgkin,0.486,0.434,0.535
Observed,2007–2021,males,85+,3,hodgkin,0.191,0.126,0.266
Observed,2007–2021,males,5–14,4,hodgkin,0.9920000000000002,0.967,0.998
Observed,2007–2021,males,15–24,4,hodgkin,0.979,0.968,0.9860000000000002
Observed,2007–2021,males,25–34,4,hodgkin,0.979,0.967,0.9860000000000002
Observed,2007–2021,males,35–44,4,hodgkin,0.943,0.923,0.958
Observed,2007–2021,males,45–54,4,hodgkin,0.912,0.887,0.931
Observed,2007–2021,males,55–64,4,hodgkin,0.834,0.802,0.861
Observed,2007–2021,males,65–74,4,hodgkin,0.664,0.626,0.7
Observed,2007–2021,males,75–84,4,hodgkin,0.432,0.381,0.482
Observed,2007–2021,males,85+,4,hodgkin,0.119,0.068,0.184
Observed,2007–2021,males,5–14,5,hodgkin,0.9920000000000002,0.967,0.998
Observed,2007–2021,males,15–24,5,hodgkin,0.974,0.961,0.982
Observed,2007–2021,males,25–34,5,hodgkin,0.974,0.961,0.983
Observed,2007–2021,males,35–44,5,hodgkin,0.938,0.918,0.954
Observed,2007–2021,males,45–54,5,hodgkin,0.889,0.862,0.911
Observed,2007–2021,males,55–64,5,hodgkin,0.809,0.775,0.839
Observed,2007–2021,males,65–74,5,hodgkin,0.622,0.582,0.66
Observed,2007–2021,males,75–84,5,hodgkin,0.372,0.322,0.422
Observed,2007–2021,males,85+,5,hodgkin,0.109,0.06,0.173
Observed,2007–2021,persons,5–14,1,hodgkin,0.998,0.983,1
Observed,2007–2021,persons,15–24,1,hodgkin,0.997,0.993,0.999
Observed,2007–2021,persons,25–34,1,hodgkin,0.997,0.994,0.999
Observed,2007–2021,persons,35–44,1,hodgkin,0.981,0.972,0.9870000000000002
Observed,2007–2021,persons,45–54,1,hodgkin,0.966,0.953,0.975
Observed,2007–2021,persons,55–64,1,hodgkin,0.93,0.913,0.944
Observed,2007–2021,persons,65–74,1,hodgkin,0.825,0.801,0.847
Observed,2007–2021,persons,75–84,1,hodgkin,0.651,0.614,0.685
Observed,2007–2021,persons,85+,1,hodgkin,0.457,0.393,0.518
Observed,2007–2021,persons,5–14,2,hodgkin,0.998,0.983,1
Observed,2007–2021,persons,15–24,2,hodgkin,0.9910000000000002,0.9860000000000002,0.994
Observed,2007–2021,persons,25–34,2,hodgkin,0.9910000000000002,0.9860000000000002,0.995
Observed,2007–2021,persons,35–44,2,hodgkin,0.972,0.961,0.979
Observed,2007–2021,persons,45–54,2,hodgkin,0.949,0.934,0.961
Observed,2007–2021,persons,55–64,2,hodgkin,0.9,0.879,0.917
Observed,2007–2021,persons,65–74,2,hodgkin,0.753,0.725,0.778
Observed,2007–2021,persons,75–84,2,hodgkin,0.561,0.523,0.597
Observed,2007–2021,persons,85+,2,hodgkin,0.264,0.209,0.322
Observed,2007–2021,persons,5–14,3,hodgkin,0.995,0.98,0.999
Observed,2007–2021,persons,15–24,3,hodgkin,0.9840000000000002,0.977,0.9880000000000002
Observed,2007–2021,persons,25–34,3,hodgkin,0.9860000000000002,0.98,0.9910000000000002
Observed,2007–2021,persons,35–44,3,hodgkin,0.958,0.945,0.967
Observed,2007–2021,persons,45–54,3,hodgkin,0.936,0.92,0.95
Observed,2007–2021,persons,55–64,3,hodgkin,0.868,0.845,0.888
Observed,2007–2021,persons,65–74,3,hodgkin,0.711,0.682,0.738
Observed,2007–2021,persons,75–84,3,hodgkin,0.512,0.474,0.549
Observed,2007–2021,persons,85+,3,hodgkin,0.188,0.14,0.242
Observed,2007–2021,persons,5–14,4,hodgkin,0.99,0.973,0.996
Observed,2007–2021,persons,15–24,4,hodgkin,0.977,0.969,0.983
Observed,2007–2021,persons,25–34,4,hodgkin,0.978,0.97,0.9840000000000002
Observed,2007–2021,persons,35–44,4,hodgkin,0.954,0.941,0.965
Observed,2007–2021,persons,45–54,4,hodgkin,0.916,0.898,0.932
Observed,2007–2021,persons,55–64,4,hodgkin,0.845,0.821,0.866
Observed,2007–2021,persons,65–74,4,hodgkin,0.669,0.639,0.698
Observed,2007–2021,persons,75–84,4,hodgkin,0.449,0.411,0.486
Observed,2007–2021,persons,85+,4,hodgkin,0.134,0.093,0.183
Observed,2007–2021,persons,5–14,5,hodgkin,0.99,0.973,0.996
Observed,2007–2021,persons,15–24,5,hodgkin,0.972,0.963,0.978
Observed,2007–2021,persons,25–34,5,hodgkin,0.975,0.967,0.982
Observed,2007–2021,persons,35–44,5,hodgkin,0.952,0.938,0.962
Observed,2007–2021,persons,45–54,5,hodgkin,0.902,0.882,0.918
Observed,2007–2021,persons,55–64,5,hodgkin,0.825,0.8,0.848
Observed,2007–2021,persons,65–74,5,hodgkin,0.635,0.604,0.664
Observed,2007–2021,persons,75–84,5,hodgkin,0.394,0.357,0.432
Observed,2007–2021,persons,85+,5,hodgkin,0.119,0.08,0.166
Observed,2012–2016,females,5–14,1,hodgkin,1,0.934,1
Observed,2012–2016,females,15–24,1,hodgkin,0.997,0.98,1
Observed,2012–2016,females,25–34,1,hodgkin,1,0.99,1
Observed,2012–2016,females,35–44,1,hodgkin,0.9910000000000002,0.963,0.998
Observed,2012–2016,females,45–54,1,hodgkin,0.973,0.929,0.99
Observed,2012–2016,females,55–64,1,hodgkin,0.968,0.916,0.9880000000000002
Observed,2012–2016,females,65–74,1,hodgkin,0.856,0.783,0.905
Observed,2012–2016,females,75–84,1,hodgkin,0.641,0.535,0.729
Observed,2012–2016,females,85+,1,hodgkin,0.501,0.334,0.647
Observed,2012–2016,females,5–14,2,hodgkin,1,0.933,1
Observed,2012–2016,females,15–24,2,hodgkin,0.9890000000000002,0.97,0.996
Observed,2012–2016,females,25–34,2,hodgkin,0.9860000000000002,0.964,0.995
Observed,2012–2016,females,35–44,2,hodgkin,0.9910000000000002,0.963,0.998
Observed,2012–2016,females,45–54,2,hodgkin,0.966,0.92,0.9860000000000002
Observed,2012–2016,females,55–64,2,hodgkin,0.943,0.884,0.972
Observed,2012–2016,females,65–74,2,hodgkin,0.793,0.713,0.853
Observed,2012–2016,females,75–84,2,hodgkin,0.555,0.449,0.649
Observed,2012–2016,females,85+,2,hodgkin,NA,NA,NA
Observed,2012–2016,females,5–14,3,hodgkin,1,0.932,1
Observed,2012–2016,females,15–24,3,hodgkin,0.977,0.954,0.9880000000000002
Observed,2012–2016,females,25–34,3,hodgkin,0.976,0.951,0.9890000000000002
Observed,2012–2016,females,35–44,3,hodgkin,0.98,0.947,0.9920000000000002
Observed,2012–2016,females,45–54,3,hodgkin,0.953,0.904,0.977
Observed,2012–2016,females,55–64,3,hodgkin,0.908,0.841,0.948
Observed,2012–2016,females,65–74,3,hodgkin,0.768,0.685,0.832
Observed,2012–2016,females,75–84,3,hodgkin,0.511,0.405,0.607
Observed,2012–2016,females,85+,3,hodgkin,NA,NA,NA
Observed,2012–2016,females,5–14,4,hodgkin,1,0.933,1
Observed,2012–2016,females,15–24,4,hodgkin,0.958,0.931,0.975
Observed,2012–2016,females,25–34,4,hodgkin,0.973,0.946,0.9860000000000002
Observed,2012–2016,females,35–44,4,hodgkin,0.98,0.947,0.9920000000000002
Observed,2012–2016,females,45–54,4,hodgkin,0.909,0.849,0.946
Observed,2012–2016,females,55–64,4,hodgkin,0.882,0.808,0.928
Observed,2012–2016,females,65–74,4,hodgkin,0.719,0.63,0.79
Observed,2012–2016,females,75–84,4,hodgkin,0.421,0.32,0.52
Observed,2012–2016,females,85+,4,hodgkin,NA,NA,NA
Observed,2012–2016,females,5–14,5,hodgkin,1,0.934,1
Observed,2012–2016,females,15–24,5,hodgkin,0.955,0.927,0.973
Observed,2012–2016,females,25–34,5,hodgkin,0.973,0.946,0.9860000000000002
Observed,2012–2016,females,35–44,5,hodgkin,0.98,0.947,0.9920000000000002
Observed,2012–2016,females,45–54,5,hodgkin,0.909,0.849,0.946
Observed,2012–2016,females,55–64,5,hodgkin,0.872,0.797,0.921
Observed,2012–2016,females,65–74,5,hodgkin,0.709,0.618,0.781
Observed,2012–2016,females,75–84,5,hodgkin,0.364,0.267,0.462
Observed,2012–2016,females,85+,5,hodgkin,NA,NA,NA
Observed,2012–2016,males,5–14,1,hodgkin,1,0.969,1
Observed,2012–2016,males,15–24,1,hodgkin,0.997,0.979,1
Observed,2012–2016,males,25–34,1,hodgkin,0.997,0.979,1
Observed,2012–2016,males,35–44,1,hodgkin,0.953,0.917,0.974
Observed,2012–2016,males,45–54,1,hodgkin,0.973,0.941,0.9880000000000002
Observed,2012–2016,males,55–64,1,hodgkin,0.871,0.817,0.909
Observed,2012–2016,males,65–74,1,hodgkin,0.81,0.751,0.857
Observed,2012–2016,males,75–84,1,hodgkin,0.652,0.566,0.725
Observed,2012–2016,males,85+,1,hodgkin,0.389,0.247,0.528
Observed,2012–2016,males,5–14,2,hodgkin,1,0.969,1
Observed,2012–2016,males,15–24,2,hodgkin,0.994,0.976,0.998
Observed,2012–2016,males,25–34,2,hodgkin,0.9910000000000002,0.971,0.997
Observed,2012–2016,males,35–44,2,hodgkin,0.932,0.892,0.958
Observed,2012–2016,males,45–54,2,hodgkin,0.947,0.908,0.969
Observed,2012–2016,males,55–64,2,hodgkin,0.847,0.791,0.889
Observed,2012–2016,males,65–74,2,hodgkin,0.708,0.642,0.764
Observed,2012–2016,males,75–84,2,hodgkin,0.54,0.452,0.619
Observed,2012–2016,males,85+,2,hodgkin,NA,NA,NA
Observed,2012–2016,males,5–14,3,hodgkin,1,0.968,1
Observed,2012–2016,males,15–24,3,hodgkin,0.9880000000000002,0.967,0.995
Observed,2012–2016,males,25–34,3,hodgkin,0.9910000000000002,0.971,0.997
Observed,2012–2016,males,35–44,3,hodgkin,0.928,0.887,0.955
Observed,2012–2016,males,45–54,3,hodgkin,0.937,0.896,0.962
Observed,2012–2016,males,55–64,3,hodgkin,0.805,0.744,0.852
Observed,2012–2016,males,65–74,3,hodgkin,0.684,0.617,0.742
Observed,2012–2016,males,75–84,3,hodgkin,0.492,0.405,0.573
Observed,2012–2016,males,85+,3,hodgkin,NA,NA,NA
Observed,2012–2016,males,5–14,4,hodgkin,1,0.967,1
Observed,2012–2016,males,15–24,4,hodgkin,0.978,0.955,0.99
Observed,2012–2016,males,25–34,4,hodgkin,0.9870000000000002,0.966,0.995
Observed,2012–2016,males,35–44,4,hodgkin,0.928,0.887,0.955
Observed,2012–2016,males,45–54,4,hodgkin,0.918,0.873,0.948
Observed,2012–2016,males,55–64,4,hodgkin,0.786,0.724,0.835
Observed,2012–2016,males,65–74,4,hodgkin,0.654,0.585,0.714
Observed,2012–2016,males,75–84,4,hodgkin,0.425,0.34,0.508
Observed,2012–2016,males,85+,4,hodgkin,NA,NA,NA
Observed,2012–2016,males,5–14,5,hodgkin,1,0.965,1
Observed,2012–2016,males,15–24,5,hodgkin,0.975,0.95,0.9870000000000002
Observed,2012–2016,males,25–34,5,hodgkin,0.9840000000000002,0.961,0.993
Observed,2012–2016,males,35–44,5,hodgkin,0.919,0.877,0.948
Observed,2012–2016,males,45–54,5,hodgkin,0.889,0.838,0.924
Observed,2012–2016,males,55–64,5,hodgkin,0.766,0.703,0.818
Observed,2012–2016,males,65–74,5,hodgkin,0.621,0.551,0.683
Observed,2012–2016,males,75–84,5,hodgkin,0.346,0.262,0.431
Observed,2012–2016,males,85+,5,hodgkin,NA,NA,NA
Observed,2012–2016,persons,5–14,1,hodgkin,1,0.979,1
Observed,2012–2016,persons,15–24,1,hodgkin,0.997,0.9880000000000002,0.999
Observed,2012–2016,persons,25–34,1,hodgkin,0.998,0.9890000000000002,1
Observed,2012–2016,persons,35–44,1,hodgkin,0.971,0.95,0.983
Observed,2012–2016,persons,45–54,1,hodgkin,0.973,0.95,0.9850000000000002
Observed,2012–2016,persons,55–64,1,hodgkin,0.907,0.87,0.933
Observed,2012–2016,persons,65–74,1,hodgkin,0.828,0.784,0.864
Observed,2012–2016,persons,75–84,1,hodgkin,0.647,0.582,0.705
Observed,2012–2016,persons,85+,1,hodgkin,0.441,0.331,0.545
Observed,2012–2016,persons,5–14,2,hodgkin,1,0.978,1
Observed,2012–2016,persons,15–24,2,hodgkin,0.9910000000000002,0.98,0.996
Observed,2012–2016,persons,25–34,2,hodgkin,0.9890000000000002,0.976,0.995
Observed,2012–2016,persons,35–44,2,hodgkin,0.959,0.936,0.974
Observed,2012–2016,persons,45–54,2,hodgkin,0.954,0.928,0.971
Observed,2012–2016,persons,55–64,2,hodgkin,0.883,0.843,0.913
Observed,2012–2016,persons,65–74,2,hodgkin,0.74,0.69,0.783
Observed,2012–2016,persons,75–84,2,hodgkin,0.546,0.479,0.608
Observed,2012–2016,persons,85+,2,hodgkin,0.273,0.177,0.378
Observed,2012–2016,persons,5–14,3,hodgkin,1,0.978,1
Observed,2012–2016,persons,15–24,3,hodgkin,0.982,0.969,0.99
Observed,2012–2016,persons,25–34,3,hodgkin,0.9840000000000002,0.97,0.9910000000000002
Observed,2012–2016,persons,35–44,3,hodgkin,0.952,0.928,0.969
Observed,2012–2016,persons,45–54,3,hodgkin,0.944,0.915,0.963
Observed,2012–2016,persons,55–64,3,hodgkin,0.843,0.799,0.878
Observed,2012–2016,persons,65–74,3,hodgkin,0.716,0.665,0.76
Observed,2012–2016,persons,75–84,3,hodgkin,0.5,0.433,0.563
Observed,2012–2016,persons,85+,3,hodgkin,0.154,0.079,0.251
Observed,2012–2016,persons,5–14,4,hodgkin,1,0.977,1
Observed,2012–2016,persons,15–24,4,hodgkin,0.968,0.951,0.979
Observed,2012–2016,persons,25–34,4,hodgkin,0.98,0.965,0.9890000000000002
Observed,2012–2016,persons,35–44,4,hodgkin,0.952,0.928,0.969
Observed,2012–2016,persons,45–54,4,hodgkin,0.915,0.881,0.939
Observed,2012–2016,persons,55–64,4,hodgkin,0.821,0.776,0.859
Observed,2012–2016,persons,65–74,4,hodgkin,0.679,0.626,0.726
Observed,2012–2016,persons,75–84,4,hodgkin,0.423,0.358,0.487
Observed,2012–2016,persons,85+,4,hodgkin,0.108,0.048,0.196
Observed,2012–2016,persons,5–14,5,hodgkin,1,0.977,1
Observed,2012–2016,persons,15–24,5,hodgkin,0.965,0.948,0.976
Observed,2012–2016,persons,25–34,5,hodgkin,0.978,0.963,0.9870000000000002
Observed,2012–2016,persons,35–44,5,hodgkin,0.947,0.921,0.964
Observed,2012–2016,persons,45–54,5,hodgkin,0.896,0.86,0.924
Observed,2012–2016,persons,55–64,5,hodgkin,0.805,0.758,0.844
Observed,2012–2016,persons,65–74,5,hodgkin,0.654,0.599,0.703
Observed,2012–2016,persons,75–84,5,hodgkin,0.354,0.291,0.419
Observed,2012–2016,persons,85+,5,hodgkin,0.092,0.038,0.177
Observed,2017–2021,females,5–14,1,hodgkin,1,0.959,1
Observed,2017–2021,females,15–24,1,hodgkin,0.9910000000000002,0.973,0.997
Observed,2017–2021,females,25–34,1,hodgkin,1,0.9920000000000002,1
Observed,2017–2021,females,35–44,1,hodgkin,1,0.9860000000000002,1
Observed,2017–2021,females,45–54,1,hodgkin,0.977,0.929,0.9920000000000002
Observed,2017–2021,females,55–64,1,hodgkin,0.936,0.881,0.966
Observed,2017–2021,females,65–74,1,hodgkin,0.848,0.78,0.896
Observed,2017–2021,females,75–84,1,hodgkin,0.694,0.608,0.765
Observed,2017–2021,females,85+,1,hodgkin,0.547,0.407,0.668
Observed,2017–2021,females,5–14,2,hodgkin,1,0.958,1
Observed,2017–2021,females,15–24,2,hodgkin,0.9910000000000002,0.973,0.997
Observed,2017–2021,females,25–34,2,hodgkin,1,0.9910000000000002,1
Observed,2017–2021,females,35–44,2,hodgkin,0.995,0.967,0.999
Observed,2017–2021,females,45–54,2,hodgkin,0.96,0.907,0.983
Observed,2017–2021,females,55–64,2,hodgkin,0.929,0.872,0.961
Observed,2017–2021,females,65–74,2,hodgkin,0.799,0.725,0.855
Observed,2017–2021,females,75–84,2,hodgkin,0.639,0.55,0.715
Observed,2017–2021,females,85+,2,hodgkin,0.302,0.184,0.429
Observed,2017–2021,females,5–14,3,hodgkin,1,0.956,1
Observed,2017–2021,females,15–24,3,hodgkin,0.9850000000000002,0.965,0.994
Observed,2017–2021,females,25–34,3,hodgkin,0.997,0.979,1
Observed,2017–2021,females,35–44,3,hodgkin,0.9860000000000002,0.956,0.995
Observed,2017–2021,females,45–54,3,hodgkin,0.96,0.907,0.983
Observed,2017–2021,females,55–64,3,hodgkin,0.913,0.852,0.95
Observed,2017–2021,females,65–74,3,hodgkin,0.759,0.682,0.82
Observed,2017–2021,females,75–84,3,hodgkin,0.594,0.503,0.674
Observed,2017–2021,females,85+,3,hodgkin,NA,NA,NA
Observed,2017–2021,females,5–14,4,hodgkin,0.982,0.876,0.997
Observed,2017–2021,females,15–24,4,hodgkin,0.982,0.961,0.9920000000000002
Observed,2017–2021,females,25–34,4,hodgkin,0.9910000000000002,0.972,0.997
Observed,2017–2021,females,35–44,4,hodgkin,0.981,0.949,0.993
Observed,2017–2021,females,45–54,4,hodgkin,0.946,0.89,0.974
Observed,2017–2021,females,55–64,4,hodgkin,0.89,0.824,0.932
Observed,2017–2021,females,65–74,4,hodgkin,0.706,0.626,0.772
Observed,2017–2021,females,75–84,4,hodgkin,0.54,0.446,0.625
Observed,2017–2021,females,85+,4,hodgkin,NA,NA,NA
Observed,2017–2021,females,5–14,5,hodgkin,0.982,0.876,0.997
Observed,2017–2021,females,15–24,5,hodgkin,0.982,0.961,0.9920000000000002
Observed,2017–2021,females,25–34,5,hodgkin,0.9880000000000002,0.968,0.995
Observed,2017–2021,females,35–44,5,hodgkin,0.981,0.949,0.993
Observed,2017–2021,females,45–54,5,hodgkin,0.939,0.882,0.969
Observed,2017–2021,females,55–64,5,hodgkin,0.875,0.806,0.92
Observed,2017–2021,females,65–74,5,hodgkin,0.665,0.583,0.734
Observed,2017–2021,females,75–84,5,hodgkin,0.506,0.41,0.593
Observed,2017–2021,females,85+,5,hodgkin,NA,NA,NA
Observed,2017–2021,males,5–14,1,hodgkin,1,0.965,1
Observed,2017–2021,males,15–24,1,hodgkin,1,0.9910000000000002,1
Observed,2017–2021,males,25–34,1,hodgkin,0.997,0.979,1
Observed,2017–2021,males,35–44,1,hodgkin,0.9850000000000002,0.959,0.994
Observed,2017–2021,males,45–54,1,hodgkin,0.958,0.924,0.977
Observed,2017–2021,males,55–64,1,hodgkin,0.953,0.919,0.973
Observed,2017–2021,males,65–74,1,hodgkin,0.838,0.787,0.877
Observed,2017–2021,males,75–84,1,hodgkin,0.66,0.582,0.726
Observed,2017–2021,males,85+,1,hodgkin,0.454,0.316,0.582
Observed,2017–2021,males,5–14,2,hodgkin,1,0.963,1
Observed,2017–2021,males,15–24,2,hodgkin,0.997,0.979,1
Observed,2017–2021,males,25–34,2,hodgkin,0.9880000000000002,0.968,0.995
Observed,2017–2021,males,35–44,2,hodgkin,0.976,0.948,0.9890000000000002
Observed,2017–2021,males,45–54,2,hodgkin,0.95,0.913,0.971
Observed,2017–2021,males,55–64,2,hodgkin,0.928,0.888,0.954
Observed,2017–2021,males,65–74,2,hodgkin,0.765,0.71,0.812
Observed,2017–2021,males,75–84,2,hodgkin,0.548,0.469,0.62
Observed,2017–2021,males,85+,2,hodgkin,NA,NA,NA
Observed,2017–2021,males,5–14,3,hodgkin,1,0.963,1
Observed,2017–2021,males,15–24,3,hodgkin,0.994,0.976,0.998
Observed,2017–2021,males,25–34,3,hodgkin,0.9880000000000002,0.968,0.995
Observed,2017–2021,males,35–44,3,hodgkin,0.956,0.921,0.975
Observed,2017–2021,males,45–54,3,hodgkin,0.928,0.887,0.955
Observed,2017–2021,males,55–64,3,hodgkin,0.896,0.85,0.929
Observed,2017–2021,males,65–74,3,hodgkin,0.719,0.66,0.77
Observed,2017–2021,males,75–84,3,hodgkin,0.512,0.433,0.585
Observed,2017–2021,males,85+,3,hodgkin,NA,NA,NA
Observed,2017–2021,males,5–14,4,hodgkin,1,0.963,1
Observed,2017–2021,males,15–24,4,hodgkin,0.9910000000000002,0.972,0.997
Observed,2017–2021,males,25–34,4,hodgkin,0.982,0.96,0.9920000000000002
Observed,2017–2021,males,35–44,4,hodgkin,0.951,0.916,0.972
Observed,2017–2021,males,45–54,4,hodgkin,0.92,0.877,0.948
Observed,2017–2021,males,55–64,4,hodgkin,0.876,0.826,0.912
Observed,2017–2021,males,65–74,4,hodgkin,0.674,0.612,0.728
Observed,2017–2021,males,75–84,4,hodgkin,0.478,0.4,0.553
Observed,2017–2021,males,85+,4,hodgkin,NA,NA,NA
Observed,2017–2021,males,5–14,5,hodgkin,1,0.964,1
Observed,2017–2021,males,15–24,5,hodgkin,0.9880000000000002,0.968,0.995
Observed,2017–2021,males,25–34,5,hodgkin,0.976,0.952,0.9880000000000002
Observed,2017–2021,males,35–44,5,hodgkin,0.951,0.916,0.972
Observed,2017–2021,males,45–54,5,hodgkin,0.902,0.857,0.934
Observed,2017–2021,males,55–64,5,hodgkin,0.841,0.786,0.883
Observed,2017–2021,males,65–74,5,hodgkin,0.633,0.57,0.69
Observed,2017–2021,males,75–84,5,hodgkin,0.438,0.36,0.513
Observed,2017–2021,males,85+,5,hodgkin,NA,NA,NA
Observed,2017–2021,persons,5–14,1,hodgkin,1,0.981,1
Observed,2017–2021,persons,15–24,1,hodgkin,0.996,0.9860000000000002,0.999
Observed,2017–2021,persons,25–34,1,hodgkin,0.999,0.99,1
Observed,2017–2021,persons,35–44,1,hodgkin,0.9910000000000002,0.977,0.997
Observed,2017–2021,persons,45–54,1,hodgkin,0.965,0.94,0.979
Observed,2017–2021,persons,55–64,1,hodgkin,0.947,0.92,0.965
Observed,2017–2021,persons,65–74,1,hodgkin,0.841,0.803,0.873
Observed,2017–2021,persons,75–84,1,hodgkin,0.675,0.619,0.725
Observed,2017–2021,persons,85+,1,hodgkin,0.502,0.404,0.592
Observed,2017–2021,persons,5–14,2,hodgkin,1,0.98,1
Observed,2017–2021,persons,15–24,2,hodgkin,0.994,0.9840000000000002,0.998
Observed,2017–2021,persons,25–34,2,hodgkin,0.994,0.9840000000000002,0.998
Observed,2017–2021,persons,35–44,2,hodgkin,0.9850000000000002,0.968,0.993
Observed,2017–2021,persons,45–54,2,hodgkin,0.953,0.926,0.971
Observed,2017–2021,persons,55–64,2,hodgkin,0.928,0.898,0.95
Observed,2017–2021,persons,65–74,2,hodgkin,0.777,0.734,0.814
Observed,2017–2021,persons,75–84,2,hodgkin,0.588,0.53,0.642
Observed,2017–2021,persons,85+,2,hodgkin,0.266,0.185,0.354
Observed,2017–2021,persons,5–14,3,hodgkin,1,0.98,1
Observed,2017–2021,persons,15–24,3,hodgkin,0.99,0.978,0.995
Observed,2017–2021,persons,25–34,3,hodgkin,0.993,0.982,0.997
Observed,2017–2021,persons,35–44,3,hodgkin,0.969,0.949,0.982
Observed,2017–2021,persons,45–54,3,hodgkin,0.939,0.909,0.96
Observed,2017–2021,persons,55–64,3,hodgkin,0.902,0.868,0.928
Observed,2017–2021,persons,65–74,3,hodgkin,0.733,0.688,0.774
Observed,2017–2021,persons,75–84,3,hodgkin,0.548,0.489,0.603
Observed,2017–2021,persons,85+,3,hodgkin,0.207,0.135,0.29
Observed,2017–2021,persons,5–14,4,hodgkin,0.993,0.95,0.999
Observed,2017–2021,persons,15–24,4,hodgkin,0.9870000000000002,0.975,0.993
Observed,2017–2021,persons,25–34,4,hodgkin,0.9870000000000002,0.974,0.993
Observed,2017–2021,persons,35–44,4,hodgkin,0.965,0.943,0.978
Observed,2017–2021,persons,45–54,4,hodgkin,0.929,0.897,0.951
Observed,2017–2021,persons,55–64,4,hodgkin,0.881,0.844,0.91
Observed,2017–2021,persons,65–74,4,hodgkin,0.686,0.638,0.729
Observed,2017–2021,persons,75–84,4,hodgkin,0.506,0.447,0.563
Observed,2017–2021,persons,85+,4,hodgkin,0.167,0.103,0.246
Observed,2017–2021,persons,5–14,5,hodgkin,0.993,0.95,0.999
Observed,2017–2021,persons,15–24,5,hodgkin,0.9850000000000002,0.973,0.9920000000000002
Observed,2017–2021,persons,25–34,5,hodgkin,0.982,0.968,0.99
Observed,2017–2021,persons,35–44,5,hodgkin,0.965,0.943,0.978
Observed,2017–2021,persons,45–54,5,hodgkin,0.916,0.882,0.94
Observed,2017–2021,persons,55–64,5,hodgkin,0.854,0.813,0.887
Observed,2017–2021,persons,65–74,5,hodgkin,0.644,0.595,0.689
Observed,2017–2021,persons,75–84,5,hodgkin,0.468,0.408,0.526
Observed,2017–2021,persons,85+,5,hodgkin,0.146,0.086,0.222
Relative,2007–2011,females,5–14,1,hodgkin,1,0.944,1
Relative,2007–2011,females,15–24,1,hodgkin,1,0.9910000000000002,1
Relative,2007–2011,females,25–34,1,hodgkin,0.994,0.974,0.999
Relative,2007–2011,females,35–44,1,hodgkin,0.966,0.918,0.9860000000000002
Relative,2007–2011,females,45–54,1,hodgkin,0.976,0.924,0.993
Relative,2007–2011,females,55–64,1,hodgkin,0.945,0.883,0.975
Relative,2007–2011,females,65–74,1,hodgkin,0.796,0.704,0.864
Relative,2007–2011,females,75–84,1,hodgkin,0.638,0.528,0.731
Relative,2007–2011,females,85+,1,hodgkin,NA,NA,NA
Relative,2007–2011,females,5–14,2,hodgkin,1,0.946,1
Relative,2007–2011,females,15–24,2,hodgkin,0.9870000000000002,0.966,0.996
Relative,2007–2011,females,25–34,2,hodgkin,0.9910000000000002,0.97,0.997
Relative,2007–2011,females,35–44,2,hodgkin,0.959,0.91,0.982
Relative,2007–2011,females,45–54,2,hodgkin,0.95,0.887,0.979
Relative,2007–2011,females,55–64,2,hodgkin,0.905,0.834,0.949
Relative,2007–2011,females,65–74,2,hodgkin,0.709,0.606,0.791
Relative,2007–2011,females,75–84,2,hodgkin,0.613,0.498,0.714
Relative,2007–2011,females,85+,2,hodgkin,NA,NA,NA
Relative,2007–2011,females,5–14,3,hodgkin,1,0.946,1
Relative,2007–2011,females,15–24,3,hodgkin,0.9880000000000002,0.966,0.996
Relative,2007–2011,females,25–34,3,hodgkin,0.976,0.95,0.9890000000000002
Relative,2007–2011,females,35–44,3,hodgkin,0.946,0.894,0.974
Relative,2007–2011,females,45–54,3,hodgkin,0.942,0.876,0.975
Relative,2007–2011,females,55–64,3,hodgkin,0.86,0.781,0.914
Relative,2007–2011,females,65–74,3,hodgkin,0.635,0.526,0.727
Relative,2007–2011,females,75–84,3,hodgkin,0.571,0.451,0.681
Relative,2007–2011,females,85+,3,hodgkin,NA,NA,NA
Relative,2007–2011,females,5–14,4,hodgkin,0.982,0.879,0.998
Relative,2007–2011,females,15–24,4,hodgkin,0.9850000000000002,0.962,0.994
Relative,2007–2011,females,25–34,4,hodgkin,0.969,0.94,0.9840000000000002
Relative,2007–2011,females,35–44,4,hodgkin,0.941,0.887,0.97
Relative,2007–2011,females,45–54,4,hodgkin,0.924,0.853,0.964
Relative,2007–2011,females,55–64,4,hodgkin,0.83,0.747,0.891
Relative,2007–2011,females,65–74,4,hodgkin,0.611,0.501,0.707
Relative,2007–2011,females,75–84,4,hodgkin,0.503,0.381,0.621
Relative,2007–2011,females,85+,4,hodgkin,NA,NA,NA
Relative,2007–2011,females,5–14,5,hodgkin,0.983,0.879,0.998
Relative,2007–2011,females,15–24,5,hodgkin,0.97,0.942,0.9850000000000002
Relative,2007–2011,females,25–34,5,hodgkin,0.969,0.94,0.9850000000000002
Relative,2007–2011,females,35–44,5,hodgkin,0.942,0.888,0.971
Relative,2007–2011,females,45–54,5,hodgkin,0.927,0.855,0.966
Relative,2007–2011,females,55–64,5,hodgkin,0.826,0.74,0.888
Relative,2007–2011,females,65–74,5,hodgkin,0.611,0.499,0.708
Relative,2007–2011,females,75–84,5,hodgkin,0.47,0.345,0.595
Relative,2007–2011,females,85+,5,hodgkin,NA,NA,NA
Relative,2007–2011,males,5–14,1,hodgkin,0.9850000000000002,0.894,0.998
Relative,2007–2011,males,15–24,1,hodgkin,0.997,0.977,1
Relative,2007–2011,males,25–34,1,hodgkin,0.997,0.975,1
Relative,2007–2011,males,35–44,1,hodgkin,0.9920000000000002,0.966,0.999
Relative,2007–2011,males,45–54,1,hodgkin,0.953,0.911,0.975
Relative,2007–2011,males,55–64,1,hodgkin,0.935,0.886,0.964
Relative,2007–2011,males,65–74,1,hodgkin,0.815,0.744,0.87
Relative,2007–2011,males,75–84,1,hodgkin,0.643,0.526,0.741
Relative,2007–2011,males,85+,1,hodgkin,NA,NA,NA
Relative,2007–2011,males,5–14,2,hodgkin,0.9850000000000002,0.895,0.998
Relative,2007–2011,males,15–24,2,hodgkin,0.9880000000000002,0.967,0.996
Relative,2007–2011,males,25–34,2,hodgkin,0.994,0.972,1
Relative,2007–2011,males,35–44,2,hodgkin,0.979,0.947,0.993
Relative,2007–2011,males,45–54,2,hodgkin,0.939,0.894,0.967
Relative,2007–2011,males,55–64,2,hodgkin,0.881,0.82,0.924
Relative,2007–2011,males,65–74,2,hodgkin,0.782,0.705,0.844
Relative,2007–2011,males,75–84,2,hodgkin,0.552,0.428,0.665
Relative,2007–2011,males,85+,2,hodgkin,NA,NA,NA
Relative,2007–2011,males,5–14,3,hodgkin,0.97,0.885,0.993
Relative,2007–2011,males,15–24,3,hodgkin,0.972,0.946,0.9860000000000002
Relative,2007–2011,males,25–34,3,hodgkin,0.9910000000000002,0.967,0.999
Relative,2007–2011,males,35–44,3,hodgkin,0.957,0.918,0.979
Relative,2007–2011,males,45–54,3,hodgkin,0.926,0.876,0.958
Relative,2007–2011,males,55–64,3,hodgkin,0.874,0.811,0.92
Relative,2007–2011,males,65–74,3,hodgkin,0.749,0.665,0.818
Relative,2007–2011,males,75–84,3,hodgkin,0.492,0.36,0.619
Relative,2007–2011,males,85+,3,hodgkin,NA,NA,NA
Relative,2007–2011,males,5–14,4,hodgkin,0.971,0.885,0.993
Relative,2007–2011,males,15–24,4,hodgkin,0.97,0.943,0.9850000000000002
Relative,2007–2011,males,25–34,4,hodgkin,0.967,0.934,0.9840000000000002
Relative,2007–2011,males,35–44,4,hodgkin,0.954,0.914,0.977
Relative,2007–2011,males,45–54,4,hodgkin,0.905,0.851,0.942
Relative,2007–2011,males,55–64,4,hodgkin,0.857,0.788,0.908
Relative,2007–2011,males,65–74,4,hodgkin,0.719,0.631,0.795
Relative,2007–2011,males,75–84,4,hodgkin,0.426,0.292,0.564
Relative,2007–2011,males,85+,4,hodgkin,NA,NA,NA
Relative,2007–2011,males,5–14,5,hodgkin,0.971,0.886,0.993
Relative,2007–2011,males,15–24,5,hodgkin,0.96,0.93,0.978
Relative,2007–2011,males,25–34,5,hodgkin,0.963,0.929,0.982
Relative,2007–2011,males,35–44,5,hodgkin,0.951,0.909,0.975
Relative,2007–2011,males,45–54,5,hodgkin,0.888,0.829,0.93
Relative,2007–2011,males,55–64,5,hodgkin,0.848,0.775,0.903
Relative,2007–2011,males,65–74,5,hodgkin,0.674,0.579,0.757
Relative,2007–2011,males,75–84,5,hodgkin,0.365,0.233,0.51
Relative,2007–2011,males,85+,5,hodgkin,NA,NA,NA
Relative,2007–2011,persons,5–14,1,hodgkin,0.9920000000000002,0.941,0.999
Relative,2007–2011,persons,15–24,1,hodgkin,0.999,0.9890000000000002,1
Relative,2007–2011,persons,25–34,1,hodgkin,0.995,0.9840000000000002,0.999
Relative,2007–2011,persons,35–44,1,hodgkin,0.982,0.961,0.9920000000000002
Relative,2007–2011,persons,45–54,1,hodgkin,0.961,0.933,0.978
Relative,2007–2011,persons,55–64,1,hodgkin,0.939,0.904,0.962
Relative,2007–2011,persons,65–74,1,hodgkin,0.808,0.754,0.852
Relative,2007–2011,persons,75–84,1,hodgkin,0.641,0.562,0.71
Relative,2007–2011,persons,85+,1,hodgkin,0.439,0.292,0.583
Relative,2007–2011,persons,5–14,2,hodgkin,0.9920000000000002,0.941,0.999
Relative,2007–2011,persons,15–24,2,hodgkin,0.9880000000000002,0.975,0.994
Relative,2007–2011,persons,25–34,2,hodgkin,0.9920000000000002,0.98,0.998
Relative,2007–2011,persons,35–44,2,hodgkin,0.972,0.948,0.9850000000000002
Relative,2007–2011,persons,45–54,2,hodgkin,0.943,0.91,0.965
Relative,2007–2011,persons,55–64,2,hodgkin,0.891,0.847,0.923
Relative,2007–2011,persons,65–74,2,hodgkin,0.753,0.693,0.805
Relative,2007–2011,persons,75–84,2,hodgkin,0.585,0.501,0.662
Relative,2007–2011,persons,85+,2,hodgkin,NA,NA,NA
Relative,2007–2011,persons,5–14,3,hodgkin,0.9840000000000002,0.935,0.996
Relative,2007–2011,persons,15–24,3,hodgkin,0.98,0.965,0.9890000000000002
Relative,2007–2011,persons,25–34,3,hodgkin,0.983,0.968,0.9920000000000002
Relative,2007–2011,persons,35–44,3,hodgkin,0.953,0.925,0.972
Relative,2007–2011,persons,45–54,3,hodgkin,0.932,0.895,0.957
Relative,2007–2011,persons,55–64,3,hodgkin,0.867,0.819,0.904
Relative,2007–2011,persons,65–74,3,hodgkin,0.704,0.639,0.761
Relative,2007–2011,persons,75–84,3,hodgkin,0.536,0.447,0.62
Relative,2007–2011,persons,85+,3,hodgkin,NA,NA,NA
Relative,2007–2011,persons,5–14,4,hodgkin,0.976,0.927,0.993
Relative,2007–2011,persons,15–24,4,hodgkin,0.977,0.961,0.9870000000000002
Relative,2007–2011,persons,25–34,4,hodgkin,0.968,0.948,0.981
Relative,2007–2011,persons,35–44,4,hodgkin,0.949,0.919,0.969
Relative,2007–2011,persons,45–54,4,hodgkin,0.912,0.872,0.942
Relative,2007–2011,persons,55–64,4,hodgkin,0.844,0.792,0.885
Relative,2007–2011,persons,65–74,4,hodgkin,0.677,0.609,0.738
Relative,2007–2011,persons,75–84,4,hodgkin,0.469,0.378,0.56
Relative,2007–2011,persons,85+,4,hodgkin,NA,NA,NA
Relative,2007–2011,persons,5–14,5,hodgkin,0.976,0.927,0.993
Relative,2007–2011,persons,15–24,5,hodgkin,0.965,0.946,0.978
Relative,2007–2011,persons,25–34,5,hodgkin,0.966,0.946,0.98
Relative,2007–2011,persons,35–44,5,hodgkin,0.948,0.918,0.968
Relative,2007–2011,persons,45–54,5,hodgkin,0.903,0.86,0.935
Relative,2007–2011,persons,55–64,5,hodgkin,0.837,0.783,0.88
Relative,2007–2011,persons,65–74,5,hodgkin,0.653,0.582,0.717
Relative,2007–2011,persons,75–84,5,hodgkin,0.424,0.331,0.519
Relative,2007–2011,persons,85+,5,hodgkin,NA,NA,NA
Relative,2007–2021,females,5–14,1,hodgkin,1,0.982,1
Relative,2007–2021,females,15–24,1,hodgkin,0.996,0.99,0.999
Relative,2007–2021,females,25–34,1,hodgkin,0.998,0.9920000000000002,1
Relative,2007–2021,females,35–44,1,hodgkin,0.9880000000000002,0.975,0.995
Relative,2007–2021,females,45–54,1,hodgkin,0.976,0.955,0.9880000000000002
Relative,2007–2021,females,55–64,1,hodgkin,0.952,0.924,0.97
Relative,2007–2021,females,65–74,1,hodgkin,0.843,0.802,0.877
Relative,2007–2021,females,75–84,1,hodgkin,0.677,0.621,0.728
Relative,2007–2021,females,85+,1,hodgkin,0.526,0.426,0.621
Relative,2007–2021,females,5–14,2,hodgkin,1,0.982,1
Relative,2007–2021,females,15–24,2,hodgkin,0.9890000000000002,0.981,0.994
Relative,2007–2021,females,25–34,2,hodgkin,0.993,0.9850000000000002,0.997
Relative,2007–2021,females,35–44,2,hodgkin,0.9850000000000002,0.971,0.993
Relative,2007–2021,females,45–54,2,hodgkin,0.962,0.937,0.978
Relative,2007–2021,females,55–64,2,hodgkin,0.931,0.899,0.954
Relative,2007–2021,females,65–74,2,hodgkin,0.785,0.738,0.825
Relative,2007–2021,females,75–84,2,hodgkin,0.635,0.575,0.69
Relative,2007–2021,females,85+,2,hodgkin,0.324,0.228,0.43
Relative,2007–2021,females,5–14,3,hodgkin,1,0.982,1
Relative,2007–2021,females,15–24,3,hodgkin,0.9840000000000002,0.973,0.99
Relative,2007–2021,females,25–34,3,hodgkin,0.9850000000000002,0.974,0.9910000000000002
Relative,2007–2021,females,35–44,3,hodgkin,0.975,0.957,0.9860000000000002
Relative,2007–2021,females,45–54,3,hodgkin,0.956,0.929,0.974
Relative,2007–2021,females,55–64,3,hodgkin,0.903,0.866,0.931
Relative,2007–2021,females,65–74,3,hodgkin,0.748,0.698,0.792
Relative,2007–2021,females,75–84,3,hodgkin,0.605,0.542,0.665
Relative,2007–2021,females,85+,3,hodgkin,0.259,0.164,0.371
Relative,2007–2021,females,5–14,4,hodgkin,0.9870000000000002,0.949,0.997
Relative,2007–2021,females,15–24,4,hodgkin,0.976,0.964,0.9840000000000002
Relative,2007–2021,females,25–34,4,hodgkin,0.98,0.968,0.9870000000000002
Relative,2007–2021,females,35–44,4,hodgkin,0.972,0.954,0.9840000000000002
Relative,2007–2021,females,45–54,4,hodgkin,0.932,0.901,0.955
Relative,2007–2021,females,55–64,4,hodgkin,0.879,0.839,0.911
Relative,2007–2021,females,65–74,4,hodgkin,0.71,0.657,0.757
Relative,2007–2021,females,75–84,4,hodgkin,0.545,0.478,0.609
Relative,2007–2021,females,85+,4,hodgkin,0.241,0.144,0.362
Relative,2007–2021,females,5–14,5,hodgkin,0.9880000000000002,0.949,0.997
Relative,2007–2021,females,15–24,5,hodgkin,0.971,0.958,0.98
Relative,2007–2021,females,25–34,5,hodgkin,0.979,0.967,0.9870000000000002
Relative,2007–2021,females,35–44,5,hodgkin,0.973,0.955,0.9850000000000002
Relative,2007–2021,females,45–54,5,hodgkin,0.932,0.9,0.955
Relative,2007–2021,females,55–64,5,hodgkin,0.872,0.831,0.905
Relative,2007–2021,females,65–74,5,hodgkin,0.696,0.641,0.745
Relative,2007–2021,females,75–84,5,hodgkin,0.515,0.445,0.584
Relative,2007–2021,females,85+,5,hodgkin,0.237,0.134,0.371
Relative,2007–2021,males,5–14,1,hodgkin,0.996,0.971,1
Relative,2007–2021,males,15–24,1,hodgkin,0.998,0.9920000000000002,1
Relative,2007–2021,males,25–34,1,hodgkin,0.998,0.9910000000000002,1
Relative,2007–2021,males,35–44,1,hodgkin,0.978,0.963,0.9860000000000002
Relative,2007–2021,males,45–54,1,hodgkin,0.963,0.946,0.976
Relative,2007–2021,males,55–64,1,hodgkin,0.926,0.902,0.944
Relative,2007–2021,males,65–74,1,hodgkin,0.833,0.8,0.861
Relative,2007–2021,males,75–84,1,hodgkin,0.677,0.625,0.724
Relative,2007–2021,males,85+,1,hodgkin,0.5,0.397,0.599
Relative,2007–2021,males,5–14,2,hodgkin,0.996,0.971,1
Relative,2007–2021,males,15–24,2,hodgkin,0.994,0.9860000000000002,0.998
Relative,2007–2021,males,25–34,2,hodgkin,0.9920000000000002,0.983,0.997
Relative,2007–2021,males,35–44,2,hodgkin,0.964,0.947,0.976
Relative,2007–2021,males,45–54,2,hodgkin,0.949,0.929,0.965
Relative,2007–2021,males,55–64,2,hodgkin,0.898,0.87,0.92
Relative,2007–2021,males,65–74,2,hodgkin,0.768,0.731,0.802
Relative,2007–2021,males,75–84,2,hodgkin,0.588,0.532,0.642
Relative,2007–2021,males,85+,2,hodgkin,0.352,0.252,0.459
Relative,2007–2021,males,5–14,3,hodgkin,0.9920000000000002,0.967,0.998
Relative,2007–2021,males,15–24,3,hodgkin,0.9860000000000002,0.976,0.9920000000000002
Relative,2007–2021,males,25–34,3,hodgkin,0.9920000000000002,0.982,0.997
Relative,2007–2021,males,35–44,3,hodgkin,0.95,0.93,0.964
Relative,2007–2021,males,45–54,3,hodgkin,0.937,0.914,0.954
Relative,2007–2021,males,55–64,3,hodgkin,0.873,0.842,0.899
Relative,2007–2021,males,65–74,3,hodgkin,0.743,0.703,0.779
Relative,2007–2021,males,75–84,3,hodgkin,0.566,0.506,0.623
Relative,2007–2021,males,85+,3,hodgkin,0.294,0.194,0.409
Relative,2007–2021,males,5–14,4,hodgkin,0.9920000000000002,0.967,0.999
Relative,2007–2021,males,15–24,4,hodgkin,0.981,0.97,0.9890000000000002
Relative,2007–2021,males,25–34,4,hodgkin,0.982,0.97,0.99
Relative,2007–2021,males,35–44,4,hodgkin,0.949,0.928,0.964
Relative,2007–2021,males,45–54,4,hodgkin,0.924,0.898,0.943
Relative,2007–2021,males,55–64,4,hodgkin,0.859,0.826,0.887
Relative,2007–2021,males,65–74,4,hodgkin,0.716,0.674,0.755
Relative,2007–2021,males,75–84,4,hodgkin,0.536,0.473,0.598
Relative,2007–2021,males,85+,4,hodgkin,0.218,0.125,0.34
Relative,2007–2021,males,5–14,5,hodgkin,0.9920000000000002,0.968,0.999
Relative,2007–2021,males,15–24,5,hodgkin,0.977,0.964,0.9850000000000002
Relative,2007–2021,males,25–34,5,hodgkin,0.978,0.965,0.9870000000000002
Relative,2007–2021,males,35–44,5,hodgkin,0.946,0.925,0.961
Relative,2007–2021,males,45–54,5,hodgkin,0.905,0.877,0.927
Relative,2007–2021,males,55–64,5,hodgkin,0.841,0.806,0.872
Relative,2007–2021,males,65–74,5,hodgkin,0.687,0.643,0.729
Relative,2007–2021,males,75–84,5,hodgkin,0.496,0.429,0.562
Relative,2007–2021,males,85+,5,hodgkin,0.24,0.133,0.382
Relative,2007–2021,persons,5–14,1,hodgkin,0.998,0.983,1
Relative,2007–2021,persons,15–24,1,hodgkin,0.997,0.994,0.999
Relative,2007–2021,persons,25–34,1,hodgkin,0.998,0.994,0.999
Relative,2007–2021,persons,35–44,1,hodgkin,0.982,0.973,0.9880000000000002
Relative,2007–2021,persons,45–54,1,hodgkin,0.968,0.955,0.978
Relative,2007–2021,persons,55–64,1,hodgkin,0.935,0.918,0.949
Relative,2007–2021,persons,65–74,1,hodgkin,0.837,0.812,0.859
Relative,2007–2021,persons,75–84,1,hodgkin,0.677,0.639,0.712
Relative,2007–2021,persons,85+,1,hodgkin,0.514,0.442,0.583
Relative,2007–2021,persons,5–14,2,hodgkin,0.998,0.983,1
Relative,2007–2021,persons,15–24,2,hodgkin,0.9920000000000002,0.9860000000000002,0.995
Relative,2007–2021,persons,25–34,2,hodgkin,0.993,0.9870000000000002,0.996
Relative,2007–2021,persons,35–44,2,hodgkin,0.974,0.963,0.982
Relative,2007–2021,persons,45–54,2,hodgkin,0.954,0.939,0.966
Relative,2007–2021,persons,55–64,2,hodgkin,0.91,0.89,0.927
Relative,2007–2021,persons,65–74,2,hodgkin,0.775,0.746,0.801
Relative,2007–2021,persons,75–84,2,hodgkin,0.609,0.569,0.648
Relative,2007–2021,persons,85+,2,hodgkin,0.339,0.268,0.414
Relative,2007–2021,persons,5–14,3,hodgkin,0.995,0.98,0.999
Relative,2007–2021,persons,15–24,3,hodgkin,0.9850000000000002,0.978,0.99
Relative,2007–2021,persons,25–34,3,hodgkin,0.9880000000000002,0.982,0.993
Relative,2007–2021,persons,35–44,3,hodgkin,0.961,0.948,0.971
Relative,2007–2021,persons,45–54,3,hodgkin,0.944,0.927,0.957
Relative,2007–2021,persons,55–64,3,hodgkin,0.884,0.861,0.904
Relative,2007–2021,persons,65–74,3,hodgkin,0.745,0.714,0.773
Relative,2007–2021,persons,75–84,3,hodgkin,0.584,0.541,0.626
Relative,2007–2021,persons,85+,3,hodgkin,0.277,0.207,0.357
Relative,2007–2021,persons,5–14,4,hodgkin,0.99,0.974,0.997
Relative,2007–2021,persons,15–24,4,hodgkin,0.979,0.971,0.9840000000000002
Relative,2007–2021,persons,25–34,4,hodgkin,0.981,0.973,0.9870000000000002
Relative,2007–2021,persons,35–44,4,hodgkin,0.959,0.946,0.969
Relative,2007–2021,persons,45–54,4,hodgkin,0.927,0.908,0.942
Relative,2007–2021,persons,55–64,4,hodgkin,0.866,0.841,0.888
Relative,2007–2021,persons,65–74,4,hodgkin,0.714,0.681,0.744
Relative,2007–2021,persons,75–84,4,hodgkin,0.54,0.494,0.585
Relative,2007–2021,persons,85+,4,hodgkin,0.23,0.159,0.314
Relative,2007–2021,persons,5–14,5,hodgkin,0.9910000000000002,0.974,0.997
Relative,2007–2021,persons,15–24,5,hodgkin,0.974,0.965,0.98
Relative,2007–2021,persons,25–34,5,hodgkin,0.978,0.97,0.9850000000000002
Relative,2007–2021,persons,35–44,5,hodgkin,0.958,0.944,0.968
Relative,2007–2021,persons,45–54,5,hodgkin,0.915,0.895,0.932
Relative,2007–2021,persons,55–64,5,hodgkin,0.853,0.826,0.876
Relative,2007–2021,persons,65–74,5,hodgkin,0.69,0.656,0.723
Relative,2007–2021,persons,75–84,5,hodgkin,0.505,0.456,0.553
Relative,2007–2021,persons,85+,5,hodgkin,0.238,0.16,0.333
Relative,2012–2016,females,5–14,1,hodgkin,1,0.934,1
Relative,2012–2016,females,15–24,1,hodgkin,0.997,0.98,1
Relative,2012–2016,females,25–34,1,hodgkin,1,0.99,1
Relative,2012–2016,females,35–44,1,hodgkin,0.9910000000000002,0.963,0.998
Relative,2012–2016,females,45–54,1,hodgkin,0.974,0.93,0.9910000000000002
Relative,2012–2016,females,55–64,1,hodgkin,0.972,0.92,0.9920000000000002
Relative,2012–2016,females,65–74,1,hodgkin,0.864,0.791,0.914
Relative,2012–2016,females,75–84,1,hodgkin,0.663,0.553,0.753
Relative,2012–2016,females,85+,1,hodgkin,0.553,0.369,0.715
Relative,2012–2016,females,5–14,2,hodgkin,1,0.933,1
Relative,2012–2016,females,15–24,2,hodgkin,0.9890000000000002,0.97,0.996
Relative,2012–2016,females,25–34,2,hodgkin,0.9870000000000002,0.965,0.996
Relative,2012–2016,females,35–44,2,hodgkin,0.9920000000000002,0.964,0.999
Relative,2012–2016,females,45–54,2,hodgkin,0.97,0.924,0.9890000000000002
Relative,2012–2016,females,55–64,2,hodgkin,0.951,0.891,0.98
Relative,2012–2016,females,65–74,2,hodgkin,0.81,0.728,0.871
Relative,2012–2016,females,75–84,2,hodgkin,0.595,0.481,0.696
Relative,2012–2016,females,85+,2,hodgkin,NA,NA,NA
Relative,2012–2016,females,5–14,3,hodgkin,1,0.933,1
Relative,2012–2016,females,15–24,3,hodgkin,0.978,0.955,0.9890000000000002
Relative,2012–2016,females,25–34,3,hodgkin,0.977,0.952,0.99
Relative,2012–2016,females,35–44,3,hodgkin,0.982,0.949,0.995
Relative,2012–2016,females,45–54,3,hodgkin,0.959,0.91,0.983
Relative,2012–2016,females,55–64,3,hodgkin,0.92,0.852,0.961
Relative,2012–2016,females,65–74,3,hodgkin,0.794,0.708,0.86
Relative,2012–2016,females,75–84,3,hodgkin,0.57,0.452,0.677
Relative,2012–2016,females,85+,3,hodgkin,NA,NA,NA
Relative,2012–2016,females,5–14,4,hodgkin,1.001,0.933,1.001
Relative,2012–2016,females,15–24,4,hodgkin,0.959,0.932,0.976
Relative,2012–2016,females,25–34,4,hodgkin,0.974,0.948,0.9880000000000002
Relative,2012–2016,females,35–44,4,hodgkin,0.983,0.95,0.996
Relative,2012–2016,females,45–54,4,hodgkin,0.917,0.856,0.954
Relative,2012–2016,females,55–64,4,hodgkin,0.898,0.823,0.945
Relative,2012–2016,females,65–74,4,hodgkin,0.754,0.66,0.828
Relative,2012–2016,females,75–84,4,hodgkin,0.493,0.374,0.608
Relative,2012–2016,females,85+,4,hodgkin,NA,NA,NA
Relative,2012–2016,females,5–14,5,hodgkin,1.001,0.935,1.001
Relative,2012–2016,females,15–24,5,hodgkin,0.956,0.928,0.974
Relative,2012–2016,females,25–34,5,hodgkin,0.975,0.948,0.9880000000000002
Relative,2012–2016,females,35–44,5,hodgkin,0.9840000000000002,0.951,0.997
Relative,2012–2016,females,45–54,5,hodgkin,0.919,0.858,0.956
Relative,2012–2016,females,55–64,5,hodgkin,0.893,0.816,0.943
Relative,2012–2016,females,65–74,5,hodgkin,0.754,0.658,0.831
Relative,2012–2016,females,75–84,5,hodgkin,0.447,0.328,0.568
Relative,2012–2016,females,85+,5,hodgkin,NA,NA,NA
Relative,2012–2016,males,5–14,1,hodgkin,1,0.969,1
Relative,2012–2016,males,15–24,1,hodgkin,0.998,0.979,1
Relative,2012–2016,males,25–34,1,hodgkin,0.998,0.979,1
Relative,2012–2016,males,35–44,1,hodgkin,0.954,0.918,0.975
Relative,2012–2016,males,45–54,1,hodgkin,0.976,0.944,0.9910000000000002
Relative,2012–2016,males,55–64,1,hodgkin,0.877,0.823,0.916
Relative,2012–2016,males,65–74,1,hodgkin,0.824,0.763,0.871
Relative,2012–2016,males,75–84,1,hodgkin,0.684,0.594,0.761
Relative,2012–2016,males,85+,1,hodgkin,0.439,0.279,0.597
Relative,2012–2016,males,5–14,2,hodgkin,1,0.969,1
Relative,2012–2016,males,15–24,2,hodgkin,0.995,0.977,1
Relative,2012–2016,males,25–34,2,hodgkin,0.9920000000000002,0.973,0.999
Relative,2012–2016,males,35–44,2,hodgkin,0.935,0.894,0.961
Relative,2012–2016,males,45–54,2,hodgkin,0.952,0.913,0.975
Relative,2012–2016,males,55–64,2,hodgkin,0.859,0.802,0.902
Relative,2012–2016,males,65–74,2,hodgkin,0.732,0.664,0.79
Relative,2012–2016,males,75–84,2,hodgkin,0.597,0.5,0.685
Relative,2012–2016,males,85+,2,hodgkin,NA,NA,NA
Relative,2012–2016,males,5–14,3,hodgkin,1,0.968,1
Relative,2012–2016,males,15–24,3,hodgkin,0.9890000000000002,0.969,0.997
Relative,2012–2016,males,25–34,3,hodgkin,0.993,0.974,0.999
Relative,2012–2016,males,35–44,3,hodgkin,0.932,0.891,0.959
Relative,2012–2016,males,45–54,3,hodgkin,0.946,0.905,0.972
Relative,2012–2016,males,55–64,3,hodgkin,0.822,0.761,0.871
Relative,2012–2016,males,65–74,3,hodgkin,0.721,0.651,0.782
Relative,2012–2016,males,75–84,3,hodgkin,0.575,0.473,0.67
Relative,2012–2016,males,85+,3,hodgkin,NA,NA,NA
Relative,2012–2016,males,5–14,4,hodgkin,1.001,0.967,1.001
Relative,2012–2016,males,15–24,4,hodgkin,0.98,0.957,0.9920000000000002
Relative,2012–2016,males,25–34,4,hodgkin,0.99,0.969,0.998
Relative,2012–2016,males,35–44,4,hodgkin,0.934,0.892,0.96
Relative,2012–2016,males,45–54,4,hodgkin,0.93,0.885,0.96
Relative,2012–2016,males,55–64,4,hodgkin,0.81,0.746,0.861
Relative,2012–2016,males,65–74,4,hodgkin,0.704,0.63,0.769
Relative,2012–2016,males,75–84,4,hodgkin,0.528,0.422,0.631
Relative,2012–2016,males,85+,4,hodgkin,NA,NA,NA
Relative,2012–2016,males,5–14,5,hodgkin,1.001,0.966,1.001
Relative,2012–2016,males,15–24,5,hodgkin,0.978,0.953,0.99
Relative,2012–2016,males,25–34,5,hodgkin,0.9880000000000002,0.965,0.997
Relative,2012–2016,males,35–44,5,hodgkin,0.927,0.884,0.955
Relative,2012–2016,males,45–54,5,hodgkin,0.904,0.853,0.94
Relative,2012–2016,males,55–64,5,hodgkin,0.797,0.731,0.85
Relative,2012–2016,males,65–74,5,hodgkin,0.685,0.608,0.754
Relative,2012–2016,males,75–84,5,hodgkin,0.461,0.349,0.573
Relative,2012–2016,males,85+,5,hodgkin,NA,NA,NA
Relative,2012–2016,persons,5–14,1,hodgkin,1,0.979,1
Relative,2012–2016,persons,15–24,1,hodgkin,0.997,0.9890000000000002,1
Relative,2012–2016,persons,25–34,1,hodgkin,0.999,0.9890000000000002,1
Relative,2012–2016,persons,35–44,1,hodgkin,0.972,0.951,0.9840000000000002
Relative,2012–2016,persons,45–54,1,hodgkin,0.975,0.953,0.9880000000000002
Relative,2012–2016,persons,55–64,1,hodgkin,0.912,0.875,0.939
Relative,2012–2016,persons,65–74,1,hodgkin,0.839,0.794,0.876
Relative,2012–2016,persons,75–84,1,hodgkin,0.675,0.607,0.736
Relative,2012–2016,persons,85+,1,hodgkin,0.493,0.37,0.609
Relative,2012–2016,persons,5–14,2,hodgkin,1,0.979,1
Relative,2012–2016,persons,15–24,2,hodgkin,0.9920000000000002,0.981,0.997
Relative,2012–2016,persons,25–34,2,hodgkin,0.99,0.977,0.996
Relative,2012–2016,persons,35–44,2,hodgkin,0.961,0.938,0.976
Relative,2012–2016,persons,45–54,2,hodgkin,0.959,0.933,0.977
Relative,2012–2016,persons,55–64,2,hodgkin,0.893,0.853,0.924
Relative,2012–2016,persons,65–74,2,hodgkin,0.762,0.71,0.806
Relative,2012–2016,persons,75–84,2,hodgkin,0.596,0.524,0.664
Relative,2012–2016,persons,85+,2,hodgkin,0.345,0.224,0.477
Relative,2012–2016,persons,5–14,3,hodgkin,1,0.978,1
Relative,2012–2016,persons,15–24,3,hodgkin,0.983,0.97,0.9910000000000002
Relative,2012–2016,persons,25–34,3,hodgkin,0.9850000000000002,0.971,0.993
Relative,2012–2016,persons,35–44,3,hodgkin,0.956,0.931,0.972
Relative,2012–2016,persons,45–54,3,hodgkin,0.951,0.922,0.971
Relative,2012–2016,persons,55–64,3,hodgkin,0.859,0.814,0.894
Relative,2012–2016,persons,65–74,3,hodgkin,0.749,0.695,0.796
Relative,2012–2016,persons,75–84,3,hodgkin,0.573,0.497,0.645
Relative,2012–2016,persons,85+,3,hodgkin,0.225,0.116,0.367
Relative,2012–2016,persons,5–14,4,hodgkin,1.001,0.978,1.001
Relative,2012–2016,persons,15–24,4,hodgkin,0.97,0.953,0.981
Relative,2012–2016,persons,25–34,4,hodgkin,0.983,0.968,0.9910000000000002
Relative,2012–2016,persons,35–44,4,hodgkin,0.957,0.932,0.973
Relative,2012–2016,persons,45–54,4,hodgkin,0.925,0.891,0.95
Relative,2012–2016,persons,55–64,4,hodgkin,0.843,0.796,0.881
Relative,2012–2016,persons,65–74,4,hodgkin,0.724,0.667,0.774
Relative,2012–2016,persons,75–84,4,hodgkin,0.513,0.433,0.59
Relative,2012–2016,persons,85+,4,hodgkin,0.184,0.082,0.334
Relative,2012–2016,persons,5–14,5,hodgkin,1.001,0.978,1.001
Relative,2012–2016,persons,15–24,5,hodgkin,0.967,0.949,0.979
Relative,2012–2016,persons,25–34,5,hodgkin,0.981,0.966,0.99
Relative,2012–2016,persons,35–44,5,hodgkin,0.953,0.927,0.971
Relative,2012–2016,persons,45–54,5,hodgkin,0.91,0.872,0.937
Relative,2012–2016,persons,55–64,5,hodgkin,0.833,0.784,0.873
Relative,2012–2016,persons,65–74,5,hodgkin,0.711,0.652,0.764
Relative,2012–2016,persons,75–84,5,hodgkin,0.456,0.374,0.538
Relative,2012–2016,persons,85+,5,hodgkin,0.188,0.077,0.36
Relative,2017–2021,females,5–14,1,hodgkin,1,0.959,1
Relative,2017–2021,females,15–24,1,hodgkin,0.9910000000000002,0.973,0.997
Relative,2017–2021,females,25–34,1,hodgkin,1,0.9920000000000002,1
Relative,2017–2021,females,35–44,1,hodgkin,1.001,0.9860000000000002,1.001
Relative,2017–2021,females,45–54,1,hodgkin,0.978,0.931,0.994
Relative,2017–2021,females,55–64,1,hodgkin,0.94,0.885,0.97
Relative,2017–2021,females,65–74,1,hodgkin,0.856,0.788,0.905
Relative,2017–2021,females,75–84,1,hodgkin,0.715,0.626,0.788
Relative,2017–2021,females,85+,1,hodgkin,0.609,0.453,0.743
Relative,2017–2021,females,5–14,2,hodgkin,1,0.959,1
Relative,2017–2021,females,15–24,2,hodgkin,0.9920000000000002,0.973,0.998
Relative,2017–2021,females,25–34,2,hodgkin,1.001,0.9920000000000002,1.001
Relative,2017–2021,females,35–44,2,hodgkin,0.997,0.968,1.001
Relative,2017–2021,females,45–54,2,hodgkin,0.964,0.91,0.9870000000000002
Relative,2017–2021,females,55–64,2,hodgkin,0.936,0.879,0.969
Relative,2017–2021,females,65–74,2,hodgkin,0.814,0.739,0.872
Relative,2017–2021,females,75–84,2,hodgkin,0.679,0.585,0.759
Relative,2017–2021,females,85+,2,hodgkin,0.382,0.233,0.542
Relative,2017–2021,females,5–14,3,hodgkin,1,0.957,1
Relative,2017–2021,females,15–24,3,hodgkin,0.9860000000000002,0.966,0.995
Relative,2017–2021,females,25–34,3,hodgkin,0.998,0.98,1.001
Relative,2017–2021,females,35–44,3,hodgkin,0.9880000000000002,0.958,0.998
Relative,2017–2021,females,45–54,3,hodgkin,0.966,0.912,0.9890000000000002
Relative,2017–2021,females,55–64,3,hodgkin,0.925,0.863,0.962
Relative,2017–2021,females,65–74,3,hodgkin,0.782,0.703,0.845
Relative,2017–2021,females,75–84,3,hodgkin,0.655,0.555,0.742
Relative,2017–2021,females,85+,3,hodgkin,NA,NA,NA
Relative,2017–2021,females,5–14,4,hodgkin,0.982,0.876,0.998
Relative,2017–2021,females,15–24,4,hodgkin,0.983,0.962,0.993
Relative,2017–2021,females,25–34,4,hodgkin,0.9920000000000002,0.974,0.999
Relative,2017–2021,females,35–44,4,hodgkin,0.9840000000000002,0.952,0.996
Relative,2017–2021,females,45–54,4,hodgkin,0.954,0.898,0.982
Relative,2017–2021,females,55–64,4,hodgkin,0.906,0.839,0.949
Relative,2017–2021,females,65–74,4,hodgkin,0.737,0.654,0.806
Relative,2017–2021,females,75–84,4,hodgkin,0.62,0.512,0.717
Relative,2017–2021,females,85+,4,hodgkin,NA,NA,NA
Relative,2017–2021,females,5–14,5,hodgkin,0.982,0.877,0.998
Relative,2017–2021,females,15–24,5,hodgkin,0.9840000000000002,0.962,0.993
Relative,2017–2021,females,25–34,5,hodgkin,0.99,0.97,0.997
Relative,2017–2021,females,35–44,5,hodgkin,0.9850000000000002,0.953,0.997
Relative,2017–2021,females,45–54,5,hodgkin,0.949,0.891,0.979
Relative,2017–2021,females,55–64,5,hodgkin,0.895,0.825,0.942
Relative,2017–2021,females,65–74,5,hodgkin,0.704,0.617,0.777
Relative,2017–2021,females,75–84,5,hodgkin,0.609,0.494,0.715
Relative,2017–2021,females,85+,5,hodgkin,NA,NA,NA
Relative,2017–2021,males,5–14,1,hodgkin,1,0.965,1
Relative,2017–2021,males,15–24,1,hodgkin,1.001,0.9920000000000002,1.001
Relative,2017–2021,males,25–34,1,hodgkin,0.998,0.98,1
Relative,2017–2021,males,35–44,1,hodgkin,0.9860000000000002,0.961,0.995
Relative,2017–2021,males,45–54,1,hodgkin,0.961,0.926,0.98
Relative,2017–2021,males,55–64,1,hodgkin,0.959,0.925,0.979
Relative,2017–2021,males,65–74,1,hodgkin,0.85,0.8,0.89
Relative,2017–2021,males,75–84,1,hodgkin,0.688,0.608,0.758
Relative,2017–2021,males,85+,1,hodgkin,0.518,0.36,0.664
Relative,2017–2021,males,5–14,2,hodgkin,1,0.963,1
Relative,2017–2021,males,15–24,2,hodgkin,0.998,0.98,1.001
Relative,2017–2021,males,25–34,2,hodgkin,0.99,0.97,0.997
Relative,2017–2021,males,35–44,2,hodgkin,0.979,0.951,0.9920000000000002
Relative,2017–2021,males,45–54,2,hodgkin,0.955,0.918,0.977
Relative,2017–2021,males,55–64,2,hodgkin,0.94,0.9,0.967
Relative,2017–2021,males,65–74,2,hodgkin,0.791,0.733,0.839
Relative,2017–2021,males,75–84,2,hodgkin,0.601,0.514,0.68
Relative,2017–2021,males,85+,2,hodgkin,NA,NA,NA
Relative,2017–2021,males,5–14,3,hodgkin,1,0.963,1
Relative,2017–2021,males,15–24,3,hodgkin,0.996,0.978,1
Relative,2017–2021,males,25–34,3,hodgkin,0.99,0.971,0.998
Relative,2017–2021,males,35–44,3,hodgkin,0.96,0.925,0.979
Relative,2017–2021,males,45–54,3,hodgkin,0.937,0.895,0.963
Relative,2017–2021,males,55–64,3,hodgkin,0.915,0.868,0.948
Relative,2017–2021,males,65–74,3,hodgkin,0.757,0.694,0.81
Relative,2017–2021,males,75–84,3,hodgkin,0.592,0.501,0.677
Relative,2017–2021,males,85+,3,hodgkin,NA,NA,NA
Relative,2017–2021,males,5–14,4,hodgkin,1.001,0.964,1.001
Relative,2017–2021,males,15–24,4,hodgkin,0.993,0.974,0.999
Relative,2017–2021,males,25–34,4,hodgkin,0.9850000000000002,0.963,0.995
Relative,2017–2021,males,35–44,4,hodgkin,0.957,0.921,0.978
Relative,2017–2021,males,45–54,4,hodgkin,0.932,0.888,0.96
Relative,2017–2021,males,55–64,4,hodgkin,0.902,0.851,0.939
Relative,2017–2021,males,65–74,4,hodgkin,0.724,0.658,0.782
Relative,2017–2021,males,75–84,4,hodgkin,0.589,0.492,0.68
Relative,2017–2021,males,85+,4,hodgkin,NA,NA,NA
Relative,2017–2021,males,5–14,5,hodgkin,1.001,0.965,1.001
Relative,2017–2021,males,15–24,5,hodgkin,0.9910000000000002,0.971,0.998
Relative,2017–2021,males,25–34,5,hodgkin,0.98,0.956,0.9920000000000002
Relative,2017–2021,males,35–44,5,hodgkin,0.959,0.923,0.98
Relative,2017–2021,males,45–54,5,hodgkin,0.918,0.871,0.95
Relative,2017–2021,males,55–64,5,hodgkin,0.874,0.817,0.917
Relative,2017–2021,males,65–74,5,hodgkin,0.695,0.625,0.758
Relative,2017–2021,males,75–84,5,hodgkin,0.577,0.475,0.675
Relative,2017–2021,males,85+,5,hodgkin,NA,NA,NA
Relative,2017–2021,persons,5–14,1,hodgkin,1,0.981,1
Relative,2017–2021,persons,15–24,1,hodgkin,0.996,0.9870000000000002,0.999
Relative,2017–2021,persons,25–34,1,hodgkin,0.999,0.99,1
Relative,2017–2021,persons,35–44,1,hodgkin,0.9920000000000002,0.978,0.998
Relative,2017–2021,persons,45–54,1,hodgkin,0.967,0.942,0.982
Relative,2017–2021,persons,55–64,1,hodgkin,0.952,0.925,0.971
Relative,2017–2021,persons,65–74,1,hodgkin,0.852,0.813,0.885
Relative,2017–2021,persons,75–84,1,hodgkin,0.7,0.642,0.752
Relative,2017–2021,persons,85+,1,hodgkin,0.565,0.455,0.667
Relative,2017–2021,persons,5–14,2,hodgkin,1,0.98,1
Relative,2017–2021,persons,15–24,2,hodgkin,0.995,0.9850000000000002,0.999
Relative,2017–2021,persons,25–34,2,hodgkin,0.995,0.9850000000000002,0.999
Relative,2017–2021,persons,35–44,2,hodgkin,0.9870000000000002,0.971,0.995
Relative,2017–2021,persons,45–54,2,hodgkin,0.958,0.931,0.976
Relative,2017–2021,persons,55–64,2,hodgkin,0.939,0.908,0.961
Relative,2017–2021,persons,65–74,2,hodgkin,0.799,0.754,0.837
Relative,2017–2021,persons,75–84,2,hodgkin,0.636,0.572,0.694
Relative,2017–2021,persons,85+,2,hodgkin,0.341,0.237,0.454
Relative,2017–2021,persons,5–14,3,hodgkin,1,0.98,1
Relative,2017–2021,persons,15–24,3,hodgkin,0.9910000000000002,0.979,0.996
Relative,2017–2021,persons,25–34,3,hodgkin,0.994,0.9840000000000002,0.999
Relative,2017–2021,persons,35–44,3,hodgkin,0.972,0.952,0.9850000000000002
Relative,2017–2021,persons,45–54,3,hodgkin,0.947,0.917,0.967
Relative,2017–2021,persons,55–64,3,hodgkin,0.919,0.883,0.945
Relative,2017–2021,persons,65–74,3,hodgkin,0.766,0.718,0.808
Relative,2017–2021,persons,75–84,3,hodgkin,0.62,0.554,0.683
Relative,2017–2021,persons,85+,3,hodgkin,0.298,0.194,0.418
Relative,2017–2021,persons,5–14,4,hodgkin,0.993,0.95,1
Relative,2017–2021,persons,15–24,4,hodgkin,0.9880000000000002,0.976,0.995
Relative,2017–2021,persons,25–34,4,hodgkin,0.9890000000000002,0.977,0.995
Relative,2017–2021,persons,35–44,4,hodgkin,0.969,0.947,0.983
Relative,2017–2021,persons,45–54,4,hodgkin,0.939,0.907,0.962
Relative,2017–2021,persons,55–64,4,hodgkin,0.904,0.865,0.933
Relative,2017–2021,persons,65–74,4,hodgkin,0.728,0.677,0.774
Relative,2017–2021,persons,75–84,4,hodgkin,0.604,0.533,0.672
Relative,2017–2021,persons,85+,4,hodgkin,0.276,0.169,0.405
Relative,2017–2021,persons,5–14,5,hodgkin,0.994,0.95,1
Relative,2017–2021,persons,15–24,5,hodgkin,0.9870000000000002,0.975,0.994
Relative,2017–2021,persons,25–34,5,hodgkin,0.9850000000000002,0.971,0.993
Relative,2017–2021,persons,35–44,5,hodgkin,0.97,0.949,0.9840000000000002
Relative,2017–2021,persons,45–54,5,hodgkin,0.929,0.895,0.953
Relative,2017–2021,persons,55–64,5,hodgkin,0.882,0.84,0.916
Relative,2017–2021,persons,65–74,5,hodgkin,0.698,0.644,0.746
Relative,2017–2021,persons,75–84,5,hodgkin,0.593,0.517,0.666
Relative,2017–2021,persons,85+,5,hodgkin,0.277,0.162,0.421
Observed,2007–2011,females,5–14,1,nhl,0.945,0.84,0.982
Observed,2007–2011,females,15–24,1,nhl,0.99,0.931,0.999
Observed,2007–2011,females,25–34,1,nhl,0.973,0.936,0.9890000000000002
Observed,2007–2011,females,35–44,1,nhl,0.946,0.922,0.962
Observed,2007–2011,females,45–54,1,nhl,0.945,0.93,0.958
Observed,2007–2011,females,55–64,1,nhl,0.935,0.922,0.945
Observed,2007–2011,females,65–74,1,nhl,0.863,0.848,0.878
Observed,2007–2011,females,75–84,1,nhl,0.687,0.667,0.706
Observed,2007–2011,females,85+,1,nhl,0.43,0.397,0.463
Observed,2007–2011,females,5–14,2,nhl,0.906,0.788,0.96
Observed,2007–2011,females,15–24,2,nhl,0.949,0.882,0.978
Observed,2007–2011,females,25–34,2,nhl,0.956,0.913,0.978
Observed,2007–2011,females,35–44,2,nhl,0.919,0.891,0.939
Observed,2007–2011,females,45–54,2,nhl,0.916,0.898,0.931
Observed,2007–2011,females,55–64,2,nhl,0.894,0.879,0.908
Observed,2007–2011,females,65–74,2,nhl,0.816,0.799,0.832
Observed,2007–2011,females,75–84,2,nhl,0.607,0.586,0.628
Observed,2007–2011,females,85+,2,nhl,0.325,0.295,0.355
Observed,2007–2011,females,5–14,3,nhl,0.906,0.788,0.96
Observed,2007–2011,females,15–24,3,nhl,0.949,0.882,0.978
Observed,2007–2011,females,25–34,3,nhl,0.95,0.906,0.974
Observed,2007–2011,females,35–44,3,nhl,0.917,0.889,0.937
Observed,2007–2011,females,45–54,3,nhl,0.897,0.877,0.914
Observed,2007–2011,females,55–64,3,nhl,0.871,0.855,0.886
Observed,2007–2011,females,65–74,3,nhl,0.774,0.755,0.791
Observed,2007–2011,females,75–84,3,nhl,0.55,0.529,0.571
Observed,2007–2011,females,85+,3,nhl,0.261,0.233,0.29
Observed,2007–2011,females,5–14,4,nhl,0.906,0.788,0.96
Observed,2007–2011,females,15–24,4,nhl,0.938,0.868,0.972
Observed,2007–2011,females,25–34,4,nhl,0.944,0.898,0.97
Observed,2007–2011,females,35–44,4,nhl,0.91,0.882,0.932
Observed,2007–2011,females,45–54,4,nhl,0.885,0.864,0.902
Observed,2007–2011,females,55–64,4,nhl,0.846,0.829,0.862
Observed,2007–2011,females,65–74,4,nhl,0.732,0.712,0.751
Observed,2007–2011,females,75–84,4,nhl,0.495,0.474,0.516
Observed,2007–2011,females,85+,4,nhl,0.197,0.172,0.224
Observed,2007–2011,females,5–14,5,nhl,0.875,0.738,0.943
Observed,2007–2011,females,15–24,5,nhl,0.938,0.868,0.972
Observed,2007–2011,females,25–34,5,nhl,0.933,0.885,0.961
Observed,2007–2011,females,35–44,5,nhl,0.901,0.872,0.924
Observed,2007–2011,females,45–54,5,nhl,0.872,0.85,0.89
Observed,2007–2011,females,55–64,5,nhl,0.824,0.806,0.841
Observed,2007–2011,females,65–74,5,nhl,0.704,0.683,0.723
Observed,2007–2011,females,75–84,5,nhl,0.44,0.419,0.461
Observed,2007–2011,females,85+,5,nhl,0.158,0.135,0.183
Observed,2007–2011,males,5–14,1,nhl,0.968,0.918,0.9880000000000002
Observed,2007–2011,males,15–24,1,nhl,0.929,0.875,0.96
Observed,2007–2011,males,25–34,1,nhl,0.913,0.877,0.939
Observed,2007–2011,males,35–44,1,nhl,0.94,0.919,0.956
Observed,2007–2011,males,45–54,1,nhl,0.915,0.899,0.928
Observed,2007–2011,males,55–64,1,nhl,0.905,0.893,0.916
Observed,2007–2011,males,65–74,1,nhl,0.834,0.82,0.847
Observed,2007–2011,males,75–84,1,nhl,0.698,0.68,0.716
Observed,2007–2011,males,85+,1,nhl,0.448,0.411,0.484
Observed,2007–2011,males,5–14,2,nhl,0.928,0.867,0.962
Observed,2007–2011,males,15–24,2,nhl,0.899,0.841,0.937
Observed,2007–2011,males,25–34,2,nhl,0.881,0.84,0.912
Observed,2007–2011,males,35–44,2,nhl,0.899,0.873,0.92
Observed,2007–2011,males,45–54,2,nhl,0.873,0.855,0.889
Observed,2007–2011,males,55–64,2,nhl,0.841,0.827,0.855
Observed,2007–2011,males,65–74,2,nhl,0.761,0.744,0.776
Observed,2007–2011,males,75–84,2,nhl,0.59,0.57,0.609
Observed,2007–2011,males,85+,2,nhl,0.344,0.309,0.379
Observed,2007–2011,males,5–14,3,nhl,0.913,0.848,0.951
Observed,2007–2011,males,15–24,3,nhl,0.887,0.827,0.928
Observed,2007–2011,males,25–34,3,nhl,0.868,0.825,0.901
Observed,2007–2011,males,35–44,3,nhl,0.882,0.855,0.905
Observed,2007–2011,males,45–54,3,nhl,0.856,0.837,0.873
Observed,2007–2011,males,55–64,3,nhl,0.809,0.793,0.824
Observed,2007–2011,males,65–74,3,nhl,0.712,0.695,0.729
Observed,2007–2011,males,75–84,3,nhl,0.518,0.498,0.537
Observed,2007–2011,males,85+,3,nhl,0.281,0.248,0.315
Observed,2007–2011,males,5–14,4,nhl,0.913,0.848,0.951
Observed,2007–2011,males,15–24,4,nhl,0.882,0.821,0.923
Observed,2007–2011,males,25–34,4,nhl,0.85,0.806,0.886
Observed,2007–2011,males,35–44,4,nhl,0.873,0.846,0.897
Observed,2007–2011,males,45–54,4,nhl,0.832,0.811,0.85
Observed,2007–2011,males,55–64,4,nhl,0.778,0.761,0.794
Observed,2007–2011,males,65–74,4,nhl,0.667,0.649,0.684
Observed,2007–2011,males,75–84,4,nhl,0.455,0.435,0.475
Observed,2007–2011,males,85+,4,nhl,0.204,0.173,0.236
Observed,2007–2011,males,5–14,5,nhl,0.913,0.848,0.951
Observed,2007–2011,males,15–24,5,nhl,0.882,0.821,0.923
Observed,2007–2011,males,25–34,5,nhl,0.847,0.802,0.883
Observed,2007–2011,males,35–44,5,nhl,0.865,0.836,0.889
Observed,2007–2011,males,45–54,5,nhl,0.816,0.795,0.835
Observed,2007–2011,males,55–64,5,nhl,0.745,0.727,0.762
Observed,2007–2011,males,65–74,5,nhl,0.628,0.609,0.646
Observed,2007–2011,males,75–84,5,nhl,0.395,0.375,0.414
Observed,2007–2011,males,85+,5,nhl,0.153,0.124,0.184
Observed,2007–2021,females,5–14,1,nhl,0.921,0.866,0.955
Observed,2007–2021,females,15–24,1,nhl,0.962,0.933,0.979
Observed,2007–2021,females,25–34,1,nhl,0.966,0.949,0.978
Observed,2007–2021,females,35–44,1,nhl,0.96,0.948,0.968
Observed,2007–2021,females,45–54,1,nhl,0.951,0.943,0.958
Observed,2007–2021,females,55–64,1,nhl,0.938,0.932,0.944
Observed,2007–2021,females,65–74,1,nhl,0.89,0.883,0.897
Observed,2007–2021,females,75–84,1,nhl,0.751,0.741,0.76
Observed,2007–2021,females,85+,1,nhl,0.52,0.503,0.537
Observed,2007–2021,females,5–14,2,nhl,0.887,0.824,0.928
Observed,2007–2021,females,15–24,2,nhl,0.939,0.904,0.961
Observed,2007–2021,females,25–34,2,nhl,0.944,0.923,0.959
Observed,2007–2021,females,35–44,2,nhl,0.937,0.924,0.949
Observed,2007–2021,females,45–54,2,nhl,0.928,0.918,0.936
Observed,2007–2021,females,55–64,2,nhl,0.905,0.897,0.912
Observed,2007–2021,females,65–74,2,nhl,0.844,0.836,0.852
Observed,2007–2021,females,75–84,2,nhl,0.673,0.662,0.684
Observed,2007–2021,females,85+,2,nhl,0.41,0.393,0.426
Observed,2007–2021,females,5–14,3,nhl,0.887,0.824,0.928
Observed,2007–2021,females,15–24,3,nhl,0.932,0.896,0.956
Observed,2007–2021,females,25–34,3,nhl,0.939,0.918,0.955
Observed,2007–2021,females,35–44,3,nhl,0.926,0.911,0.938
Observed,2007–2021,females,45–54,3,nhl,0.912,0.902,0.921
Observed,2007–2021,females,55–64,3,nhl,0.884,0.875,0.891
Observed,2007–2021,females,65–74,3,nhl,0.807,0.798,0.815
Observed,2007–2021,females,75–84,3,nhl,0.617,0.605,0.628
Observed,2007–2021,females,85+,3,nhl,0.335,0.319,0.351
Observed,2007–2021,females,5–14,4,nhl,0.887,0.824,0.928
Observed,2007–2021,females,15–24,4,nhl,0.929,0.893,0.953
Observed,2007–2021,females,25–34,4,nhl,0.936,0.914,0.953
Observed,2007–2021,females,35–44,4,nhl,0.92,0.905,0.932
Observed,2007–2021,females,45–54,4,nhl,0.898,0.887,0.908
Observed,2007–2021,females,55–64,4,nhl,0.866,0.858,0.875
Observed,2007–2021,females,65–74,4,nhl,0.776,0.767,0.785
Observed,2007–2021,females,75–84,4,nhl,0.567,0.555,0.578
Observed,2007–2021,females,85+,4,nhl,0.275,0.26,0.29
Observed,2007–2021,females,5–14,5,nhl,0.879,0.814,0.922
Observed,2007–2021,females,15–24,5,nhl,0.929,0.893,0.953
Observed,2007–2021,females,25–34,5,nhl,0.931,0.909,0.948
Observed,2007–2021,females,35–44,5,nhl,0.911,0.895,0.924
Observed,2007–2021,females,45–54,5,nhl,0.886,0.875,0.896
Observed,2007–2021,females,55–64,5,nhl,0.849,0.84,0.858
Observed,2007–2021,females,65–74,5,nhl,0.746,0.736,0.756
Observed,2007–2021,females,75–84,5,nhl,0.514,0.502,0.525
Observed,2007–2021,females,85+,5,nhl,0.224,0.21,0.239
Observed,2007–2021,males,5–14,1,nhl,0.967,0.945,0.981
Observed,2007–2021,males,15–24,1,nhl,0.938,0.912,0.956
Observed,2007–2021,males,25–34,1,nhl,0.942,0.925,0.955
Observed,2007–2021,males,35–44,1,nhl,0.95,0.939,0.958
Observed,2007–2021,males,45–54,1,nhl,0.928,0.92,0.935
Observed,2007–2021,males,55–64,1,nhl,0.912,0.906,0.918
Observed,2007–2021,males,65–74,1,nhl,0.863,0.857,0.869
Observed,2007–2021,males,75–84,1,nhl,0.742,0.733,0.75
Observed,2007–2021,males,85+,1,nhl,0.519,0.501,0.536
Observed,2007–2021,males,5–14,2,nhl,0.937,0.908,0.957
Observed,2007–2021,males,15–24,2,nhl,0.922,0.895,0.942
Observed,2007–2021,males,25–34,2,nhl,0.918,0.899,0.934
Observed,2007–2021,males,35–44,2,nhl,0.918,0.905,0.929
Observed,2007–2021,males,45–54,2,nhl,0.892,0.883,0.901
Observed,2007–2021,males,55–64,2,nhl,0.861,0.853,0.868
Observed,2007–2021,males,65–74,2,nhl,0.796,0.789,0.804
Observed,2007–2021,males,75–84,2,nhl,0.646,0.636,0.656
Observed,2007–2021,males,85+,2,nhl,0.399,0.382,0.416
Observed,2007–2021,males,5–14,3,nhl,0.926,0.896,0.948
Observed,2007–2021,males,15–24,3,nhl,0.91,0.881,0.932
Observed,2007–2021,males,25–34,3,nhl,0.904,0.884,0.921
Observed,2007–2021,males,35–44,3,nhl,0.905,0.892,0.917
Observed,2007–2021,males,45–54,3,nhl,0.872,0.862,0.881
Observed,2007–2021,males,55–64,3,nhl,0.832,0.824,0.84
Observed,2007–2021,males,65–74,3,nhl,0.749,0.741,0.757
Observed,2007–2021,males,75–84,3,nhl,0.576,0.566,0.586
Observed,2007–2021,males,85+,3,nhl,0.318,0.302,0.334
Observed,2007–2021,males,5–14,4,nhl,0.921,0.89,0.944
Observed,2007–2021,males,15–24,4,nhl,0.902,0.872,0.925
Observed,2007–2021,males,25–34,4,nhl,0.898,0.877,0.915
Observed,2007–2021,males,35–44,4,nhl,0.897,0.883,0.909
Observed,2007–2021,males,45–54,4,nhl,0.855,0.844,0.865
Observed,2007–2021,males,55–64,4,nhl,0.805,0.796,0.813
Observed,2007–2021,males,65–74,4,nhl,0.708,0.699,0.716
Observed,2007–2021,males,75–84,4,nhl,0.51,0.5,0.52
Observed,2007–2021,males,85+,4,nhl,0.249,0.233,0.264
Observed,2007–2021,males,5–14,5,nhl,0.921,0.89,0.944
Observed,2007–2021,males,15–24,5,nhl,0.902,0.872,0.925
Observed,2007–2021,males,25–34,5,nhl,0.89,0.868,0.908
Observed,2007–2021,males,35–44,5,nhl,0.891,0.876,0.903
Observed,2007–2021,males,45–54,5,nhl,0.84,0.829,0.85
Observed,2007–2021,males,55–64,5,nhl,0.78,0.771,0.789
Observed,2007–2021,males,65–74,5,nhl,0.675,0.666,0.683
Observed,2007–2021,males,75–84,5,nhl,0.452,0.442,0.463
Observed,2007–2021,males,85+,5,nhl,0.19,0.176,0.204
Observed,2012–2016,females,5–14,1,nhl,0.863,0.72,0.936
Observed,2012–2016,females,15–24,1,nhl,0.943,0.878,0.974
Observed,2012–2016,females,25–34,1,nhl,0.962,0.926,0.981
Observed,2012–2016,females,35–44,1,nhl,0.968,0.949,0.981
Observed,2012–2016,females,45–54,1,nhl,0.95,0.936,0.961
Observed,2012–2016,females,55–64,1,nhl,0.937,0.926,0.947
Observed,2012–2016,females,65–74,1,nhl,0.902,0.89,0.912
Observed,2012–2016,females,75–84,1,nhl,0.76,0.743,0.777
Observed,2012–2016,females,85+,1,nhl,0.524,0.494,0.553
Observed,2012–2016,females,5–14,2,nhl,0.841,0.696,0.921
Observed,2012–2016,females,15–24,2,nhl,0.915,0.843,0.955
Observed,2012–2016,females,25–34,2,nhl,0.924,0.879,0.953
Observed,2012–2016,females,35–44,2,nhl,0.942,0.918,0.96
Observed,2012–2016,females,45–54,2,nhl,0.925,0.909,0.939
Observed,2012–2016,females,55–64,2,nhl,0.908,0.894,0.919
Observed,2012–2016,females,65–74,2,nhl,0.852,0.838,0.865
Observed,2012–2016,females,75–84,2,nhl,0.67,0.651,0.689
Observed,2012–2016,females,85+,2,nhl,0.406,0.377,0.434
Observed,2012–2016,females,5–14,3,nhl,0.841,0.696,0.921
Observed,2012–2016,females,15–24,3,nhl,0.905,0.831,0.948
Observed,2012–2016,females,25–34,3,nhl,0.919,0.874,0.949
Observed,2012–2016,females,35–44,3,nhl,0.929,0.903,0.948
Observed,2012–2016,females,45–54,3,nhl,0.911,0.893,0.926
Observed,2012–2016,females,55–64,3,nhl,0.89,0.875,0.902
Observed,2012–2016,females,65–74,3,nhl,0.812,0.797,0.827
Observed,2012–2016,females,75–84,3,nhl,0.614,0.594,0.634
Observed,2012–2016,females,85+,3,nhl,0.328,0.301,0.356
Observed,2012–2016,females,5–14,4,nhl,0.841,0.696,0.921
Observed,2012–2016,females,15–24,4,nhl,0.905,0.831,0.948
Observed,2012–2016,females,25–34,4,nhl,0.915,0.868,0.945
Observed,2012–2016,females,35–44,4,nhl,0.921,0.894,0.942
Observed,2012–2016,females,45–54,4,nhl,0.897,0.879,0.913
Observed,2012–2016,females,55–64,4,nhl,0.876,0.861,0.889
Observed,2012–2016,females,65–74,4,nhl,0.79,0.773,0.805
Observed,2012–2016,females,75–84,4,nhl,0.565,0.545,0.585
Observed,2012–2016,females,85+,4,nhl,0.271,0.244,0.298
Observed,2012–2016,females,5–14,5,nhl,0.841,0.696,0.921
Observed,2012–2016,females,15–24,5,nhl,0.905,0.831,0.948
Observed,2012–2016,females,25–34,5,nhl,0.915,0.868,0.945
Observed,2012–2016,females,35–44,5,nhl,0.908,0.879,0.93
Observed,2012–2016,females,45–54,5,nhl,0.885,0.865,0.902
Observed,2012–2016,females,55–64,5,nhl,0.86,0.844,0.874
Observed,2012–2016,females,65–74,5,nhl,0.759,0.742,0.775
Observed,2012–2016,females,75–84,5,nhl,0.51,0.489,0.53
Observed,2012–2016,females,85+,5,nhl,0.211,0.186,0.236
Observed,2012–2016,males,5–14,1,nhl,0.963,0.913,0.9840000000000002
Observed,2012–2016,males,15–24,1,nhl,0.964,0.922,0.9840000000000002
Observed,2012–2016,males,25–34,1,nhl,0.959,0.931,0.976
Observed,2012–2016,males,35–44,1,nhl,0.947,0.928,0.96
Observed,2012–2016,males,45–54,1,nhl,0.929,0.915,0.941
Observed,2012–2016,males,55–64,1,nhl,0.905,0.894,0.915
Observed,2012–2016,males,65–74,1,nhl,0.869,0.858,0.879
Observed,2012–2016,males,75–84,1,nhl,0.738,0.722,0.753
Observed,2012–2016,males,85+,1,nhl,0.525,0.495,0.554
Observed,2012–2016,males,5–14,2,nhl,0.946,0.89,0.974
Observed,2012–2016,males,15–24,2,nhl,0.964,0.922,0.9840000000000002
Observed,2012–2016,males,25–34,2,nhl,0.938,0.905,0.959
Observed,2012–2016,males,35–44,2,nhl,0.917,0.895,0.934
Observed,2012–2016,males,45–54,2,nhl,0.895,0.879,0.91
Observed,2012–2016,males,55–64,2,nhl,0.859,0.846,0.871
Observed,2012–2016,males,65–74,2,nhl,0.801,0.788,0.813
Observed,2012–2016,males,75–84,2,nhl,0.641,0.624,0.658
Observed,2012–2016,males,85+,2,nhl,0.396,0.367,0.425
Observed,2012–2016,males,5–14,3,nhl,0.938,0.88,0.969
Observed,2012–2016,males,15–24,3,nhl,0.958,0.913,0.98
Observed,2012–2016,males,25–34,3,nhl,0.925,0.891,0.949
Observed,2012–2016,males,35–44,3,nhl,0.9,0.877,0.92
Observed,2012–2016,males,45–54,3,nhl,0.869,0.851,0.885
Observed,2012–2016,males,55–64,3,nhl,0.831,0.817,0.844
Observed,2012–2016,males,65–74,3,nhl,0.746,0.732,0.76
Observed,2012–2016,males,75–84,3,nhl,0.57,0.552,0.587
Observed,2012–2016,males,85+,3,nhl,0.315,0.287,0.343
Observed,2012–2016,males,5–14,4,nhl,0.93,0.87,0.963
Observed,2012–2016,males,15–24,4,nhl,0.945,0.897,0.971
Observed,2012–2016,males,25–34,4,nhl,0.925,0.891,0.949
Observed,2012–2016,males,35–44,4,nhl,0.892,0.868,0.912
Observed,2012–2016,males,45–54,4,nhl,0.854,0.835,0.871
Observed,2012–2016,males,55–64,4,nhl,0.804,0.789,0.818
Observed,2012–2016,males,65–74,4,nhl,0.705,0.69,0.719
Observed,2012–2016,males,75–84,4,nhl,0.501,0.482,0.519
Observed,2012–2016,males,85+,4,nhl,0.258,0.231,0.285
Observed,2012–2016,males,5–14,5,nhl,0.93,0.87,0.963
Observed,2012–2016,males,15–24,5,nhl,0.945,0.897,0.971
Observed,2012–2016,males,25–34,5,nhl,0.919,0.883,0.944
Observed,2012–2016,males,35–44,5,nhl,0.885,0.86,0.906
Observed,2012–2016,males,45–54,5,nhl,0.836,0.816,0.854
Observed,2012–2016,males,55–64,5,nhl,0.781,0.765,0.795
Observed,2012–2016,males,65–74,5,nhl,0.668,0.652,0.684
Observed,2012–2016,males,75–84,5,nhl,0.444,0.426,0.462
Observed,2012–2016,males,85+,5,nhl,0.195,0.171,0.221
Observed,2017–2021,females,5–14,1,nhl,0.944,0.837,0.982
Observed,2017–2021,females,15–24,1,nhl,0.953,0.88,0.982
Observed,2017–2021,females,25–34,1,nhl,0.965,0.934,0.982
Observed,2017–2021,females,35–44,1,nhl,0.965,0.944,0.978
Observed,2017–2021,females,45–54,1,nhl,0.957,0.943,0.967
Observed,2017–2021,females,55–64,1,nhl,0.941,0.931,0.95
Observed,2017–2021,females,65–74,1,nhl,0.896,0.886,0.906
Observed,2017–2021,females,75–84,1,nhl,0.79,0.775,0.805
Observed,2017–2021,females,85+,1,nhl,0.573,0.546,0.599
Observed,2017–2021,females,5–14,2,nhl,0.902,0.781,0.958
Observed,2017–2021,females,15–24,2,nhl,0.953,0.88,0.982
Observed,2017–2021,females,25–34,2,nhl,0.953,0.919,0.973
Observed,2017–2021,females,35–44,2,nhl,0.952,0.929,0.968
Observed,2017–2021,females,45–54,2,nhl,0.94,0.925,0.953
Observed,2017–2021,females,55–64,2,nhl,0.911,0.898,0.922
Observed,2017–2021,females,65–74,2,nhl,0.854,0.842,0.865
Observed,2017–2021,females,75–84,2,nhl,0.724,0.708,0.74
Observed,2017–2021,females,85+,2,nhl,0.468,0.441,0.494
Observed,2017–2021,females,5–14,3,nhl,0.902,0.781,0.958
Observed,2017–2021,females,15–24,3,nhl,0.943,0.869,0.976
Observed,2017–2021,females,25–34,3,nhl,0.949,0.914,0.97
Observed,2017–2021,females,35–44,3,nhl,0.933,0.906,0.952
Observed,2017–2021,females,45–54,3,nhl,0.927,0.91,0.94
Observed,2017–2021,females,55–64,3,nhl,0.888,0.874,0.9
Observed,2017–2021,females,65–74,3,nhl,0.822,0.808,0.834
Observed,2017–2021,females,75–84,3,nhl,0.668,0.651,0.685
Observed,2017–2021,females,85+,3,nhl,0.388,0.362,0.414
Observed,2017–2021,females,5–14,4,nhl,0.902,0.781,0.958
Observed,2017–2021,females,15–24,4,nhl,0.943,0.869,0.976
Observed,2017–2021,females,25–34,4,nhl,0.949,0.914,0.97
Observed,2017–2021,females,35–44,4,nhl,0.929,0.902,0.949
Observed,2017–2021,females,45–54,4,nhl,0.911,0.893,0.926
Observed,2017–2021,females,55–64,4,nhl,0.873,0.859,0.886
Observed,2017–2021,females,65–74,4,nhl,0.791,0.777,0.805
Observed,2017–2021,females,75–84,4,nhl,0.622,0.604,0.64
Observed,2017–2021,females,85+,4,nhl,0.329,0.304,0.355
Observed,2017–2021,females,5–14,5,nhl,0.902,0.781,0.958
Observed,2017–2021,females,15–24,5,nhl,0.943,0.869,0.976
Observed,2017–2021,females,25–34,5,nhl,0.944,0.908,0.967
Observed,2017–2021,females,35–44,5,nhl,0.925,0.897,0.945
Observed,2017–2021,females,45–54,5,nhl,0.9,0.882,0.916
Observed,2017–2021,females,55–64,5,nhl,0.858,0.843,0.872
Observed,2017–2021,females,65–74,5,nhl,0.762,0.747,0.776
Observed,2017–2021,females,75–84,5,nhl,0.573,0.554,0.591
Observed,2017–2021,females,85+,5,nhl,0.279,0.254,0.304
Observed,2017–2021,males,5–14,1,nhl,0.971,0.925,0.9890000000000002
Observed,2017–2021,males,15–24,1,nhl,0.92,0.869,0.952
Observed,2017–2021,males,25–34,1,nhl,0.952,0.922,0.971
Observed,2017–2021,males,35–44,1,nhl,0.962,0.945,0.974
Observed,2017–2021,males,45–54,1,nhl,0.938,0.925,0.949
Observed,2017–2021,males,55–64,1,nhl,0.924,0.915,0.933
Observed,2017–2021,males,65–74,1,nhl,0.875,0.866,0.884
Observed,2017–2021,males,75–84,1,nhl,0.773,0.759,0.786
Observed,2017–2021,males,85+,1,nhl,0.55,0.524,0.576
Observed,2017–2021,males,5–14,2,nhl,0.936,0.881,0.966
Observed,2017–2021,males,15–24,2,nhl,0.904,0.85,0.939
Observed,2017–2021,males,25–34,2,nhl,0.936,0.903,0.958
Observed,2017–2021,males,35–44,2,nhl,0.937,0.916,0.953
Observed,2017–2021,males,45–54,2,nhl,0.908,0.892,0.921
Observed,2017–2021,males,55–64,2,nhl,0.878,0.866,0.888
Observed,2017–2021,males,65–74,2,nhl,0.813,0.802,0.824
Observed,2017–2021,males,75–84,2,nhl,0.687,0.672,0.701
Observed,2017–2021,males,85+,2,nhl,0.428,0.403,0.454
Observed,2017–2021,males,5–14,3,nhl,0.929,0.872,0.961
Observed,2017–2021,males,15–24,3,nhl,0.886,0.829,0.925
Observed,2017–2021,males,25–34,3,nhl,0.92,0.884,0.945
Observed,2017–2021,males,35–44,3,nhl,0.932,0.91,0.948
Observed,2017–2021,males,45–54,3,nhl,0.89,0.874,0.905
Observed,2017–2021,males,55–64,3,nhl,0.851,0.838,0.863
Observed,2017–2021,males,65–74,3,nhl,0.774,0.761,0.785
Observed,2017–2021,males,75–84,3,nhl,0.62,0.604,0.635
Observed,2017–2021,males,85+,3,nhl,0.339,0.315,0.363
Observed,2017–2021,males,5–14,4,nhl,0.921,0.863,0.956
Observed,2017–2021,males,15–24,4,nhl,0.88,0.822,0.92
Observed,2017–2021,males,25–34,4,nhl,0.917,0.88,0.942
Observed,2017–2021,males,35–44,4,nhl,0.925,0.903,0.942
Observed,2017–2021,males,45–54,4,nhl,0.876,0.859,0.892
Observed,2017–2021,males,55–64,4,nhl,0.826,0.813,0.839
Observed,2017–2021,males,65–74,4,nhl,0.734,0.721,0.746
Observed,2017–2021,males,75–84,4,nhl,0.553,0.537,0.569
Observed,2017–2021,males,85+,4,nhl,0.264,0.241,0.287
Observed,2017–2021,males,5–14,5,nhl,0.921,0.863,0.956
Observed,2017–2021,males,15–24,5,nhl,0.88,0.822,0.92
Observed,2017–2021,males,25–34,5,nhl,0.904,0.865,0.932
Observed,2017–2021,males,35–44,5,nhl,0.921,0.898,0.939
Observed,2017–2021,males,45–54,5,nhl,0.866,0.848,0.882
Observed,2017–2021,males,55–64,5,nhl,0.806,0.792,0.82
Observed,2017–2021,males,65–74,5,nhl,0.707,0.694,0.72
Observed,2017–2021,males,75–84,5,nhl,0.496,0.48,0.513
Observed,2017–2021,males,85+,5,nhl,0.203,0.182,0.225
Relative,2007–2011,females,5–14,1,nhl,0.946,0.841,0.982
Relative,2007–2011,females,15–24,1,nhl,0.99,0.932,0.999
Relative,2007–2011,females,25–34,1,nhl,0.973,0.937,0.9890000000000002
Relative,2007–2011,females,35–44,1,nhl,0.946,0.923,0.963
Relative,2007–2011,females,45–54,1,nhl,0.947,0.932,0.959
Relative,2007–2011,females,55–64,1,nhl,0.939,0.926,0.949
Relative,2007–2011,females,65–74,1,nhl,0.873,0.857,0.887
Relative,2007–2011,females,75–84,1,nhl,0.712,0.691,0.731
Relative,2007–2011,females,85+,1,nhl,0.484,0.447,0.52
Relative,2007–2011,females,5–14,2,nhl,0.906,0.788,0.96
Relative,2007–2011,females,15–24,2,nhl,0.95,0.882,0.979
Relative,2007–2011,females,25–34,2,nhl,0.956,0.914,0.978
Relative,2007–2011,females,35–44,2,nhl,0.92,0.893,0.941
Relative,2007–2011,females,45–54,2,nhl,0.92,0.901,0.935
Relative,2007–2011,females,55–64,2,nhl,0.902,0.887,0.916
Relative,2007–2011,females,65–74,2,nhl,0.835,0.817,0.852
Relative,2007–2011,females,75–84,2,nhl,0.654,0.631,0.676
Relative,2007–2011,females,85+,2,nhl,0.414,0.376,0.453
Relative,2007–2011,females,5–14,3,nhl,0.906,0.788,0.96
Relative,2007–2011,females,15–24,3,nhl,0.95,0.883,0.979
Relative,2007–2011,females,25–34,3,nhl,0.951,0.907,0.975
Relative,2007–2011,females,35–44,3,nhl,0.919,0.892,0.94
Relative,2007–2011,females,45–54,3,nhl,0.903,0.883,0.92
Relative,2007–2011,females,55–64,3,nhl,0.883,0.867,0.898
Relative,2007–2011,females,65–74,3,nhl,0.802,0.783,0.82
Relative,2007–2011,females,75–84,3,nhl,0.619,0.595,0.643
Relative,2007–2011,females,85+,3,nhl,0.382,0.341,0.424
Relative,2007–2011,females,5–14,4,nhl,0.906,0.788,0.96
Relative,2007–2011,females,15–24,4,nhl,0.939,0.869,0.973
Relative,2007–2011,females,25–34,4,nhl,0.946,0.9,0.971
Relative,2007–2011,females,35–44,4,nhl,0.914,0.885,0.935
Relative,2007–2011,females,45–54,4,nhl,0.892,0.871,0.91
Relative,2007–2011,females,55–64,4,nhl,0.863,0.845,0.879
Relative,2007–2011,females,65–74,4,nhl,0.77,0.749,0.79
Relative,2007–2011,females,75–84,4,nhl,0.586,0.561,0.611
Relative,2007–2011,females,85+,4,nhl,0.337,0.294,0.382
Relative,2007–2011,females,5–14,5,nhl,0.876,0.738,0.944
Relative,2007–2011,females,15–24,5,nhl,0.94,0.869,0.973
Relative,2007–2011,females,25–34,5,nhl,0.935,0.887,0.964
Relative,2007–2011,females,35–44,5,nhl,0.906,0.876,0.929
Relative,2007–2011,females,45–54,5,nhl,0.881,0.859,0.901
Relative,2007–2011,females,55–64,5,nhl,0.845,0.826,0.863
Relative,2007–2011,females,65–74,5,nhl,0.753,0.73,0.774
Relative,2007–2011,females,75–84,5,nhl,0.552,0.525,0.578
Relative,2007–2011,females,85+,5,nhl,0.318,0.272,0.368
Relative,2007–2011,males,5–14,1,nhl,0.969,0.918,0.9880000000000002
Relative,2007–2011,males,15–24,1,nhl,0.929,0.876,0.96
Relative,2007–2011,males,25–34,1,nhl,0.914,0.878,0.94
Relative,2007–2011,males,35–44,1,nhl,0.942,0.92,0.957
Relative,2007–2011,males,45–54,1,nhl,0.917,0.902,0.931
Relative,2007–2011,males,55–64,1,nhl,0.912,0.9,0.922
Relative,2007–2011,males,65–74,1,nhl,0.849,0.835,0.863
Relative,2007–2011,males,75–84,1,nhl,0.737,0.717,0.756
Relative,2007–2011,males,85+,1,nhl,0.518,0.475,0.559
Relative,2007–2011,males,5–14,2,nhl,0.929,0.867,0.962
Relative,2007–2011,males,15–24,2,nhl,0.9,0.842,0.938
Relative,2007–2011,males,25–34,2,nhl,0.883,0.842,0.914
Relative,2007–2011,males,35–44,2,nhl,0.901,0.876,0.922
Relative,2007–2011,males,45–54,2,nhl,0.878,0.86,0.894
Relative,2007–2011,males,55–64,2,nhl,0.854,0.839,0.868
Relative,2007–2011,males,65–74,2,nhl,0.79,0.773,0.806
Relative,2007–2011,males,75–84,2,nhl,0.66,0.638,0.682
Relative,2007–2011,males,85+,2,nhl,0.462,0.415,0.509
Relative,2007–2011,males,5–14,3,nhl,0.913,0.848,0.951
Relative,2007–2011,males,15–24,3,nhl,0.889,0.829,0.929
Relative,2007–2011,males,25–34,3,nhl,0.87,0.828,0.903
Relative,2007–2011,males,35–44,3,nhl,0.886,0.859,0.909
Relative,2007–2011,males,45–54,3,nhl,0.864,0.845,0.882
Relative,2007–2011,males,55–64,3,nhl,0.828,0.812,0.843
Relative,2007–2011,males,65–74,3,nhl,0.756,0.738,0.774
Relative,2007–2011,males,75–84,3,nhl,0.619,0.595,0.642
Relative,2007–2011,males,85+,3,nhl,0.447,0.395,0.501
Relative,2007–2011,males,5–14,4,nhl,0.913,0.848,0.951
Relative,2007–2011,males,15–24,4,nhl,0.884,0.823,0.925
Relative,2007–2011,males,25–34,4,nhl,0.854,0.809,0.889
Relative,2007–2011,males,35–44,4,nhl,0.879,0.851,0.902
Relative,2007–2011,males,45–54,4,nhl,0.843,0.823,0.862
Relative,2007–2011,males,55–64,4,nhl,0.803,0.786,0.82
Relative,2007–2011,males,65–74,4,nhl,0.726,0.706,0.745
Relative,2007–2011,males,75–84,4,nhl,0.585,0.559,0.61
Relative,2007–2011,males,85+,4,nhl,0.388,0.329,0.45
Relative,2007–2011,males,5–14,5,nhl,0.913,0.848,0.951
Relative,2007–2011,males,15–24,5,nhl,0.885,0.823,0.926
Relative,2007–2011,males,25–34,5,nhl,0.851,0.806,0.887
Relative,2007–2011,males,35–44,5,nhl,0.872,0.843,0.896
Relative,2007–2011,males,45–54,5,nhl,0.831,0.81,0.85
Relative,2007–2011,males,55–64,5,nhl,0.777,0.759,0.795
Relative,2007–2011,males,65–74,5,nhl,0.703,0.682,0.723
Relative,2007–2011,males,75–84,5,nhl,0.55,0.522,0.577
Relative,2007–2011,males,85+,5,nhl,0.356,0.29,0.429
Relative,2007–2021,females,5–14,1,nhl,0.922,0.866,0.955
Relative,2007–2021,females,15–24,1,nhl,0.963,0.933,0.979
Relative,2007–2021,females,25–34,1,nhl,0.967,0.95,0.978
Relative,2007–2021,females,35–44,1,nhl,0.96,0.949,0.969
Relative,2007–2021,females,45–54,1,nhl,0.953,0.945,0.959
Relative,2007–2021,females,55–64,1,nhl,0.942,0.935,0.947
Relative,2007–2021,females,65–74,1,nhl,0.899,0.892,0.906
Relative,2007–2021,females,75–84,1,nhl,0.775,0.765,0.785
Relative,2007–2021,females,85+,1,nhl,0.584,0.564,0.603
Relative,2007–2021,females,5–14,2,nhl,0.887,0.824,0.928
Relative,2007–2021,females,15–24,2,nhl,0.939,0.905,0.961
Relative,2007–2021,females,25–34,2,nhl,0.945,0.924,0.96
Relative,2007–2021,females,35–44,2,nhl,0.939,0.925,0.95
Relative,2007–2021,females,45–54,2,nhl,0.931,0.922,0.939
Relative,2007–2021,females,55–64,2,nhl,0.913,0.905,0.92
Relative,2007–2021,females,65–74,2,nhl,0.862,0.854,0.87
Relative,2007–2021,females,75–84,2,nhl,0.72,0.709,0.732
Relative,2007–2021,females,85+,2,nhl,0.52,0.499,0.541
Relative,2007–2021,females,5–14,3,nhl,0.887,0.824,0.928
Relative,2007–2021,females,15–24,3,nhl,0.933,0.897,0.956
Relative,2007–2021,females,25–34,3,nhl,0.941,0.919,0.956
Relative,2007–2021,females,35–44,3,nhl,0.928,0.914,0.94
Relative,2007–2021,females,45–54,3,nhl,0.917,0.907,0.927
Relative,2007–2021,females,55–64,3,nhl,0.895,0.887,0.903
Relative,2007–2021,females,65–74,3,nhl,0.834,0.825,0.843
Relative,2007–2021,females,75–84,3,nhl,0.687,0.675,0.7
Relative,2007–2021,females,85+,3,nhl,0.486,0.463,0.509
Relative,2007–2021,females,5–14,4,nhl,0.887,0.824,0.928
Relative,2007–2021,females,15–24,4,nhl,0.93,0.894,0.954
Relative,2007–2021,females,25–34,4,nhl,0.938,0.916,0.954
Relative,2007–2021,females,35–44,4,nhl,0.923,0.908,0.936
Relative,2007–2021,females,45–54,4,nhl,0.905,0.895,0.915
Relative,2007–2021,females,55–64,4,nhl,0.883,0.874,0.891
Relative,2007–2021,females,65–74,4,nhl,0.813,0.803,0.823
Relative,2007–2021,females,75–84,4,nhl,0.662,0.648,0.675
Relative,2007–2021,females,85+,4,nhl,0.463,0.438,0.489
Relative,2007–2021,females,5–14,5,nhl,0.879,0.815,0.922
Relative,2007–2021,females,15–24,5,nhl,0.93,0.894,0.954
Relative,2007–2021,females,25–34,5,nhl,0.933,0.911,0.95
Relative,2007–2021,females,35–44,5,nhl,0.915,0.899,0.929
Relative,2007–2021,females,45–54,5,nhl,0.896,0.884,0.906
Relative,2007–2021,females,55–64,5,nhl,0.87,0.86,0.879
Relative,2007–2021,females,65–74,5,nhl,0.794,0.784,0.805
Relative,2007–2021,females,75–84,5,nhl,0.632,0.617,0.646
Relative,2007–2021,females,85+,5,nhl,0.444,0.416,0.474
Relative,2007–2021,males,5–14,1,nhl,0.968,0.945,0.981
Relative,2007–2021,males,15–24,1,nhl,0.938,0.913,0.956
Relative,2007–2021,males,25–34,1,nhl,0.942,0.926,0.956
Relative,2007–2021,males,35–44,1,nhl,0.951,0.941,0.96
Relative,2007–2021,males,45–54,1,nhl,0.93,0.922,0.938
Relative,2007–2021,males,55–64,1,nhl,0.919,0.913,0.924
Relative,2007–2021,males,65–74,1,nhl,0.877,0.871,0.884
Relative,2007–2021,males,75–84,1,nhl,0.778,0.769,0.787
Relative,2007–2021,males,85+,1,nhl,0.596,0.576,0.616
Relative,2007–2021,males,5–14,2,nhl,0.937,0.908,0.957
Relative,2007–2021,males,15–24,2,nhl,0.923,0.896,0.943
Relative,2007–2021,males,25–34,2,nhl,0.92,0.9,0.936
Relative,2007–2021,males,35–44,2,nhl,0.921,0.908,0.932
Relative,2007–2021,males,45–54,2,nhl,0.898,0.889,0.907
Relative,2007–2021,males,55–64,2,nhl,0.873,0.866,0.881
Relative,2007–2021,males,65–74,2,nhl,0.824,0.816,0.832
Relative,2007–2021,males,75–84,2,nhl,0.714,0.704,0.725
Relative,2007–2021,males,85+,2,nhl,0.532,0.509,0.554
Relative,2007–2021,males,5–14,3,nhl,0.927,0.896,0.949
Relative,2007–2021,males,15–24,3,nhl,0.911,0.883,0.933
Relative,2007–2021,males,25–34,3,nhl,0.907,0.886,0.924
Relative,2007–2021,males,35–44,3,nhl,0.909,0.896,0.921
Relative,2007–2021,males,45–54,3,nhl,0.881,0.871,0.89
Relative,2007–2021,males,55–64,3,nhl,0.851,0.843,0.859
Relative,2007–2021,males,65–74,3,nhl,0.791,0.783,0.8
Relative,2007–2021,males,75–84,3,nhl,0.676,0.664,0.688
Relative,2007–2021,males,85+,3,nhl,0.498,0.473,0.523
Relative,2007–2021,males,5–14,4,nhl,0.922,0.89,0.945
Relative,2007–2021,males,15–24,4,nhl,0.904,0.874,0.927
Relative,2007–2021,males,25–34,4,nhl,0.901,0.88,0.919
Relative,2007–2021,males,35–44,4,nhl,0.903,0.889,0.915
Relative,2007–2021,males,45–54,4,nhl,0.866,0.856,0.877
Relative,2007–2021,males,55–64,4,nhl,0.831,0.822,0.839
Relative,2007–2021,males,65–74,4,nhl,0.764,0.754,0.773
Relative,2007–2021,males,75–84,4,nhl,0.639,0.626,0.652
Relative,2007–2021,males,85+,4,nhl,0.465,0.436,0.493
Relative,2007–2021,males,5–14,5,nhl,0.922,0.891,0.945
Relative,2007–2021,males,15–24,5,nhl,0.905,0.875,0.928
Relative,2007–2021,males,25–34,5,nhl,0.894,0.872,0.913
Relative,2007–2021,males,35–44,5,nhl,0.898,0.884,0.911
Relative,2007–2021,males,45–54,5,nhl,0.855,0.844,0.866
Relative,2007–2021,males,55–64,5,nhl,0.813,0.803,0.822
Relative,2007–2021,males,65–74,5,nhl,0.746,0.736,0.756
Relative,2007–2021,males,75–84,5,nhl,0.609,0.595,0.623
Relative,2007–2021,males,85+,5,nhl,0.43,0.398,0.463
Relative,2012–2016,females,5–14,1,nhl,0.863,0.72,0.936
Relative,2012–2016,females,15–24,1,nhl,0.944,0.878,0.974
Relative,2012–2016,females,25–34,1,nhl,0.963,0.926,0.981
Relative,2012–2016,females,35–44,1,nhl,0.969,0.95,0.981
Relative,2012–2016,females,45–54,1,nhl,0.952,0.938,0.963
Relative,2012–2016,females,55–64,1,nhl,0.941,0.93,0.951
Relative,2012–2016,females,65–74,1,nhl,0.911,0.899,0.922
Relative,2012–2016,females,75–84,1,nhl,0.785,0.767,0.802
Relative,2012–2016,females,85+,1,nhl,0.589,0.555,0.622
Relative,2012–2016,females,5–14,2,nhl,0.841,0.696,0.921
Relative,2012–2016,females,15–24,2,nhl,0.915,0.843,0.955
Relative,2012–2016,females,25–34,2,nhl,0.925,0.88,0.954
Relative,2012–2016,females,35–44,2,nhl,0.944,0.92,0.961
Relative,2012–2016,females,45–54,2,nhl,0.929,0.913,0.943
Relative,2012–2016,females,55–64,2,nhl,0.915,0.902,0.927
Relative,2012–2016,females,65–74,2,nhl,0.87,0.856,0.883
Relative,2012–2016,females,75–84,2,nhl,0.718,0.697,0.738
Relative,2012–2016,females,85+,2,nhl,0.515,0.478,0.551
Relative,2012–2016,females,5–14,3,nhl,0.841,0.696,0.921
Relative,2012–2016,females,15–24,3,nhl,0.906,0.831,0.949
Relative,2012–2016,females,25–34,3,nhl,0.921,0.875,0.95
Relative,2012–2016,females,35–44,3,nhl,0.931,0.905,0.951
Relative,2012–2016,females,45–54,3,nhl,0.916,0.898,0.931
Relative,2012–2016,females,55–64,3,nhl,0.902,0.887,0.915
Relative,2012–2016,females,65–74,3,nhl,0.84,0.824,0.855
Relative,2012–2016,females,75–84,3,nhl,0.685,0.663,0.707
Relative,2012–2016,females,85+,3,nhl,0.476,0.436,0.516
Relative,2012–2016,females,5–14,4,nhl,0.842,0.696,0.921
Relative,2012–2016,females,15–24,4,nhl,0.906,0.832,0.949
Relative,2012–2016,females,25–34,4,nhl,0.916,0.869,0.947
Relative,2012–2016,females,35–44,4,nhl,0.925,0.897,0.945
Relative,2012–2016,females,45–54,4,nhl,0.905,0.886,0.921
Relative,2012–2016,females,55–64,4,nhl,0.892,0.877,0.906
Relative,2012–2016,females,65–74,4,nhl,0.828,0.811,0.844
Relative,2012–2016,females,75–84,4,nhl,0.661,0.637,0.684
Relative,2012–2016,females,85+,4,nhl,0.455,0.411,0.501
Relative,2012–2016,females,5–14,5,nhl,0.842,0.696,0.921
Relative,2012–2016,females,15–24,5,nhl,0.906,0.832,0.949
Relative,2012–2016,females,25–34,5,nhl,0.917,0.87,0.947
Relative,2012–2016,females,35–44,5,nhl,0.912,0.883,0.934
Relative,2012–2016,females,45–54,5,nhl,0.895,0.875,0.912
Relative,2012–2016,females,55–64,5,nhl,0.881,0.865,0.896
Relative,2012–2016,females,65–74,5,nhl,0.808,0.79,0.826
Relative,2012–2016,females,75–84,5,nhl,0.629,0.603,0.654
Relative,2012–2016,females,85+,5,nhl,0.416,0.368,0.467
Relative,2012–2016,males,5–14,1,nhl,0.963,0.913,0.9840000000000002
Relative,2012–2016,males,15–24,1,nhl,0.964,0.922,0.9840000000000002
Relative,2012–2016,males,25–34,1,nhl,0.96,0.932,0.977
Relative,2012–2016,males,35–44,1,nhl,0.948,0.929,0.962
Relative,2012–2016,males,45–54,1,nhl,0.932,0.918,0.944
Relative,2012–2016,males,55–64,1,nhl,0.912,0.9,0.922
Relative,2012–2016,males,65–74,1,nhl,0.883,0.872,0.894
Relative,2012–2016,males,75–84,1,nhl,0.775,0.758,0.791
Relative,2012–2016,males,85+,1,nhl,0.604,0.57,0.637
Relative,2012–2016,males,5–14,2,nhl,0.946,0.891,0.974
Relative,2012–2016,males,15–24,2,nhl,0.965,0.923,0.9850000000000002
Relative,2012–2016,males,25–34,2,nhl,0.939,0.907,0.961
Relative,2012–2016,males,35–44,2,nhl,0.919,0.897,0.937
Relative,2012–2016,males,45–54,2,nhl,0.901,0.885,0.916
Relative,2012–2016,males,55–64,2,nhl,0.872,0.858,0.884
Relative,2012–2016,males,65–74,2,nhl,0.829,0.815,0.842
Relative,2012–2016,males,75–84,2,nhl,0.71,0.691,0.729
Relative,2012–2016,males,85+,2,nhl,0.53,0.491,0.568
Relative,2012–2016,males,5–14,3,nhl,0.939,0.881,0.969
Relative,2012–2016,males,15–24,3,nhl,0.959,0.915,0.981
Relative,2012–2016,males,25–34,3,nhl,0.928,0.893,0.952
Relative,2012–2016,males,35–44,3,nhl,0.905,0.881,0.924
Relative,2012–2016,males,45–54,3,nhl,0.878,0.86,0.894
Relative,2012–2016,males,55–64,3,nhl,0.85,0.836,0.863
Relative,2012–2016,males,65–74,3,nhl,0.788,0.773,0.802
Relative,2012–2016,males,75–84,3,nhl,0.67,0.649,0.691
Relative,2012–2016,males,85+,3,nhl,0.496,0.452,0.541
Relative,2012–2016,males,5–14,4,nhl,0.931,0.871,0.964
Relative,2012–2016,males,15–24,4,nhl,0.947,0.899,0.973
Relative,2012–2016,males,25–34,4,nhl,0.928,0.894,0.953
Relative,2012–2016,males,35–44,4,nhl,0.898,0.873,0.918
Relative,2012–2016,males,45–54,4,nhl,0.866,0.847,0.883
Relative,2012–2016,males,55–64,4,nhl,0.83,0.815,0.845
Relative,2012–2016,males,65–74,4,nhl,0.761,0.744,0.777
Relative,2012–2016,males,75–84,4,nhl,0.63,0.606,0.652
Relative,2012–2016,males,85+,4,nhl,0.487,0.437,0.539
Relative,2012–2016,males,5–14,5,nhl,0.931,0.871,0.964
Relative,2012–2016,males,15–24,5,nhl,0.948,0.9,0.974
Relative,2012–2016,males,25–34,5,nhl,0.923,0.887,0.948
Relative,2012–2016,males,35–44,5,nhl,0.892,0.867,0.913
Relative,2012–2016,males,45–54,5,nhl,0.851,0.831,0.869
Relative,2012–2016,males,55–64,5,nhl,0.814,0.797,0.829
Relative,2012–2016,males,65–74,5,nhl,0.739,0.721,0.756
Relative,2012–2016,males,75–84,5,nhl,0.602,0.577,0.627
Relative,2012–2016,males,85+,5,nhl,0.451,0.394,0.511
Relative,2017–2021,females,5–14,1,nhl,0.944,0.837,0.982
Relative,2017–2021,females,15–24,1,nhl,0.953,0.88,0.982
Relative,2017–2021,females,25–34,1,nhl,0.965,0.934,0.982
Relative,2017–2021,females,35–44,1,nhl,0.966,0.945,0.979
Relative,2017–2021,females,45–54,1,nhl,0.959,0.945,0.969
Relative,2017–2021,females,55–64,1,nhl,0.945,0.934,0.954
Relative,2017–2021,females,65–74,1,nhl,0.905,0.894,0.915
Relative,2017–2021,females,75–84,1,nhl,0.814,0.798,0.829
Relative,2017–2021,females,85+,1,nhl,0.641,0.612,0.67
Relative,2017–2021,females,5–14,2,nhl,0.903,0.781,0.958
Relative,2017–2021,females,15–24,2,nhl,0.954,0.88,0.983
Relative,2017–2021,females,25–34,2,nhl,0.954,0.919,0.974
Relative,2017–2021,females,35–44,2,nhl,0.954,0.93,0.969
Relative,2017–2021,females,45–54,2,nhl,0.944,0.929,0.956
Relative,2017–2021,females,55–64,2,nhl,0.918,0.906,0.929
Relative,2017–2021,females,65–74,2,nhl,0.871,0.859,0.883
Relative,2017–2021,females,75–84,2,nhl,0.772,0.754,0.789
Relative,2017–2021,females,85+,2,nhl,0.591,0.557,0.624
Relative,2017–2021,females,5–14,3,nhl,0.903,0.781,0.959
Relative,2017–2021,females,15–24,3,nhl,0.944,0.87,0.977
Relative,2017–2021,females,25–34,3,nhl,0.95,0.915,0.971
Relative,2017–2021,females,35–44,3,nhl,0.935,0.909,0.954
Relative,2017–2021,females,45–54,3,nhl,0.932,0.915,0.946
Relative,2017–2021,females,55–64,3,nhl,0.899,0.885,0.911
Relative,2017–2021,females,65–74,3,nhl,0.848,0.834,0.861
Relative,2017–2021,females,75–84,3,nhl,0.739,0.72,0.758
Relative,2017–2021,females,85+,3,nhl,0.56,0.522,0.597
Relative,2017–2021,females,5–14,4,nhl,0.903,0.781,0.959
Relative,2017–2021,females,15–24,4,nhl,0.944,0.87,0.977
Relative,2017–2021,females,25–34,4,nhl,0.95,0.915,0.971
Relative,2017–2021,females,35–44,4,nhl,0.932,0.905,0.952
Relative,2017–2021,females,45–54,4,nhl,0.918,0.9,0.933
Relative,2017–2021,females,55–64,4,nhl,0.889,0.874,0.902
Relative,2017–2021,females,65–74,4,nhl,0.827,0.812,0.841
Relative,2017–2021,females,75–84,4,nhl,0.719,0.698,0.739
Relative,2017–2021,females,85+,4,nhl,0.551,0.509,0.594
Relative,2017–2021,females,5–14,5,nhl,0.903,0.781,0.959
Relative,2017–2021,females,15–24,5,nhl,0.944,0.87,0.977
Relative,2017–2021,females,25–34,5,nhl,0.946,0.91,0.969
Relative,2017–2021,females,35–44,5,nhl,0.929,0.901,0.95
Relative,2017–2021,females,45–54,5,nhl,0.91,0.891,0.926
Relative,2017–2021,females,55–64,5,nhl,0.878,0.863,0.892
Relative,2017–2021,females,65–74,5,nhl,0.808,0.792,0.823
Relative,2017–2021,females,75–84,5,nhl,0.695,0.672,0.718
Relative,2017–2021,females,85+,5,nhl,0.549,0.501,0.598
Relative,2017–2021,males,5–14,1,nhl,0.971,0.925,0.9890000000000002
Relative,2017–2021,males,15–24,1,nhl,0.921,0.87,0.953
Relative,2017–2021,males,25–34,1,nhl,0.953,0.923,0.972
Relative,2017–2021,males,35–44,1,nhl,0.963,0.946,0.975
Relative,2017–2021,males,45–54,1,nhl,0.941,0.928,0.952
Relative,2017–2021,males,55–64,1,nhl,0.93,0.921,0.939
Relative,2017–2021,males,65–74,1,nhl,0.889,0.879,0.898
Relative,2017–2021,males,75–84,1,nhl,0.807,0.793,0.821
Relative,2017–2021,males,85+,1,nhl,0.63,0.6,0.66
Relative,2017–2021,males,5–14,2,nhl,0.936,0.881,0.967
Relative,2017–2021,males,15–24,2,nhl,0.905,0.851,0.94
Relative,2017–2021,males,25–34,2,nhl,0.938,0.904,0.96
Relative,2017–2021,males,35–44,2,nhl,0.94,0.919,0.956
Relative,2017–2021,males,45–54,2,nhl,0.913,0.898,0.927
Relative,2017–2021,males,55–64,2,nhl,0.89,0.878,0.901
Relative,2017–2021,males,65–74,2,nhl,0.84,0.829,0.851
Relative,2017–2021,males,75–84,2,nhl,0.753,0.736,0.769
Relative,2017–2021,males,85+,2,nhl,0.567,0.533,0.601
Relative,2017–2021,males,5–14,3,nhl,0.929,0.872,0.961
Relative,2017–2021,males,15–24,3,nhl,0.887,0.83,0.926
Relative,2017–2021,males,25–34,3,nhl,0.922,0.886,0.948
Relative,2017–2021,males,35–44,3,nhl,0.936,0.914,0.953
Relative,2017–2021,males,45–54,3,nhl,0.899,0.882,0.914
Relative,2017–2021,males,55–64,3,nhl,0.87,0.856,0.882
Relative,2017–2021,males,65–74,3,nhl,0.814,0.801,0.826
Relative,2017–2021,males,75–84,3,nhl,0.717,0.699,0.735
Relative,2017–2021,males,85+,3,nhl,0.526,0.488,0.564
Relative,2017–2021,males,5–14,4,nhl,0.922,0.863,0.956
Relative,2017–2021,males,15–24,4,nhl,0.882,0.824,0.922
Relative,2017–2021,males,25–34,4,nhl,0.92,0.883,0.946
Relative,2017–2021,males,35–44,4,nhl,0.931,0.908,0.948
Relative,2017–2021,males,45–54,4,nhl,0.888,0.871,0.904
Relative,2017–2021,males,55–64,4,nhl,0.852,0.838,0.865
Relative,2017–2021,males,65–74,4,nhl,0.788,0.774,0.801
Relative,2017–2021,males,75–84,4,nhl,0.68,0.66,0.7
Relative,2017–2021,males,85+,4,nhl,0.485,0.444,0.528
Relative,2017–2021,males,5–14,5,nhl,0.922,0.863,0.956
Relative,2017–2021,males,15–24,5,nhl,0.883,0.825,0.923
Relative,2017–2021,males,25–34,5,nhl,0.908,0.869,0.936
Relative,2017–2021,males,35–44,5,nhl,0.928,0.905,0.946
Relative,2017–2021,males,45–54,5,nhl,0.881,0.863,0.897
Relative,2017–2021,males,55–64,5,nhl,0.839,0.824,0.853
Relative,2017–2021,males,65–74,5,nhl,0.777,0.762,0.791
Relative,2017–2021,males,75–84,5,nhl,0.654,0.632,0.675
Relative,2017–2021,males,85+,5,nhl,0.451,0.404,0.498
