"measure","diagnosis_code","diagnosis","series_group","sex","duration_years","year","period","estimate","lower","upper","unit","source_output"
"Incidence (cases)","total","Total lymphoma","Headline","Persons",,1982,"Historical",1751,,,"people diagnosed","output/incidence_historical_asr.csv"
"Incidence (cases)","total","Total lymphoma","Headline","Persons",,1983,"Historical",1772,,,"people diagnosed","output/incidence_historical_asr.csv"
"Incidence (cases)","total","Total lymphoma","Headline","Persons",,1984,"Historical",1900,,,"people diagnosed","output/incidence_historical_asr.csv"
"Incidence (cases)","total","Total lymphoma","Headline","Persons",,1985,"Historical",1956,,,"people diagnosed","output/incidence_historical_asr.csv"
"Incidence (cases)","total","Total lymphoma","Headline","Persons",,1986,"Historical",2050,,,"people diagnosed","output/incidence_historical_asr.csv"
"Incidence (cases)","total","Total lymphoma","Headline","Persons",,1987,"Historical",2298,,,"people diagnosed","output/incidence_historical_asr.csv"
"Incidence (cases)","total","Total lymphoma","Headline","Persons",,1988,"Historical",2303,,,"people diagnosed","output/incidence_historical_asr.csv"
"Incidence (cases)","total","Total lymphoma","Headline","Persons",,1989,"Historical",2443,,,"people diagnosed","output/incidence_historical_asr.csv"
"Incidence (cases)","total","Total lymphoma","Headline","Persons",,1990,"Historical",2604,,,"people diagnosed","output/incidence_historical_asr.csv"
"Incidence (cases)","total","Total lymphoma","Headline","Persons",,1991,"Historical",2719,,,"people diagnosed","output/incidence_historical_asr.csv"
"Incidence (cases)","total","Total lymphoma","Headline","Persons",,1992,"Historical",2947,,,"people diagnosed","output/incidence_historical_asr.csv"
"Incidence (cases)","total","Total lymphoma","Headline","Persons",,1993,"Historical",2979,,,"people diagnosed","output/incidence_historical_asr.csv"
"Incidence (cases)","total","Total lymphoma","Headline","Persons",,1994,"Historical",3041,,,"people diagnosed","output/incidence_historical_asr.csv"
"Incidence (cases)","total","Total lymphoma","Headline","Persons",,1995,"Historical",3143,,,"people diagnosed","output/incidence_historical_asr.csv"
"Incidence (cases)","total","Total lymphoma","Headline","Persons",,1996,"Historical",3351,,,"people diagnosed","output/incidence_historical_asr.csv"
"Incidence (cases)","total","Total lymphoma","Headline","Persons",,1997,"Historical",3420,,,"people diagnosed","output/incidence_historical_asr.csv"
"Incidence (cases)","total","Total lymphoma","Headline","Persons",,1998,"Historical",3412,,,"people diagnosed","output/incidence_historical_asr.csv"
"Incidence (cases)","total","Total lymphoma","Headline","Persons",,1999,"Historical",3601,,,"people diagnosed","output/incidence_historical_asr.csv"
"Incidence (cases)","total","Total lymphoma","Headline","Persons",,2000,"Historical",3794,,,"people diagnosed","output/incidence_historical_asr.csv"
"Incidence (cases)","total","Total lymphoma","Headline","Persons",,2001,"Historical",3792,,,"people diagnosed","output/incidence_historical_asr.csv"
"Incidence (cases)","total","Total lymphoma","Headline","Persons",,2002,"Historical",4051,,,"people diagnosed","output/incidence_historical_asr.csv"
"Incidence (cases)","total","Total lymphoma","Headline","Persons",,2003,"Historical",4055,,,"people diagnosed","output/incidence_historical_asr.csv"
"Incidence (cases)","total","Total lymphoma","Headline","Persons",,2004,"Historical",4189,,,"people diagnosed","output/incidence_historical_asr.csv"
"Incidence (cases)","total","Total lymphoma","Headline","Persons",,2005,"Historical",4384,,,"people diagnosed","output/incidence_historical_asr.csv"
"Incidence (cases)","total","Total lymphoma","Headline","Persons",,2006,"Historical",4346,,,"people diagnosed","output/incidence_historical_asr.csv"
"Incidence (cases)","total","Total lymphoma","Headline","Persons",,2007,"Historical",4495,,,"people diagnosed","output/incidence_historical_asr.csv"
"Incidence (cases)","total","Total lymphoma","Headline","Persons",,2008,"Historical",4568,,,"people diagnosed","output/incidence_historical_asr.csv"
"Incidence (cases)","total","Total lymphoma","Headline","Persons",,2009,"Historical",4809,,,"people diagnosed","output/incidence_historical_asr.csv"
"Incidence (cases)","total","Total lymphoma","Headline","Persons",,2010,"Historical",4959,,,"people diagnosed","output/incidence_historical_asr.csv"
"Incidence (cases)","total","Total lymphoma","Headline","Persons",,2011,"Historical",5158,,,"people diagnosed","output/incidence_historical_asr.csv"
"Incidence (cases)","total","Total lymphoma","Headline","Persons",,2012,"Historical",5450,,,"people diagnosed","output/incidence_historical_asr.csv"
"Incidence (cases)","total","Total lymphoma","Headline","Persons",,2013,"Historical",5482,,,"people diagnosed","output/incidence_historical_asr.csv"
"Incidence (cases)","total","Total lymphoma","Headline","Persons",,2014,"Historical",5793,,,"people diagnosed","output/incidence_historical_asr.csv"
"Incidence (cases)","total","Total lymphoma","Headline","Persons",,2015,"Historical",5759,,,"people diagnosed","output/incidence_historical_asr.csv"
"Incidence (cases)","total","Total lymphoma","Headline","Persons",,2016,"Historical",6022,,,"people diagnosed","output/incidence_historical_asr.csv"
"Incidence (cases)","total","Total lymphoma","Headline","Persons",,2017,"Historical",6326,,,"people diagnosed","output/incidence_historical_asr.csv"
"Incidence (cases)","total","Total lymphoma","Headline","Persons",,2018,"Historical",6331,,,"people diagnosed","output/incidence_historical_asr.csv"
"Incidence (cases)","total","Total lymphoma","Headline","Persons",,2019,"Historical",6533,,,"people diagnosed","output/incidence_historical_asr.csv"
"Incidence (cases)","total","Total lymphoma","Headline","Persons",,2020,"Historical",6982,,,"people diagnosed","output/incidence_historical_asr.csv"
"Incidence (cases)","total","Total lymphoma","Headline","Persons",,2021,"Historical",6735,,,"people diagnosed","output/incidence_historical_asr.csv"
"Incidence (cases)","total","Total lymphoma","Headline","Persons",,2022,"Projected",7061.1674414445,6944.3992355081,7173.4593324155,"people diagnosed","output/incidence_projections.csv"
"Incidence (cases)","total","Total lymphoma","Headline","Persons",,2023,"Projected",7297.33394297626,7180.03390947818,7409.38326396992,"people diagnosed","output/incidence_projections.csv"
"Incidence (cases)","total","Total lymphoma","Headline","Persons",,2024,"Projected",7523.84492653974,7408.85467756722,7637.44396961392,"people diagnosed","output/incidence_projections.csv"
"Incidence (cases)","total","Total lymphoma","Headline","Persons",,2025,"Projected",7752.33661802718,7635.26267020796,7866.2988392881,"people diagnosed","output/incidence_projections.csv"
"Incidence (cases)","total","Total lymphoma","Headline","Persons",,2026,"Projected",7987.78749853069,7869.34286495085,8108.03876554898,"people diagnosed","output/incidence_projections.csv"
"Incidence (cases)","total","Total lymphoma","Headline","Persons",,2027,"Projected",8219.4695222465,8100.44923464198,8342.09050766964,"people diagnosed","output/incidence_projections.csv"
"Incidence (cases)","total","Total lymphoma","Headline","Persons",,2028,"Projected",8443.7575543599,8324.95382050532,8574.0479759898,"people diagnosed","output/incidence_projections.csv"
"Incidence (cases)","total","Total lymphoma","Headline","Persons",,2029,"Projected",8660.10739896086,8536.51092697058,8802.10602151753,"people diagnosed","output/incidence_projections.csv"
"Incidence (cases)","total","Total lymphoma","Headline","Persons",,2030,"Projected",8867.89583264926,8742.13036136789,9015.44833868793,"people diagnosed","output/incidence_projections.csv"
"Incidence (cases)","total","Total lymphoma","Headline","Persons",,2031,"Projected",9069.10757803705,8937.2191803541,9225.05202901833,"people diagnosed","output/incidence_projections.csv"
"Incidence (cases)","total","Total lymphoma","Headline","Persons",,2032,"Projected",9266.37684175184,9125.05293758,9428.78485577381,"people diagnosed","output/incidence_projections.csv"
"Incidence (cases)","total","Total lymphoma","Headline","Persons",,2033,"Projected",9457.65615308475,9307.90514182624,9627.72631023781,"people diagnosed","output/incidence_projections.csv"
"Incidence (cases)","total","Total lymphoma","Headline","Persons",,2034,"Projected",9650.0261322553,9492.93447876218,9824.85684665638,"people diagnosed","output/incidence_projections.csv"
"Incidence (cases)","total","Total lymphoma","Headline","Persons",,2035,"Projected",9836.77393014733,9672.56404324397,10022.7456797093,"people diagnosed","output/incidence_projections.csv"
"Incidence (cases)","total","Total lymphoma","Headline","Persons",,2036,"Projected",10029.6597939762,9860.50961037924,10226.2155728917,"people diagnosed","output/incidence_projections.csv"
"Incidence (cases)","total","Total lymphoma","Headline","Persons",,2037,"Projected",10213.5597979306,10036.9242649905,10419.1862021767,"people diagnosed","output/incidence_projections.csv"
"Incidence (cases)","total","Total lymphoma","Headline","Persons",,2038,"Projected",10385.9855598517,10201.0824570694,10605.141463705,"people diagnosed","output/incidence_projections.csv"
"Incidence (cases)","total","Total lymphoma","Headline","Persons",,2039,"Projected",10543.3963565878,10347.2108454797,10771.7273059341,"people diagnosed","output/incidence_projections.csv"
"Incidence (cases)","total","Total lymphoma","Headline","Persons",,2040,"Projected",10688.4145282522,10479.1742612831,10929.6583442579,"people diagnosed","output/incidence_projections.csv"
"Incidence (cases)","total","Total lymphoma","Headline","Persons",,2041,"Projected",10820.4804151812,10600.3354517096,11073.2458219516,"people diagnosed","output/incidence_projections.csv"
"Incidence (cases)","total","Total lymphoma","Headline","Persons",,2042,"Projected",10939.4765277613,10712.9298146614,11204.4752137748,"people diagnosed","output/incidence_projections.csv"
"Incidence (cases)","total","Total lymphoma","Headline","Persons",,2043,"Projected",11053.9340198305,10820.3363185935,11330.4734030601,"people diagnosed","output/incidence_projections.csv"
"Incidence (cases)","total","Total lymphoma","Headline","Persons",,2044,"Projected",11172.4516903786,10929.3848266732,11458.5091418464,"people diagnosed","output/incidence_projections.csv"
"Incidence (cases)","total","Total lymphoma","Headline","Persons",,2045,"Projected",11288.8558400821,11037.0572894605,11587.3659756824,"people diagnosed","output/incidence_projections.csv"
"Incidence (cases)","total","Total lymphoma","Headline","Females",,1982,"Historical",813,,,"people diagnosed","output/incidence_historical_asr.csv"
"Incidence (cases)","total","Total lymphoma","Headline","Females",,1983,"Historical",817,,,"people diagnosed","output/incidence_historical_asr.csv"
"Incidence (cases)","total","Total lymphoma","Headline","Females",,1984,"Historical",880,,,"people diagnosed","output/incidence_historical_asr.csv"
"Incidence (cases)","total","Total lymphoma","Headline","Females",,1985,"Historical",871,,,"people diagnosed","output/incidence_historical_asr.csv"
"Incidence (cases)","total","Total lymphoma","Headline","Females",,1986,"Historical",923,,,"people diagnosed","output/incidence_historical_asr.csv"
"Incidence (cases)","total","Total lymphoma","Headline","Females",,1987,"Historical",1041,,,"people diagnosed","output/incidence_historical_asr.csv"
"Incidence (cases)","total","Total lymphoma","Headline","Females",,1988,"Historical",1027,,,"people diagnosed","output/incidence_historical_asr.csv"
"Incidence (cases)","total","Total lymphoma","Headline","Females",,1989,"Historical",1112,,,"people diagnosed","output/incidence_historical_asr.csv"
"Incidence (cases)","total","Total lymphoma","Headline","Females",,1990,"Historical",1127,,,"people diagnosed","output/incidence_historical_asr.csv"
"Incidence (cases)","total","Total lymphoma","Headline","Females",,1991,"Historical",1229,,,"people diagnosed","output/incidence_historical_asr.csv"
"Incidence (cases)","total","Total lymphoma","Headline","Females",,1992,"Historical",1327,,,"people diagnosed","output/incidence_historical_asr.csv"
"Incidence (cases)","total","Total lymphoma","Headline","Females",,1993,"Historical",1306,,,"people diagnosed","output/incidence_historical_asr.csv"
"Incidence (cases)","total","Total lymphoma","Headline","Females",,1994,"Historical",1397,,,"people diagnosed","output/incidence_historical_asr.csv"
"Incidence (cases)","total","Total lymphoma","Headline","Females",,1995,"Historical",1490,,,"people diagnosed","output/incidence_historical_asr.csv"
"Incidence (cases)","total","Total lymphoma","Headline","Females",,1996,"Historical",1503,,,"people diagnosed","output/incidence_historical_asr.csv"
"Incidence (cases)","total","Total lymphoma","Headline","Females",,1997,"Historical",1581,,,"people diagnosed","output/incidence_historical_asr.csv"
"Incidence (cases)","total","Total lymphoma","Headline","Females",,1998,"Historical",1564,,,"people diagnosed","output/incidence_historical_asr.csv"
"Incidence (cases)","total","Total lymphoma","Headline","Females",,1999,"Historical",1666,,,"people diagnosed","output/incidence_historical_asr.csv"
"Incidence (cases)","total","Total lymphoma","Headline","Females",,2000,"Historical",1748,,,"people diagnosed","output/incidence_historical_asr.csv"
"Incidence (cases)","total","Total lymphoma","Headline","Females",,2001,"Historical",1709,,,"people diagnosed","output/incidence_historical_asr.csv"
"Incidence (cases)","total","Total lymphoma","Headline","Females",,2002,"Historical",1835,,,"people diagnosed","output/incidence_historical_asr.csv"
"Incidence (cases)","total","Total lymphoma","Headline","Females",,2003,"Historical",1777,,,"people diagnosed","output/incidence_historical_asr.csv"
"Incidence (cases)","total","Total lymphoma","Headline","Females",,2004,"Historical",1860,,,"people diagnosed","output/incidence_historical_asr.csv"
"Incidence (cases)","total","Total lymphoma","Headline","Females",,2005,"Historical",2031,,,"people diagnosed","output/incidence_historical_asr.csv"
"Incidence (cases)","total","Total lymphoma","Headline","Females",,2006,"Historical",1917,,,"people diagnosed","output/incidence_historical_asr.csv"
"Incidence (cases)","total","Total lymphoma","Headline","Females",,2007,"Historical",2027,,,"people diagnosed","output/incidence_historical_asr.csv"
"Incidence (cases)","total","Total lymphoma","Headline","Females",,2008,"Historical",2032,,,"people diagnosed","output/incidence_historical_asr.csv"
"Incidence (cases)","total","Total lymphoma","Headline","Females",,2009,"Historical",2130,,,"people diagnosed","output/incidence_historical_asr.csv"
"Incidence (cases)","total","Total lymphoma","Headline","Females",,2010,"Historical",2154,,,"people diagnosed","output/incidence_historical_asr.csv"
"Incidence (cases)","total","Total lymphoma","Headline","Females",,2011,"Historical",2210,,,"people diagnosed","output/incidence_historical_asr.csv"
"Incidence (cases)","total","Total lymphoma","Headline","Females",,2012,"Historical",2311,,,"people diagnosed","output/incidence_historical_asr.csv"
"Incidence (cases)","total","Total lymphoma","Headline","Females",,2013,"Historical",2362,,,"people diagnosed","output/incidence_historical_asr.csv"
"Incidence (cases)","total","Total lymphoma","Headline","Females",,2014,"Historical",2568,,,"people diagnosed","output/incidence_historical_asr.csv"
"Incidence (cases)","total","Total lymphoma","Headline","Females",,2015,"Historical",2492,,,"people diagnosed","output/incidence_historical_asr.csv"
"Incidence (cases)","total","Total lymphoma","Headline","Females",,2016,"Historical",2627,,,"people diagnosed","output/incidence_historical_asr.csv"
"Incidence (cases)","total","Total lymphoma","Headline","Females",,2017,"Historical",2671,,,"people diagnosed","output/incidence_historical_asr.csv"
"Incidence (cases)","total","Total lymphoma","Headline","Females",,2018,"Historical",2678,,,"people diagnosed","output/incidence_historical_asr.csv"
"Incidence (cases)","total","Total lymphoma","Headline","Females",,2019,"Historical",2777,,,"people diagnosed","output/incidence_historical_asr.csv"
"Incidence (cases)","total","Total lymphoma","Headline","Females",,2020,"Historical",3018,,,"people diagnosed","output/incidence_historical_asr.csv"
"Incidence (cases)","total","Total lymphoma","Headline","Females",,2021,"Historical",2952,,,"people diagnosed","output/incidence_historical_asr.csv"
"Incidence (cases)","total","Total lymphoma","Headline","Females",,2022,"Projected",3047.44873663062,2976.03448736782,3118.49527874327,"people diagnosed","output/incidence_projections.csv"
"Incidence (cases)","total","Total lymphoma","Headline","Females",,2023,"Projected",3147.6994298855,3076.10502015525,3221.91605974267,"people diagnosed","output/incidence_projections.csv"
"Incidence (cases)","total","Total lymphoma","Headline","Females",,2024,"Projected",3244.79904405194,3173.29631919887,3317.63123372456,"people diagnosed","output/incidence_projections.csv"
"Incidence (cases)","total","Total lymphoma","Headline","Females",,2025,"Projected",3342.11726599432,3271.20349278417,3418.71356550522,"people diagnosed","output/incidence_projections.csv"
"Incidence (cases)","total","Total lymphoma","Headline","Females",,2026,"Projected",3443.37304987058,3371.96419028886,3521.89047750733,"people diagnosed","output/incidence_projections.csv"
"Incidence (cases)","total","Total lymphoma","Headline","Females",,2027,"Projected",3542.2336735089,3467.57268310866,3623.91749260252,"people diagnosed","output/incidence_projections.csv"
"Incidence (cases)","total","Total lymphoma","Headline","Females",,2028,"Projected",3640.19361977749,3561.38617988705,3724.67674055263,"people diagnosed","output/incidence_projections.csv"
"Incidence (cases)","total","Total lymphoma","Headline","Females",,2029,"Projected",3733.40429643173,3651.5108914803,3821.85691718474,"people diagnosed","output/incidence_projections.csv"
"Incidence (cases)","total","Total lymphoma","Headline","Females",,2030,"Projected",3823.94042463765,3737.83148738744,3916.25781413436,"people diagnosed","output/incidence_projections.csv"
"Incidence (cases)","total","Total lymphoma","Headline","Females",,2031,"Projected",3911.80978560548,3820.98647177308,4010.31733878888,"people diagnosed","output/incidence_projections.csv"
"Incidence (cases)","total","Total lymphoma","Headline","Females",,2032,"Projected",3997.12537753193,3900.62162328975,4098.09254280353,"people diagnosed","output/incidence_projections.csv"
"Incidence (cases)","total","Total lymphoma","Headline","Females",,2033,"Projected",4082.45378306692,3981.7436862317,4188.18623777211,"people diagnosed","output/incidence_projections.csv"
"Incidence (cases)","total","Total lymphoma","Headline","Females",,2034,"Projected",4167.31384696681,4060.93028985253,4279.57107531065,"people diagnosed","output/incidence_projections.csv"
"Incidence (cases)","total","Total lymphoma","Headline","Females",,2035,"Projected",4250.96993574674,4138.69358488745,4368.67575247862,"people diagnosed","output/incidence_projections.csv"
"Incidence (cases)","total","Total lymphoma","Headline","Females",,2036,"Projected",4337.60281960672,4219.00618986612,4462.27158054079,"people diagnosed","output/incidence_projections.csv"
"Incidence (cases)","total","Total lymphoma","Headline","Females",,2037,"Projected",4420.38588372296,4296.19289910473,4552.22299436313,"people diagnosed","output/incidence_projections.csv"
"Incidence (cases)","total","Total lymphoma","Headline","Females",,2038,"Projected",4498.65700905112,4368.56444226774,4639.09550321544,"people diagnosed","output/incidence_projections.csv"
"Incidence (cases)","total","Total lymphoma","Headline","Females",,2039,"Projected",4572.73257633478,4433.05805632806,4721.00034613741,"people diagnosed","output/incidence_projections.csv"
"Incidence (cases)","total","Total lymphoma","Headline","Females",,2040,"Projected",4641.23560705187,4493.54556432797,4795.75544733775,"people diagnosed","output/incidence_projections.csv"
"Incidence (cases)","total","Total lymphoma","Headline","Females",,2041,"Projected",4704.04208183041,4549.12176359004,4865.76711222127,"people diagnosed","output/incidence_projections.csv"
"Incidence (cases)","total","Total lymphoma","Headline","Females",,2042,"Projected",4762.4399598644,4602.40022731554,4932.4588636293,"people diagnosed","output/incidence_projections.csv"
"Incidence (cases)","total","Total lymphoma","Headline","Females",,2043,"Projected",4820.60382125874,4655.08738123081,4999.40376166579,"people diagnosed","output/incidence_projections.csv"
"Incidence (cases)","total","Total lymphoma","Headline","Females",,2044,"Projected",4878.79983668807,4708.96549887894,5066.12119466592,"people diagnosed","output/incidence_projections.csv"
"Incidence (cases)","total","Total lymphoma","Headline","Females",,2045,"Projected",4934.80478268241,4759.07097700696,5134.97063855929,"people diagnosed","output/incidence_projections.csv"
"Incidence (cases)","total","Total lymphoma","Headline","Males",,1982,"Historical",938,,,"people diagnosed","output/incidence_historical_asr.csv"
"Incidence (cases)","total","Total lymphoma","Headline","Males",,1983,"Historical",955,,,"people diagnosed","output/incidence_historical_asr.csv"
"Incidence (cases)","total","Total lymphoma","Headline","Males",,1984,"Historical",1020,,,"people diagnosed","output/incidence_historical_asr.csv"
"Incidence (cases)","total","Total lymphoma","Headline","Males",,1985,"Historical",1085,,,"people diagnosed","output/incidence_historical_asr.csv"
"Incidence (cases)","total","Total lymphoma","Headline","Males",,1986,"Historical",1127,,,"people diagnosed","output/incidence_historical_asr.csv"
"Incidence (cases)","total","Total lymphoma","Headline","Males",,1987,"Historical",1257,,,"people diagnosed","output/incidence_historical_asr.csv"
"Incidence (cases)","total","Total lymphoma","Headline","Males",,1988,"Historical",1276,,,"people diagnosed","output/incidence_historical_asr.csv"
"Incidence (cases)","total","Total lymphoma","Headline","Males",,1989,"Historical",1331,,,"people diagnosed","output/incidence_historical_asr.csv"
"Incidence (cases)","total","Total lymphoma","Headline","Males",,1990,"Historical",1477,,,"people diagnosed","output/incidence_historical_asr.csv"
"Incidence (cases)","total","Total lymphoma","Headline","Males",,1991,"Historical",1490,,,"people diagnosed","output/incidence_historical_asr.csv"
"Incidence (cases)","total","Total lymphoma","Headline","Males",,1992,"Historical",1620,,,"people diagnosed","output/incidence_historical_asr.csv"
"Incidence (cases)","total","Total lymphoma","Headline","Males",,1993,"Historical",1673,,,"people diagnosed","output/incidence_historical_asr.csv"
"Incidence (cases)","total","Total lymphoma","Headline","Males",,1994,"Historical",1644,,,"people diagnosed","output/incidence_historical_asr.csv"
"Incidence (cases)","total","Total lymphoma","Headline","Males",,1995,"Historical",1653,,,"people diagnosed","output/incidence_historical_asr.csv"
"Incidence (cases)","total","Total lymphoma","Headline","Males",,1996,"Historical",1848,,,"people diagnosed","output/incidence_historical_asr.csv"
"Incidence (cases)","total","Total lymphoma","Headline","Males",,1997,"Historical",1839,,,"people diagnosed","output/incidence_historical_asr.csv"
"Incidence (cases)","total","Total lymphoma","Headline","Males",,1998,"Historical",1848,,,"people diagnosed","output/incidence_historical_asr.csv"
"Incidence (cases)","total","Total lymphoma","Headline","Males",,1999,"Historical",1935,,,"people diagnosed","output/incidence_historical_asr.csv"
"Incidence (cases)","total","Total lymphoma","Headline","Males",,2000,"Historical",2046,,,"people diagnosed","output/incidence_historical_asr.csv"
"Incidence (cases)","total","Total lymphoma","Headline","Males",,2001,"Historical",2083,,,"people diagnosed","output/incidence_historical_asr.csv"
"Incidence (cases)","total","Total lymphoma","Headline","Males",,2002,"Historical",2216,,,"people diagnosed","output/incidence_historical_asr.csv"
"Incidence (cases)","total","Total lymphoma","Headline","Males",,2003,"Historical",2278,,,"people diagnosed","output/incidence_historical_asr.csv"
"Incidence (cases)","total","Total lymphoma","Headline","Males",,2004,"Historical",2329,,,"people diagnosed","output/incidence_historical_asr.csv"
"Incidence (cases)","total","Total lymphoma","Headline","Males",,2005,"Historical",2353,,,"people diagnosed","output/incidence_historical_asr.csv"
"Incidence (cases)","total","Total lymphoma","Headline","Males",,2006,"Historical",2429,,,"people diagnosed","output/incidence_historical_asr.csv"
"Incidence (cases)","total","Total lymphoma","Headline","Males",,2007,"Historical",2468,,,"people diagnosed","output/incidence_historical_asr.csv"
"Incidence (cases)","total","Total lymphoma","Headline","Males",,2008,"Historical",2536,,,"people diagnosed","output/incidence_historical_asr.csv"
"Incidence (cases)","total","Total lymphoma","Headline","Males",,2009,"Historical",2679,,,"people diagnosed","output/incidence_historical_asr.csv"
"Incidence (cases)","total","Total lymphoma","Headline","Males",,2010,"Historical",2805,,,"people diagnosed","output/incidence_historical_asr.csv"
"Incidence (cases)","total","Total lymphoma","Headline","Males",,2011,"Historical",2948,,,"people diagnosed","output/incidence_historical_asr.csv"
"Incidence (cases)","total","Total lymphoma","Headline","Males",,2012,"Historical",3139,,,"people diagnosed","output/incidence_historical_asr.csv"
"Incidence (cases)","total","Total lymphoma","Headline","Males",,2013,"Historical",3120,,,"people diagnosed","output/incidence_historical_asr.csv"
"Incidence (cases)","total","Total lymphoma","Headline","Males",,2014,"Historical",3225,,,"people diagnosed","output/incidence_historical_asr.csv"
"Incidence (cases)","total","Total lymphoma","Headline","Males",,2015,"Historical",3267,,,"people diagnosed","output/incidence_historical_asr.csv"
"Incidence (cases)","total","Total lymphoma","Headline","Males",,2016,"Historical",3395,,,"people diagnosed","output/incidence_historical_asr.csv"
"Incidence (cases)","total","Total lymphoma","Headline","Males",,2017,"Historical",3655,,,"people diagnosed","output/incidence_historical_asr.csv"
"Incidence (cases)","total","Total lymphoma","Headline","Males",,2018,"Historical",3653,,,"people diagnosed","output/incidence_historical_asr.csv"
"Incidence (cases)","total","Total lymphoma","Headline","Males",,2019,"Historical",3756,,,"people diagnosed","output/incidence_historical_asr.csv"
"Incidence (cases)","total","Total lymphoma","Headline","Males",,2020,"Historical",3964,,,"people diagnosed","output/incidence_historical_asr.csv"
"Incidence (cases)","total","Total lymphoma","Headline","Males",,2021,"Historical",3783,,,"people diagnosed","output/incidence_historical_asr.csv"
"Incidence (cases)","total","Total lymphoma","Headline","Males",,2022,"Projected",4014.17313063403,3929.20077524843,4096.42804734727,"people diagnosed","output/incidence_projections.csv"
"Incidence (cases)","total","Total lymphoma","Headline","Males",,2023,"Projected",4148.61986524594,4065.91794561348,4233.40525625965,"people diagnosed","output/incidence_projections.csv"
"Incidence (cases)","total","Total lymphoma","Headline","Males",,2024,"Projected",4278.51278661976,4196.291723062,4362.22307372576,"people diagnosed","output/incidence_projections.csv"
"Incidence (cases)","total","Total lymphoma","Headline","Males",,2025,"Projected",4410.15440882276,4325.87434874971,4495.59384417472,"people diagnosed","output/incidence_projections.csv"
"Incidence (cases)","total","Total lymphoma","Headline","Males",,2026,"Projected",4544.73778893798,4460.96546286796,4630.50473178044,"people diagnosed","output/incidence_projections.csv"
"Incidence (cases)","total","Total lymphoma","Headline","Males",,2027,"Projected",4676.85322052271,4590.11995491552,4767.35576317675,"people diagnosed","output/incidence_projections.csv"
"Incidence (cases)","total","Total lymphoma","Headline","Males",,2028,"Projected",4804.40196488207,4716.3448709445,4898.37824542436,"people diagnosed","output/incidence_projections.csv"
"Incidence (cases)","total","Total lymphoma","Headline","Males",,2029,"Projected",4926.45970569121,4837.06845263572,5024.75315635435,"people diagnosed","output/incidence_projections.csv"
"Incidence (cases)","total","Total lymphoma","Headline","Males",,2030,"Projected",5043.16254258071,4949.4364305692,5146.27892852611,"people diagnosed","output/incidence_projections.csv"
"Incidence (cases)","total","Total lymphoma","Headline","Males",,2031,"Projected",5156.5148833559,5059.59158769107,5265.72650215497,"people diagnosed","output/incidence_projections.csv"
"Incidence (cases)","total","Total lymphoma","Headline","Males",,2032,"Projected",5269.17302628776,5164.67418839227,5383.71350014637,"people diagnosed","output/incidence_projections.csv"
"Incidence (cases)","total","Total lymphoma","Headline","Males",,2033,"Projected",5375.68996158972,5267.80074206092,5495.54864412619,"people diagnosed","output/incidence_projections.csv"
"Incidence (cases)","total","Total lymphoma","Headline","Males",,2034,"Projected",5480.16125148302,5366.21298738724,5606.79780092071,"people diagnosed","output/incidence_projections.csv"
"Incidence (cases)","total","Total lymphoma","Headline","Males",,2035,"Projected",5583.51835397424,5463.02027547792,5715.94448836447,"people diagnosed","output/incidence_projections.csv"
"Incidence (cases)","total","Total lymphoma","Headline","Males",,2036,"Projected",5689.18876562682,5563.18226227292,5828.87776219533,"people diagnosed","output/incidence_projections.csv"
"Incidence (cases)","total","Total lymphoma","Headline","Males",,2037,"Projected",5789.67540978448,5658.01701120774,5936.95820835065,"people diagnosed","output/incidence_projections.csv"
"Incidence (cases)","total","Total lymphoma","Headline","Males",,2038,"Projected",5882.63047797775,5745.97731180003,6039.62180690779,"people diagnosed","output/incidence_projections.csv"
"Incidence (cases)","total","Total lymphoma","Headline","Males",,2039,"Projected",5966.50372888573,5821.51942773517,6132.46817473044,"people diagnosed","output/incidence_projections.csv"
"Incidence (cases)","total","Total lymphoma","Headline","Males",,2040,"Projected",6041.69020991901,5889.89847483824,6218.39621930405,"people diagnosed","output/incidence_projections.csv"
"Incidence (cases)","total","Total lymphoma","Headline","Males",,2041,"Projected",6110.74889141541,5952.92584589179,6297.69607019281,"people diagnosed","output/incidence_projections.csv"
"Incidence (cases)","total","Total lymphoma","Headline","Males",,2042,"Projected",6173.33613210477,6007.30759298354,6368.94276929703,"people diagnosed","output/incidence_projections.csv"
"Incidence (cases)","total","Total lymphoma","Headline","Males",,2043,"Projected",6231.82726864204,6059.54434764852,6436.02208307347,"people diagnosed","output/incidence_projections.csv"
"Incidence (cases)","total","Total lymphoma","Headline","Males",,2044,"Projected",6290.93025658294,6112.31963618204,6502.91202683848,"people diagnosed","output/incidence_projections.csv"
"Incidence (cases)","total","Total lymphoma","Headline","Males",,2045,"Projected",6350.49505834048,6163.47513232484,6572.48439276081,"people diagnosed","output/incidence_projections.csv"
"Incidence (cases)","hodgkin","Hodgkin lymphoma (HL)","Headline","Females",,1982,"Historical",126,,,"people diagnosed","output/incidence_historical_asr.csv"
"Incidence (cases)","hodgkin","Hodgkin lymphoma (HL)","Headline","Females",,1983,"Historical",126,,,"people diagnosed","output/incidence_historical_asr.csv"
"Incidence (cases)","hodgkin","Hodgkin lymphoma (HL)","Headline","Females",,1984,"Historical",139,,,"people diagnosed","output/incidence_historical_asr.csv"
"Incidence (cases)","hodgkin","Hodgkin lymphoma (HL)","Headline","Females",,1985,"Historical",110,,,"people diagnosed","output/incidence_historical_asr.csv"
"Incidence (cases)","hodgkin","Hodgkin lymphoma (HL)","Headline","Females",,1986,"Historical",138,,,"people diagnosed","output/incidence_historical_asr.csv"
"Incidence (cases)","hodgkin","Hodgkin lymphoma (HL)","Headline","Females",,1987,"Historical",138,,,"people diagnosed","output/incidence_historical_asr.csv"
"Incidence (cases)","hodgkin","Hodgkin lymphoma (HL)","Headline","Females",,1988,"Historical",139,,,"people diagnosed","output/incidence_historical_asr.csv"
"Incidence (cases)","hodgkin","Hodgkin lymphoma (HL)","Headline","Females",,1989,"Historical",148,,,"people diagnosed","output/incidence_historical_asr.csv"
"Incidence (cases)","hodgkin","Hodgkin lymphoma (HL)","Headline","Females",,1990,"Historical",148,,,"people diagnosed","output/incidence_historical_asr.csv"
"Incidence (cases)","hodgkin","Hodgkin lymphoma (HL)","Headline","Females",,1991,"Historical",140,,,"people diagnosed","output/incidence_historical_asr.csv"
"Incidence (cases)","hodgkin","Hodgkin lymphoma (HL)","Headline","Females",,1992,"Historical",175,,,"people diagnosed","output/incidence_historical_asr.csv"
"Incidence (cases)","hodgkin","Hodgkin lymphoma (HL)","Headline","Females",,1993,"Historical",157,,,"people diagnosed","output/incidence_historical_asr.csv"
"Incidence (cases)","hodgkin","Hodgkin lymphoma (HL)","Headline","Females",,1994,"Historical",159,,,"people diagnosed","output/incidence_historical_asr.csv"
"Incidence (cases)","hodgkin","Hodgkin lymphoma (HL)","Headline","Females",,1995,"Historical",154,,,"people diagnosed","output/incidence_historical_asr.csv"
"Incidence (cases)","hodgkin","Hodgkin lymphoma (HL)","Headline","Females",,1996,"Historical",166,,,"people diagnosed","output/incidence_historical_asr.csv"
"Incidence (cases)","hodgkin","Hodgkin lymphoma (HL)","Headline","Females",,1997,"Historical",192,,,"people diagnosed","output/incidence_historical_asr.csv"
"Incidence (cases)","hodgkin","Hodgkin lymphoma (HL)","Headline","Females",,1998,"Historical",177,,,"people diagnosed","output/incidence_historical_asr.csv"
"Incidence (cases)","hodgkin","Hodgkin lymphoma (HL)","Headline","Females",,1999,"Historical",181,,,"people diagnosed","output/incidence_historical_asr.csv"
"Incidence (cases)","hodgkin","Hodgkin lymphoma (HL)","Headline","Females",,2000,"Historical",191,,,"people diagnosed","output/incidence_historical_asr.csv"
"Incidence (cases)","hodgkin","Hodgkin lymphoma (HL)","Headline","Females",,2001,"Historical",187,,,"people diagnosed","output/incidence_historical_asr.csv"
"Incidence (cases)","hodgkin","Hodgkin lymphoma (HL)","Headline","Females",,2002,"Historical",210,,,"people diagnosed","output/incidence_historical_asr.csv"
"Incidence (cases)","hodgkin","Hodgkin lymphoma (HL)","Headline","Females",,2003,"Historical",189,,,"people diagnosed","output/incidence_historical_asr.csv"
"Incidence (cases)","hodgkin","Hodgkin lymphoma (HL)","Headline","Females",,2004,"Historical",236,,,"people diagnosed","output/incidence_historical_asr.csv"
"Incidence (cases)","hodgkin","Hodgkin lymphoma (HL)","Headline","Females",,2005,"Historical",251,,,"people diagnosed","output/incidence_historical_asr.csv"
"Incidence (cases)","hodgkin","Hodgkin lymphoma (HL)","Headline","Females",,2006,"Historical",236,,,"people diagnosed","output/incidence_historical_asr.csv"
"Incidence (cases)","hodgkin","Hodgkin lymphoma (HL)","Headline","Females",,2007,"Historical",252,,,"people diagnosed","output/incidence_historical_asr.csv"
"Incidence (cases)","hodgkin","Hodgkin lymphoma (HL)","Headline","Females",,2008,"Historical",218,,,"people diagnosed","output/incidence_historical_asr.csv"
"Incidence (cases)","hodgkin","Hodgkin lymphoma (HL)","Headline","Females",,2009,"Historical",262,,,"people diagnosed","output/incidence_historical_asr.csv"
"Incidence (cases)","hodgkin","Hodgkin lymphoma (HL)","Headline","Females",,2010,"Historical",266,,,"people diagnosed","output/incidence_historical_asr.csv"
"Incidence (cases)","hodgkin","Hodgkin lymphoma (HL)","Headline","Females",,2011,"Historical",281,,,"people diagnosed","output/incidence_historical_asr.csv"
"Incidence (cases)","hodgkin","Hodgkin lymphoma (HL)","Headline","Females",,2012,"Historical",260,,,"people diagnosed","output/incidence_historical_asr.csv"
"Incidence (cases)","hodgkin","Hodgkin lymphoma (HL)","Headline","Females",,2013,"Historical",305,,,"people diagnosed","output/incidence_historical_asr.csv"
"Incidence (cases)","hodgkin","Hodgkin lymphoma (HL)","Headline","Females",,2014,"Historical",299,,,"people diagnosed","output/incidence_historical_asr.csv"
"Incidence (cases)","hodgkin","Hodgkin lymphoma (HL)","Headline","Females",,2015,"Historical",283,,,"people diagnosed","output/incidence_historical_asr.csv"
"Incidence (cases)","hodgkin","Hodgkin lymphoma (HL)","Headline","Females",,2016,"Historical",334,,,"people diagnosed","output/incidence_historical_asr.csv"
"Incidence (cases)","hodgkin","Hodgkin lymphoma (HL)","Headline","Females",,2017,"Historical",301,,,"people diagnosed","output/incidence_historical_asr.csv"
"Incidence (cases)","hodgkin","Hodgkin lymphoma (HL)","Headline","Females",,2018,"Historical",281,,,"people diagnosed","output/incidence_historical_asr.csv"
"Incidence (cases)","hodgkin","Hodgkin lymphoma (HL)","Headline","Females",,2019,"Historical",327,,,"people diagnosed","output/incidence_historical_asr.csv"
"Incidence (cases)","hodgkin","Hodgkin lymphoma (HL)","Headline","Females",,2020,"Historical",330,,,"people diagnosed","output/incidence_historical_asr.csv"
"Incidence (cases)","hodgkin","Hodgkin lymphoma (HL)","Headline","Females",,2021,"Historical",362,,,"people diagnosed","output/incidence_historical_asr.csv"
"Incidence (cases)","hodgkin","Hodgkin lymphoma (HL)","Headline","Females",,2022,"Projected",348.28706397957,324.043510823751,372.792007148835,"people diagnosed","output/incidence_projections.csv"
"Incidence (cases)","hodgkin","Hodgkin lymphoma (HL)","Headline","Females",,2023,"Projected",359.12097758157,335.470312698031,383.676074995234,"people diagnosed","output/incidence_projections.csv"
"Incidence (cases)","hodgkin","Hodgkin lymphoma (HL)","Headline","Females",,2024,"Projected",368.711218077704,345.142596817291,393.125544583927,"people diagnosed","output/incidence_projections.csv"
"Incidence (cases)","hodgkin","Hodgkin lymphoma (HL)","Headline","Females",,2025,"Projected",378.192557952944,354.939616534953,402.685693822557,"people diagnosed","output/incidence_projections.csv"
"Incidence (cases)","hodgkin","Hodgkin lymphoma (HL)","Headline","Females",,2026,"Projected",387.271792888962,363.190362164654,412.551341081079,"people diagnosed","output/incidence_projections.csv"
"Incidence (cases)","hodgkin","Hodgkin lymphoma (HL)","Headline","Females",,2027,"Projected",396.115542337804,371.755273193616,421.558268609722,"people diagnosed","output/incidence_projections.csv"
"Incidence (cases)","hodgkin","Hodgkin lymphoma (HL)","Headline","Females",,2028,"Projected",404.500034141162,379.603841883987,430.725648578322,"people diagnosed","output/incidence_projections.csv"
"Incidence (cases)","hodgkin","Hodgkin lymphoma (HL)","Headline","Females",,2029,"Projected",413.073758326381,386.778613578641,439.909020291971,"people diagnosed","output/incidence_projections.csv"
"Incidence (cases)","hodgkin","Hodgkin lymphoma (HL)","Headline","Females",,2030,"Projected",421.294755259823,394.956565410968,449.727531801906,"people diagnosed","output/incidence_projections.csv"
"Incidence (cases)","hodgkin","Hodgkin lymphoma (HL)","Headline","Females",,2031,"Projected",429.488723342692,402.132560009067,460.126230281978,"people diagnosed","output/incidence_projections.csv"
"Incidence (cases)","hodgkin","Hodgkin lymphoma (HL)","Headline","Females",,2032,"Projected",436.914795681329,409.254891546426,468.647732951947,"people diagnosed","output/incidence_projections.csv"
"Incidence (cases)","hodgkin","Hodgkin lymphoma (HL)","Headline","Females",,2033,"Projected",444.393495805644,415.902413183602,476.51968505556,"people diagnosed","output/incidence_projections.csv"
"Incidence (cases)","hodgkin","Hodgkin lymphoma (HL)","Headline","Females",,2034,"Projected",451.710214130202,422.496946266681,484.498195597106,"people diagnosed","output/incidence_projections.csv"
"Incidence (cases)","hodgkin","Hodgkin lymphoma (HL)","Headline","Females",,2035,"Projected",458.844840542726,428.825770359852,492.877184275403,"people diagnosed","output/incidence_projections.csv"
"Incidence (cases)","hodgkin","Hodgkin lymphoma (HL)","Headline","Females",,2036,"Projected",466.198547859875,435.409003240634,501.864168586722,"people diagnosed","output/incidence_projections.csv"
"Incidence (cases)","hodgkin","Hodgkin lymphoma (HL)","Headline","Females",,2037,"Projected",473.447310090611,441.537650957598,510.962677346831,"people diagnosed","output/incidence_projections.csv"
"Incidence (cases)","hodgkin","Hodgkin lymphoma (HL)","Headline","Females",,2038,"Projected",480.526164903172,447.509856008099,519.453866515637,"people diagnosed","output/incidence_projections.csv"
"Incidence (cases)","hodgkin","Hodgkin lymphoma (HL)","Headline","Females",,2039,"Projected",487.388084821025,453.236220507754,528.171928866749,"people diagnosed","output/incidence_projections.csv"
"Incidence (cases)","hodgkin","Hodgkin lymphoma (HL)","Headline","Females",,2040,"Projected",494.088390685582,458.356910888099,536.37734912823,"people diagnosed","output/incidence_projections.csv"
"Incidence (cases)","hodgkin","Hodgkin lymphoma (HL)","Headline","Females",,2041,"Projected",500.72121355216,463.310675701754,545.294022528924,"people diagnosed","output/incidence_projections.csv"
"Incidence (cases)","hodgkin","Hodgkin lymphoma (HL)","Headline","Females",,2042,"Projected",506.338941470533,468.297569613715,551.053213439319,"people diagnosed","output/incidence_projections.csv"
"Incidence (cases)","hodgkin","Hodgkin lymphoma (HL)","Headline","Females",,2043,"Projected",512.095121295162,473.597228690471,557.366402598128,"people diagnosed","output/incidence_projections.csv"
"Incidence (cases)","hodgkin","Hodgkin lymphoma (HL)","Headline","Females",,2044,"Projected",518.10490314488,479.118209187896,564.313524552255,"people diagnosed","output/incidence_projections.csv"
"Incidence (cases)","hodgkin","Hodgkin lymphoma (HL)","Headline","Females",,2045,"Projected",523.927881524598,484.400703467601,571.126890313376,"people diagnosed","output/incidence_projections.csv"
"Incidence (cases)","hodgkin","Hodgkin lymphoma (HL)","Headline","Males",,1982,"Historical",202,,,"people diagnosed","output/incidence_historical_asr.csv"
"Incidence (cases)","hodgkin","Hodgkin lymphoma (HL)","Headline","Males",,1983,"Historical",204,,,"people diagnosed","output/incidence_historical_asr.csv"
"Incidence (cases)","hodgkin","Hodgkin lymphoma (HL)","Headline","Males",,1984,"Historical",185,,,"people diagnosed","output/incidence_historical_asr.csv"
"Incidence (cases)","hodgkin","Hodgkin lymphoma (HL)","Headline","Males",,1985,"Historical",177,,,"people diagnosed","output/incidence_historical_asr.csv"
"Incidence (cases)","hodgkin","Hodgkin lymphoma (HL)","Headline","Males",,1986,"Historical",185,,,"people diagnosed","output/incidence_historical_asr.csv"
"Incidence (cases)","hodgkin","Hodgkin lymphoma (HL)","Headline","Males",,1987,"Historical",182,,,"people diagnosed","output/incidence_historical_asr.csv"
"Incidence (cases)","hodgkin","Hodgkin lymphoma (HL)","Headline","Males",,1988,"Historical",210,,,"people diagnosed","output/incidence_historical_asr.csv"
"Incidence (cases)","hodgkin","Hodgkin lymphoma (HL)","Headline","Males",,1989,"Historical",189,,,"people diagnosed","output/incidence_historical_asr.csv"
"Incidence (cases)","hodgkin","Hodgkin lymphoma (HL)","Headline","Males",,1990,"Historical",217,,,"people diagnosed","output/incidence_historical_asr.csv"
"Incidence (cases)","hodgkin","Hodgkin lymphoma (HL)","Headline","Males",,1991,"Historical",173,,,"people diagnosed","output/incidence_historical_asr.csv"
"Incidence (cases)","hodgkin","Hodgkin lymphoma (HL)","Headline","Males",,1992,"Historical",192,,,"people diagnosed","output/incidence_historical_asr.csv"
"Incidence (cases)","hodgkin","Hodgkin lymphoma (HL)","Headline","Males",,1993,"Historical",195,,,"people diagnosed","output/incidence_historical_asr.csv"
"Incidence (cases)","hodgkin","Hodgkin lymphoma (HL)","Headline","Males",,1994,"Historical",199,,,"people diagnosed","output/incidence_historical_asr.csv"
"Incidence (cases)","hodgkin","Hodgkin lymphoma (HL)","Headline","Males",,1995,"Historical",185,,,"people diagnosed","output/incidence_historical_asr.csv"
"Incidence (cases)","hodgkin","Hodgkin lymphoma (HL)","Headline","Males",,1996,"Historical",225,,,"people diagnosed","output/incidence_historical_asr.csv"
"Incidence (cases)","hodgkin","Hodgkin lymphoma (HL)","Headline","Males",,1997,"Historical",207,,,"people diagnosed","output/incidence_historical_asr.csv"
"Incidence (cases)","hodgkin","Hodgkin lymphoma (HL)","Headline","Males",,1998,"Historical",217,,,"people diagnosed","output/incidence_historical_asr.csv"
"Incidence (cases)","hodgkin","Hodgkin lymphoma (HL)","Headline","Males",,1999,"Historical",238,,,"people diagnosed","output/incidence_historical_asr.csv"
"Incidence (cases)","hodgkin","Hodgkin lymphoma (HL)","Headline","Males",,2000,"Historical",235,,,"people diagnosed","output/incidence_historical_asr.csv"
"Incidence (cases)","hodgkin","Hodgkin lymphoma (HL)","Headline","Males",,2001,"Historical",223,,,"people diagnosed","output/incidence_historical_asr.csv"
"Incidence (cases)","hodgkin","Hodgkin lymphoma (HL)","Headline","Males",,2002,"Historical",266,,,"people diagnosed","output/incidence_historical_asr.csv"
"Incidence (cases)","hodgkin","Hodgkin lymphoma (HL)","Headline","Males",,2003,"Historical",251,,,"people diagnosed","output/incidence_historical_asr.csv"
"Incidence (cases)","hodgkin","Hodgkin lymphoma (HL)","Headline","Males",,2004,"Historical",247,,,"people diagnosed","output/incidence_historical_asr.csv"
"Incidence (cases)","hodgkin","Hodgkin lymphoma (HL)","Headline","Males",,2005,"Historical",284,,,"people diagnosed","output/incidence_historical_asr.csv"
"Incidence (cases)","hodgkin","Hodgkin lymphoma (HL)","Headline","Males",,2006,"Historical",278,,,"people diagnosed","output/incidence_historical_asr.csv"
"Incidence (cases)","hodgkin","Hodgkin lymphoma (HL)","Headline","Males",,2007,"Historical",291,,,"people diagnosed","output/incidence_historical_asr.csv"
"Incidence (cases)","hodgkin","Hodgkin lymphoma (HL)","Headline","Males",,2008,"Historical",305,,,"people diagnosed","output/incidence_historical_asr.csv"
"Incidence (cases)","hodgkin","Hodgkin lymphoma (HL)","Headline","Males",,2009,"Historical",296,,,"people diagnosed","output/incidence_historical_asr.csv"
"Incidence (cases)","hodgkin","Hodgkin lymphoma (HL)","Headline","Males",,2010,"Historical",327,,,"people diagnosed","output/incidence_historical_asr.csv"
"Incidence (cases)","hodgkin","Hodgkin lymphoma (HL)","Headline","Males",,2011,"Historical",340,,,"people diagnosed","output/incidence_historical_asr.csv"
"Incidence (cases)","hodgkin","Hodgkin lymphoma (HL)","Headline","Males",,2012,"Historical",389,,,"people diagnosed","output/incidence_historical_asr.csv"
"Incidence (cases)","hodgkin","Hodgkin lymphoma (HL)","Headline","Males",,2013,"Historical",341,,,"people diagnosed","output/incidence_historical_asr.csv"
"Incidence (cases)","hodgkin","Hodgkin lymphoma (HL)","Headline","Males",,2014,"Historical",353,,,"people diagnosed","output/incidence_historical_asr.csv"
"Incidence (cases)","hodgkin","Hodgkin lymphoma (HL)","Headline","Males",,2015,"Historical",388,,,"people diagnosed","output/incidence_historical_asr.csv"
"Incidence (cases)","hodgkin","Hodgkin lymphoma (HL)","Headline","Males",,2016,"Historical",351,,,"people diagnosed","output/incidence_historical_asr.csv"
"Incidence (cases)","hodgkin","Hodgkin lymphoma (HL)","Headline","Males",,2017,"Historical",404,,,"people diagnosed","output/incidence_historical_asr.csv"
"Incidence (cases)","hodgkin","Hodgkin lymphoma (HL)","Headline","Males",,2018,"Historical",386,,,"people diagnosed","output/incidence_historical_asr.csv"
"Incidence (cases)","hodgkin","Hodgkin lymphoma (HL)","Headline","Males",,2019,"Historical",390,,,"people diagnosed","output/incidence_historical_asr.csv"
"Incidence (cases)","hodgkin","Hodgkin lymphoma (HL)","Headline","Males",,2020,"Historical",436,,,"people diagnosed","output/incidence_historical_asr.csv"
"Incidence (cases)","hodgkin","Hodgkin lymphoma (HL)","Headline","Males",,2021,"Historical",418,,,"people diagnosed","output/incidence_historical_asr.csv"
"Incidence (cases)","hodgkin","Hodgkin lymphoma (HL)","Headline","Males",,2022,"Projected",428.961808746348,402.920720737397,455.776503791966,"people diagnosed","output/incidence_projections.csv"
"Incidence (cases)","hodgkin","Hodgkin lymphoma (HL)","Headline","Males",,2023,"Projected",442.892073571052,416.976231798881,469.136512259965,"people diagnosed","output/incidence_projections.csv"
"Incidence (cases)","hodgkin","Hodgkin lymphoma (HL)","Headline","Males",,2024,"Projected",455.688031022516,429.789065108166,482.005038915138,"people diagnosed","output/incidence_projections.csv"
"Incidence (cases)","hodgkin","Hodgkin lymphoma (HL)","Headline","Males",,2025,"Projected",468.558606709676,442.505320311515,494.993877088788,"people diagnosed","output/incidence_projections.csv"
"Incidence (cases)","hodgkin","Hodgkin lymphoma (HL)","Headline","Males",,2026,"Projected",481.431208368129,455.166875883546,508.60524247027,"people diagnosed","output/incidence_projections.csv"
"Incidence (cases)","hodgkin","Hodgkin lymphoma (HL)","Headline","Males",,2027,"Projected",494.639685073795,467.422199200434,522.19894567142,"people diagnosed","output/incidence_projections.csv"
"Incidence (cases)","hodgkin","Hodgkin lymphoma (HL)","Headline","Males",,2028,"Projected",507.418362877357,479.232075978027,535.881532847541,"people diagnosed","output/incidence_projections.csv"
"Incidence (cases)","hodgkin","Hodgkin lymphoma (HL)","Headline","Males",,2029,"Projected",520.389513005611,491.257440385414,549.257840587353,"people diagnosed","output/incidence_projections.csv"
"Incidence (cases)","hodgkin","Hodgkin lymphoma (HL)","Headline","Males",,2030,"Projected",532.661526216694,503.0131090708,563.050053780641,"people diagnosed","output/incidence_projections.csv"
"Incidence (cases)","hodgkin","Hodgkin lymphoma (HL)","Headline","Males",,2031,"Projected",545.129272063945,513.721825146795,577.98500920755,"people diagnosed","output/incidence_projections.csv"
"Incidence (cases)","hodgkin","Hodgkin lymphoma (HL)","Headline","Males",,2032,"Projected",556.216594350284,523.352065071369,590.124763085518,"people diagnosed","output/incidence_projections.csv"
"Incidence (cases)","hodgkin","Hodgkin lymphoma (HL)","Headline","Males",,2033,"Projected",567.497326087958,533.928576569123,602.186046525608,"people diagnosed","output/incidence_projections.csv"
"Incidence (cases)","hodgkin","Hodgkin lymphoma (HL)","Headline","Males",,2034,"Projected",578.811346174709,545.100103118037,614.500954108279,"people diagnosed","output/incidence_projections.csv"
"Incidence (cases)","hodgkin","Hodgkin lymphoma (HL)","Headline","Males",,2035,"Projected",590.040964234546,555.343413801051,626.86459345764,"people diagnosed","output/incidence_projections.csv"
"Incidence (cases)","hodgkin","Hodgkin lymphoma (HL)","Headline","Males",,2036,"Projected",601.384668686938,565.202580307706,639.618721466357,"people diagnosed","output/incidence_projections.csv"
"Incidence (cases)","hodgkin","Hodgkin lymphoma (HL)","Headline","Males",,2037,"Projected",613.191697954656,575.69999659475,652.602910208649,"people diagnosed","output/incidence_projections.csv"
"Incidence (cases)","hodgkin","Hodgkin lymphoma (HL)","Headline","Males",,2038,"Projected",624.934105278791,585.808948921502,666.135605959468,"people diagnosed","output/incidence_projections.csv"
"Incidence (cases)","hodgkin","Hodgkin lymphoma (HL)","Headline","Males",,2039,"Projected",636.559355886605,595.911891391003,679.595281301806,"people diagnosed","output/incidence_projections.csv"
"Incidence (cases)","hodgkin","Hodgkin lymphoma (HL)","Headline","Males",,2040,"Projected",647.826254933074,605.242904399388,692.739189667546,"people diagnosed","output/incidence_projections.csv"
"Incidence (cases)","hodgkin","Hodgkin lymphoma (HL)","Headline","Males",,2041,"Projected",658.953347718546,614.572448151651,705.977577927585,"people diagnosed","output/incidence_projections.csv"
"Incidence (cases)","hodgkin","Hodgkin lymphoma (HL)","Headline","Males",,2042,"Projected",667.894718701841,623.166196243596,715.600637967067,"people diagnosed","output/incidence_projections.csv"
"Incidence (cases)","hodgkin","Hodgkin lymphoma (HL)","Headline","Males",,2043,"Projected",676.899519098245,631.363311398861,725.236909840089,"people diagnosed","output/incidence_projections.csv"
"Incidence (cases)","hodgkin","Hodgkin lymphoma (HL)","Headline","Males",,2044,"Projected",686.197444810187,639.631016903742,735.308477743752,"people diagnosed","output/incidence_projections.csv"
"Incidence (cases)","hodgkin","Hodgkin lymphoma (HL)","Headline","Males",,2045,"Projected",695.6152619189,647.759581999649,745.676300821718,"people diagnosed","output/incidence_projections.csv"
"Incidence (cases)","nhl","Non-Hodgkin lymphoma (NHL)","Headline","Females",,1982,"Historical",687,,,"people diagnosed","output/incidence_historical_asr.csv"
"Incidence (cases)","nhl","Non-Hodgkin lymphoma (NHL)","Headline","Females",,1983,"Historical",691,,,"people diagnosed","output/incidence_historical_asr.csv"
"Incidence (cases)","nhl","Non-Hodgkin lymphoma (NHL)","Headline","Females",,1984,"Historical",741,,,"people diagnosed","output/incidence_historical_asr.csv"
"Incidence (cases)","nhl","Non-Hodgkin lymphoma (NHL)","Headline","Females",,1985,"Historical",761,,,"people diagnosed","output/incidence_historical_asr.csv"
"Incidence (cases)","nhl","Non-Hodgkin lymphoma (NHL)","Headline","Females",,1986,"Historical",785,,,"people diagnosed","output/incidence_historical_asr.csv"
"Incidence (cases)","nhl","Non-Hodgkin lymphoma (NHL)","Headline","Females",,1987,"Historical",903,,,"people diagnosed","output/incidence_historical_asr.csv"
"Incidence (cases)","nhl","Non-Hodgkin lymphoma (NHL)","Headline","Females",,1988,"Historical",888,,,"people diagnosed","output/incidence_historical_asr.csv"
"Incidence (cases)","nhl","Non-Hodgkin lymphoma (NHL)","Headline","Females",,1989,"Historical",964,,,"people diagnosed","output/incidence_historical_asr.csv"
"Incidence (cases)","nhl","Non-Hodgkin lymphoma (NHL)","Headline","Females",,1990,"Historical",979,,,"people diagnosed","output/incidence_historical_asr.csv"
"Incidence (cases)","nhl","Non-Hodgkin lymphoma (NHL)","Headline","Females",,1991,"Historical",1089,,,"people diagnosed","output/incidence_historical_asr.csv"
"Incidence (cases)","nhl","Non-Hodgkin lymphoma (NHL)","Headline","Females",,1992,"Historical",1152,,,"people diagnosed","output/incidence_historical_asr.csv"
"Incidence (cases)","nhl","Non-Hodgkin lymphoma (NHL)","Headline","Females",,1993,"Historical",1149,,,"people diagnosed","output/incidence_historical_asr.csv"
"Incidence (cases)","nhl","Non-Hodgkin lymphoma (NHL)","Headline","Females",,1994,"Historical",1238,,,"people diagnosed","output/incidence_historical_asr.csv"
"Incidence (cases)","nhl","Non-Hodgkin lymphoma (NHL)","Headline","Females",,1995,"Historical",1336,,,"people diagnosed","output/incidence_historical_asr.csv"
"Incidence (cases)","nhl","Non-Hodgkin lymphoma (NHL)","Headline","Females",,1996,"Historical",1337,,,"people diagnosed","output/incidence_historical_asr.csv"
"Incidence (cases)","nhl","Non-Hodgkin lymphoma (NHL)","Headline","Females",,1997,"Historical",1389,,,"people diagnosed","output/incidence_historical_asr.csv"
"Incidence (cases)","nhl","Non-Hodgkin lymphoma (NHL)","Headline","Females",,1998,"Historical",1387,,,"people diagnosed","output/incidence_historical_asr.csv"
"Incidence (cases)","nhl","Non-Hodgkin lymphoma (NHL)","Headline","Females",,1999,"Historical",1485,,,"people diagnosed","output/incidence_historical_asr.csv"
"Incidence (cases)","nhl","Non-Hodgkin lymphoma (NHL)","Headline","Females",,2000,"Historical",1557,,,"people diagnosed","output/incidence_historical_asr.csv"
"Incidence (cases)","nhl","Non-Hodgkin lymphoma (NHL)","Headline","Females",,2001,"Historical",1522,,,"people diagnosed","output/incidence_historical_asr.csv"
"Incidence (cases)","nhl","Non-Hodgkin lymphoma (NHL)","Headline","Females",,2002,"Historical",1625,,,"people diagnosed","output/incidence_historical_asr.csv"
"Incidence (cases)","nhl","Non-Hodgkin lymphoma (NHL)","Headline","Females",,2003,"Historical",1588,,,"people diagnosed","output/incidence_historical_asr.csv"
"Incidence (cases)","nhl","Non-Hodgkin lymphoma (NHL)","Headline","Females",,2004,"Historical",1624,,,"people diagnosed","output/incidence_historical_asr.csv"
"Incidence (cases)","nhl","Non-Hodgkin lymphoma (NHL)","Headline","Females",,2005,"Historical",1780,,,"people diagnosed","output/incidence_historical_asr.csv"
"Incidence (cases)","nhl","Non-Hodgkin lymphoma (NHL)","Headline","Females",,2006,"Historical",1681,,,"people diagnosed","output/incidence_historical_asr.csv"
"Incidence (cases)","nhl","Non-Hodgkin lymphoma (NHL)","Headline","Females",,2007,"Historical",1775,,,"people diagnosed","output/incidence_historical_asr.csv"
"Incidence (cases)","nhl","Non-Hodgkin lymphoma (NHL)","Headline","Females",,2008,"Historical",1814,,,"people diagnosed","output/incidence_historical_asr.csv"
"Incidence (cases)","nhl","Non-Hodgkin lymphoma (NHL)","Headline","Females",,2009,"Historical",1868,,,"people diagnosed","output/incidence_historical_asr.csv"
"Incidence (cases)","nhl","Non-Hodgkin lymphoma (NHL)","Headline","Females",,2010,"Historical",1888,,,"people diagnosed","output/incidence_historical_asr.csv"
"Incidence (cases)","nhl","Non-Hodgkin lymphoma (NHL)","Headline","Females",,2011,"Historical",1929,,,"people diagnosed","output/incidence_historical_asr.csv"
"Incidence (cases)","nhl","Non-Hodgkin lymphoma (NHL)","Headline","Females",,2012,"Historical",2051,,,"people diagnosed","output/incidence_historical_asr.csv"
"Incidence (cases)","nhl","Non-Hodgkin lymphoma (NHL)","Headline","Females",,2013,"Historical",2057,,,"people diagnosed","output/incidence_historical_asr.csv"
"Incidence (cases)","nhl","Non-Hodgkin lymphoma (NHL)","Headline","Females",,2014,"Historical",2269,,,"people diagnosed","output/incidence_historical_asr.csv"
"Incidence (cases)","nhl","Non-Hodgkin lymphoma (NHL)","Headline","Females",,2015,"Historical",2209,,,"people diagnosed","output/incidence_historical_asr.csv"
"Incidence (cases)","nhl","Non-Hodgkin lymphoma (NHL)","Headline","Females",,2016,"Historical",2293,,,"people diagnosed","output/incidence_historical_asr.csv"
"Incidence (cases)","nhl","Non-Hodgkin lymphoma (NHL)","Headline","Females",,2017,"Historical",2370,,,"people diagnosed","output/incidence_historical_asr.csv"
"Incidence (cases)","nhl","Non-Hodgkin lymphoma (NHL)","Headline","Females",,2018,"Historical",2397,,,"people diagnosed","output/incidence_historical_asr.csv"
"Incidence (cases)","nhl","Non-Hodgkin lymphoma (NHL)","Headline","Females",,2019,"Historical",2450,,,"people diagnosed","output/incidence_historical_asr.csv"
"Incidence (cases)","nhl","Non-Hodgkin lymphoma (NHL)","Headline","Females",,2020,"Historical",2688,,,"people diagnosed","output/incidence_historical_asr.csv"
"Incidence (cases)","nhl","Non-Hodgkin lymphoma (NHL)","Headline","Females",,2021,"Historical",2590,,,"people diagnosed","output/incidence_historical_asr.csv"
"Incidence (cases)","nhl","Non-Hodgkin lymphoma (NHL)","Headline","Females",,2022,"Projected",2699.41002541879,2631.976820835,2769.26834474935,"people diagnosed","output/incidence_projections.csv"
"Incidence (cases)","nhl","Non-Hodgkin lymphoma (NHL)","Headline","Females",,2023,"Projected",2788.81091440147,2720.50718672969,2857.86339623432,"people diagnosed","output/incidence_projections.csv"
"Incidence (cases)","nhl","Non-Hodgkin lymphoma (NHL)","Headline","Females",,2024,"Projected",2876.34647337448,2807.72288303586,2944.70735110935,"people diagnosed","output/incidence_projections.csv"
"Incidence (cases)","nhl","Non-Hodgkin lymphoma (NHL)","Headline","Females",,2025,"Projected",2964.46668926263,2894.3920539334,3035.34532560986,"people diagnosed","output/incidence_projections.csv"
"Incidence (cases)","nhl","Non-Hodgkin lymphoma (NHL)","Headline","Females",,2026,"Projected",3057.17590327137,2984.85593478066,3129.5705475121,"people diagnosed","output/incidence_projections.csv"
"Incidence (cases)","nhl","Non-Hodgkin lymphoma (NHL)","Headline","Females",,2027,"Projected",3146.64932935217,3071.83946022594,3223.66265624899,"people diagnosed","output/incidence_projections.csv"
"Incidence (cases)","nhl","Non-Hodgkin lymphoma (NHL)","Headline","Females",,2028,"Projected",3234.88439173996,3156.93268368934,3313.82383612195,"people diagnosed","output/incidence_projections.csv"
"Incidence (cases)","nhl","Non-Hodgkin lymphoma (NHL)","Headline","Females",,2029,"Projected",3320.21089222205,3237.50718682841,3402.38075548357,"people diagnosed","output/incidence_projections.csv"
"Incidence (cases)","nhl","Non-Hodgkin lymphoma (NHL)","Headline","Females",,2030,"Projected",3401.67396889705,3316.8431071215,3488.05271882362,"people diagnosed","output/incidence_projections.csv"
"Incidence (cases)","nhl","Non-Hodgkin lymphoma (NHL)","Headline","Females",,2031,"Projected",3480.80970735508,3391.24000157903,3572.93170742332,"people diagnosed","output/incidence_projections.csv"
"Incidence (cases)","nhl","Non-Hodgkin lymphoma (NHL)","Headline","Females",,2032,"Projected",3558.50004860004,3463.06877141578,3656.24403671288,"people diagnosed","output/incidence_projections.csv"
"Incidence (cases)","nhl","Non-Hodgkin lymphoma (NHL)","Headline","Females",,2033,"Projected",3636.0583196434,3534.99312890346,3738.0253688258,"people diagnosed","output/incidence_projections.csv"
"Incidence (cases)","nhl","Non-Hodgkin lymphoma (NHL)","Headline","Females",,2034,"Projected",3713.85259182959,3608.7005607008,3822.12615890989,"people diagnosed","output/incidence_projections.csv"
"Incidence (cases)","nhl","Non-Hodgkin lymphoma (NHL)","Headline","Females",,2035,"Projected",3790.85030811857,3679.99222650464,3905.92118770238,"people diagnosed","output/incidence_projections.csv"
"Incidence (cases)","nhl","Non-Hodgkin lymphoma (NHL)","Headline","Females",,2036,"Projected",3870.63028314489,3754.7903165488,3991.21383194493,"people diagnosed","output/incidence_projections.csv"
"Incidence (cases)","nhl","Non-Hodgkin lymphoma (NHL)","Headline","Females",,2037,"Projected",3946.33128941155,3825.32371249525,4074.47170680907,"people diagnosed","output/incidence_projections.csv"
"Incidence (cases)","nhl","Non-Hodgkin lymphoma (NHL)","Headline","Females",,2038,"Projected",4018.4845959914,3888.73481286267,4155.81233362194,"people diagnosed","output/incidence_projections.csv"
"Incidence (cases)","nhl","Non-Hodgkin lymphoma (NHL)","Headline","Females",,2039,"Projected",4084.87756517415,3949.47741074231,4229.34674997559,"people diagnosed","output/incidence_projections.csv"
"Incidence (cases)","nhl","Non-Hodgkin lymphoma (NHL)","Headline","Females",,2040,"Projected",4146.32450872075,4003.94793605749,4298.84213875571,"people diagnosed","output/incidence_projections.csv"
"Incidence (cases)","nhl","Non-Hodgkin lymphoma (NHL)","Headline","Females",,2041,"Projected",4202.54211973158,4053.00951903506,4364.39214858928,"people diagnosed","output/incidence_projections.csv"
"Incidence (cases)","nhl","Non-Hodgkin lymphoma (NHL)","Headline","Females",,2042,"Projected",4255.31867053048,4098.35618388706,4425.72810975383,"people diagnosed","output/incidence_projections.csv"
"Incidence (cases)","nhl","Non-Hodgkin lymphoma (NHL)","Headline","Females",,2043,"Projected",4306.65048021301,4143.73990235748,4484.3193923586,"people diagnosed","output/incidence_projections.csv"
"Incidence (cases)","nhl","Non-Hodgkin lymphoma (NHL)","Headline","Females",,2044,"Projected",4359.13601812329,4189.68497304614,4543.92496432456,"people diagnosed","output/incidence_projections.csv"
"Incidence (cases)","nhl","Non-Hodgkin lymphoma (NHL)","Headline","Females",,2045,"Projected",4411.2138984648,4233.77344370016,4606.46626821891,"people diagnosed","output/incidence_projections.csv"
"Incidence (cases)","nhl","Non-Hodgkin lymphoma (NHL)","Headline","Males",,1982,"Historical",736,,,"people diagnosed","output/incidence_historical_asr.csv"
"Incidence (cases)","nhl","Non-Hodgkin lymphoma (NHL)","Headline","Males",,1983,"Historical",751,,,"people diagnosed","output/incidence_historical_asr.csv"
"Incidence (cases)","nhl","Non-Hodgkin lymphoma (NHL)","Headline","Males",,1984,"Historical",835,,,"people diagnosed","output/incidence_historical_asr.csv"
"Incidence (cases)","nhl","Non-Hodgkin lymphoma (NHL)","Headline","Males",,1985,"Historical",908,,,"people diagnosed","output/incidence_historical_asr.csv"
"Incidence (cases)","nhl","Non-Hodgkin lymphoma (NHL)","Headline","Males",,1986,"Historical",942,,,"people diagnosed","output/incidence_historical_asr.csv"
"Incidence (cases)","nhl","Non-Hodgkin lymphoma (NHL)","Headline","Males",,1987,"Historical",1075,,,"people diagnosed","output/incidence_historical_asr.csv"
"Incidence (cases)","nhl","Non-Hodgkin lymphoma (NHL)","Headline","Males",,1988,"Historical",1066,,,"people diagnosed","output/incidence_historical_asr.csv"
"Incidence (cases)","nhl","Non-Hodgkin lymphoma (NHL)","Headline","Males",,1989,"Historical",1142,,,"people diagnosed","output/incidence_historical_asr.csv"
"Incidence (cases)","nhl","Non-Hodgkin lymphoma (NHL)","Headline","Males",,1990,"Historical",1260,,,"people diagnosed","output/incidence_historical_asr.csv"
"Incidence (cases)","nhl","Non-Hodgkin lymphoma (NHL)","Headline","Males",,1991,"Historical",1317,,,"people diagnosed","output/incidence_historical_asr.csv"
"Incidence (cases)","nhl","Non-Hodgkin lymphoma (NHL)","Headline","Males",,1992,"Historical",1428,,,"people diagnosed","output/incidence_historical_asr.csv"
"Incidence (cases)","nhl","Non-Hodgkin lymphoma (NHL)","Headline","Males",,1993,"Historical",1478,,,"people diagnosed","output/incidence_historical_asr.csv"
"Incidence (cases)","nhl","Non-Hodgkin lymphoma (NHL)","Headline","Males",,1994,"Historical",1445,,,"people diagnosed","output/incidence_historical_asr.csv"
"Incidence (cases)","nhl","Non-Hodgkin lymphoma (NHL)","Headline","Males",,1995,"Historical",1468,,,"people diagnosed","output/incidence_historical_asr.csv"
"Incidence (cases)","nhl","Non-Hodgkin lymphoma (NHL)","Headline","Males",,1996,"Historical",1623,,,"people diagnosed","output/incidence_historical_asr.csv"
"Incidence (cases)","nhl","Non-Hodgkin lymphoma (NHL)","Headline","Males",,1997,"Historical",1632,,,"people diagnosed","output/incidence_historical_asr.csv"
"Incidence (cases)","nhl","Non-Hodgkin lymphoma (NHL)","Headline","Males",,1998,"Historical",1631,,,"people diagnosed","output/incidence_historical_asr.csv"
"Incidence (cases)","nhl","Non-Hodgkin lymphoma (NHL)","Headline","Males",,1999,"Historical",1697,,,"people diagnosed","output/incidence_historical_asr.csv"
"Incidence (cases)","nhl","Non-Hodgkin lymphoma (NHL)","Headline","Males",,2000,"Historical",1811,,,"people diagnosed","output/incidence_historical_asr.csv"
"Incidence (cases)","nhl","Non-Hodgkin lymphoma (NHL)","Headline","Males",,2001,"Historical",1860,,,"people diagnosed","output/incidence_historical_asr.csv"
"Incidence (cases)","nhl","Non-Hodgkin lymphoma (NHL)","Headline","Males",,2002,"Historical",1950,,,"people diagnosed","output/incidence_historical_asr.csv"
"Incidence (cases)","nhl","Non-Hodgkin lymphoma (NHL)","Headline","Males",,2003,"Historical",2027,,,"people diagnosed","output/incidence_historical_asr.csv"
"Incidence (cases)","nhl","Non-Hodgkin lymphoma (NHL)","Headline","Males",,2004,"Historical",2082,,,"people diagnosed","output/incidence_historical_asr.csv"
"Incidence (cases)","nhl","Non-Hodgkin lymphoma (NHL)","Headline","Males",,2005,"Historical",2069,,,"people diagnosed","output/incidence_historical_asr.csv"
"Incidence (cases)","nhl","Non-Hodgkin lymphoma (NHL)","Headline","Males",,2006,"Historical",2151,,,"people diagnosed","output/incidence_historical_asr.csv"
"Incidence (cases)","nhl","Non-Hodgkin lymphoma (NHL)","Headline","Males",,2007,"Historical",2177,,,"people diagnosed","output/incidence_historical_asr.csv"
"Incidence (cases)","nhl","Non-Hodgkin lymphoma (NHL)","Headline","Males",,2008,"Historical",2231,,,"people diagnosed","output/incidence_historical_asr.csv"
"Incidence (cases)","nhl","Non-Hodgkin lymphoma (NHL)","Headline","Males",,2009,"Historical",2383,,,"people diagnosed","output/incidence_historical_asr.csv"
"Incidence (cases)","nhl","Non-Hodgkin lymphoma (NHL)","Headline","Males",,2010,"Historical",2478,,,"people diagnosed","output/incidence_historical_asr.csv"
"Incidence (cases)","nhl","Non-Hodgkin lymphoma (NHL)","Headline","Males",,2011,"Historical",2608,,,"people diagnosed","output/incidence_historical_asr.csv"
"Incidence (cases)","nhl","Non-Hodgkin lymphoma (NHL)","Headline","Males",,2012,"Historical",2750,,,"people diagnosed","output/incidence_historical_asr.csv"
"Incidence (cases)","nhl","Non-Hodgkin lymphoma (NHL)","Headline","Males",,2013,"Historical",2779,,,"people diagnosed","output/incidence_historical_asr.csv"
"Incidence (cases)","nhl","Non-Hodgkin lymphoma (NHL)","Headline","Males",,2014,"Historical",2872,,,"people diagnosed","output/incidence_historical_asr.csv"
"Incidence (cases)","nhl","Non-Hodgkin lymphoma (NHL)","Headline","Males",,2015,"Historical",2879,,,"people diagnosed","output/incidence_historical_asr.csv"
"Incidence (cases)","nhl","Non-Hodgkin lymphoma (NHL)","Headline","Males",,2016,"Historical",3044,,,"people diagnosed","output/incidence_historical_asr.csv"
"Incidence (cases)","nhl","Non-Hodgkin lymphoma (NHL)","Headline","Males",,2017,"Historical",3251,,,"people diagnosed","output/incidence_historical_asr.csv"
"Incidence (cases)","nhl","Non-Hodgkin lymphoma (NHL)","Headline","Males",,2018,"Historical",3267,,,"people diagnosed","output/incidence_historical_asr.csv"
"Incidence (cases)","nhl","Non-Hodgkin lymphoma (NHL)","Headline","Males",,2019,"Historical",3366,,,"people diagnosed","output/incidence_historical_asr.csv"
"Incidence (cases)","nhl","Non-Hodgkin lymphoma (NHL)","Headline","Males",,2020,"Historical",3528,,,"people diagnosed","output/incidence_historical_asr.csv"
"Incidence (cases)","nhl","Non-Hodgkin lymphoma (NHL)","Headline","Males",,2021,"Historical",3365,,,"people diagnosed","output/incidence_historical_asr.csv"
"Incidence (cases)","nhl","Non-Hodgkin lymphoma (NHL)","Headline","Males",,2022,"Projected",3583.67715701397,3506.7033407454,3663.05912801436,"people diagnosed","output/incidence_projections.csv"
"Incidence (cases)","nhl","Non-Hodgkin lymphoma (NHL)","Headline","Males",,2023,"Projected",3705.10587980225,3629.76371111072,3784.04295161228,"people diagnosed","output/incidence_projections.csv"
"Incidence (cases)","nhl","Non-Hodgkin lymphoma (NHL)","Headline","Males",,2024,"Projected",3821.63382844703,3748.29621339197,3901.48792309067,"people diagnosed","output/incidence_projections.csv"
"Incidence (cases)","nhl","Non-Hodgkin lymphoma (NHL)","Headline","Males",,2025,"Projected",3939.89535298779,3865.07555068731,4020.18605798318,"people diagnosed","output/incidence_projections.csv"
"Incidence (cases)","nhl","Non-Hodgkin lymphoma (NHL)","Headline","Males",,2026,"Projected",4062.78772086417,3985.38063756028,4144.55595933006,"people diagnosed","output/incidence_projections.csv"
"Incidence (cases)","nhl","Non-Hodgkin lymphoma (NHL)","Headline","Males",,2027,"Projected",4182.24333475005,4104.06981005998,4266.59914609394,"people diagnosed","output/incidence_projections.csv"
"Incidence (cases)","nhl","Non-Hodgkin lymphoma (NHL)","Headline","Males",,2028,"Projected",4298.70008131428,4215.48300729058,4387.97391522433,"people diagnosed","output/incidence_projections.csv"
"Incidence (cases)","nhl","Non-Hodgkin lymphoma (NHL)","Headline","Males",,2029,"Projected",4409.42497069301,4323.43488002635,4500.08333146416,"people diagnosed","output/incidence_projections.csv"
"Incidence (cases)","nhl","Non-Hodgkin lymphoma (NHL)","Headline","Males",,2030,"Projected",4513.23198479604,4426.63792729971,4608.46220991808,"people diagnosed","output/incidence_projections.csv"
"Incidence (cases)","nhl","Non-Hodgkin lymphoma (NHL)","Headline","Males",,2031,"Projected",4612.75350532991,4521.49705728493,4712.28814441268,"people diagnosed","output/incidence_projections.csv"
"Incidence (cases)","nhl","Non-Hodgkin lymphoma (NHL)","Headline","Males",,2032,"Projected",4713.3531247452,4614.7788296176,4817.53223552928,"people diagnosed","output/incidence_projections.csv"
"Incidence (cases)","nhl","Non-Hodgkin lymphoma (NHL)","Headline","Males",,2033,"Projected",4808.55644660091,4707.15249749549,4920.207796891,"people diagnosed","output/incidence_projections.csv"
"Incidence (cases)","nhl","Non-Hodgkin lymphoma (NHL)","Headline","Males",,2034,"Projected",4903.29411699517,4793.81803530129,5020.59584735076,"people diagnosed","output/incidence_projections.csv"
"Incidence (cases)","nhl","Non-Hodgkin lymphoma (NHL)","Headline","Males",,2035,"Projected",4993.78324756666,4878.78138731095,5118.10276644945,"people diagnosed","output/incidence_projections.csv"
"Incidence (cases)","nhl","Non-Hodgkin lymphoma (NHL)","Headline","Males",,2036,"Projected",5088.78608447511,4968.99296961663,5219.67804611176,"people diagnosed","output/incidence_projections.csv"
"Incidence (cases)","nhl","Non-Hodgkin lymphoma (NHL)","Headline","Males",,2037,"Projected",5176.85238290408,5051.45957246176,5315.30099356676,"people diagnosed","output/incidence_projections.csv"
"Incidence (cases)","nhl","Non-Hodgkin lymphoma (NHL)","Headline","Males",,2038,"Projected",5258.56956440957,5129.15571548051,5406.04361711492,"people diagnosed","output/incidence_projections.csv"
"Incidence (cases)","nhl","Non-Hodgkin lymphoma (NHL)","Headline","Males",,2039,"Projected",5331.11359221678,5197.48341933298,5485.33728358,"people diagnosed","output/incidence_projections.csv"
"Incidence (cases)","nhl","Non-Hodgkin lymphoma (NHL)","Headline","Males",,2040,"Projected",5395.46147696209,5254.19459880921,5556.87024670474,"people diagnosed","output/incidence_projections.csv"
"Incidence (cases)","nhl","Non-Hodgkin lymphoma (NHL)","Headline","Males",,2041,"Projected",5452.60615122988,5305.25581338475,5623.15743357694,"people diagnosed","output/incidence_projections.csv"
"Incidence (cases)","nhl","Non-Hodgkin lymphoma (NHL)","Headline","Males",,2042,"Projected",5505.68002377592,5353.52831006913,5685.50825242594,"people diagnosed","output/incidence_projections.csv"
"Incidence (cases)","nhl","Non-Hodgkin lymphoma (NHL)","Headline","Males",,2043,"Projected",5555.48996225305,5395.7980938786,5741.2975601618,"people diagnosed","output/incidence_projections.csv"
"Incidence (cases)","nhl","Non-Hodgkin lymphoma (NHL)","Headline","Males",,2044,"Projected",5605.59481827578,5438.20764036923,5800.77060865102,"people diagnosed","output/incidence_projections.csv"
"Incidence (cases)","nhl","Non-Hodgkin lymphoma (NHL)","Headline","Males",,2045,"Projected",5654.50196091925,5479.23153480537,5859.53004939001,"people diagnosed","output/incidence_projections.csv"
"Incidence (cases)","dlbcl","Diffuse large B-cell lymphoma (DLBCL)","NHL subtype","Females",,2003,"Historical",552,,,"people diagnosed","output/incidence_historical_asr.csv"
"Incidence (cases)","dlbcl","Diffuse large B-cell lymphoma (DLBCL)","NHL subtype","Females",,2004,"Historical",564,,,"people diagnosed","output/incidence_historical_asr.csv"
"Incidence (cases)","dlbcl","Diffuse large B-cell lymphoma (DLBCL)","NHL subtype","Females",,2005,"Historical",718,,,"people diagnosed","output/incidence_historical_asr.csv"
"Incidence (cases)","dlbcl","Diffuse large B-cell lymphoma (DLBCL)","NHL subtype","Females",,2006,"Historical",646,,,"people diagnosed","output/incidence_historical_asr.csv"
"Incidence (cases)","dlbcl","Diffuse large B-cell lymphoma (DLBCL)","NHL subtype","Females",,2007,"Historical",626,,,"people diagnosed","output/incidence_historical_asr.csv"
"Incidence (cases)","dlbcl","Diffuse large B-cell lymphoma (DLBCL)","NHL subtype","Females",,2008,"Historical",653,,,"people diagnosed","output/incidence_historical_asr.csv"
"Incidence (cases)","dlbcl","Diffuse large B-cell lymphoma (DLBCL)","NHL subtype","Females",,2009,"Historical",714,,,"people diagnosed","output/incidence_historical_asr.csv"
"Incidence (cases)","dlbcl","Diffuse large B-cell lymphoma (DLBCL)","NHL subtype","Females",,2010,"Historical",691,,,"people diagnosed","output/incidence_historical_asr.csv"
"Incidence (cases)","dlbcl","Diffuse large B-cell lymphoma (DLBCL)","NHL subtype","Females",,2011,"Historical",729,,,"people diagnosed","output/incidence_historical_asr.csv"
"Incidence (cases)","dlbcl","Diffuse large B-cell lymphoma (DLBCL)","NHL subtype","Females",,2012,"Historical",743,,,"people diagnosed","output/incidence_historical_asr.csv"
"Incidence (cases)","dlbcl","Diffuse large B-cell lymphoma (DLBCL)","NHL subtype","Females",,2013,"Historical",732,,,"people diagnosed","output/incidence_historical_asr.csv"
"Incidence (cases)","dlbcl","Diffuse large B-cell lymphoma (DLBCL)","NHL subtype","Females",,2014,"Historical",806,,,"people diagnosed","output/incidence_historical_asr.csv"
"Incidence (cases)","dlbcl","Diffuse large B-cell lymphoma (DLBCL)","NHL subtype","Females",,2015,"Historical",778,,,"people diagnosed","output/incidence_historical_asr.csv"
"Incidence (cases)","dlbcl","Diffuse large B-cell lymphoma (DLBCL)","NHL subtype","Females",,2016,"Historical",783,,,"people diagnosed","output/incidence_historical_asr.csv"
"Incidence (cases)","dlbcl","Diffuse large B-cell lymphoma (DLBCL)","NHL subtype","Females",,2017,"Historical",807,,,"people diagnosed","output/incidence_historical_asr.csv"
"Incidence (cases)","dlbcl","Diffuse large B-cell lymphoma (DLBCL)","NHL subtype","Females",,2018,"Historical",799,,,"people diagnosed","output/incidence_historical_asr.csv"
"Incidence (cases)","dlbcl","Diffuse large B-cell lymphoma (DLBCL)","NHL subtype","Females",,2019,"Historical",885,,,"people diagnosed","output/incidence_historical_asr.csv"
"Incidence (cases)","dlbcl","Diffuse large B-cell lymphoma (DLBCL)","NHL subtype","Females",,2020,"Historical",902,,,"people diagnosed","output/incidence_historical_asr.csv"
"Incidence (cases)","dlbcl","Diffuse large B-cell lymphoma (DLBCL)","NHL subtype","Females",,2021,"Historical",944,,,"people diagnosed","output/incidence_historical_asr.csv"
"Incidence (cases)","dlbcl","Diffuse large B-cell lymphoma (DLBCL)","NHL subtype","Females",,2022,"Projected",958.704338375803,914.584960210223,1006.82920236108,"people diagnosed","output/incidence_projections.csv"
"Incidence (cases)","dlbcl","Diffuse large B-cell lymphoma (DLBCL)","NHL subtype","Females",,2023,"Projected",981.085863137261,936.354484482025,1030.30303399937,"people diagnosed","output/incidence_projections.csv"
"Incidence (cases)","dlbcl","Diffuse large B-cell lymphoma (DLBCL)","NHL subtype","Females",,2024,"Projected",1002.79593340007,956.587489675942,1054.89297422415,"people diagnosed","output/incidence_projections.csv"
"Incidence (cases)","dlbcl","Diffuse large B-cell lymphoma (DLBCL)","NHL subtype","Females",,2025,"Projected",1024.25487861636,976.786859825068,1078.89326906197,"people diagnosed","output/incidence_projections.csv"
"Incidence (cases)","dlbcl","Diffuse large B-cell lymphoma (DLBCL)","NHL subtype","Females",,2026,"Projected",1046.6237782617,996.761883119018,1102.41208457524,"people diagnosed","output/incidence_projections.csv"
"Incidence (cases)","dlbcl","Diffuse large B-cell lymphoma (DLBCL)","NHL subtype","Females",,2027,"Projected",1068.25915405084,1015.17915190799,1126.2978784402,"people diagnosed","output/incidence_projections.csv"
"Incidence (cases)","dlbcl","Diffuse large B-cell lymphoma (DLBCL)","NHL subtype","Females",,2028,"Projected",1088.69335781189,1032.63763658579,1149.31538029296,"people diagnosed","output/incidence_projections.csv"
"Incidence (cases)","dlbcl","Diffuse large B-cell lymphoma (DLBCL)","NHL subtype","Females",,2029,"Projected",1108.23449637945,1049.119955061,1174.62225073499,"people diagnosed","output/incidence_projections.csv"
"Incidence (cases)","dlbcl","Diffuse large B-cell lymphoma (DLBCL)","NHL subtype","Females",,2030,"Projected",1127.19226113563,1063.184571193,1198.94110400412,"people diagnosed","output/incidence_projections.csv"
"Incidence (cases)","dlbcl","Diffuse large B-cell lymphoma (DLBCL)","NHL subtype","Females",,2031,"Projected",1145.4658535399,1077.38676639534,1221.36677593413,"people diagnosed","output/incidence_projections.csv"
"Incidence (cases)","dlbcl","Diffuse large B-cell lymphoma (DLBCL)","NHL subtype","Females",,2032,"Projected",1165.28292283378,1092.5854479524,1246.80415575035,"people diagnosed","output/incidence_projections.csv"
"Incidence (cases)","dlbcl","Diffuse large B-cell lymphoma (DLBCL)","NHL subtype","Females",,2033,"Projected",1183.6277297748,1107.45431989595,1270.4324211985,"people diagnosed","output/incidence_projections.csv"
"Incidence (cases)","dlbcl","Diffuse large B-cell lymphoma (DLBCL)","NHL subtype","Females",,2034,"Projected",1203.54886360145,1122.12675803633,1294.02047854154,"people diagnosed","output/incidence_projections.csv"
"Incidence (cases)","dlbcl","Diffuse large B-cell lymphoma (DLBCL)","NHL subtype","Females",,2035,"Projected",1222.77146835526,1136.30124520407,1319.47431971225,"people diagnosed","output/incidence_projections.csv"
"Incidence (cases)","dlbcl","Diffuse large B-cell lymphoma (DLBCL)","NHL subtype","Females",,2036,"Projected",1242.99737062447,1150.52154817171,1346.79222124807,"people diagnosed","output/incidence_projections.csv"
"Incidence (cases)","dlbcl","Diffuse large B-cell lymphoma (DLBCL)","NHL subtype","Females",,2037,"Projected",1262.32211299939,1162.91216660997,1373.59286111787,"people diagnosed","output/incidence_projections.csv"
"Incidence (cases)","dlbcl","Diffuse large B-cell lymphoma (DLBCL)","NHL subtype","Females",,2038,"Projected",1280.43678237524,1176.48812940561,1399.7971275722,"people diagnosed","output/incidence_projections.csv"
"Incidence (cases)","dlbcl","Diffuse large B-cell lymphoma (DLBCL)","NHL subtype","Females",,2039,"Projected",1297.98782973644,1187.47618037963,1424.8547976301,"people diagnosed","output/incidence_projections.csv"
"Incidence (cases)","dlbcl","Diffuse large B-cell lymphoma (DLBCL)","NHL subtype","Females",,2040,"Projected",1314.05521865923,1197.65003068171,1450.24555686934,"people diagnosed","output/incidence_projections.csv"
"Incidence (cases)","dlbcl","Diffuse large B-cell lymphoma (DLBCL)","NHL subtype","Females",,2041,"Projected",1329.1389319821,1207.1678032295,1475.1927963977,"people diagnosed","output/incidence_projections.csv"
"Incidence (cases)","dlbcl","Diffuse large B-cell lymphoma (DLBCL)","NHL subtype","Females",,2042,"Projected",1344.38363399903,1215.50356403857,1497.42267402921,"people diagnosed","output/incidence_projections.csv"
"Incidence (cases)","dlbcl","Diffuse large B-cell lymphoma (DLBCL)","NHL subtype","Females",,2043,"Projected",1358.84721159354,1222.88507135406,1519.80474603568,"people diagnosed","output/incidence_projections.csv"
"Incidence (cases)","dlbcl","Diffuse large B-cell lymphoma (DLBCL)","NHL subtype","Females",,2044,"Projected",1373.99864287232,1230.07437070342,1543.87676170036,"people diagnosed","output/incidence_projections.csv"
"Incidence (cases)","dlbcl","Diffuse large B-cell lymphoma (DLBCL)","NHL subtype","Females",,2045,"Projected",1389.40564166849,1237.704916747,1567.99718064707,"people diagnosed","output/incidence_projections.csv"
"Incidence (cases)","dlbcl","Diffuse large B-cell lymphoma (DLBCL)","NHL subtype","Males",,2003,"Historical",713,,,"people diagnosed","output/incidence_historical_asr.csv"
"Incidence (cases)","dlbcl","Diffuse large B-cell lymphoma (DLBCL)","NHL subtype","Males",,2004,"Historical",737,,,"people diagnosed","output/incidence_historical_asr.csv"
"Incidence (cases)","dlbcl","Diffuse large B-cell lymphoma (DLBCL)","NHL subtype","Males",,2005,"Historical",749,,,"people diagnosed","output/incidence_historical_asr.csv"
"Incidence (cases)","dlbcl","Diffuse large B-cell lymphoma (DLBCL)","NHL subtype","Males",,2006,"Historical",784,,,"people diagnosed","output/incidence_historical_asr.csv"
"Incidence (cases)","dlbcl","Diffuse large B-cell lymphoma (DLBCL)","NHL subtype","Males",,2007,"Historical",810,,,"people diagnosed","output/incidence_historical_asr.csv"
"Incidence (cases)","dlbcl","Diffuse large B-cell lymphoma (DLBCL)","NHL subtype","Males",,2008,"Historical",836,,,"people diagnosed","output/incidence_historical_asr.csv"
"Incidence (cases)","dlbcl","Diffuse large B-cell lymphoma (DLBCL)","NHL subtype","Males",,2009,"Historical",839,,,"people diagnosed","output/incidence_historical_asr.csv"
"Incidence (cases)","dlbcl","Diffuse large B-cell lymphoma (DLBCL)","NHL subtype","Males",,2010,"Historical",872,,,"people diagnosed","output/incidence_historical_asr.csv"
"Incidence (cases)","dlbcl","Diffuse large B-cell lymphoma (DLBCL)","NHL subtype","Males",,2011,"Historical",937,,,"people diagnosed","output/incidence_historical_asr.csv"
"Incidence (cases)","dlbcl","Diffuse large B-cell lymphoma (DLBCL)","NHL subtype","Males",,2012,"Historical",1000,,,"people diagnosed","output/incidence_historical_asr.csv"
"Incidence (cases)","dlbcl","Diffuse large B-cell lymphoma (DLBCL)","NHL subtype","Males",,2013,"Historical",996,,,"people diagnosed","output/incidence_historical_asr.csv"
"Incidence (cases)","dlbcl","Diffuse large B-cell lymphoma (DLBCL)","NHL subtype","Males",,2014,"Historical",992,,,"people diagnosed","output/incidence_historical_asr.csv"
"Incidence (cases)","dlbcl","Diffuse large B-cell lymphoma (DLBCL)","NHL subtype","Males",,2015,"Historical",1008,,,"people diagnosed","output/incidence_historical_asr.csv"
"Incidence (cases)","dlbcl","Diffuse large B-cell lymphoma (DLBCL)","NHL subtype","Males",,2016,"Historical",1067,,,"people diagnosed","output/incidence_historical_asr.csv"
"Incidence (cases)","dlbcl","Diffuse large B-cell lymphoma (DLBCL)","NHL subtype","Males",,2017,"Historical",1071,,,"people diagnosed","output/incidence_historical_asr.csv"
"Incidence (cases)","dlbcl","Diffuse large B-cell lymphoma (DLBCL)","NHL subtype","Males",,2018,"Historical",1157,,,"people diagnosed","output/incidence_historical_asr.csv"
"Incidence (cases)","dlbcl","Diffuse large B-cell lymphoma (DLBCL)","NHL subtype","Males",,2019,"Historical",1146,,,"people diagnosed","output/incidence_historical_asr.csv"
"Incidence (cases)","dlbcl","Diffuse large B-cell lymphoma (DLBCL)","NHL subtype","Males",,2020,"Historical",1225,,,"people diagnosed","output/incidence_historical_asr.csv"
"Incidence (cases)","dlbcl","Diffuse large B-cell lymphoma (DLBCL)","NHL subtype","Males",,2021,"Historical",1202,,,"people diagnosed","output/incidence_historical_asr.csv"
"Incidence (cases)","dlbcl","Diffuse large B-cell lymphoma (DLBCL)","NHL subtype","Males",,2022,"Projected",1259.83452752776,1204.86978883392,1315.0654330652,"people diagnosed","output/incidence_projections.csv"
"Incidence (cases)","dlbcl","Diffuse large B-cell lymphoma (DLBCL)","NHL subtype","Males",,2023,"Projected",1296.4926481805,1240.55958219687,1352.36752726265,"people diagnosed","output/incidence_projections.csv"
"Incidence (cases)","dlbcl","Diffuse large B-cell lymphoma (DLBCL)","NHL subtype","Males",,2024,"Projected",1330.88610500513,1275.08264562992,1389.05232875537,"people diagnosed","output/incidence_projections.csv"
"Incidence (cases)","dlbcl","Diffuse large B-cell lymphoma (DLBCL)","NHL subtype","Males",,2025,"Projected",1365.57932039143,1308.54683218122,1426.87663205147,"people diagnosed","output/incidence_projections.csv"
"Incidence (cases)","dlbcl","Diffuse large B-cell lymphoma (DLBCL)","NHL subtype","Males",,2026,"Projected",1401.60484803275,1341.63709414221,1465.99890795303,"people diagnosed","output/incidence_projections.csv"
"Incidence (cases)","dlbcl","Diffuse large B-cell lymphoma (DLBCL)","NHL subtype","Males",,2027,"Projected",1437.87401356025,1373.22874363631,1503.72605526817,"people diagnosed","output/incidence_projections.csv"
"Incidence (cases)","dlbcl","Diffuse large B-cell lymphoma (DLBCL)","NHL subtype","Males",,2028,"Projected",1472.24340773074,1403.73988954529,1541.78598088286,"people diagnosed","output/incidence_projections.csv"
"Incidence (cases)","dlbcl","Diffuse large B-cell lymphoma (DLBCL)","NHL subtype","Males",,2029,"Projected",1504.87837559613,1433.33701064417,1578.55484894615,"people diagnosed","output/incidence_projections.csv"
"Incidence (cases)","dlbcl","Diffuse large B-cell lymphoma (DLBCL)","NHL subtype","Males",,2030,"Projected",1534.75726899323,1459.1657101621,1612.51553689777,"people diagnosed","output/incidence_projections.csv"
"Incidence (cases)","dlbcl","Diffuse large B-cell lymphoma (DLBCL)","NHL subtype","Males",,2031,"Projected",1562.37751926368,1482.70455021584,1648.89380274568,"people diagnosed","output/incidence_projections.csv"
"Incidence (cases)","dlbcl","Diffuse large B-cell lymphoma (DLBCL)","NHL subtype","Males",,2032,"Projected",1590.63181521211,1506.69889418138,1683.1179043703,"people diagnosed","output/incidence_projections.csv"
"Incidence (cases)","dlbcl","Diffuse large B-cell lymphoma (DLBCL)","NHL subtype","Males",,2033,"Projected",1616.00010168494,1526.09012272969,1715.81608809637,"people diagnosed","output/incidence_projections.csv"
"Incidence (cases)","dlbcl","Diffuse large B-cell lymphoma (DLBCL)","NHL subtype","Males",,2034,"Projected",1639.3321447328,1544.21721231014,1744.81203494741,"people diagnosed","output/incidence_projections.csv"
"Incidence (cases)","dlbcl","Diffuse large B-cell lymphoma (DLBCL)","NHL subtype","Males",,2035,"Projected",1660.55504953272,1562.0411110277,1772.97777384417,"people diagnosed","output/incidence_projections.csv"
"Incidence (cases)","dlbcl","Diffuse large B-cell lymphoma (DLBCL)","NHL subtype","Males",,2036,"Projected",1683.30163092571,1579.69342337132,1804.02441647599,"people diagnosed","output/incidence_projections.csv"
"Incidence (cases)","dlbcl","Diffuse large B-cell lymphoma (DLBCL)","NHL subtype","Males",,2037,"Projected",1705.27025819553,1597.56807587055,1832.94610547809,"people diagnosed","output/incidence_projections.csv"
"Incidence (cases)","dlbcl","Diffuse large B-cell lymphoma (DLBCL)","NHL subtype","Males",,2038,"Projected",1724.40284003114,1613.47761584295,1859.31316106133,"people diagnosed","output/incidence_projections.csv"
"Incidence (cases)","dlbcl","Diffuse large B-cell lymphoma (DLBCL)","NHL subtype","Males",,2039,"Projected",1741.63002696506,1622.49839080344,1882.88575019147,"people diagnosed","output/incidence_projections.csv"
"Incidence (cases)","dlbcl","Diffuse large B-cell lymphoma (DLBCL)","NHL subtype","Males",,2040,"Projected",1756.6350780813,1631.16532744595,1903.3519643462,"people diagnosed","output/incidence_projections.csv"
"Incidence (cases)","dlbcl","Diffuse large B-cell lymphoma (DLBCL)","NHL subtype","Males",,2041,"Projected",1768.44409150998,1638.25948084701,1920.5704290726,"people diagnosed","output/incidence_projections.csv"
"Incidence (cases)","dlbcl","Diffuse large B-cell lymphoma (DLBCL)","NHL subtype","Males",,2042,"Projected",1780.5211402941,1643.94743279813,1938.3885118307,"people diagnosed","output/incidence_projections.csv"
"Incidence (cases)","dlbcl","Diffuse large B-cell lymphoma (DLBCL)","NHL subtype","Males",,2043,"Projected",1789.9766591586,1646.74668742022,1953.53391372138,"people diagnosed","output/incidence_projections.csv"
"Incidence (cases)","dlbcl","Diffuse large B-cell lymphoma (DLBCL)","NHL subtype","Males",,2044,"Projected",1799.39066167762,1651.36607373607,1968.69296510048,"people diagnosed","output/incidence_projections.csv"
"Incidence (cases)","dlbcl","Diffuse large B-cell lymphoma (DLBCL)","NHL subtype","Males",,2045,"Projected",1807.64686704584,1653.20366540877,1984.77631005708,"people diagnosed","output/incidence_projections.csv"
"Incidence (cases)","follicular","Follicular lymphoma (FL)","NHL subtype","Females",,2003,"Historical",403,,,"people diagnosed","output/incidence_historical_asr.csv"
"Incidence (cases)","follicular","Follicular lymphoma (FL)","NHL subtype","Females",,2004,"Historical",428,,,"people diagnosed","output/incidence_historical_asr.csv"
"Incidence (cases)","follicular","Follicular lymphoma (FL)","NHL subtype","Females",,2005,"Historical",435,,,"people diagnosed","output/incidence_historical_asr.csv"
"Incidence (cases)","follicular","Follicular lymphoma (FL)","NHL subtype","Females",,2006,"Historical",425,,,"people diagnosed","output/incidence_historical_asr.csv"
"Incidence (cases)","follicular","Follicular lymphoma (FL)","NHL subtype","Females",,2007,"Historical",468,,,"people diagnosed","output/incidence_historical_asr.csv"
"Incidence (cases)","follicular","Follicular lymphoma (FL)","NHL subtype","Females",,2008,"Historical",476,,,"people diagnosed","output/incidence_historical_asr.csv"
"Incidence (cases)","follicular","Follicular lymphoma (FL)","NHL subtype","Females",,2009,"Historical",505,,,"people diagnosed","output/incidence_historical_asr.csv"
"Incidence (cases)","follicular","Follicular lymphoma (FL)","NHL subtype","Females",,2010,"Historical",494,,,"people diagnosed","output/incidence_historical_asr.csv"
"Incidence (cases)","follicular","Follicular lymphoma (FL)","NHL subtype","Females",,2011,"Historical",434,,,"people diagnosed","output/incidence_historical_asr.csv"
"Incidence (cases)","follicular","Follicular lymphoma (FL)","NHL subtype","Females",,2012,"Historical",508,,,"people diagnosed","output/incidence_historical_asr.csv"
"Incidence (cases)","follicular","Follicular lymphoma (FL)","NHL subtype","Females",,2013,"Historical",513,,,"people diagnosed","output/incidence_historical_asr.csv"
"Incidence (cases)","follicular","Follicular lymphoma (FL)","NHL subtype","Females",,2014,"Historical",547,,,"people diagnosed","output/incidence_historical_asr.csv"
"Incidence (cases)","follicular","Follicular lymphoma (FL)","NHL subtype","Females",,2015,"Historical",514,,,"people diagnosed","output/incidence_historical_asr.csv"
"Incidence (cases)","follicular","Follicular lymphoma (FL)","NHL subtype","Females",,2016,"Historical",563,,,"people diagnosed","output/incidence_historical_asr.csv"
"Incidence (cases)","follicular","Follicular lymphoma (FL)","NHL subtype","Females",,2017,"Historical",625,,,"people diagnosed","output/incidence_historical_asr.csv"
"Incidence (cases)","follicular","Follicular lymphoma (FL)","NHL subtype","Females",,2018,"Historical",572,,,"people diagnosed","output/incidence_historical_asr.csv"
"Incidence (cases)","follicular","Follicular lymphoma (FL)","NHL subtype","Females",,2019,"Historical",576,,,"people diagnosed","output/incidence_historical_asr.csv"
"Incidence (cases)","follicular","Follicular lymphoma (FL)","NHL subtype","Females",,2020,"Historical",689,,,"people diagnosed","output/incidence_historical_asr.csv"
"Incidence (cases)","follicular","Follicular lymphoma (FL)","NHL subtype","Females",,2021,"Historical",600,,,"people diagnosed","output/incidence_historical_asr.csv"
"Incidence (cases)","follicular","Follicular lymphoma (FL)","NHL subtype","Females",,2022,"Projected",635.776527829456,599.804920808612,674.738037966645,"people diagnosed","output/incidence_projections.csv"
"Incidence (cases)","follicular","Follicular lymphoma (FL)","NHL subtype","Females",,2023,"Projected",649.175597798906,613.363614659087,688.327933180182,"people diagnosed","output/incidence_projections.csv"
"Incidence (cases)","follicular","Follicular lymphoma (FL)","NHL subtype","Females",,2024,"Projected",660.828330884485,624.174615210638,701.12497188944,"people diagnosed","output/incidence_projections.csv"
"Incidence (cases)","follicular","Follicular lymphoma (FL)","NHL subtype","Females",,2025,"Projected",672.325021299653,635.216535775728,712.620147787189,"people diagnosed","output/incidence_projections.csv"
"Incidence (cases)","follicular","Follicular lymphoma (FL)","NHL subtype","Females",,2026,"Projected",683.58227616776,644.059606244998,724.48992759341,"people diagnosed","output/incidence_projections.csv"
"Incidence (cases)","follicular","Follicular lymphoma (FL)","NHL subtype","Females",,2027,"Projected",693.07874618747,651.909325632423,735.30383378718,"people diagnosed","output/incidence_projections.csv"
"Incidence (cases)","follicular","Follicular lymphoma (FL)","NHL subtype","Females",,2028,"Projected",701.378567000045,658.32904343085,744.795583032539,"people diagnosed","output/incidence_projections.csv"
"Incidence (cases)","follicular","Follicular lymphoma (FL)","NHL subtype","Females",,2029,"Projected",708.211072247088,661.942236618075,754.251279183383,"people diagnosed","output/incidence_projections.csv"
"Incidence (cases)","follicular","Follicular lymphoma (FL)","NHL subtype","Females",,2030,"Projected",713.423291605548,665.002118505991,761.832882835051,"people diagnosed","output/incidence_projections.csv"
"Incidence (cases)","follicular","Follicular lymphoma (FL)","NHL subtype","Females",,2031,"Projected",716.658145723324,666.263607990537,767.617494737562,"people diagnosed","output/incidence_projections.csv"
"Incidence (cases)","follicular","Follicular lymphoma (FL)","NHL subtype","Females",,2032,"Projected",719.997217421644,668.046426915993,773.03978511869,"people diagnosed","output/incidence_projections.csv"
"Incidence (cases)","follicular","Follicular lymphoma (FL)","NHL subtype","Females",,2033,"Projected",722.564839647089,668.395731271084,777.362258417342,"people diagnosed","output/incidence_projections.csv"
"Incidence (cases)","follicular","Follicular lymphoma (FL)","NHL subtype","Females",,2034,"Projected",724.950716039437,668.764710144752,781.027226004373,"people diagnosed","output/incidence_projections.csv"
"Incidence (cases)","follicular","Follicular lymphoma (FL)","NHL subtype","Females",,2035,"Projected",725.773238876795,667.814299196492,784.145715232504,"people diagnosed","output/incidence_projections.csv"
"Incidence (cases)","follicular","Follicular lymphoma (FL)","NHL subtype","Females",,2036,"Projected",726.446921126562,665.693741994782,787.465255574987,"people diagnosed","output/incidence_projections.csv"
"Incidence (cases)","follicular","Follicular lymphoma (FL)","NHL subtype","Females",,2037,"Projected",724.852770231803,661.781709387724,788.519031731579,"people diagnosed","output/incidence_projections.csv"
"Incidence (cases)","follicular","Follicular lymphoma (FL)","NHL subtype","Females",,2038,"Projected",721.664314359224,656.34889168073,788.275472328255,"people diagnosed","output/incidence_projections.csv"
"Incidence (cases)","follicular","Follicular lymphoma (FL)","NHL subtype","Females",,2039,"Projected",716.94076473479,649.694411338406,786.071797132885,"people diagnosed","output/incidence_projections.csv"
"Incidence (cases)","follicular","Follicular lymphoma (FL)","NHL subtype","Females",,2040,"Projected",711.481334807391,641.666643405592,782.463377770591,"people diagnosed","output/incidence_projections.csv"
"Incidence (cases)","follicular","Follicular lymphoma (FL)","NHL subtype","Females",,2041,"Projected",704.726656628898,632.695563158754,778.054024224512,"people diagnosed","output/incidence_projections.csv"
"Incidence (cases)","follicular","Follicular lymphoma (FL)","NHL subtype","Females",,2042,"Projected",698.896080707299,625.420045486173,774.4734913706,"people diagnosed","output/incidence_projections.csv"
"Incidence (cases)","follicular","Follicular lymphoma (FL)","NHL subtype","Females",,2043,"Projected",692.788945303843,618.016491264317,770.339490378819,"people diagnosed","output/incidence_projections.csv"
"Incidence (cases)","follicular","Follicular lymphoma (FL)","NHL subtype","Females",,2044,"Projected",686.256334665673,610.646628804625,766.088119274793,"people diagnosed","output/incidence_projections.csv"
"Incidence (cases)","follicular","Follicular lymphoma (FL)","NHL subtype","Females",,2045,"Projected",678.881557058404,602.893847657211,761.367645396335,"people diagnosed","output/incidence_projections.csv"
"Incidence (cases)","follicular","Follicular lymphoma (FL)","NHL subtype","Males",,2003,"Historical",448,,,"people diagnosed","output/incidence_historical_asr.csv"
"Incidence (cases)","follicular","Follicular lymphoma (FL)","NHL subtype","Males",,2004,"Historical",453,,,"people diagnosed","output/incidence_historical_asr.csv"
"Incidence (cases)","follicular","Follicular lymphoma (FL)","NHL subtype","Males",,2005,"Historical",490,,,"people diagnosed","output/incidence_historical_asr.csv"
"Incidence (cases)","follicular","Follicular lymphoma (FL)","NHL subtype","Males",,2006,"Historical",523,,,"people diagnosed","output/incidence_historical_asr.csv"
"Incidence (cases)","follicular","Follicular lymphoma (FL)","NHL subtype","Males",,2007,"Historical",486,,,"people diagnosed","output/incidence_historical_asr.csv"
"Incidence (cases)","follicular","Follicular lymphoma (FL)","NHL subtype","Males",,2008,"Historical",477,,,"people diagnosed","output/incidence_historical_asr.csv"
"Incidence (cases)","follicular","Follicular lymphoma (FL)","NHL subtype","Males",,2009,"Historical",559,,,"people diagnosed","output/incidence_historical_asr.csv"
"Incidence (cases)","follicular","Follicular lymphoma (FL)","NHL subtype","Males",,2010,"Historical",573,,,"people diagnosed","output/incidence_historical_asr.csv"
"Incidence (cases)","follicular","Follicular lymphoma (FL)","NHL subtype","Males",,2011,"Historical",577,,,"people diagnosed","output/incidence_historical_asr.csv"
"Incidence (cases)","follicular","Follicular lymphoma (FL)","NHL subtype","Males",,2012,"Historical",601,,,"people diagnosed","output/incidence_historical_asr.csv"
"Incidence (cases)","follicular","Follicular lymphoma (FL)","NHL subtype","Males",,2013,"Historical",563,,,"people diagnosed","output/incidence_historical_asr.csv"
"Incidence (cases)","follicular","Follicular lymphoma (FL)","NHL subtype","Males",,2014,"Historical",611,,,"people diagnosed","output/incidence_historical_asr.csv"
"Incidence (cases)","follicular","Follicular lymphoma (FL)","NHL subtype","Males",,2015,"Historical",624,,,"people diagnosed","output/incidence_historical_asr.csv"
"Incidence (cases)","follicular","Follicular lymphoma (FL)","NHL subtype","Males",,2016,"Historical",652,,,"people diagnosed","output/incidence_historical_asr.csv"
"Incidence (cases)","follicular","Follicular lymphoma (FL)","NHL subtype","Males",,2017,"Historical",725,,,"people diagnosed","output/incidence_historical_asr.csv"
"Incidence (cases)","follicular","Follicular lymphoma (FL)","NHL subtype","Males",,2018,"Historical",710,,,"people diagnosed","output/incidence_historical_asr.csv"
"Incidence (cases)","follicular","Follicular lymphoma (FL)","NHL subtype","Males",,2019,"Historical",756,,,"people diagnosed","output/incidence_historical_asr.csv"
"Incidence (cases)","follicular","Follicular lymphoma (FL)","NHL subtype","Males",,2020,"Historical",829,,,"people diagnosed","output/incidence_historical_asr.csv"
"Incidence (cases)","follicular","Follicular lymphoma (FL)","NHL subtype","Males",,2021,"Historical",756,,,"people diagnosed","output/incidence_historical_asr.csv"
"Incidence (cases)","follicular","Follicular lymphoma (FL)","NHL subtype","Males",,2022,"Projected",811.427803266809,769.455111539594,858.351978375513,"people diagnosed","output/incidence_projections.csv"
"Incidence (cases)","follicular","Follicular lymphoma (FL)","NHL subtype","Males",,2023,"Projected",832.096384097161,789.425077992516,880.018934817259,"people diagnosed","output/incidence_projections.csv"
"Incidence (cases)","follicular","Follicular lymphoma (FL)","NHL subtype","Males",,2024,"Projected",851.95748738896,807.969719128974,899.801632627433,"people diagnosed","output/incidence_projections.csv"
"Incidence (cases)","follicular","Follicular lymphoma (FL)","NHL subtype","Males",,2025,"Projected",870.747043427906,824.793273503956,920.035592395626,"people diagnosed","output/incidence_projections.csv"
"Incidence (cases)","follicular","Follicular lymphoma (FL)","NHL subtype","Males",,2026,"Projected",890.094801873673,842.305344774708,941.201395957134,"people diagnosed","output/incidence_projections.csv"
"Incidence (cases)","follicular","Follicular lymphoma (FL)","NHL subtype","Males",,2027,"Projected",908.009745095151,857.472537721773,961.223779061601,"people diagnosed","output/incidence_projections.csv"
"Incidence (cases)","follicular","Follicular lymphoma (FL)","NHL subtype","Males",,2028,"Projected",924.173414623905,871.542975976947,981.362874547507,"people diagnosed","output/incidence_projections.csv"
"Incidence (cases)","follicular","Follicular lymphoma (FL)","NHL subtype","Males",,2029,"Projected",939.003816119739,883.391942822257,1000.05999447929,"people diagnosed","output/incidence_projections.csv"
"Incidence (cases)","follicular","Follicular lymphoma (FL)","NHL subtype","Males",,2030,"Projected",952.083785733789,893.272601088054,1015.81902743337,"people diagnosed","output/incidence_projections.csv"
"Incidence (cases)","follicular","Follicular lymphoma (FL)","NHL subtype","Males",,2031,"Projected",963.973913516478,902.431025850839,1030.4979134143,"people diagnosed","output/incidence_projections.csv"
"Incidence (cases)","follicular","Follicular lymphoma (FL)","NHL subtype","Males",,2032,"Projected",974.742623129004,910.319329515963,1044.84921387687,"people diagnosed","output/incidence_projections.csv"
"Incidence (cases)","follicular","Follicular lymphoma (FL)","NHL subtype","Males",,2033,"Projected",985.201452860854,917.348671397312,1058.74882505505,"people diagnosed","output/incidence_projections.csv"
"Incidence (cases)","follicular","Follicular lymphoma (FL)","NHL subtype","Males",,2034,"Projected",995.179631854368,923.333119015472,1072.5309213679,"people diagnosed","output/incidence_projections.csv"
"Incidence (cases)","follicular","Follicular lymphoma (FL)","NHL subtype","Males",,2035,"Projected",1003.94699926059,927.624531872029,1084.88676750799,"people diagnosed","output/incidence_projections.csv"
"Incidence (cases)","follicular","Follicular lymphoma (FL)","NHL subtype","Males",,2036,"Projected",1012.04075815289,931.119818274643,1096.34522651594,"people diagnosed","output/incidence_projections.csv"
"Incidence (cases)","follicular","Follicular lymphoma (FL)","NHL subtype","Males",,2037,"Projected",1018.59177152109,934.382273659441,1106.69090646157,"people diagnosed","output/incidence_projections.csv"
"Incidence (cases)","follicular","Follicular lymphoma (FL)","NHL subtype","Males",,2038,"Projected",1022.67063081134,935.543720051868,1116.08843293493,"people diagnosed","output/incidence_projections.csv"
"Incidence (cases)","follicular","Follicular lymphoma (FL)","NHL subtype","Males",,2039,"Projected",1024.68372440236,935.055652966287,1123.25025029438,"people diagnosed","output/incidence_projections.csv"
"Incidence (cases)","follicular","Follicular lymphoma (FL)","NHL subtype","Males",,2040,"Projected",1024.80105486876,932.977115062462,1126.77204203841,"people diagnosed","output/incidence_projections.csv"
"Incidence (cases)","follicular","Follicular lymphoma (FL)","NHL subtype","Males",,2041,"Projected",1023.62815184437,927.136880972132,1130.53917859839,"people diagnosed","output/incidence_projections.csv"
"Incidence (cases)","follicular","Follicular lymphoma (FL)","NHL subtype","Males",,2042,"Projected",1022.47345332226,924.72520358535,1132.7953325601,"people diagnosed","output/incidence_projections.csv"
"Incidence (cases)","follicular","Follicular lymphoma (FL)","NHL subtype","Males",,2043,"Projected",1020.12894698112,920.305631572486,1135.2188551586,"people diagnosed","output/incidence_projections.csv"
"Incidence (cases)","follicular","Follicular lymphoma (FL)","NHL subtype","Males",,2044,"Projected",1017.48852107529,915.664876167582,1136.09722299619,"people diagnosed","output/incidence_projections.csv"
"Incidence (cases)","follicular","Follicular lymphoma (FL)","NHL subtype","Males",,2045,"Projected",1015.15514760236,909.967825151762,1138.84590383175,"people diagnosed","output/incidence_projections.csv"
"Incidence (cases)","mantle_cell","Mantle cell lymphoma (MCL)","NHL subtype","Females",,2003,"Historical",36,,,"people diagnosed","output/incidence_historical_asr.csv"
"Incidence (cases)","mantle_cell","Mantle cell lymphoma (MCL)","NHL subtype","Females",,2004,"Historical",37,,,"people diagnosed","output/incidence_historical_asr.csv"
"Incidence (cases)","mantle_cell","Mantle cell lymphoma (MCL)","NHL subtype","Females",,2005,"Historical",39,,,"people diagnosed","output/incidence_historical_asr.csv"
"Incidence (cases)","mantle_cell","Mantle cell lymphoma (MCL)","NHL subtype","Females",,2006,"Historical",45,,,"people diagnosed","output/incidence_historical_asr.csv"
"Incidence (cases)","mantle_cell","Mantle cell lymphoma (MCL)","NHL subtype","Females",,2007,"Historical",51,,,"people diagnosed","output/incidence_historical_asr.csv"
"Incidence (cases)","mantle_cell","Mantle cell lymphoma (MCL)","NHL subtype","Females",,2008,"Historical",63,,,"people diagnosed","output/incidence_historical_asr.csv"
"Incidence (cases)","mantle_cell","Mantle cell lymphoma (MCL)","NHL subtype","Females",,2009,"Historical",47,,,"people diagnosed","output/incidence_historical_asr.csv"
"Incidence (cases)","mantle_cell","Mantle cell lymphoma (MCL)","NHL subtype","Females",,2010,"Historical",50,,,"people diagnosed","output/incidence_historical_asr.csv"
"Incidence (cases)","mantle_cell","Mantle cell lymphoma (MCL)","NHL subtype","Females",,2011,"Historical",65,,,"people diagnosed","output/incidence_historical_asr.csv"
"Incidence (cases)","mantle_cell","Mantle cell lymphoma (MCL)","NHL subtype","Females",,2012,"Historical",68,,,"people diagnosed","output/incidence_historical_asr.csv"
"Incidence (cases)","mantle_cell","Mantle cell lymphoma (MCL)","NHL subtype","Females",,2013,"Historical",72,,,"people diagnosed","output/incidence_historical_asr.csv"
"Incidence (cases)","mantle_cell","Mantle cell lymphoma (MCL)","NHL subtype","Females",,2014,"Historical",80,,,"people diagnosed","output/incidence_historical_asr.csv"
"Incidence (cases)","mantle_cell","Mantle cell lymphoma (MCL)","NHL subtype","Females",,2015,"Historical",86,,,"people diagnosed","output/incidence_historical_asr.csv"
"Incidence (cases)","mantle_cell","Mantle cell lymphoma (MCL)","NHL subtype","Females",,2016,"Historical",68,,,"people diagnosed","output/incidence_historical_asr.csv"
"Incidence (cases)","mantle_cell","Mantle cell lymphoma (MCL)","NHL subtype","Females",,2017,"Historical",83,,,"people diagnosed","output/incidence_historical_asr.csv"
"Incidence (cases)","mantle_cell","Mantle cell lymphoma (MCL)","NHL subtype","Females",,2018,"Historical",75,,,"people diagnosed","output/incidence_historical_asr.csv"
"Incidence (cases)","mantle_cell","Mantle cell lymphoma (MCL)","NHL subtype","Females",,2019,"Historical",67,,,"people diagnosed","output/incidence_historical_asr.csv"
"Incidence (cases)","mantle_cell","Mantle cell lymphoma (MCL)","NHL subtype","Females",,2020,"Historical",86,,,"people diagnosed","output/incidence_historical_asr.csv"
"Incidence (cases)","mantle_cell","Mantle cell lymphoma (MCL)","NHL subtype","Females",,2021,"Historical",75,,,"people diagnosed","output/incidence_historical_asr.csv"
"Incidence (cases)","mantle_cell","Mantle cell lymphoma (MCL)","NHL subtype","Females",,2022,"Projected",81.7388608154341,68.0962695520045,99.0991960103603,"people diagnosed","output/incidence_projections.csv"
"Incidence (cases)","mantle_cell","Mantle cell lymphoma (MCL)","NHL subtype","Females",,2023,"Projected",86.942441435989,72.6394095493434,104.657032940595,"people diagnosed","output/incidence_projections.csv"
"Incidence (cases)","mantle_cell","Mantle cell lymphoma (MCL)","NHL subtype","Females",,2024,"Projected",92.3442562844314,77.3778136431457,110.889876834739,"people diagnosed","output/incidence_projections.csv"
"Incidence (cases)","mantle_cell","Mantle cell lymphoma (MCL)","NHL subtype","Females",,2025,"Projected",97.8611744915518,81.8201000385246,117.709531828814,"people diagnosed","output/incidence_projections.csv"
"Incidence (cases)","mantle_cell","Mantle cell lymphoma (MCL)","NHL subtype","Females",,2026,"Projected",103.736515812061,86.1498998278234,125.312066485882,"people diagnosed","output/incidence_projections.csv"
"Incidence (cases)","mantle_cell","Mantle cell lymphoma (MCL)","NHL subtype","Females",,2027,"Projected",109.704395907567,91.0419801451299,133.43244539033,"people diagnosed","output/incidence_projections.csv"
"Incidence (cases)","mantle_cell","Mantle cell lymphoma (MCL)","NHL subtype","Females",,2028,"Projected",115.666998496374,95.163421597606,142.212920921356,"people diagnosed","output/incidence_projections.csv"
"Incidence (cases)","mantle_cell","Mantle cell lymphoma (MCL)","NHL subtype","Females",,2029,"Projected",121.59115439487,98.762228261068,151.526372854233,"people diagnosed","output/incidence_projections.csv"
"Incidence (cases)","mantle_cell","Mantle cell lymphoma (MCL)","NHL subtype","Females",,2030,"Projected",127.254278638665,101.984163035037,159.783732350079,"people diagnosed","output/incidence_projections.csv"
"Incidence (cases)","mantle_cell","Mantle cell lymphoma (MCL)","NHL subtype","Females",,2031,"Projected",132.795738669172,104.922334596819,169.064020053249,"people diagnosed","output/incidence_projections.csv"
"Incidence (cases)","mantle_cell","Mantle cell lymphoma (MCL)","NHL subtype","Females",,2032,"Projected",138.111809638886,108.29995061545,177.967521338802,"people diagnosed","output/incidence_projections.csv"
"Incidence (cases)","mantle_cell","Mantle cell lymphoma (MCL)","NHL subtype","Females",,2033,"Projected",142.969323497046,111.322744119978,187.102292663686,"people diagnosed","output/incidence_projections.csv"
"Incidence (cases)","mantle_cell","Mantle cell lymphoma (MCL)","NHL subtype","Females",,2034,"Projected",148.224836109161,114.372235843228,196.861292509186,"people diagnosed","output/incidence_projections.csv"
"Incidence (cases)","mantle_cell","Mantle cell lymphoma (MCL)","NHL subtype","Females",,2035,"Projected",153.345369104263,117.055416663183,207.076873570915,"people diagnosed","output/incidence_projections.csv"
"Incidence (cases)","mantle_cell","Mantle cell lymphoma (MCL)","NHL subtype","Females",,2036,"Projected",159.123462522425,119.772343336671,217.622931926664,"people diagnosed","output/incidence_projections.csv"
"Incidence (cases)","mantle_cell","Mantle cell lymphoma (MCL)","NHL subtype","Females",,2037,"Projected",164.724880849398,122.552215040599,227.853593222259,"people diagnosed","output/incidence_projections.csv"
"Incidence (cases)","mantle_cell","Mantle cell lymphoma (MCL)","NHL subtype","Females",,2038,"Projected",170.608741693472,124.704188506346,237.927213697777,"people diagnosed","output/incidence_projections.csv"
"Incidence (cases)","mantle_cell","Mantle cell lymphoma (MCL)","NHL subtype","Females",,2039,"Projected",175.865708871746,126.737902186489,247.765560992285,"people diagnosed","output/incidence_projections.csv"
"Incidence (cases)","mantle_cell","Mantle cell lymphoma (MCL)","NHL subtype","Females",,2040,"Projected",180.460642166065,128.14390754282,258.835781997725,"people diagnosed","output/incidence_projections.csv"
"Incidence (cases)","mantle_cell","Mantle cell lymphoma (MCL)","NHL subtype","Females",,2041,"Projected",184.667510370951,128.973530414606,270.666897767762,"people diagnosed","output/incidence_projections.csv"
"Incidence (cases)","mantle_cell","Mantle cell lymphoma (MCL)","NHL subtype","Females",,2042,"Projected",188.684299539627,129.307835720592,282.074229792027,"people diagnosed","output/incidence_projections.csv"
"Incidence (cases)","mantle_cell","Mantle cell lymphoma (MCL)","NHL subtype","Females",,2043,"Projected",192.823224409045,130.003479335456,294.248612659633,"people diagnosed","output/incidence_projections.csv"
"Incidence (cases)","mantle_cell","Mantle cell lymphoma (MCL)","NHL subtype","Females",,2044,"Projected",196.858450925255,129.618411327243,304.774088122671,"people diagnosed","output/incidence_projections.csv"
"Incidence (cases)","mantle_cell","Mantle cell lymphoma (MCL)","NHL subtype","Females",,2045,"Projected",200.314253134898,129.819167937433,317.215115963123,"people diagnosed","output/incidence_projections.csv"
"Incidence (cases)","mantle_cell","Mantle cell lymphoma (MCL)","NHL subtype","Males",,2003,"Historical",94,,,"people diagnosed","output/incidence_historical_asr.csv"
"Incidence (cases)","mantle_cell","Mantle cell lymphoma (MCL)","NHL subtype","Males",,2004,"Historical",124,,,"people diagnosed","output/incidence_historical_asr.csv"
"Incidence (cases)","mantle_cell","Mantle cell lymphoma (MCL)","NHL subtype","Males",,2005,"Historical",107,,,"people diagnosed","output/incidence_historical_asr.csv"
"Incidence (cases)","mantle_cell","Mantle cell lymphoma (MCL)","NHL subtype","Males",,2006,"Historical",122,,,"people diagnosed","output/incidence_historical_asr.csv"
"Incidence (cases)","mantle_cell","Mantle cell lymphoma (MCL)","NHL subtype","Males",,2007,"Historical",129,,,"people diagnosed","output/incidence_historical_asr.csv"
"Incidence (cases)","mantle_cell","Mantle cell lymphoma (MCL)","NHL subtype","Males",,2008,"Historical",145,,,"people diagnosed","output/incidence_historical_asr.csv"
"Incidence (cases)","mantle_cell","Mantle cell lymphoma (MCL)","NHL subtype","Males",,2009,"Historical",141,,,"people diagnosed","output/incidence_historical_asr.csv"
"Incidence (cases)","mantle_cell","Mantle cell lymphoma (MCL)","NHL subtype","Males",,2010,"Historical",163,,,"people diagnosed","output/incidence_historical_asr.csv"
"Incidence (cases)","mantle_cell","Mantle cell lymphoma (MCL)","NHL subtype","Males",,2011,"Historical",153,,,"people diagnosed","output/incidence_historical_asr.csv"
"Incidence (cases)","mantle_cell","Mantle cell lymphoma (MCL)","NHL subtype","Males",,2012,"Historical",149,,,"people diagnosed","output/incidence_historical_asr.csv"
"Incidence (cases)","mantle_cell","Mantle cell lymphoma (MCL)","NHL subtype","Males",,2013,"Historical",179,,,"people diagnosed","output/incidence_historical_asr.csv"
"Incidence (cases)","mantle_cell","Mantle cell lymphoma (MCL)","NHL subtype","Males",,2014,"Historical",181,,,"people diagnosed","output/incidence_historical_asr.csv"
"Incidence (cases)","mantle_cell","Mantle cell lymphoma (MCL)","NHL subtype","Males",,2015,"Historical",175,,,"people diagnosed","output/incidence_historical_asr.csv"
"Incidence (cases)","mantle_cell","Mantle cell lymphoma (MCL)","NHL subtype","Males",,2016,"Historical",189,,,"people diagnosed","output/incidence_historical_asr.csv"
"Incidence (cases)","mantle_cell","Mantle cell lymphoma (MCL)","NHL subtype","Males",,2017,"Historical",232,,,"people diagnosed","output/incidence_historical_asr.csv"
"Incidence (cases)","mantle_cell","Mantle cell lymphoma (MCL)","NHL subtype","Males",,2018,"Historical",201,,,"people diagnosed","output/incidence_historical_asr.csv"
"Incidence (cases)","mantle_cell","Mantle cell lymphoma (MCL)","NHL subtype","Males",,2019,"Historical",244,,,"people diagnosed","output/incidence_historical_asr.csv"
"Incidence (cases)","mantle_cell","Mantle cell lymphoma (MCL)","NHL subtype","Males",,2020,"Historical",248,,,"people diagnosed","output/incidence_historical_asr.csv"
"Incidence (cases)","mantle_cell","Mantle cell lymphoma (MCL)","NHL subtype","Males",,2021,"Historical",189,,,"people diagnosed","output/incidence_historical_asr.csv"
"Incidence (cases)","mantle_cell","Mantle cell lymphoma (MCL)","NHL subtype","Males",,2022,"Projected",223.029370417318,201.947424173692,247.929288152464,"people diagnosed","output/incidence_projections.csv"
"Incidence (cases)","mantle_cell","Mantle cell lymphoma (MCL)","NHL subtype","Males",,2023,"Projected",233.356373347638,211.65480484222,259.818041725437,"people diagnosed","output/incidence_projections.csv"
"Incidence (cases)","mantle_cell","Mantle cell lymphoma (MCL)","NHL subtype","Males",,2024,"Projected",243.718835718001,221.164135679558,271.522728260666,"people diagnosed","output/incidence_projections.csv"
"Incidence (cases)","mantle_cell","Mantle cell lymphoma (MCL)","NHL subtype","Males",,2025,"Projected",254.519685338315,230.447692490276,283.207118533992,"people diagnosed","output/incidence_projections.csv"
"Incidence (cases)","mantle_cell","Mantle cell lymphoma (MCL)","NHL subtype","Males",,2026,"Projected",266.535516899166,240.048257343004,297.717767784561,"people diagnosed","output/incidence_projections.csv"
"Incidence (cases)","mantle_cell","Mantle cell lymphoma (MCL)","NHL subtype","Males",,2027,"Projected",278.924477485518,249.582191502655,313.026807683941,"people diagnosed","output/incidence_projections.csv"
"Incidence (cases)","mantle_cell","Mantle cell lymphoma (MCL)","NHL subtype","Males",,2028,"Projected",291.029360349165,258.607346632452,328.067304382544,"people diagnosed","output/incidence_projections.csv"
"Incidence (cases)","mantle_cell","Mantle cell lymphoma (MCL)","NHL subtype","Males",,2029,"Projected",302.664955794056,267.810928435426,342.246722340711,"people diagnosed","output/incidence_projections.csv"
"Incidence (cases)","mantle_cell","Mantle cell lymphoma (MCL)","NHL subtype","Males",,2030,"Projected",313.258096606425,276.502609652243,356.231603225487,"people diagnosed","output/incidence_projections.csv"
"Incidence (cases)","mantle_cell","Mantle cell lymphoma (MCL)","NHL subtype","Males",,2031,"Projected",322.56528374217,283.066122400716,369.841051073888,"people diagnosed","output/incidence_projections.csv"
"Incidence (cases)","mantle_cell","Mantle cell lymphoma (MCL)","NHL subtype","Males",,2032,"Projected",330.931676802306,287.755432603745,381.010332519968,"people diagnosed","output/incidence_projections.csv"
"Incidence (cases)","mantle_cell","Mantle cell lymphoma (MCL)","NHL subtype","Males",,2033,"Projected",338.288046354644,291.414568637367,392.519220017231,"people diagnosed","output/incidence_projections.csv"
"Incidence (cases)","mantle_cell","Mantle cell lymphoma (MCL)","NHL subtype","Males",,2034,"Projected",344.960412066332,295.256961330335,403.406338302718,"people diagnosed","output/incidence_projections.csv"
"Incidence (cases)","mantle_cell","Mantle cell lymphoma (MCL)","NHL subtype","Males",,2035,"Projected",351.67221995382,299.250947536575,414.324626636867,"people diagnosed","output/incidence_projections.csv"
"Incidence (cases)","mantle_cell","Mantle cell lymphoma (MCL)","NHL subtype","Males",,2036,"Projected",358.821256997281,303.108967068147,426.713796876142,"people diagnosed","output/incidence_projections.csv"
"Incidence (cases)","mantle_cell","Mantle cell lymphoma (MCL)","NHL subtype","Males",,2037,"Projected",366.26751660544,307.031417376587,441.040078558284,"people diagnosed","output/incidence_projections.csv"
"Incidence (cases)","mantle_cell","Mantle cell lymphoma (MCL)","NHL subtype","Males",,2038,"Projected",373.765976779829,310.574601594075,454.332462917043,"people diagnosed","output/incidence_projections.csv"
"Incidence (cases)","mantle_cell","Mantle cell lymphoma (MCL)","NHL subtype","Males",,2039,"Projected",380.487501028271,313.622227722956,466.259440286112,"people diagnosed","output/incidence_projections.csv"
"Incidence (cases)","mantle_cell","Mantle cell lymphoma (MCL)","NHL subtype","Males",,2040,"Projected",386.333922113168,316.493920291014,478.97519826613,"people diagnosed","output/incidence_projections.csv"
"Incidence (cases)","mantle_cell","Mantle cell lymphoma (MCL)","NHL subtype","Males",,2041,"Projected",390.872554958003,318.14230374119,491.715231397684,"people diagnosed","output/incidence_projections.csv"
"Incidence (cases)","mantle_cell","Mantle cell lymphoma (MCL)","NHL subtype","Males",,2042,"Projected",394.562692939892,318.501390113322,500.913232669419,"people diagnosed","output/incidence_projections.csv"
"Incidence (cases)","mantle_cell","Mantle cell lymphoma (MCL)","NHL subtype","Males",,2043,"Projected",397.329364208259,318.569288714219,510.013110160811,"people diagnosed","output/incidence_projections.csv"
"Incidence (cases)","mantle_cell","Mantle cell lymphoma (MCL)","NHL subtype","Males",,2044,"Projected",399.641231849414,317.515165333094,519.148383056826,"people diagnosed","output/incidence_projections.csv"
"Incidence (cases)","mantle_cell","Mantle cell lymphoma (MCL)","NHL subtype","Males",,2045,"Projected",401.252883357122,316.354681966436,525.770855587308,"people diagnosed","output/incidence_projections.csv"
"Incidence (age-standardised rate)","total","Total lymphoma","Headline","Persons",,1982,"Historical",13.4787430485132,,,"per 100,000 population","output/incidence_historical_asr.csv"
"Incidence (age-standardised rate)","total","Total lymphoma","Headline","Persons",,1983,"Historical",13.382323498312,,,"per 100,000 population","output/incidence_historical_asr.csv"
"Incidence (age-standardised rate)","total","Total lymphoma","Headline","Persons",,1984,"Historical",14.2219348306203,,,"per 100,000 population","output/incidence_historical_asr.csv"
"Incidence (age-standardised rate)","total","Total lymphoma","Headline","Persons",,1985,"Historical",14.1870602994576,,,"per 100,000 population","output/incidence_historical_asr.csv"
"Incidence (age-standardised rate)","total","Total lymphoma","Headline","Persons",,1986,"Historical",14.6304172992935,,,"per 100,000 population","output/incidence_historical_asr.csv"
"Incidence (age-standardised rate)","total","Total lymphoma","Headline","Persons",,1987,"Historical",16.044666275148,,,"per 100,000 population","output/incidence_historical_asr.csv"
"Incidence (age-standardised rate)","total","Total lymphoma","Headline","Persons",,1988,"Historical",15.4972100946101,,,"per 100,000 population","output/incidence_historical_asr.csv"
"Incidence (age-standardised rate)","total","Total lymphoma","Headline","Persons",,1989,"Historical",16.2963956993143,,,"per 100,000 population","output/incidence_historical_asr.csv"
"Incidence (age-standardised rate)","total","Total lymphoma","Headline","Persons",,1990,"Historical",16.9931290552599,,,"per 100,000 population","output/incidence_historical_asr.csv"
"Incidence (age-standardised rate)","total","Total lymphoma","Headline","Persons",,1991,"Historical",17.3210329479177,,,"per 100,000 population","output/incidence_historical_asr.csv"
"Incidence (age-standardised rate)","total","Total lymphoma","Headline","Persons",,1992,"Historical",18.467293185458,,,"per 100,000 population","output/incidence_historical_asr.csv"
"Incidence (age-standardised rate)","total","Total lymphoma","Headline","Persons",,1993,"Historical",18.3415732009287,,,"per 100,000 population","output/incidence_historical_asr.csv"
"Incidence (age-standardised rate)","total","Total lymphoma","Headline","Persons",,1994,"Historical",18.381953465621,,,"per 100,000 population","output/incidence_historical_asr.csv"
"Incidence (age-standardised rate)","total","Total lymphoma","Headline","Persons",,1995,"Historical",18.5966015172535,,,"per 100,000 population","output/incidence_historical_asr.csv"
"Incidence (age-standardised rate)","total","Total lymphoma","Headline","Persons",,1996,"Historical",19.3793784381054,,,"per 100,000 population","output/incidence_historical_asr.csv"
"Incidence (age-standardised rate)","total","Total lymphoma","Headline","Persons",,1997,"Historical",19.3969464892177,,,"per 100,000 population","output/incidence_historical_asr.csv"
"Incidence (age-standardised rate)","total","Total lymphoma","Headline","Persons",,1998,"Historical",18.920923252769,,,"per 100,000 population","output/incidence_historical_asr.csv"
"Incidence (age-standardised rate)","total","Total lymphoma","Headline","Persons",,1999,"Historical",19.5727848452588,,,"per 100,000 population","output/incidence_historical_asr.csv"
"Incidence (age-standardised rate)","total","Total lymphoma","Headline","Persons",,2000,"Historical",20.1689193579053,,,"per 100,000 population","output/incidence_historical_asr.csv"
"Incidence (age-standardised rate)","total","Total lymphoma","Headline","Persons",,2001,"Historical",19.6734569319649,,,"per 100,000 population","output/incidence_historical_asr.csv"
"Incidence (age-standardised rate)","total","Total lymphoma","Headline","Persons",,2002,"Historical",20.5575994093483,,,"per 100,000 population","output/incidence_historical_asr.csv"
"Incidence (age-standardised rate)","total","Total lymphoma","Headline","Persons",,2003,"Historical",20.1515341306214,,,"per 100,000 population","output/incidence_historical_asr.csv"
"Incidence (age-standardised rate)","total","Total lymphoma","Headline","Persons",,2004,"Historical",20.4175321615445,,,"per 100,000 population","output/incidence_historical_asr.csv"
"Incidence (age-standardised rate)","total","Total lymphoma","Headline","Persons",,2005,"Historical",20.9085876514087,,,"per 100,000 population","output/incidence_historical_asr.csv"
"Incidence (age-standardised rate)","total","Total lymphoma","Headline","Persons",,2006,"Historical",20.2902747437023,,,"per 100,000 population","output/incidence_historical_asr.csv"
"Incidence (age-standardised rate)","total","Total lymphoma","Headline","Persons",,2007,"Historical",20.4614469348599,,,"per 100,000 population","output/incidence_historical_asr.csv"
"Incidence (age-standardised rate)","total","Total lymphoma","Headline","Persons",,2008,"Historical",20.3413345285787,,,"per 100,000 population","output/incidence_historical_asr.csv"
"Incidence (age-standardised rate)","total","Total lymphoma","Headline","Persons",,2009,"Historical",20.8902914683703,,,"per 100,000 population","output/incidence_historical_asr.csv"
"Incidence (age-standardised rate)","total","Total lymphoma","Headline","Persons",,2010,"Historical",21.0183433516855,,,"per 100,000 population","output/incidence_historical_asr.csv"
"Incidence (age-standardised rate)","total","Total lymphoma","Headline","Persons",,2011,"Historical",21.3794537601356,,,"per 100,000 population","output/incidence_historical_asr.csv"
"Incidence (age-standardised rate)","total","Total lymphoma","Headline","Persons",,2012,"Historical",22.0641113560924,,,"per 100,000 population","output/incidence_historical_asr.csv"
"Incidence (age-standardised rate)","total","Total lymphoma","Headline","Persons",,2013,"Historical",21.6079035180854,,,"per 100,000 population","output/incidence_historical_asr.csv"
"Incidence (age-standardised rate)","total","Total lymphoma","Headline","Persons",,2014,"Historical",22.3347646151467,,,"per 100,000 population","output/incidence_historical_asr.csv"
"Incidence (age-standardised rate)","total","Total lymphoma","Headline","Persons",,2015,"Historical",21.6797650235306,,,"per 100,000 population","output/incidence_historical_asr.csv"
"Incidence (age-standardised rate)","total","Total lymphoma","Headline","Persons",,2016,"Historical",22.1281516300347,,,"per 100,000 population","output/incidence_historical_asr.csv"
"Incidence (age-standardised rate)","total","Total lymphoma","Headline","Persons",,2017,"Historical",22.5847490824382,,,"per 100,000 population","output/incidence_historical_asr.csv"
"Incidence (age-standardised rate)","total","Total lymphoma","Headline","Persons",,2018,"Historical",22.0198587067039,,,"per 100,000 population","output/incidence_historical_asr.csv"
"Incidence (age-standardised rate)","total","Total lymphoma","Headline","Persons",,2019,"Historical",22.1855723954175,,,"per 100,000 population","output/incidence_historical_asr.csv"
"Incidence (age-standardised rate)","total","Total lymphoma","Headline","Persons",,2020,"Historical",23.1423026652233,,,"per 100,000 population","output/incidence_historical_asr.csv"
"Incidence (age-standardised rate)","total","Total lymphoma","Headline","Persons",,2021,"Historical",21.9131637039652,,,"per 100,000 population","output/incidence_historical_asr.csv"
"Incidence (age-standardised rate)","total","Total lymphoma","Headline","Persons",,2022,"Projected",22.4045202418036,22.021668902958,22.7612066361884,"per 100,000 population","output/incidence_projections.csv"
"Incidence (age-standardised rate)","total","Total lymphoma","Headline","Persons",,2023,"Projected",22.481542233609,22.1104204101657,22.8232314858657,"per 100,000 population","output/incidence_projections.csv"
"Incidence (age-standardised rate)","total","Total lymphoma","Headline","Persons",,2024,"Projected",22.5473920280428,22.1887563951963,22.8782152054891,"per 100,000 population","output/incidence_projections.csv"
"Incidence (age-standardised rate)","total","Total lymphoma","Headline","Persons",,2025,"Projected",22.6067512362311,22.2506049107605,22.9425272472459,"per 100,000 population","output/incidence_projections.csv"
"Incidence (age-standardised rate)","total","Total lymphoma","Headline","Persons",,2026,"Projected",22.6571142185116,22.3088922636351,22.99864517715,"per 100,000 population","output/incidence_projections.csv"
"Incidence (age-standardised rate)","total","Total lymphoma","Headline","Persons",,2027,"Projected",22.7046408855975,22.3606951161989,23.0458861256309,"per 100,000 population","output/incidence_projections.csv"
"Incidence (age-standardised rate)","total","Total lymphoma","Headline","Persons",,2028,"Projected",22.7377320946867,22.3996456158537,23.1032902890273,"per 100,000 population","output/incidence_projections.csv"
"Incidence (age-standardised rate)","total","Total lymphoma","Headline","Persons",,2029,"Projected",22.7634421099505,22.4282339657333,23.1452512992527,"per 100,000 population","output/incidence_projections.csv"
"Incidence (age-standardised rate)","total","Total lymphoma","Headline","Persons",,2030,"Projected",22.7849950786728,22.4369048370044,23.1766858369716,"per 100,000 population","output/incidence_projections.csv"
"Incidence (age-standardised rate)","total","Total lymphoma","Headline","Persons",,2031,"Projected",22.7956568014364,22.4357984382583,23.1916391482009,"per 100,000 population","output/incidence_projections.csv"
"Incidence (age-standardised rate)","total","Total lymphoma","Headline","Persons",,2032,"Projected",22.7974205758787,22.4345360259498,23.2008230250289,"per 100,000 population","output/incidence_projections.csv"
"Incidence (age-standardised rate)","total","Total lymphoma","Headline","Persons",,2033,"Projected",22.7878790823004,22.4152005014715,23.1989234062181,"per 100,000 population","output/incidence_projections.csv"
"Incidence (age-standardised rate)","total","Total lymphoma","Headline","Persons",,2034,"Projected",22.7737621374954,22.3812184734431,23.1975796050697,"per 100,000 population","output/incidence_projections.csv"
"Incidence (age-standardised rate)","total","Total lymphoma","Headline","Persons",,2035,"Projected",22.750781174781,22.3499618681883,23.1911577899311,"per 100,000 population","output/incidence_projections.csv"
"Incidence (age-standardised rate)","total","Total lymphoma","Headline","Persons",,2036,"Projected",22.7231566164028,22.3147319675199,23.1780641470524,"per 100,000 population","output/incidence_projections.csv"
"Incidence (age-standardised rate)","total","Total lymphoma","Headline","Persons",,2037,"Projected",22.692841808817,22.2741902564181,23.1601157114553,"per 100,000 population","output/incidence_projections.csv"
"Incidence (age-standardised rate)","total","Total lymphoma","Headline","Persons",,2038,"Projected",22.6572402287587,22.2253670745127,23.1391777422292,"per 100,000 population","output/incidence_projections.csv"
"Incidence (age-standardised rate)","total","Total lymphoma","Headline","Persons",,2039,"Projected",22.6154089411218,22.1678157949181,23.1149701025319,"per 100,000 population","output/incidence_projections.csv"
"Incidence (age-standardised rate)","total","Total lymphoma","Headline","Persons",,2040,"Projected",22.5695987139652,22.1047564464031,23.0914621407062,"per 100,000 population","output/incidence_projections.csv"
"Incidence (age-standardised rate)","total","Total lymphoma","Headline","Persons",,2041,"Projected",22.5229806473748,22.027399484091,23.0510519373587,"per 100,000 population","output/incidence_projections.csv"
"Incidence (age-standardised rate)","total","Total lymphoma","Headline","Persons",,2042,"Projected",22.4670420625519,21.9646557009565,23.0067786674165,"per 100,000 population","output/incidence_projections.csv"
"Incidence (age-standardised rate)","total","Total lymphoma","Headline","Persons",,2043,"Projected",22.407674352859,21.8987410277696,22.9698985374799,"per 100,000 population","output/incidence_projections.csv"
"Incidence (age-standardised rate)","total","Total lymphoma","Headline","Persons",,2044,"Projected",22.351075031112,21.8264479724109,22.9210053918825,"per 100,000 population","output/incidence_projections.csv"
"Incidence (age-standardised rate)","total","Total lymphoma","Headline","Persons",,2045,"Projected",22.2959554048968,21.7551575434663,22.8802732354773,"per 100,000 population","output/incidence_projections.csv"
"Incidence (age-standardised rate)","total","Total lymphoma","Headline","Females",,1982,"Historical",11.7663991670929,,,"per 100,000 population","output/incidence_historical_asr.csv"
"Incidence (age-standardised rate)","total","Total lymphoma","Headline","Females",,1983,"Historical",11.6190701419979,,,"per 100,000 population","output/incidence_historical_asr.csv"
"Incidence (age-standardised rate)","total","Total lymphoma","Headline","Females",,1984,"Historical",12.285118188361,,,"per 100,000 population","output/incidence_historical_asr.csv"
"Incidence (age-standardised rate)","total","Total lymphoma","Headline","Females",,1985,"Historical",11.9090889373309,,,"per 100,000 population","output/incidence_historical_asr.csv"
"Incidence (age-standardised rate)","total","Total lymphoma","Headline","Females",,1986,"Historical",12.2706947344918,,,"per 100,000 population","output/incidence_historical_asr.csv"
"Incidence (age-standardised rate)","total","Total lymphoma","Headline","Females",,1987,"Historical",13.5835988720279,,,"per 100,000 population","output/incidence_historical_asr.csv"
"Incidence (age-standardised rate)","total","Total lymphoma","Headline","Females",,1988,"Historical",12.9580007576964,,,"per 100,000 population","output/incidence_historical_asr.csv"
"Incidence (age-standardised rate)","total","Total lymphoma","Headline","Females",,1989,"Historical",13.8305214975985,,,"per 100,000 population","output/incidence_historical_asr.csv"
"Incidence (age-standardised rate)","total","Total lymphoma","Headline","Females",,1990,"Historical",13.7493446575,,,"per 100,000 population","output/incidence_historical_asr.csv"
"Incidence (age-standardised rate)","total","Total lymphoma","Headline","Females",,1991,"Historical",14.5969059504647,,,"per 100,000 population","output/incidence_historical_asr.csv"
"Incidence (age-standardised rate)","total","Total lymphoma","Headline","Females",,1992,"Historical",15.5212801782796,,,"per 100,000 population","output/incidence_historical_asr.csv"
"Incidence (age-standardised rate)","total","Total lymphoma","Headline","Females",,1993,"Historical",15.0334859629095,,,"per 100,000 population","output/incidence_historical_asr.csv"
"Incidence (age-standardised rate)","total","Total lymphoma","Headline","Females",,1994,"Historical",15.8401419665385,,,"per 100,000 population","output/incidence_historical_asr.csv"
"Incidence (age-standardised rate)","total","Total lymphoma","Headline","Females",,1995,"Historical",16.5557538747591,,,"per 100,000 population","output/incidence_historical_asr.csv"
"Incidence (age-standardised rate)","total","Total lymphoma","Headline","Females",,1996,"Historical",16.3266161694181,,,"per 100,000 population","output/incidence_historical_asr.csv"
"Incidence (age-standardised rate)","total","Total lymphoma","Headline","Females",,1997,"Historical",16.7884281535948,,,"per 100,000 population","output/incidence_historical_asr.csv"
"Incidence (age-standardised rate)","total","Total lymphoma","Headline","Females",,1998,"Historical",16.2427192493551,,,"per 100,000 population","output/incidence_historical_asr.csv"
"Incidence (age-standardised rate)","total","Total lymphoma","Headline","Females",,1999,"Historical",16.8790366977403,,,"per 100,000 population","output/incidence_historical_asr.csv"
"Incidence (age-standardised rate)","total","Total lymphoma","Headline","Females",,2000,"Historical",17.3504895321304,,,"per 100,000 population","output/incidence_historical_asr.csv"
"Incidence (age-standardised rate)","total","Total lymphoma","Headline","Females",,2001,"Historical",16.6432246614697,,,"per 100,000 population","output/incidence_historical_asr.csv"
"Incidence (age-standardised rate)","total","Total lymphoma","Headline","Females",,2002,"Historical",17.5579782440864,,,"per 100,000 population","output/incidence_historical_asr.csv"
"Incidence (age-standardised rate)","total","Total lymphoma","Headline","Females",,2003,"Historical",16.5723967528199,,,"per 100,000 population","output/incidence_historical_asr.csv"
"Incidence (age-standardised rate)","total","Total lymphoma","Headline","Females",,2004,"Historical",17.0861792953082,,,"per 100,000 population","output/incidence_historical_asr.csv"
"Incidence (age-standardised rate)","total","Total lymphoma","Headline","Females",,2005,"Historical",18.2342244768592,,,"per 100,000 population","output/incidence_historical_asr.csv"
"Incidence (age-standardised rate)","total","Total lymphoma","Headline","Females",,2006,"Historical",16.9373373045724,,,"per 100,000 population","output/incidence_historical_asr.csv"
"Incidence (age-standardised rate)","total","Total lymphoma","Headline","Females",,2007,"Historical",17.401964110588,,,"per 100,000 population","output/incidence_historical_asr.csv"
"Incidence (age-standardised rate)","total","Total lymphoma","Headline","Females",,2008,"Historical",17.1658203634939,,,"per 100,000 population","output/incidence_historical_asr.csv"
"Incidence (age-standardised rate)","total","Total lymphoma","Headline","Females",,2009,"Historical",17.6111807781527,,,"per 100,000 population","output/incidence_historical_asr.csv"
"Incidence (age-standardised rate)","total","Total lymphoma","Headline","Females",,2010,"Historical",17.4363873004234,,,"per 100,000 population","output/incidence_historical_asr.csv"
"Incidence (age-standardised rate)","total","Total lymphoma","Headline","Females",,2011,"Historical",17.418301428715,,,"per 100,000 population","output/incidence_historical_asr.csv"
"Incidence (age-standardised rate)","total","Total lymphoma","Headline","Females",,2012,"Historical",17.8705913146139,,,"per 100,000 population","output/incidence_historical_asr.csv"
"Incidence (age-standardised rate)","total","Total lymphoma","Headline","Females",,2013,"Historical",17.8651432683867,,,"per 100,000 population","output/incidence_historical_asr.csv"
"Incidence (age-standardised rate)","total","Total lymphoma","Headline","Females",,2014,"Historical",18.8531399997265,,,"per 100,000 population","output/incidence_historical_asr.csv"
"Incidence (age-standardised rate)","total","Total lymphoma","Headline","Females",,2015,"Historical",17.9266055289322,,,"per 100,000 population","output/incidence_historical_asr.csv"
"Incidence (age-standardised rate)","total","Total lymphoma","Headline","Females",,2016,"Historical",18.4864432737528,,,"per 100,000 population","output/incidence_historical_asr.csv"
"Incidence (age-standardised rate)","total","Total lymphoma","Headline","Females",,2017,"Historical",18.2819562997725,,,"per 100,000 population","output/incidence_historical_asr.csv"
"Incidence (age-standardised rate)","total","Total lymphoma","Headline","Females",,2018,"Historical",17.7659634546871,,,"per 100,000 population","output/incidence_historical_asr.csv"
"Incidence (age-standardised rate)","total","Total lymphoma","Headline","Females",,2019,"Historical",18.0158540152891,,,"per 100,000 population","output/incidence_historical_asr.csv"
"Incidence (age-standardised rate)","total","Total lymphoma","Headline","Females",,2020,"Historical",19.1847253910986,,,"per 100,000 population","output/incidence_historical_asr.csv"
"Incidence (age-standardised rate)","total","Total lymphoma","Headline","Females",,2021,"Historical",18.4178748011193,,,"per 100,000 population","output/incidence_historical_asr.csv"
"Incidence (age-standardised rate)","total","Total lymphoma","Headline","Females",,2022,"Projected",18.5933766625864,18.1450588301454,19.0348339636639,"per 100,000 population","output/incidence_projections.csv"
"Incidence (age-standardised rate)","total","Total lymphoma","Headline","Females",,2023,"Projected",18.6453100521116,18.2220175411271,19.0780719105202,"per 100,000 population","output/incidence_projections.csv"
"Incidence (age-standardised rate)","total","Total lymphoma","Headline","Females",,2024,"Projected",18.6945998494942,18.2815285424925,19.1352414245312,"per 100,000 population","output/incidence_projections.csv"
"Incidence (age-standardised rate)","total","Total lymphoma","Headline","Females",,2025,"Projected",18.7408307226873,18.3294907745803,19.1737959279252,"per 100,000 population","output/incidence_projections.csv"
"Incidence (age-standardised rate)","total","Total lymphoma","Headline","Females",,2026,"Projected",18.7836634313801,18.3698481780297,19.2086688301062,"per 100,000 population","output/incidence_projections.csv"
"Incidence (age-standardised rate)","total","Total lymphoma","Headline","Females",,2027,"Projected",18.8210465455177,18.4057571522139,19.2510083172469,"per 100,000 population","output/incidence_projections.csv"
"Incidence (age-standardised rate)","total","Total lymphoma","Headline","Females",,2028,"Projected",18.8548237314433,18.4251539954397,19.2958340867599,"per 100,000 population","output/incidence_projections.csv"
"Incidence (age-standardised rate)","total","Total lymphoma","Headline","Females",,2029,"Projected",18.88295193969,18.4503790940529,19.3398479955061,"per 100,000 population","output/incidence_projections.csv"
"Incidence (age-standardised rate)","total","Total lymphoma","Headline","Females",,2030,"Projected",18.9021053667183,18.4577721213917,19.3827928609679,"per 100,000 population","output/incidence_projections.csv"
"Incidence (age-standardised rate)","total","Total lymphoma","Headline","Females",,2031,"Projected",18.9172775443844,18.4641727531633,19.4200185414166,"per 100,000 population","output/incidence_projections.csv"
"Incidence (age-standardised rate)","total","Total lymphoma","Headline","Females",,2032,"Projected",18.9248433216238,18.4599161385223,19.4566437698364,"per 100,000 population","output/incidence_projections.csv"
"Incidence (age-standardised rate)","total","Total lymphoma","Headline","Females",,2033,"Projected",18.9295202188697,18.4461331252999,19.4764305538119,"per 100,000 population","output/incidence_projections.csv"
"Incidence (age-standardised rate)","total","Total lymphoma","Headline","Females",,2034,"Projected",18.9305678864297,18.4271072718483,19.5035361913224,"per 100,000 population","output/incidence_projections.csv"
"Incidence (age-standardised rate)","total","Total lymphoma","Headline","Females",,2035,"Projected",18.9293927310952,18.4145639721612,19.5255884829372,"per 100,000 population","output/incidence_projections.csv"
"Incidence (age-standardised rate)","total","Total lymphoma","Headline","Females",,2036,"Projected",18.9249089752965,18.3904439876486,19.547381581266,"per 100,000 population","output/incidence_projections.csv"
"Incidence (age-standardised rate)","total","Total lymphoma","Headline","Females",,2037,"Projected",18.9193303576974,18.3599351874342,19.57077376898,"per 100,000 population","output/incidence_projections.csv"
"Incidence (age-standardised rate)","total","Total lymphoma","Headline","Females",,2038,"Projected",18.9138073236567,18.3289892808532,19.5857161738557,"per 100,000 population","output/incidence_projections.csv"
"Incidence (age-standardised rate)","total","Total lymphoma","Headline","Females",,2039,"Projected",18.9034371704943,18.3000362403176,19.6057203207353,"per 100,000 population","output/incidence_projections.csv"
"Incidence (age-standardised rate)","total","Total lymphoma","Headline","Females",,2040,"Projected",18.8909696066007,18.2614103381582,19.6221058777442,"per 100,000 population","output/incidence_projections.csv"
"Incidence (age-standardised rate)","total","Total lymphoma","Headline","Females",,2041,"Projected",18.8786870276884,18.2150115047574,19.6314619431153,"per 100,000 population","output/incidence_projections.csv"
"Incidence (age-standardised rate)","total","Total lymphoma","Headline","Females",,2042,"Projected",18.85782017658,18.1696135002914,19.6329949961152,"per 100,000 population","output/incidence_projections.csv"
"Incidence (age-standardised rate)","total","Total lymphoma","Headline","Females",,2043,"Projected",18.8353448645713,18.1212925140792,19.6397770701253,"per 100,000 population","output/incidence_projections.csv"
"Incidence (age-standardised rate)","total","Total lymphoma","Headline","Females",,2044,"Projected",18.817388550085,18.0785268475853,19.6353706840729,"per 100,000 population","output/incidence_projections.csv"
"Incidence (age-standardised rate)","total","Total lymphoma","Headline","Females",,2045,"Projected",18.7979520206221,18.0365705153788,19.6379556092593,"per 100,000 population","output/incidence_projections.csv"
"Incidence (age-standardised rate)","total","Total lymphoma","Headline","Males",,1982,"Historical",15.5143114959193,,,"per 100,000 population","output/incidence_historical_asr.csv"
"Incidence (age-standardised rate)","total","Total lymphoma","Headline","Males",,1983,"Historical",15.2612457966746,,,"per 100,000 population","output/incidence_historical_asr.csv"
"Incidence (age-standardised rate)","total","Total lymphoma","Headline","Males",,1984,"Historical",16.8672663689206,,,"per 100,000 population","output/incidence_historical_asr.csv"
"Incidence (age-standardised rate)","total","Total lymphoma","Headline","Males",,1985,"Historical",17.0357750980747,,,"per 100,000 population","output/incidence_historical_asr.csv"
"Incidence (age-standardised rate)","total","Total lymphoma","Headline","Males",,1986,"Historical",17.6368501490884,,,"per 100,000 population","output/incidence_historical_asr.csv"
"Incidence (age-standardised rate)","total","Total lymphoma","Headline","Males",,1987,"Historical",19.2557395426362,,,"per 100,000 population","output/incidence_historical_asr.csv"
"Incidence (age-standardised rate)","total","Total lymphoma","Headline","Males",,1988,"Historical",18.6107026466795,,,"per 100,000 population","output/incidence_historical_asr.csv"
"Incidence (age-standardised rate)","total","Total lymphoma","Headline","Males",,1989,"Historical",19.447168869313,,,"per 100,000 population","output/incidence_historical_asr.csv"
"Incidence (age-standardised rate)","total","Total lymphoma","Headline","Males",,1990,"Historical",20.8753623607609,,,"per 100,000 population","output/incidence_historical_asr.csv"
"Incidence (age-standardised rate)","total","Total lymphoma","Headline","Males",,1991,"Historical",20.7416425856048,,,"per 100,000 population","output/incidence_historical_asr.csv"
"Incidence (age-standardised rate)","total","Total lymphoma","Headline","Males",,1992,"Historical",22.046589228277,,,"per 100,000 population","output/incidence_historical_asr.csv"
"Incidence (age-standardised rate)","total","Total lymphoma","Headline","Males",,1993,"Historical",22.209999094798,,,"per 100,000 population","output/incidence_historical_asr.csv"
"Incidence (age-standardised rate)","total","Total lymphoma","Headline","Males",,1994,"Historical",21.3675815424666,,,"per 100,000 population","output/incidence_historical_asr.csv"
"Incidence (age-standardised rate)","total","Total lymphoma","Headline","Males",,1995,"Historical",20.8899407077322,,,"per 100,000 population","output/incidence_historical_asr.csv"
"Incidence (age-standardised rate)","total","Total lymphoma","Headline","Males",,1996,"Historical",23.1036261367378,,,"per 100,000 population","output/incidence_historical_asr.csv"
"Incidence (age-standardised rate)","total","Total lymphoma","Headline","Males",,1997,"Historical",22.6569623592761,,,"per 100,000 population","output/incidence_historical_asr.csv"
"Incidence (age-standardised rate)","total","Total lymphoma","Headline","Males",,1998,"Historical",22.0669032084288,,,"per 100,000 population","output/incidence_historical_asr.csv"
"Incidence (age-standardised rate)","total","Total lymphoma","Headline","Males",,1999,"Historical",22.6927787700828,,,"per 100,000 population","output/incidence_historical_asr.csv"
"Incidence (age-standardised rate)","total","Total lymphoma","Headline","Males",,2000,"Historical",23.3817929725558,,,"per 100,000 population","output/incidence_historical_asr.csv"
"Incidence (age-standardised rate)","total","Total lymphoma","Headline","Males",,2001,"Historical",23.09669894768,,,"per 100,000 population","output/incidence_historical_asr.csv"
"Incidence (age-standardised rate)","total","Total lymphoma","Headline","Males",,2002,"Historical",24.1530275346345,,,"per 100,000 population","output/incidence_historical_asr.csv"
"Incidence (age-standardised rate)","total","Total lymphoma","Headline","Males",,2003,"Historical",24.1784008419954,,,"per 100,000 population","output/incidence_historical_asr.csv"
"Incidence (age-standardised rate)","total","Total lymphoma","Headline","Males",,2004,"Historical",24.257182024572,,,"per 100,000 population","output/incidence_historical_asr.csv"
"Incidence (age-standardised rate)","total","Total lymphoma","Headline","Males",,2005,"Historical",23.8940989953127,,,"per 100,000 population","output/incidence_historical_asr.csv"
"Incidence (age-standardised rate)","total","Total lymphoma","Headline","Males",,2006,"Historical",24.1010971823956,,,"per 100,000 population","output/incidence_historical_asr.csv"
"Incidence (age-standardised rate)","total","Total lymphoma","Headline","Males",,2007,"Historical",23.8911018274346,,,"per 100,000 population","output/incidence_historical_asr.csv"
"Incidence (age-standardised rate)","total","Total lymphoma","Headline","Males",,2008,"Historical",23.8771625357489,,,"per 100,000 population","output/incidence_historical_asr.csv"
"Incidence (age-standardised rate)","total","Total lymphoma","Headline","Males",,2009,"Historical",24.717166503052,,,"per 100,000 population","output/incidence_historical_asr.csv"
"Incidence (age-standardised rate)","total","Total lymphoma","Headline","Males",,2010,"Historical",25.0374384768156,,,"per 100,000 population","output/incidence_historical_asr.csv"
"Incidence (age-standardised rate)","total","Total lymphoma","Headline","Males",,2011,"Historical",25.7780331584205,,,"per 100,000 population","output/incidence_historical_asr.csv"
"Incidence (age-standardised rate)","total","Total lymphoma","Headline","Males",,2012,"Historical",26.7227430548754,,,"per 100,000 population","output/incidence_historical_asr.csv"
"Incidence (age-standardised rate)","total","Total lymphoma","Headline","Males",,2013,"Historical",25.8620843445528,,,"per 100,000 population","output/incidence_historical_asr.csv"
"Incidence (age-standardised rate)","total","Total lymphoma","Headline","Males",,2014,"Historical",26.1965773502957,,,"per 100,000 population","output/incidence_historical_asr.csv"
"Incidence (age-standardised rate)","total","Total lymphoma","Headline","Males",,2015,"Historical",25.9798593982199,,,"per 100,000 population","output/incidence_historical_asr.csv"
"Incidence (age-standardised rate)","total","Total lymphoma","Headline","Males",,2016,"Historical",26.2883797864832,,,"per 100,000 population","output/incidence_historical_asr.csv"
"Incidence (age-standardised rate)","total","Total lymphoma","Headline","Males",,2017,"Historical",27.3705830126998,,,"per 100,000 population","output/incidence_historical_asr.csv"
"Incidence (age-standardised rate)","total","Total lymphoma","Headline","Males",,2018,"Historical",26.7444522024658,,,"per 100,000 population","output/incidence_historical_asr.csv"
"Incidence (age-standardised rate)","total","Total lymphoma","Headline","Males",,2019,"Historical",26.7773319680855,,,"per 100,000 population","output/incidence_historical_asr.csv"
"Incidence (age-standardised rate)","total","Total lymphoma","Headline","Males",,2020,"Historical",27.5196144609113,,,"per 100,000 population","output/incidence_historical_asr.csv"
"Incidence (age-standardised rate)","total","Total lymphoma","Headline","Males",,2021,"Historical",25.7840669389469,,,"per 100,000 population","output/incidence_historical_asr.csv"
"Incidence (age-standardised rate)","total","Total lymphoma","Headline","Males",,2022,"Projected",26.6789430563504,26.1151891011243,27.2214952443583,"per 100,000 population","output/incidence_projections.csv"
"Incidence (age-standardised rate)","total","Total lymphoma","Headline","Males",,2023,"Projected",26.7764719232901,26.2413368271454,27.3106112683929,"per 100,000 population","output/incidence_projections.csv"
"Incidence (age-standardised rate)","total","Total lymphoma","Headline","Males",,2024,"Projected",26.8616483177185,26.3515672532149,27.3919833838851,"per 100,000 population","output/incidence_projections.csv"
"Incidence (age-standardised rate)","total","Total lymphoma","Headline","Males",,2025,"Projected",26.9412680421796,26.4315110182015,27.4791075833822,"per 100,000 population","output/incidence_projections.csv"
"Incidence (age-standardised rate)","total","Total lymphoma","Headline","Males",,2026,"Projected",27.0070803198863,26.488134169942,27.5388834182208,"per 100,000 population","output/incidence_projections.csv"
"Incidence (age-standardised rate)","total","Total lymphoma","Headline","Males",,2027,"Projected",27.0575971989068,26.5337862684098,27.5982106703805,"per 100,000 population","output/incidence_projections.csv"
"Incidence (age-standardised rate)","total","Total lymphoma","Headline","Males",,2028,"Projected",27.0994727110923,26.5901208331428,27.6439893134082,"per 100,000 population","output/incidence_projections.csv"
"Incidence (age-standardised rate)","total","Total lymphoma","Headline","Males",,2029,"Projected",27.1290223736942,26.6329120847569,27.6964113388972,"per 100,000 population","output/incidence_projections.csv"
"Incidence (age-standardised rate)","total","Total lymphoma","Headline","Males",,2030,"Projected",27.1477589726827,26.6377446252487,27.7380439957668,"per 100,000 population","output/incidence_projections.csv"
"Incidence (age-standardised rate)","total","Total lymphoma","Headline","Males",,2031,"Projected",27.1556952573397,26.6446720454328,27.7628768809096,"per 100,000 population","output/incidence_projections.csv"
"Incidence (age-standardised rate)","total","Total lymphoma","Headline","Males",,2032,"Projected",27.1504087975689,26.6270993279532,27.7647038277164,"per 100,000 population","output/incidence_projections.csv"
"Incidence (age-standardised rate)","total","Total lymphoma","Headline","Males",,2033,"Projected",27.1352710848422,26.594416787301,27.7642837510186,"per 100,000 population","output/incidence_projections.csv"
"Incidence (age-standardised rate)","total","Total lymphoma","Headline","Males",,2034,"Projected",27.1101823330592,26.5511864646048,27.7594363874511,"per 100,000 population","output/incidence_projections.csv"
"Incidence (age-standardised rate)","total","Total lymphoma","Headline","Males",,2035,"Projected",27.0749875956222,26.4913967214062,27.7517169285607,"per 100,000 population","output/incidence_projections.csv"
"Incidence (age-standardised rate)","total","Total lymphoma","Headline","Males",,2036,"Projected",27.0222065263512,26.4200408042522,27.7451426615352,"per 100,000 population","output/incidence_projections.csv"
"Incidence (age-standardised rate)","total","Total lymphoma","Headline","Males",,2037,"Projected",26.9729983202901,26.3523746799051,27.7191824875456,"per 100,000 population","output/incidence_projections.csv"
"Incidence (age-standardised rate)","total","Total lymphoma","Headline","Males",,2038,"Projected",26.9171348879643,26.2730683747219,27.6881367565672,"per 100,000 population","output/incidence_projections.csv"
"Incidence (age-standardised rate)","total","Total lymphoma","Headline","Males",,2039,"Projected",26.8489633982016,26.181274302861,27.6590918292343,"per 100,000 population","output/incidence_projections.csv"
"Incidence (age-standardised rate)","total","Total lymphoma","Headline","Males",,2040,"Projected",26.7702767422264,26.0797362900368,27.6182773446658,"per 100,000 population","output/incidence_projections.csv"
"Incidence (age-standardised rate)","total","Total lymphoma","Headline","Males",,2041,"Projected",26.6869801578902,25.9721429023446,27.5546037986173,"per 100,000 population","output/incidence_projections.csv"
"Incidence (age-standardised rate)","total","Total lymphoma","Headline","Males",,2042,"Projected",26.5987395475936,25.8672741617331,27.4916422241189,"per 100,000 population","output/incidence_projections.csv"
"Incidence (age-standardised rate)","total","Total lymphoma","Headline","Males",,2043,"Projected",26.5049069457821,25.7580261351115,27.421618887161,"per 100,000 population","output/incidence_projections.csv"
"Incidence (age-standardised rate)","total","Total lymphoma","Headline","Males",,2044,"Projected",26.4090263188174,25.6358439374333,27.3372392516381,"per 100,000 population","output/incidence_projections.csv"
"Incidence (age-standardised rate)","total","Total lymphoma","Headline","Males",,2045,"Projected",26.3078020230848,25.516484112103,27.2616187504052,"per 100,000 population","output/incidence_projections.csv"
"Incidence (age-standardised rate)","hodgkin","Hodgkin lymphoma (HL)","Headline","Females",,1982,"Historical",1.61226238381268,,,"per 100,000 population","output/incidence_historical_asr.csv"
"Incidence (age-standardised rate)","hodgkin","Hodgkin lymphoma (HL)","Headline","Females",,1983,"Historical",1.62913603918182,,,"per 100,000 population","output/incidence_historical_asr.csv"
"Incidence (age-standardised rate)","hodgkin","Hodgkin lymphoma (HL)","Headline","Females",,1984,"Historical",1.84622257254529,,,"per 100,000 population","output/incidence_historical_asr.csv"
"Incidence (age-standardised rate)","hodgkin","Hodgkin lymphoma (HL)","Headline","Females",,1985,"Historical",1.39634050684242,,,"per 100,000 population","output/incidence_historical_asr.csv"
"Incidence (age-standardised rate)","hodgkin","Hodgkin lymphoma (HL)","Headline","Females",,1986,"Historical",1.71427763152732,,,"per 100,000 population","output/incidence_historical_asr.csv"
"Incidence (age-standardised rate)","hodgkin","Hodgkin lymphoma (HL)","Headline","Females",,1987,"Historical",1.67085092275335,,,"per 100,000 population","output/incidence_historical_asr.csv"
"Incidence (age-standardised rate)","hodgkin","Hodgkin lymphoma (HL)","Headline","Females",,1988,"Historical",1.64624563773929,,,"per 100,000 population","output/incidence_historical_asr.csv"
"Incidence (age-standardised rate)","hodgkin","Hodgkin lymphoma (HL)","Headline","Females",,1989,"Historical",1.70997173896701,,,"per 100,000 population","output/incidence_historical_asr.csv"
"Incidence (age-standardised rate)","hodgkin","Hodgkin lymphoma (HL)","Headline","Females",,1990,"Historical",1.68930015746359,,,"per 100,000 population","output/incidence_historical_asr.csv"
"Incidence (age-standardised rate)","hodgkin","Hodgkin lymphoma (HL)","Headline","Females",,1991,"Historical",1.55577921264131,,,"per 100,000 population","output/incidence_historical_asr.csv"
"Incidence (age-standardised rate)","hodgkin","Hodgkin lymphoma (HL)","Headline","Females",,1992,"Historical",1.93586146359348,,,"per 100,000 population","output/incidence_historical_asr.csv"
"Incidence (age-standardised rate)","hodgkin","Hodgkin lymphoma (HL)","Headline","Females",,1993,"Historical",1.73078709212047,,,"per 100,000 population","output/incidence_historical_asr.csv"
"Incidence (age-standardised rate)","hodgkin","Hodgkin lymphoma (HL)","Headline","Females",,1994,"Historical",1.74006985004963,,,"per 100,000 population","output/incidence_historical_asr.csv"
"Incidence (age-standardised rate)","hodgkin","Hodgkin lymphoma (HL)","Headline","Females",,1995,"Historical",1.67233873047451,,,"per 100,000 population","output/incidence_historical_asr.csv"
"Incidence (age-standardised rate)","hodgkin","Hodgkin lymphoma (HL)","Headline","Females",,1996,"Historical",1.78451509122367,,,"per 100,000 population","output/incidence_historical_asr.csv"
"Incidence (age-standardised rate)","hodgkin","Hodgkin lymphoma (HL)","Headline","Females",,1997,"Historical",2.05761994881652,,,"per 100,000 population","output/incidence_historical_asr.csv"
"Incidence (age-standardised rate)","hodgkin","Hodgkin lymphoma (HL)","Headline","Females",,1998,"Historical",1.87661948948289,,,"per 100,000 population","output/incidence_historical_asr.csv"
"Incidence (age-standardised rate)","hodgkin","Hodgkin lymphoma (HL)","Headline","Females",,1999,"Historical",1.88915116912427,,,"per 100,000 population","output/incidence_historical_asr.csv"
"Incidence (age-standardised rate)","hodgkin","Hodgkin lymphoma (HL)","Headline","Females",,2000,"Historical",1.9716554355196,,,"per 100,000 population","output/incidence_historical_asr.csv"
"Incidence (age-standardised rate)","hodgkin","Hodgkin lymphoma (HL)","Headline","Females",,2001,"Historical",1.90552409148339,,,"per 100,000 population","output/incidence_historical_asr.csv"
"Incidence (age-standardised rate)","hodgkin","Hodgkin lymphoma (HL)","Headline","Females",,2002,"Historical",2.12141018777965,,,"per 100,000 population","output/incidence_historical_asr.csv"
"Incidence (age-standardised rate)","hodgkin","Hodgkin lymphoma (HL)","Headline","Females",,2003,"Historical",1.88194410145483,,,"per 100,000 population","output/incidence_historical_asr.csv"
"Incidence (age-standardised rate)","hodgkin","Hodgkin lymphoma (HL)","Headline","Females",,2004,"Historical",2.32687295988377,,,"per 100,000 population","output/incidence_historical_asr.csv"
"Incidence (age-standardised rate)","hodgkin","Hodgkin lymphoma (HL)","Headline","Females",,2005,"Historical",2.45026904506717,,,"per 100,000 population","output/incidence_historical_asr.csv"
"Incidence (age-standardised rate)","hodgkin","Hodgkin lymphoma (HL)","Headline","Females",,2006,"Historical",2.27689111012132,,,"per 100,000 population","output/incidence_historical_asr.csv"
"Incidence (age-standardised rate)","hodgkin","Hodgkin lymphoma (HL)","Headline","Females",,2007,"Historical",2.38396416262957,,,"per 100,000 population","output/incidence_historical_asr.csv"
"Incidence (age-standardised rate)","hodgkin","Hodgkin lymphoma (HL)","Headline","Females",,2008,"Historical",2.0284651969882,,,"per 100,000 population","output/incidence_historical_asr.csv"
"Incidence (age-standardised rate)","hodgkin","Hodgkin lymphoma (HL)","Headline","Females",,2009,"Historical",2.39122177982163,,,"per 100,000 population","output/incidence_historical_asr.csv"
"Incidence (age-standardised rate)","hodgkin","Hodgkin lymphoma (HL)","Headline","Females",,2010,"Historical",2.39827198734147,,,"per 100,000 population","output/incidence_historical_asr.csv"
"Incidence (age-standardised rate)","hodgkin","Hodgkin lymphoma (HL)","Headline","Females",,2011,"Historical",2.46770969381096,,,"per 100,000 population","output/incidence_historical_asr.csv"
"Incidence (age-standardised rate)","hodgkin","Hodgkin lymphoma (HL)","Headline","Females",,2012,"Historical",2.24683527864407,,,"per 100,000 population","output/incidence_historical_asr.csv"
"Incidence (age-standardised rate)","hodgkin","Hodgkin lymphoma (HL)","Headline","Females",,2013,"Historical",2.59714373158078,,,"per 100,000 population","output/incidence_historical_asr.csv"
"Incidence (age-standardised rate)","hodgkin","Hodgkin lymphoma (HL)","Headline","Females",,2014,"Historical",2.49609961281451,,,"per 100,000 population","output/incidence_historical_asr.csv"
"Incidence (age-standardised rate)","hodgkin","Hodgkin lymphoma (HL)","Headline","Females",,2015,"Historical",2.33771478389828,,,"per 100,000 population","output/incidence_historical_asr.csv"
"Incidence (age-standardised rate)","hodgkin","Hodgkin lymphoma (HL)","Headline","Females",,2016,"Historical",2.72971449450442,,,"per 100,000 population","output/incidence_historical_asr.csv"
"Incidence (age-standardised rate)","hodgkin","Hodgkin lymphoma (HL)","Headline","Females",,2017,"Historical",2.38702300112878,,,"per 100,000 population","output/incidence_historical_asr.csv"
"Incidence (age-standardised rate)","hodgkin","Hodgkin lymphoma (HL)","Headline","Females",,2018,"Historical",2.20725003809469,,,"per 100,000 population","output/incidence_historical_asr.csv"
"Incidence (age-standardised rate)","hodgkin","Hodgkin lymphoma (HL)","Headline","Females",,2019,"Historical",2.5203316572702,,,"per 100,000 population","output/incidence_historical_asr.csv"
"Incidence (age-standardised rate)","hodgkin","Hodgkin lymphoma (HL)","Headline","Females",,2020,"Historical",2.50994206232316,,,"per 100,000 population","output/incidence_historical_asr.csv"
"Incidence (age-standardised rate)","hodgkin","Hodgkin lymphoma (HL)","Headline","Females",,2021,"Historical",2.73366892370433,,,"per 100,000 population","output/incidence_historical_asr.csv"
"Incidence (age-standardised rate)","hodgkin","Hodgkin lymphoma (HL)","Headline","Females",,2022,"Projected",2.59824334816068,2.4156616025064,2.78549129526889,"per 100,000 population","output/incidence_projections.csv"
"Incidence (age-standardised rate)","hodgkin","Hodgkin lymphoma (HL)","Headline","Females",,2023,"Projected",2.61794923664108,2.44185285869371,2.79518549858665,"per 100,000 population","output/incidence_projections.csv"
"Incidence (age-standardised rate)","hodgkin","Hodgkin lymphoma (HL)","Headline","Females",,2024,"Projected",2.63670863288994,2.46694493006134,2.81194879656054,"per 100,000 population","output/incidence_projections.csv"
"Incidence (age-standardised rate)","hodgkin","Hodgkin lymphoma (HL)","Headline","Females",,2025,"Projected",2.65455056120062,2.48232207048581,2.83342322091896,"per 100,000 population","output/incidence_projections.csv"
"Incidence (age-standardised rate)","hodgkin","Hodgkin lymphoma (HL)","Headline","Females",,2026,"Projected",2.66969229406183,2.4982051110643,2.85577953711112,"per 100,000 population","output/incidence_projections.csv"
"Incidence (age-standardised rate)","hodgkin","Hodgkin lymphoma (HL)","Headline","Females",,2027,"Projected",2.68555618637237,2.5170405593974,2.87539606275296,"per 100,000 population","output/incidence_projections.csv"
"Incidence (age-standardised rate)","hodgkin","Hodgkin lymphoma (HL)","Headline","Females",,2028,"Projected",2.70092736239027,2.53505863510492,2.89014600747301,"per 100,000 population","output/incidence_projections.csv"
"Incidence (age-standardised rate)","hodgkin","Hodgkin lymphoma (HL)","Headline","Females",,2029,"Projected",2.71288281232392,2.54285390789319,2.9019854236532,"per 100,000 population","output/incidence_projections.csv"
"Incidence (age-standardised rate)","hodgkin","Hodgkin lymphoma (HL)","Headline","Females",,2030,"Projected",2.72545618342594,2.54913778275505,2.91082829353562,"per 100,000 population","output/incidence_projections.csv"
"Incidence (age-standardised rate)","hodgkin","Hodgkin lymphoma (HL)","Headline","Females",,2031,"Projected",2.73489011181444,2.55381271169098,2.92464845640512,"per 100,000 population","output/incidence_projections.csv"
"Incidence (age-standardised rate)","hodgkin","Hodgkin lymphoma (HL)","Headline","Females",,2032,"Projected",2.73920508444536,2.559806954169,2.93042350585813,"per 100,000 population","output/incidence_projections.csv"
"Incidence (age-standardised rate)","hodgkin","Hodgkin lymphoma (HL)","Headline","Females",,2033,"Projected",2.74320900631494,2.5640933675078,2.93748202122733,"per 100,000 population","output/incidence_projections.csv"
"Incidence (age-standardised rate)","hodgkin","Hodgkin lymphoma (HL)","Headline","Females",,2034,"Projected",2.74731239719315,2.56447107519743,2.94511683684501,"per 100,000 population","output/incidence_projections.csv"
"Incidence (age-standardised rate)","hodgkin","Hodgkin lymphoma (HL)","Headline","Females",,2035,"Projected",2.75147188543281,2.56578315326665,2.9547945033443,"per 100,000 population","output/incidence_projections.csv"
"Incidence (age-standardised rate)","hodgkin","Hodgkin lymphoma (HL)","Headline","Females",,2036,"Projected",2.75452733713262,2.5668541392698,2.96493383541746,"per 100,000 population","output/incidence_projections.csv"
"Incidence (age-standardised rate)","hodgkin","Hodgkin lymphoma (HL)","Headline","Females",,2037,"Projected",2.75767237367388,2.56632955618209,2.9753879434485,"per 100,000 population","output/incidence_projections.csv"
"Incidence (age-standardised rate)","hodgkin","Hodgkin lymphoma (HL)","Headline","Females",,2038,"Projected",2.76142997405681,2.56352467179767,2.9847782080087,"per 100,000 population","output/incidence_projections.csv"
"Incidence (age-standardised rate)","hodgkin","Hodgkin lymphoma (HL)","Headline","Females",,2039,"Projected",2.76526575005266,2.56169670315771,2.99435777169993,"per 100,000 population","output/incidence_projections.csv"
"Incidence (age-standardised rate)","hodgkin","Hodgkin lymphoma (HL)","Headline","Females",,2040,"Projected",2.76860726834388,2.55993945275165,3.00795893008482,"per 100,000 population","output/incidence_projections.csv"
"Incidence (age-standardised rate)","hodgkin","Hodgkin lymphoma (HL)","Headline","Females",,2041,"Projected",2.7723470242587,2.5573107801765,3.01503794476957,"per 100,000 population","output/incidence_projections.csv"
"Incidence (age-standardised rate)","hodgkin","Hodgkin lymphoma (HL)","Headline","Females",,2042,"Projected",2.76702881842068,2.55546866148133,3.00617904229291,"per 100,000 population","output/incidence_projections.csv"
"Incidence (age-standardised rate)","hodgkin","Hodgkin lymphoma (HL)","Headline","Females",,2043,"Projected",2.76239189157403,2.5547092347383,2.9981668636367,"per 100,000 population","output/incidence_projections.csv"
"Incidence (age-standardised rate)","hodgkin","Hodgkin lymphoma (HL)","Headline","Females",,2044,"Projected",2.75890591966281,2.55228341027946,2.99416724881546,"per 100,000 population","output/incidence_projections.csv"
"Incidence (age-standardised rate)","hodgkin","Hodgkin lymphoma (HL)","Headline","Females",,2045,"Projected",2.75665728767773,2.55109220650504,2.99241462659043,"per 100,000 population","output/incidence_projections.csv"
"Incidence (age-standardised rate)","hodgkin","Hodgkin lymphoma (HL)","Headline","Males",,1982,"Historical",2.82419195420521,,,"per 100,000 population","output/incidence_historical_asr.csv"
"Incidence (age-standardised rate)","hodgkin","Hodgkin lymphoma (HL)","Headline","Males",,1983,"Historical",2.74007701882027,,,"per 100,000 population","output/incidence_historical_asr.csv"
"Incidence (age-standardised rate)","hodgkin","Hodgkin lymphoma (HL)","Headline","Males",,1984,"Historical",2.56165164221734,,,"per 100,000 population","output/incidence_historical_asr.csv"
"Incidence (age-standardised rate)","hodgkin","Hodgkin lymphoma (HL)","Headline","Males",,1985,"Historical",2.28060402252627,,,"per 100,000 population","output/incidence_historical_asr.csv"
"Incidence (age-standardised rate)","hodgkin","Hodgkin lymphoma (HL)","Headline","Males",,1986,"Historical",2.48137542064918,,,"per 100,000 population","output/incidence_historical_asr.csv"
"Incidence (age-standardised rate)","hodgkin","Hodgkin lymphoma (HL)","Headline","Males",,1987,"Historical",2.4114203452887,,,"per 100,000 population","output/incidence_historical_asr.csv"
"Incidence (age-standardised rate)","hodgkin","Hodgkin lymphoma (HL)","Headline","Males",,1988,"Historical",2.66177309298684,,,"per 100,000 population","output/incidence_historical_asr.csv"
"Incidence (age-standardised rate)","hodgkin","Hodgkin lymphoma (HL)","Headline","Males",,1989,"Historical",2.3422682285319,,,"per 100,000 population","output/incidence_historical_asr.csv"
"Incidence (age-standardised rate)","hodgkin","Hodgkin lymphoma (HL)","Headline","Males",,1990,"Historical",2.62918912342233,,,"per 100,000 population","output/incidence_historical_asr.csv"
"Incidence (age-standardised rate)","hodgkin","Hodgkin lymphoma (HL)","Headline","Males",,1991,"Historical",2.01962757330097,,,"per 100,000 population","output/incidence_historical_asr.csv"
"Incidence (age-standardised rate)","hodgkin","Hodgkin lymphoma (HL)","Headline","Males",,1992,"Historical",2.25527132496658,,,"per 100,000 population","output/incidence_historical_asr.csv"
"Incidence (age-standardised rate)","hodgkin","Hodgkin lymphoma (HL)","Headline","Males",,1993,"Historical",2.2563513815822,,,"per 100,000 population","output/incidence_historical_asr.csv"
"Incidence (age-standardised rate)","hodgkin","Hodgkin lymphoma (HL)","Headline","Males",,1994,"Historical",2.31835219551491,,,"per 100,000 population","output/incidence_historical_asr.csv"
"Incidence (age-standardised rate)","hodgkin","Hodgkin lymphoma (HL)","Headline","Males",,1995,"Historical",2.10985130751624,,,"per 100,000 population","output/incidence_historical_asr.csv"
"Incidence (age-standardised rate)","hodgkin","Hodgkin lymphoma (HL)","Headline","Males",,1996,"Historical",2.52646842902012,,,"per 100,000 population","output/incidence_historical_asr.csv"
"Incidence (age-standardised rate)","hodgkin","Hodgkin lymphoma (HL)","Headline","Males",,1997,"Historical",2.28263456259164,,,"per 100,000 population","output/incidence_historical_asr.csv"
"Incidence (age-standardised rate)","hodgkin","Hodgkin lymphoma (HL)","Headline","Males",,1998,"Historical",2.35416055204547,,,"per 100,000 population","output/incidence_historical_asr.csv"
"Incidence (age-standardised rate)","hodgkin","Hodgkin lymphoma (HL)","Headline","Males",,1999,"Historical",2.58633521718596,,,"per 100,000 population","output/incidence_historical_asr.csv"
"Incidence (age-standardised rate)","hodgkin","Hodgkin lymphoma (HL)","Headline","Males",,2000,"Historical",2.50441526880089,,,"per 100,000 population","output/incidence_historical_asr.csv"
"Incidence (age-standardised rate)","hodgkin","Hodgkin lymphoma (HL)","Headline","Males",,2001,"Historical",2.32847304498593,,,"per 100,000 population","output/incidence_historical_asr.csv"
"Incidence (age-standardised rate)","hodgkin","Hodgkin lymphoma (HL)","Headline","Males",,2002,"Historical",2.77384200892868,,,"per 100,000 population","output/incidence_historical_asr.csv"
"Incidence (age-standardised rate)","hodgkin","Hodgkin lymphoma (HL)","Headline","Males",,2003,"Historical",2.58193107073959,,,"per 100,000 population","output/incidence_historical_asr.csv"
"Incidence (age-standardised rate)","hodgkin","Hodgkin lymphoma (HL)","Headline","Males",,2004,"Historical",2.5111630291983,,,"per 100,000 population","output/incidence_historical_asr.csv"
"Incidence (age-standardised rate)","hodgkin","Hodgkin lymphoma (HL)","Headline","Males",,2005,"Historical",2.84140110556187,,,"per 100,000 population","output/incidence_historical_asr.csv"
"Incidence (age-standardised rate)","hodgkin","Hodgkin lymphoma (HL)","Headline","Males",,2006,"Historical",2.74624610187496,,,"per 100,000 population","output/incidence_historical_asr.csv"
"Incidence (age-standardised rate)","hodgkin","Hodgkin lymphoma (HL)","Headline","Males",,2007,"Historical",2.8091981053507,,,"per 100,000 population","output/incidence_historical_asr.csv"
"Incidence (age-standardised rate)","hodgkin","Hodgkin lymphoma (HL)","Headline","Males",,2008,"Historical",2.85686450530168,,,"per 100,000 population","output/incidence_historical_asr.csv"
"Incidence (age-standardised rate)","hodgkin","Hodgkin lymphoma (HL)","Headline","Males",,2009,"Historical",2.7259896515769,,,"per 100,000 population","output/incidence_historical_asr.csv"
"Incidence (age-standardised rate)","hodgkin","Hodgkin lymphoma (HL)","Headline","Males",,2010,"Historical",2.96713389424444,,,"per 100,000 population","output/incidence_historical_asr.csv"
"Incidence (age-standardised rate)","hodgkin","Hodgkin lymphoma (HL)","Headline","Males",,2011,"Historical",3.0287829966262,,,"per 100,000 population","output/incidence_historical_asr.csv"
"Incidence (age-standardised rate)","hodgkin","Hodgkin lymphoma (HL)","Headline","Males",,2012,"Historical",3.4052395796411,,,"per 100,000 population","output/incidence_historical_asr.csv"
"Incidence (age-standardised rate)","hodgkin","Hodgkin lymphoma (HL)","Headline","Males",,2013,"Historical",2.90149569054197,,,"per 100,000 population","output/incidence_historical_asr.csv"
"Incidence (age-standardised rate)","hodgkin","Hodgkin lymphoma (HL)","Headline","Males",,2014,"Historical",3.00746429408238,,,"per 100,000 population","output/incidence_historical_asr.csv"
"Incidence (age-standardised rate)","hodgkin","Hodgkin lymphoma (HL)","Headline","Males",,2015,"Historical",3.24098095909013,,,"per 100,000 population","output/incidence_historical_asr.csv"
"Incidence (age-standardised rate)","hodgkin","Hodgkin lymphoma (HL)","Headline","Males",,2016,"Historical",2.88320844373497,,,"per 100,000 population","output/incidence_historical_asr.csv"
"Incidence (age-standardised rate)","hodgkin","Hodgkin lymphoma (HL)","Headline","Males",,2017,"Historical",3.22892904622983,,,"per 100,000 population","output/incidence_historical_asr.csv"
"Incidence (age-standardised rate)","hodgkin","Hodgkin lymphoma (HL)","Headline","Males",,2018,"Historical",3.05244936312624,,,"per 100,000 population","output/incidence_historical_asr.csv"
"Incidence (age-standardised rate)","hodgkin","Hodgkin lymphoma (HL)","Headline","Males",,2019,"Historical",3.01658963974676,,,"per 100,000 population","output/incidence_historical_asr.csv"
"Incidence (age-standardised rate)","hodgkin","Hodgkin lymphoma (HL)","Headline","Males",,2020,"Historical",3.33282664735918,,,"per 100,000 population","output/incidence_historical_asr.csv"
"Incidence (age-standardised rate)","hodgkin","Hodgkin lymphoma (HL)","Headline","Males",,2021,"Historical",3.17299788172484,,,"per 100,000 population","output/incidence_historical_asr.csv"
"Incidence (age-standardised rate)","hodgkin","Hodgkin lymphoma (HL)","Headline","Males",,2022,"Projected",3.20157122294545,3.01142410623681,3.40286664155509,"per 100,000 population","output/incidence_projections.csv"
"Incidence (age-standardised rate)","hodgkin","Hodgkin lymphoma (HL)","Headline","Males",,2023,"Projected",3.23312438580292,3.04822410900539,3.4226522015271,"per 100,000 population","output/incidence_projections.csv"
"Incidence (age-standardised rate)","hodgkin","Hodgkin lymphoma (HL)","Headline","Males",,2024,"Projected",3.2628140997511,3.07960700897995,3.4490487824104,"per 100,000 population","output/incidence_projections.csv"
"Incidence (age-standardised rate)","hodgkin","Hodgkin lymphoma (HL)","Headline","Males",,2025,"Projected",3.29150087833353,3.10944484356587,3.47472373109908,"per 100,000 population","output/incidence_projections.csv"
"Incidence (age-standardised rate)","hodgkin","Hodgkin lymphoma (HL)","Headline","Males",,2026,"Projected",3.32008331972965,3.13687982198245,3.50748215787621,"per 100,000 population","output/incidence_projections.csv"
"Incidence (age-standardised rate)","hodgkin","Hodgkin lymphoma (HL)","Headline","Males",,2027,"Projected",3.34816467301694,3.16468764026475,3.53467268190045,"per 100,000 population","output/incidence_projections.csv"
"Incidence (age-standardised rate)","hodgkin","Hodgkin lymphoma (HL)","Headline","Males",,2028,"Projected",3.37647111433018,3.18889662321571,3.56254631249531,"per 100,000 population","output/incidence_projections.csv"
"Incidence (age-standardised rate)","hodgkin","Hodgkin lymphoma (HL)","Headline","Males",,2029,"Projected",3.40417368916564,3.213469052626,3.59878087534408,"per 100,000 population","output/incidence_projections.csv"
"Incidence (age-standardised rate)","hodgkin","Hodgkin lymphoma (HL)","Headline","Males",,2030,"Projected",3.43135009391615,3.23738439626642,3.62944136180959,"per 100,000 population","output/incidence_projections.csv"
"Incidence (age-standardised rate)","hodgkin","Hodgkin lymphoma (HL)","Headline","Males",,2031,"Projected",3.4583091650606,3.2569284104541,3.66763123464488,"per 100,000 population","output/incidence_projections.csv"
"Incidence (age-standardised rate)","hodgkin","Hodgkin lymphoma (HL)","Headline","Males",,2032,"Projected",3.47512366525787,3.26997390434534,3.68462115990205,"per 100,000 population","output/incidence_projections.csv"
"Incidence (age-standardised rate)","hodgkin","Hodgkin lymphoma (HL)","Headline","Males",,2033,"Projected",3.49232517170508,3.28526741661714,3.70822954291806,"per 100,000 population","output/incidence_projections.csv"
"Incidence (age-standardised rate)","hodgkin","Hodgkin lymphoma (HL)","Headline","Males",,2034,"Projected",3.50932252293482,3.29778160738499,3.72843000773249,"per 100,000 population","output/incidence_projections.csv"
"Incidence (age-standardised rate)","hodgkin","Hodgkin lymphoma (HL)","Headline","Males",,2035,"Projected",3.52678349092789,3.30990656476242,3.74949073615454,"per 100,000 population","output/incidence_projections.csv"
"Incidence (age-standardised rate)","hodgkin","Hodgkin lymphoma (HL)","Headline","Males",,2036,"Projected",3.54392572565778,3.32050499058877,3.77110672372206,"per 100,000 population","output/incidence_projections.csv"
"Incidence (age-standardised rate)","hodgkin","Hodgkin lymphoma (HL)","Headline","Males",,2037,"Projected",3.56166641590208,3.33303005350094,3.79177130233926,"per 100,000 population","output/incidence_projections.csv"
"Incidence (age-standardised rate)","hodgkin","Hodgkin lymphoma (HL)","Headline","Males",,2038,"Projected",3.57967437034258,3.34897982106895,3.81702201062096,"per 100,000 population","output/incidence_projections.csv"
"Incidence (age-standardised rate)","hodgkin","Hodgkin lymphoma (HL)","Headline","Males",,2039,"Projected",3.59822222530579,3.35898105212015,3.84037039799583,"per 100,000 population","output/incidence_projections.csv"
"Incidence (age-standardised rate)","hodgkin","Hodgkin lymphoma (HL)","Headline","Males",,2040,"Projected",3.61636884225931,3.36704482303458,3.86970689085356,"per 100,000 population","output/incidence_projections.csv"
"Incidence (age-standardised rate)","hodgkin","Hodgkin lymphoma (HL)","Headline","Males",,2041,"Projected",3.63340554338159,3.38040845194749,3.90171892289077,"per 100,000 population","output/incidence_projections.csv"
"Incidence (age-standardised rate)","hodgkin","Hodgkin lymphoma (HL)","Headline","Males",,2042,"Projected",3.63655912049785,3.38255837219686,3.90322643339242,"per 100,000 population","output/incidence_projections.csv"
"Incidence (age-standardised rate)","hodgkin","Hodgkin lymphoma (HL)","Headline","Males",,2043,"Projected",3.64119265976871,3.38537876999947,3.90401188762421,"per 100,000 population","output/incidence_projections.csv"
"Incidence (age-standardised rate)","hodgkin","Hodgkin lymphoma (HL)","Headline","Males",,2044,"Projected",3.64548001863665,3.38878163434794,3.90651122505239,"per 100,000 population","output/incidence_projections.csv"
"Incidence (age-standardised rate)","hodgkin","Hodgkin lymphoma (HL)","Headline","Males",,2045,"Projected",3.65131921933336,3.39268914049382,3.91169444532589,"per 100,000 population","output/incidence_projections.csv"
"Incidence (age-standardised rate)","nhl","Non-Hodgkin lymphoma (NHL)","Headline","Females",,1982,"Historical",10.1541367832802,,,"per 100,000 population","output/incidence_historical_asr.csv"
"Incidence (age-standardised rate)","nhl","Non-Hodgkin lymphoma (NHL)","Headline","Females",,1983,"Historical",9.98993410281606,,,"per 100,000 population","output/incidence_historical_asr.csv"
"Incidence (age-standardised rate)","nhl","Non-Hodgkin lymphoma (NHL)","Headline","Females",,1984,"Historical",10.4388956158157,,,"per 100,000 population","output/incidence_historical_asr.csv"
"Incidence (age-standardised rate)","nhl","Non-Hodgkin lymphoma (NHL)","Headline","Females",,1985,"Historical",10.5127484304885,,,"per 100,000 population","output/incidence_historical_asr.csv"
"Incidence (age-standardised rate)","nhl","Non-Hodgkin lymphoma (NHL)","Headline","Females",,1986,"Historical",10.5564171029645,,,"per 100,000 population","output/incidence_historical_asr.csv"
"Incidence (age-standardised rate)","nhl","Non-Hodgkin lymphoma (NHL)","Headline","Females",,1987,"Historical",11.9127479492746,,,"per 100,000 population","output/incidence_historical_asr.csv"
"Incidence (age-standardised rate)","nhl","Non-Hodgkin lymphoma (NHL)","Headline","Females",,1988,"Historical",11.3117551199571,,,"per 100,000 population","output/incidence_historical_asr.csv"
"Incidence (age-standardised rate)","nhl","Non-Hodgkin lymphoma (NHL)","Headline","Females",,1989,"Historical",12.1205497586315,,,"per 100,000 population","output/incidence_historical_asr.csv"
"Incidence (age-standardised rate)","nhl","Non-Hodgkin lymphoma (NHL)","Headline","Females",,1990,"Historical",12.0600445000365,,,"per 100,000 population","output/incidence_historical_asr.csv"
"Incidence (age-standardised rate)","nhl","Non-Hodgkin lymphoma (NHL)","Headline","Females",,1991,"Historical",13.0411267378234,,,"per 100,000 population","output/incidence_historical_asr.csv"
"Incidence (age-standardised rate)","nhl","Non-Hodgkin lymphoma (NHL)","Headline","Females",,1992,"Historical",13.5854187146862,,,"per 100,000 population","output/incidence_historical_asr.csv"
"Incidence (age-standardised rate)","nhl","Non-Hodgkin lymphoma (NHL)","Headline","Females",,1993,"Historical",13.302698870789,,,"per 100,000 population","output/incidence_historical_asr.csv"
"Incidence (age-standardised rate)","nhl","Non-Hodgkin lymphoma (NHL)","Headline","Females",,1994,"Historical",14.1000721164889,,,"per 100,000 population","output/incidence_historical_asr.csv"
"Incidence (age-standardised rate)","nhl","Non-Hodgkin lymphoma (NHL)","Headline","Females",,1995,"Historical",14.8834151442846,,,"per 100,000 population","output/incidence_historical_asr.csv"
"Incidence (age-standardised rate)","nhl","Non-Hodgkin lymphoma (NHL)","Headline","Females",,1996,"Historical",14.5421010781944,,,"per 100,000 population","output/incidence_historical_asr.csv"
"Incidence (age-standardised rate)","nhl","Non-Hodgkin lymphoma (NHL)","Headline","Females",,1997,"Historical",14.7308082047783,,,"per 100,000 population","output/incidence_historical_asr.csv"
"Incidence (age-standardised rate)","nhl","Non-Hodgkin lymphoma (NHL)","Headline","Females",,1998,"Historical",14.3660997598722,,,"per 100,000 population","output/incidence_historical_asr.csv"
"Incidence (age-standardised rate)","nhl","Non-Hodgkin lymphoma (NHL)","Headline","Females",,1999,"Historical",14.989885528616,,,"per 100,000 population","output/incidence_historical_asr.csv"
"Incidence (age-standardised rate)","nhl","Non-Hodgkin lymphoma (NHL)","Headline","Females",,2000,"Historical",15.3788340966108,,,"per 100,000 population","output/incidence_historical_asr.csv"
"Incidence (age-standardised rate)","nhl","Non-Hodgkin lymphoma (NHL)","Headline","Females",,2001,"Historical",14.7377005699863,,,"per 100,000 population","output/incidence_historical_asr.csv"
"Incidence (age-standardised rate)","nhl","Non-Hodgkin lymphoma (NHL)","Headline","Females",,2002,"Historical",15.4365680563067,,,"per 100,000 population","output/incidence_historical_asr.csv"
"Incidence (age-standardised rate)","nhl","Non-Hodgkin lymphoma (NHL)","Headline","Females",,2003,"Historical",14.690452651365,,,"per 100,000 population","output/incidence_historical_asr.csv"
"Incidence (age-standardised rate)","nhl","Non-Hodgkin lymphoma (NHL)","Headline","Females",,2004,"Historical",14.7593063354244,,,"per 100,000 population","output/incidence_historical_asr.csv"
"Incidence (age-standardised rate)","nhl","Non-Hodgkin lymphoma (NHL)","Headline","Females",,2005,"Historical",15.783955431792,,,"per 100,000 population","output/incidence_historical_asr.csv"
"Incidence (age-standardised rate)","nhl","Non-Hodgkin lymphoma (NHL)","Headline","Females",,2006,"Historical",14.6604461944511,,,"per 100,000 population","output/incidence_historical_asr.csv"
"Incidence (age-standardised rate)","nhl","Non-Hodgkin lymphoma (NHL)","Headline","Females",,2007,"Historical",15.0179999479584,,,"per 100,000 population","output/incidence_historical_asr.csv"
"Incidence (age-standardised rate)","nhl","Non-Hodgkin lymphoma (NHL)","Headline","Females",,2008,"Historical",15.1373551665057,,,"per 100,000 population","output/incidence_historical_asr.csv"
"Incidence (age-standardised rate)","nhl","Non-Hodgkin lymphoma (NHL)","Headline","Females",,2009,"Historical",15.2199589983311,,,"per 100,000 population","output/incidence_historical_asr.csv"
"Incidence (age-standardised rate)","nhl","Non-Hodgkin lymphoma (NHL)","Headline","Females",,2010,"Historical",15.0381153130819,,,"per 100,000 population","output/incidence_historical_asr.csv"
"Incidence (age-standardised rate)","nhl","Non-Hodgkin lymphoma (NHL)","Headline","Females",,2011,"Historical",14.950591734904,,,"per 100,000 population","output/incidence_historical_asr.csv"
"Incidence (age-standardised rate)","nhl","Non-Hodgkin lymphoma (NHL)","Headline","Females",,2012,"Historical",15.6237560359698,,,"per 100,000 population","output/incidence_historical_asr.csv"
"Incidence (age-standardised rate)","nhl","Non-Hodgkin lymphoma (NHL)","Headline","Females",,2013,"Historical",15.2679995368059,,,"per 100,000 population","output/incidence_historical_asr.csv"
"Incidence (age-standardised rate)","nhl","Non-Hodgkin lymphoma (NHL)","Headline","Females",,2014,"Historical",16.357040386912,,,"per 100,000 population","output/incidence_historical_asr.csv"
"Incidence (age-standardised rate)","nhl","Non-Hodgkin lymphoma (NHL)","Headline","Females",,2015,"Historical",15.5888907450339,,,"per 100,000 population","output/incidence_historical_asr.csv"
"Incidence (age-standardised rate)","nhl","Non-Hodgkin lymphoma (NHL)","Headline","Females",,2016,"Historical",15.7567287792484,,,"per 100,000 population","output/incidence_historical_asr.csv"
"Incidence (age-standardised rate)","nhl","Non-Hodgkin lymphoma (NHL)","Headline","Females",,2017,"Historical",15.8949332986437,,,"per 100,000 population","output/incidence_historical_asr.csv"
"Incidence (age-standardised rate)","nhl","Non-Hodgkin lymphoma (NHL)","Headline","Females",,2018,"Historical",15.5587134165924,,,"per 100,000 population","output/incidence_historical_asr.csv"
"Incidence (age-standardised rate)","nhl","Non-Hodgkin lymphoma (NHL)","Headline","Females",,2019,"Historical",15.4955223580189,,,"per 100,000 population","output/incidence_historical_asr.csv"
"Incidence (age-standardised rate)","nhl","Non-Hodgkin lymphoma (NHL)","Headline","Females",,2020,"Historical",16.6747833287755,,,"per 100,000 population","output/incidence_historical_asr.csv"
"Incidence (age-standardised rate)","nhl","Non-Hodgkin lymphoma (NHL)","Headline","Females",,2021,"Historical",15.6842058774149,,,"per 100,000 population","output/incidence_historical_asr.csv"
"Incidence (age-standardised rate)","nhl","Non-Hodgkin lymphoma (NHL)","Headline","Females",,2022,"Projected",15.9905881544352,15.585903518667,16.3954037059517,"per 100,000 population","output/incidence_projections.csv"
"Incidence (age-standardised rate)","nhl","Non-Hodgkin lymphoma (NHL)","Headline","Females",,2023,"Projected",16.0265295476998,15.6323011442817,16.4279975226807,"per 100,000 population","output/incidence_projections.csv"
"Incidence (age-standardised rate)","nhl","Non-Hodgkin lymphoma (NHL)","Headline","Females",,2024,"Projected",16.0567386752552,15.6598900022423,16.4572840141524,"per 100,000 population","output/incidence_projections.csv"
"Incidence (age-standardised rate)","nhl","Non-Hodgkin lymphoma (NHL)","Headline","Females",,2025,"Projected",16.0881012444838,15.6999071600948,16.4886821014056,"per 100,000 population","output/incidence_projections.csv"
"Incidence (age-standardised rate)","nhl","Non-Hodgkin lymphoma (NHL)","Headline","Females",,2026,"Projected",16.1125559864293,15.7132385502043,16.512714882746,"per 100,000 population","output/incidence_projections.csv"
"Incidence (age-standardised rate)","nhl","Non-Hodgkin lymphoma (NHL)","Headline","Females",,2027,"Projected",16.1331308982124,15.7335981700314,16.532312961114,"per 100,000 population","output/incidence_projections.csv"
"Incidence (age-standardised rate)","nhl","Non-Hodgkin lymphoma (NHL)","Headline","Females",,2028,"Projected",16.1563548118637,15.7395804070522,16.5624373738959,"per 100,000 population","output/incidence_projections.csv"
"Incidence (age-standardised rate)","nhl","Non-Hodgkin lymphoma (NHL)","Headline","Females",,2029,"Projected",16.1689032051963,15.7375149332638,16.5921370249767,"per 100,000 population","output/incidence_projections.csv"
"Incidence (age-standardised rate)","nhl","Non-Hodgkin lymphoma (NHL)","Headline","Females",,2030,"Projected",16.1817936981058,15.7317623116698,16.6272084292443,"per 100,000 population","output/incidence_projections.csv"
"Incidence (age-standardised rate)","nhl","Non-Hodgkin lymphoma (NHL)","Headline","Females",,2031,"Projected",16.1910188482156,15.7355598574033,16.648139326534,"per 100,000 population","output/incidence_projections.csv"
"Incidence (age-standardised rate)","nhl","Non-Hodgkin lymphoma (NHL)","Headline","Females",,2032,"Projected",16.1899919667774,15.7275397974028,16.6579355287102,"per 100,000 population","output/incidence_projections.csv"
"Incidence (age-standardised rate)","nhl","Non-Hodgkin lymphoma (NHL)","Headline","Females",,2033,"Projected",16.1902351978739,15.7139954620106,16.6701449553966,"per 100,000 population","output/incidence_projections.csv"
"Incidence (age-standardised rate)","nhl","Non-Hodgkin lymphoma (NHL)","Headline","Females",,2034,"Projected",16.1923712519336,15.6967455423125,16.6904416893069,"per 100,000 population","output/incidence_projections.csv"
"Incidence (age-standardised rate)","nhl","Non-Hodgkin lymphoma (NHL)","Headline","Females",,2035,"Projected",16.1870619563693,15.6766292865929,16.7053954289693,"per 100,000 population","output/incidence_projections.csv"
"Incidence (age-standardised rate)","nhl","Non-Hodgkin lymphoma (NHL)","Headline","Females",,2036,"Projected",16.1800597393711,15.6449055778287,16.724944852361,"per 100,000 population","output/incidence_projections.csv"
"Incidence (age-standardised rate)","nhl","Non-Hodgkin lymphoma (NHL)","Headline","Females",,2037,"Projected",16.167304494175,15.620917119278,16.7358373811854,"per 100,000 population","output/incidence_projections.csv"
"Incidence (age-standardised rate)","nhl","Non-Hodgkin lymphoma (NHL)","Headline","Females",,2038,"Projected",16.1538392712047,15.593338565308,16.7438810609478,"per 100,000 population","output/incidence_projections.csv"
"Incidence (age-standardised rate)","nhl","Non-Hodgkin lymphoma (NHL)","Headline","Females",,2039,"Projected",16.1407739247949,15.5581134163758,16.7515193596335,"per 100,000 population","output/incidence_projections.csv"
"Incidence (age-standardised rate)","nhl","Non-Hodgkin lymphoma (NHL)","Headline","Females",,2040,"Projected",16.1230781133708,15.5111060000682,16.7635270894554,"per 100,000 population","output/incidence_projections.csv"
"Incidence (age-standardised rate)","nhl","Non-Hodgkin lymphoma (NHL)","Headline","Females",,2041,"Projected",16.1064646884797,15.4658673667136,16.7724819017605,"per 100,000 population","output/incidence_projections.csv"
"Incidence (age-standardised rate)","nhl","Non-Hodgkin lymphoma (NHL)","Headline","Females",,2042,"Projected",16.0919336882798,15.4173011102486,16.7719116027497,"per 100,000 population","output/incidence_projections.csv"
"Incidence (age-standardised rate)","nhl","Non-Hodgkin lymphoma (NHL)","Headline","Females",,2043,"Projected",16.07640082699,15.3716130250946,16.776130809023,"per 100,000 population","output/incidence_projections.csv"
"Incidence (age-standardised rate)","nhl","Non-Hodgkin lymphoma (NHL)","Headline","Females",,2044,"Projected",16.0564985016226,15.3228911044033,16.7852927556658,"per 100,000 population","output/incidence_projections.csv"
"Incidence (age-standardised rate)","nhl","Non-Hodgkin lymphoma (NHL)","Headline","Females",,2045,"Projected",16.0366033509547,15.2735416212386,16.7901566095174,"per 100,000 population","output/incidence_projections.csv"
"Incidence (age-standardised rate)","nhl","Non-Hodgkin lymphoma (NHL)","Headline","Males",,1982,"Historical",12.6901195417141,,,"per 100,000 population","output/incidence_historical_asr.csv"
"Incidence (age-standardised rate)","nhl","Non-Hodgkin lymphoma (NHL)","Headline","Males",,1983,"Historical",12.5211687778543,,,"per 100,000 population","output/incidence_historical_asr.csv"
"Incidence (age-standardised rate)","nhl","Non-Hodgkin lymphoma (NHL)","Headline","Males",,1984,"Historical",14.3056147267033,,,"per 100,000 population","output/incidence_historical_asr.csv"
"Incidence (age-standardised rate)","nhl","Non-Hodgkin lymphoma (NHL)","Headline","Males",,1985,"Historical",14.7551710755484,,,"per 100,000 population","output/incidence_historical_asr.csv"
"Incidence (age-standardised rate)","nhl","Non-Hodgkin lymphoma (NHL)","Headline","Males",,1986,"Historical",15.1554747284392,,,"per 100,000 population","output/incidence_historical_asr.csv"
"Incidence (age-standardised rate)","nhl","Non-Hodgkin lymphoma (NHL)","Headline","Males",,1987,"Historical",16.8443191973475,,,"per 100,000 population","output/incidence_historical_asr.csv"
"Incidence (age-standardised rate)","nhl","Non-Hodgkin lymphoma (NHL)","Headline","Males",,1988,"Historical",15.9489295536927,,,"per 100,000 population","output/incidence_historical_asr.csv"
"Incidence (age-standardised rate)","nhl","Non-Hodgkin lymphoma (NHL)","Headline","Males",,1989,"Historical",17.1049006407811,,,"per 100,000 population","output/incidence_historical_asr.csv"
"Incidence (age-standardised rate)","nhl","Non-Hodgkin lymphoma (NHL)","Headline","Males",,1990,"Historical",18.2461732373385,,,"per 100,000 population","output/incidence_historical_asr.csv"
"Incidence (age-standardised rate)","nhl","Non-Hodgkin lymphoma (NHL)","Headline","Males",,1991,"Historical",18.7220150123039,,,"per 100,000 population","output/incidence_historical_asr.csv"
"Incidence (age-standardised rate)","nhl","Non-Hodgkin lymphoma (NHL)","Headline","Males",,1992,"Historical",19.7913179033104,,,"per 100,000 population","output/incidence_historical_asr.csv"
"Incidence (age-standardised rate)","nhl","Non-Hodgkin lymphoma (NHL)","Headline","Males",,1993,"Historical",19.9536477132158,,,"per 100,000 population","output/incidence_historical_asr.csv"
"Incidence (age-standardised rate)","nhl","Non-Hodgkin lymphoma (NHL)","Headline","Males",,1994,"Historical",19.0492293469517,,,"per 100,000 population","output/incidence_historical_asr.csv"
"Incidence (age-standardised rate)","nhl","Non-Hodgkin lymphoma (NHL)","Headline","Males",,1995,"Historical",18.780089400216,,,"per 100,000 population","output/incidence_historical_asr.csv"
"Incidence (age-standardised rate)","nhl","Non-Hodgkin lymphoma (NHL)","Headline","Males",,1996,"Historical",20.5771577077177,,,"per 100,000 population","output/incidence_historical_asr.csv"
"Incidence (age-standardised rate)","nhl","Non-Hodgkin lymphoma (NHL)","Headline","Males",,1997,"Historical",20.3743277966845,,,"per 100,000 population","output/incidence_historical_asr.csv"
"Incidence (age-standardised rate)","nhl","Non-Hodgkin lymphoma (NHL)","Headline","Males",,1998,"Historical",19.7127426563833,,,"per 100,000 population","output/incidence_historical_asr.csv"
"Incidence (age-standardised rate)","nhl","Non-Hodgkin lymphoma (NHL)","Headline","Males",,1999,"Historical",20.1064435528968,,,"per 100,000 population","output/incidence_historical_asr.csv"
"Incidence (age-standardised rate)","nhl","Non-Hodgkin lymphoma (NHL)","Headline","Males",,2000,"Historical",20.8773777037549,,,"per 100,000 population","output/incidence_historical_asr.csv"
"Incidence (age-standardised rate)","nhl","Non-Hodgkin lymphoma (NHL)","Headline","Males",,2001,"Historical",20.7682259026941,,,"per 100,000 population","output/incidence_historical_asr.csv"
"Incidence (age-standardised rate)","nhl","Non-Hodgkin lymphoma (NHL)","Headline","Males",,2002,"Historical",21.3791855257059,,,"per 100,000 population","output/incidence_historical_asr.csv"
"Incidence (age-standardised rate)","nhl","Non-Hodgkin lymphoma (NHL)","Headline","Males",,2003,"Historical",21.5964697712558,,,"per 100,000 population","output/incidence_historical_asr.csv"
"Incidence (age-standardised rate)","nhl","Non-Hodgkin lymphoma (NHL)","Headline","Males",,2004,"Historical",21.7460189953737,,,"per 100,000 population","output/incidence_historical_asr.csv"
"Incidence (age-standardised rate)","nhl","Non-Hodgkin lymphoma (NHL)","Headline","Males",,2005,"Historical",21.0526978897509,,,"per 100,000 population","output/incidence_historical_asr.csv"
"Incidence (age-standardised rate)","nhl","Non-Hodgkin lymphoma (NHL)","Headline","Males",,2006,"Historical",21.3548510805206,,,"per 100,000 population","output/incidence_historical_asr.csv"
"Incidence (age-standardised rate)","nhl","Non-Hodgkin lymphoma (NHL)","Headline","Males",,2007,"Historical",21.0819037220838,,,"per 100,000 population","output/incidence_historical_asr.csv"
"Incidence (age-standardised rate)","nhl","Non-Hodgkin lymphoma (NHL)","Headline","Males",,2008,"Historical",21.0202980304472,,,"per 100,000 population","output/incidence_historical_asr.csv"
"Incidence (age-standardised rate)","nhl","Non-Hodgkin lymphoma (NHL)","Headline","Males",,2009,"Historical",21.9911768514751,,,"per 100,000 population","output/incidence_historical_asr.csv"
"Incidence (age-standardised rate)","nhl","Non-Hodgkin lymphoma (NHL)","Headline","Males",,2010,"Historical",22.0703045825712,,,"per 100,000 population","output/incidence_historical_asr.csv"
"Incidence (age-standardised rate)","nhl","Non-Hodgkin lymphoma (NHL)","Headline","Males",,2011,"Historical",22.7492501617943,,,"per 100,000 population","output/incidence_historical_asr.csv"
"Incidence (age-standardised rate)","nhl","Non-Hodgkin lymphoma (NHL)","Headline","Males",,2012,"Historical",23.3175034752343,,,"per 100,000 population","output/incidence_historical_asr.csv"
"Incidence (age-standardised rate)","nhl","Non-Hodgkin lymphoma (NHL)","Headline","Males",,2013,"Historical",22.9605886540108,,,"per 100,000 population","output/incidence_historical_asr.csv"
"Incidence (age-standardised rate)","nhl","Non-Hodgkin lymphoma (NHL)","Headline","Males",,2014,"Historical",23.1891130562134,,,"per 100,000 population","output/incidence_historical_asr.csv"
"Incidence (age-standardised rate)","nhl","Non-Hodgkin lymphoma (NHL)","Headline","Males",,2015,"Historical",22.7388784391297,,,"per 100,000 population","output/incidence_historical_asr.csv"
"Incidence (age-standardised rate)","nhl","Non-Hodgkin lymphoma (NHL)","Headline","Males",,2016,"Historical",23.4051713427483,,,"per 100,000 population","output/incidence_historical_asr.csv"
"Incidence (age-standardised rate)","nhl","Non-Hodgkin lymphoma (NHL)","Headline","Males",,2017,"Historical",24.14165396647,,,"per 100,000 population","output/incidence_historical_asr.csv"
"Incidence (age-standardised rate)","nhl","Non-Hodgkin lymphoma (NHL)","Headline","Males",,2018,"Historical",23.6920028393396,,,"per 100,000 population","output/incidence_historical_asr.csv"
"Incidence (age-standardised rate)","nhl","Non-Hodgkin lymphoma (NHL)","Headline","Males",,2019,"Historical",23.7607423283387,,,"per 100,000 population","output/incidence_historical_asr.csv"
"Incidence (age-standardised rate)","nhl","Non-Hodgkin lymphoma (NHL)","Headline","Males",,2020,"Historical",24.1867878135521,,,"per 100,000 population","output/incidence_historical_asr.csv"
"Incidence (age-standardised rate)","nhl","Non-Hodgkin lymphoma (NHL)","Headline","Males",,2021,"Historical",22.6110690572221,,,"per 100,000 population","output/incidence_historical_asr.csv"
"Incidence (age-standardised rate)","nhl","Non-Hodgkin lymphoma (NHL)","Headline","Males",,2022,"Projected",23.4588244743273,22.9460856785025,23.975789837717,"per 100,000 population","output/incidence_projections.csv"
"Incidence (age-standardised rate)","nhl","Non-Hodgkin lymphoma (NHL)","Headline","Males",,2023,"Projected",23.5350069344059,23.0482251956631,24.0373541153481,"per 100,000 population","output/incidence_projections.csv"
"Incidence (age-standardised rate)","nhl","Non-Hodgkin lymphoma (NHL)","Headline","Males",,2024,"Projected",23.5953950470321,23.1200396367703,24.0916546343369,"per 100,000 population","output/incidence_projections.csv"
"Incidence (age-standardised rate)","nhl","Non-Hodgkin lymphoma (NHL)","Headline","Males",,2025,"Projected",23.6462779281418,23.1902090885477,24.1285249869937,"per 100,000 population","output/incidence_projections.csv"
"Incidence (age-standardised rate)","nhl","Non-Hodgkin lymphoma (NHL)","Headline","Males",,2026,"Projected",23.6863596710074,23.2436276605827,24.1649676173899,"per 100,000 population","output/incidence_projections.csv"
"Incidence (age-standardised rate)","nhl","Non-Hodgkin lymphoma (NHL)","Headline","Males",,2027,"Projected",23.7116802021673,23.2727636885157,24.2146307748921,"per 100,000 population","output/incidence_projections.csv"
"Incidence (age-standardised rate)","nhl","Non-Hodgkin lymphoma (NHL)","Headline","Males",,2028,"Projected",23.7285221155666,23.279933175646,24.2336745159008,"per 100,000 population","output/incidence_projections.csv"
"Incidence (age-standardised rate)","nhl","Non-Hodgkin lymphoma (NHL)","Headline","Males",,2029,"Projected",23.7311400621547,23.2834014049757,24.2455499645846,"per 100,000 population","output/incidence_projections.csv"
"Incidence (age-standardised rate)","nhl","Non-Hodgkin lymphoma (NHL)","Headline","Males",,2030,"Projected",23.7266248950669,23.2641434268964,24.2432253265677,"per 100,000 population","output/incidence_projections.csv"
"Incidence (age-standardised rate)","nhl","Non-Hodgkin lymphoma (NHL)","Headline","Males",,2031,"Projected",23.7040771395695,23.22818728286,24.2398565131472,"per 100,000 population","output/incidence_projections.csv"
"Incidence (age-standardised rate)","nhl","Non-Hodgkin lymphoma (NHL)","Headline","Males",,2032,"Projected",23.6830335698077,23.1927943437908,24.230871972608,"per 100,000 population","output/incidence_projections.csv"
"Incidence (age-standardised rate)","nhl","Non-Hodgkin lymphoma (NHL)","Headline","Males",,2033,"Projected",23.6499868552651,23.1469898195844,24.2117886963043,"per 100,000 population","output/incidence_projections.csv"
"Incidence (age-standardised rate)","nhl","Non-Hodgkin lymphoma (NHL)","Headline","Males",,2034,"Projected",23.6059251576919,23.0915962762415,24.1880147999494,"per 100,000 population","output/incidence_projections.csv"
"Incidence (age-standardised rate)","nhl","Non-Hodgkin lymphoma (NHL)","Headline","Males",,2035,"Projected",23.5488653717792,23.0236689482053,24.1611970272095,"per 100,000 population","output/incidence_projections.csv"
"Incidence (age-standardised rate)","nhl","Non-Hodgkin lymphoma (NHL)","Headline","Males",,2036,"Projected",23.4836121284726,22.9404362365619,24.1254023186753,"per 100,000 population","output/incidence_projections.csv"
"Incidence (age-standardised rate)","nhl","Non-Hodgkin lymphoma (NHL)","Headline","Males",,2037,"Projected",23.4149702798081,22.8454935561251,24.0814310146152,"per 100,000 population","output/incidence_projections.csv"
"Incidence (age-standardised rate)","nhl","Non-Hodgkin lymphoma (NHL)","Headline","Males",,2038,"Projected",23.3331685396059,22.7436317717497,24.0296799460853,"per 100,000 population","output/incidence_projections.csv"
"Incidence (age-standardised rate)","nhl","Non-Hodgkin lymphoma (NHL)","Headline","Males",,2039,"Projected",23.2432754840141,22.633547113232,23.9704006956056,"per 100,000 population","output/incidence_projections.csv"
"Incidence (age-standardised rate)","nhl","Non-Hodgkin lymphoma (NHL)","Headline","Males",,2040,"Projected",23.1507441569762,22.5151438669629,23.9007925374067,"per 100,000 population","output/incidence_projections.csv"
"Incidence (age-standardised rate)","nhl","Non-Hodgkin lymphoma (NHL)","Headline","Males",,2041,"Projected",23.0485993146041,22.3913937114368,23.8198152902776,"per 100,000 population","output/incidence_projections.csv"
"Incidence (age-standardised rate)","nhl","Non-Hodgkin lymphoma (NHL)","Headline","Males",,2042,"Projected",22.9572198670086,22.2784427188204,23.7519071505273,"per 100,000 population","output/incidence_projections.csv"
"Incidence (age-standardised rate)","nhl","Non-Hodgkin lymphoma (NHL)","Headline","Males",,2043,"Projected",22.8600515933997,22.1661658290615,23.6838693757368,"per 100,000 population","output/incidence_projections.csv"
"Incidence (age-standardised rate)","nhl","Non-Hodgkin lymphoma (NHL)","Headline","Males",,2044,"Projected",22.7596150033475,22.0411350985918,23.6016468161028,"per 100,000 population","output/incidence_projections.csv"
"Incidence (age-standardised rate)","nhl","Non-Hodgkin lymphoma (NHL)","Headline","Males",,2045,"Projected",22.648960321319,21.9141471667026,23.5129671449416,"per 100,000 population","output/incidence_projections.csv"
"Incidence (age-standardised rate)","dlbcl","Diffuse large B-cell lymphoma (DLBCL)","NHL subtype","Females",,2003,"Historical",5.05016590343046,,,"per 100,000 population","output/incidence_historical_asr.csv"
"Incidence (age-standardised rate)","dlbcl","Diffuse large B-cell lymphoma (DLBCL)","NHL subtype","Females",,2004,"Historical",5.10819729058098,,,"per 100,000 population","output/incidence_historical_asr.csv"
"Incidence (age-standardised rate)","dlbcl","Diffuse large B-cell lymphoma (DLBCL)","NHL subtype","Females",,2005,"Historical",6.35371209980037,,,"per 100,000 population","output/incidence_historical_asr.csv"
"Incidence (age-standardised rate)","dlbcl","Diffuse large B-cell lymphoma (DLBCL)","NHL subtype","Females",,2006,"Historical",5.60572959363784,,,"per 100,000 population","output/incidence_historical_asr.csv"
"Incidence (age-standardised rate)","dlbcl","Diffuse large B-cell lymphoma (DLBCL)","NHL subtype","Females",,2007,"Historical",5.26027150071045,,,"per 100,000 population","output/incidence_historical_asr.csv"
"Incidence (age-standardised rate)","dlbcl","Diffuse large B-cell lymphoma (DLBCL)","NHL subtype","Females",,2008,"Historical",5.43460769654053,,,"per 100,000 population","output/incidence_historical_asr.csv"
"Incidence (age-standardised rate)","dlbcl","Diffuse large B-cell lymphoma (DLBCL)","NHL subtype","Females",,2009,"Historical",5.81018487497202,,,"per 100,000 population","output/incidence_historical_asr.csv"
"Incidence (age-standardised rate)","dlbcl","Diffuse large B-cell lymphoma (DLBCL)","NHL subtype","Females",,2010,"Historical",5.48220957959761,,,"per 100,000 population","output/incidence_historical_asr.csv"
"Incidence (age-standardised rate)","dlbcl","Diffuse large B-cell lymphoma (DLBCL)","NHL subtype","Females",,2011,"Historical",5.61435532940375,,,"per 100,000 population","output/incidence_historical_asr.csv"
"Incidence (age-standardised rate)","dlbcl","Diffuse large B-cell lymphoma (DLBCL)","NHL subtype","Females",,2012,"Historical",5.59543434139483,,,"per 100,000 population","output/incidence_historical_asr.csv"
"Incidence (age-standardised rate)","dlbcl","Diffuse large B-cell lymphoma (DLBCL)","NHL subtype","Females",,2013,"Historical",5.34792865868394,,,"per 100,000 population","output/incidence_historical_asr.csv"
"Incidence (age-standardised rate)","dlbcl","Diffuse large B-cell lymphoma (DLBCL)","NHL subtype","Females",,2014,"Historical",5.78639995876152,,,"per 100,000 population","output/incidence_historical_asr.csv"
"Incidence (age-standardised rate)","dlbcl","Diffuse large B-cell lymphoma (DLBCL)","NHL subtype","Females",,2015,"Historical",5.42040232673978,,,"per 100,000 population","output/incidence_historical_asr.csv"
"Incidence (age-standardised rate)","dlbcl","Diffuse large B-cell lymphoma (DLBCL)","NHL subtype","Females",,2016,"Historical",5.31885803621945,,,"per 100,000 population","output/incidence_historical_asr.csv"
"Incidence (age-standardised rate)","dlbcl","Diffuse large B-cell lymphoma (DLBCL)","NHL subtype","Females",,2017,"Historical",5.36916088184698,,,"per 100,000 population","output/incidence_historical_asr.csv"
"Incidence (age-standardised rate)","dlbcl","Diffuse large B-cell lymphoma (DLBCL)","NHL subtype","Females",,2018,"Historical",5.13086771199236,,,"per 100,000 population","output/incidence_historical_asr.csv"
"Incidence (age-standardised rate)","dlbcl","Diffuse large B-cell lymphoma (DLBCL)","NHL subtype","Females",,2019,"Historical",5.53298318540356,,,"per 100,000 population","output/incidence_historical_asr.csv"
"Incidence (age-standardised rate)","dlbcl","Diffuse large B-cell lymphoma (DLBCL)","NHL subtype","Females",,2020,"Historical",5.55506571337118,,,"per 100,000 population","output/incidence_historical_asr.csv"
"Incidence (age-standardised rate)","dlbcl","Diffuse large B-cell lymphoma (DLBCL)","NHL subtype","Females",,2021,"Historical",5.63857930607816,,,"per 100,000 population","output/incidence_historical_asr.csv"
"Incidence (age-standardised rate)","dlbcl","Diffuse large B-cell lymphoma (DLBCL)","NHL subtype","Females",,2022,"Projected",5.57320456307535,5.30501851894734,5.86218494168163,"per 100,000 population","output/incidence_projections.csv"
"Incidence (age-standardised rate)","dlbcl","Diffuse large B-cell lymphoma (DLBCL)","NHL subtype","Females",,2023,"Projected",5.53221853620386,5.27177171171477,5.82332303188559,"per 100,000 population","output/incidence_projections.csv"
"Incidence (age-standardised rate)","dlbcl","Diffuse large B-cell lymphoma (DLBCL)","NHL subtype","Females",,2024,"Projected",5.49553883857643,5.22976542672788,5.79884455282503,"per 100,000 population","output/incidence_projections.csv"
"Incidence (age-standardised rate)","dlbcl","Diffuse large B-cell lymphoma (DLBCL)","NHL subtype","Females",,2025,"Projected",5.46132380019586,5.19863640564726,5.76793670961144,"per 100,000 population","output/incidence_projections.csv"
"Incidence (age-standardised rate)","dlbcl","Diffuse large B-cell lymphoma (DLBCL)","NHL subtype","Females",,2026,"Projected",5.42446184257574,5.15341871234444,5.7210712012141,"per 100,000 population","output/incidence_projections.csv"
"Incidence (age-standardised rate)","dlbcl","Diffuse large B-cell lymphoma (DLBCL)","NHL subtype","Females",,2027,"Projected",5.3869124963529,5.10219438048879,5.69804878155491,"per 100,000 population","output/incidence_projections.csv"
"Incidence (age-standardised rate)","dlbcl","Diffuse large B-cell lymphoma (DLBCL)","NHL subtype","Females",,2028,"Projected",5.35445029480847,5.05753076470818,5.67278880382804,"per 100,000 population","output/incidence_projections.csv"
"Incidence (age-standardised rate)","dlbcl","Diffuse large B-cell lymphoma (DLBCL)","NHL subtype","Females",,2029,"Projected",5.31999350578221,5.01792840884727,5.65614654057337,"per 100,000 population","output/incidence_projections.csv"
"Incidence (age-standardised rate)","dlbcl","Diffuse large B-cell lymphoma (DLBCL)","NHL subtype","Females",,2030,"Projected",5.28943797895205,4.97498259053598,5.64485008272469,"per 100,000 population","output/incidence_projections.csv"
"Incidence (age-standardised rate)","dlbcl","Diffuse large B-cell lymphoma (DLBCL)","NHL subtype","Females",,2031,"Projected",5.25933256943539,4.92232698562672,5.63295977967745,"per 100,000 population","output/incidence_projections.csv"
"Incidence (age-standardised rate)","dlbcl","Diffuse large B-cell lymphoma (DLBCL)","NHL subtype","Females",,2032,"Projected",5.23271176374456,4.87356141006457,5.63576462602561,"per 100,000 population","output/incidence_projections.csv"
"Incidence (age-standardised rate)","dlbcl","Diffuse large B-cell lymphoma (DLBCL)","NHL subtype","Females",,2033,"Projected",5.20619833745421,4.837346397993,5.63563316510934,"per 100,000 population","output/incidence_projections.csv"
"Incidence (age-standardised rate)","dlbcl","Diffuse large B-cell lymphoma (DLBCL)","NHL subtype","Females",,2034,"Projected",5.18187014877786,4.79933773424905,5.63852238571838,"per 100,000 population","output/incidence_projections.csv"
"Incidence (age-standardised rate)","dlbcl","Diffuse large B-cell lymphoma (DLBCL)","NHL subtype","Females",,2035,"Projected",5.16046322844482,4.75919916035249,5.63922626898619,"per 100,000 population","output/incidence_projections.csv"
"Incidence (age-standardised rate)","dlbcl","Diffuse large B-cell lymphoma (DLBCL)","NHL subtype","Females",,2036,"Projected",5.13722971328898,4.71871281672621,5.63941705807816,"per 100,000 population","output/incidence_projections.csv"
"Incidence (age-standardised rate)","dlbcl","Diffuse large B-cell lymphoma (DLBCL)","NHL subtype","Females",,2037,"Projected",5.12007127630485,4.67492776710296,5.63857434253604,"per 100,000 population","output/incidence_projections.csv"
"Incidence (age-standardised rate)","dlbcl","Diffuse large B-cell lymphoma (DLBCL)","NHL subtype","Females",,2038,"Projected",5.10191312607503,4.63360919285605,5.6476147359164,"per 100,000 population","output/incidence_projections.csv"
"Incidence (age-standardised rate)","dlbcl","Diffuse large B-cell lymphoma (DLBCL)","NHL subtype","Females",,2039,"Projected",5.0871916733987,4.59663938328808,5.65859355804978,"per 100,000 population","output/incidence_projections.csv"
"Incidence (age-standardised rate)","dlbcl","Diffuse large B-cell lymphoma (DLBCL)","NHL subtype","Females",,2040,"Projected",5.0700227380443,4.55771003142963,5.67490178591333,"per 100,000 population","output/incidence_projections.csv"
"Incidence (age-standardised rate)","dlbcl","Diffuse large B-cell lymphoma (DLBCL)","NHL subtype","Females",,2041,"Projected",5.05867644380851,4.51962219402035,5.69840123903538,"per 100,000 population","output/incidence_projections.csv"
"Incidence (age-standardised rate)","dlbcl","Diffuse large B-cell lymphoma (DLBCL)","NHL subtype","Females",,2042,"Projected",5.04698680526667,4.49055995714032,5.71337138583902,"per 100,000 population","output/incidence_projections.csv"
"Incidence (age-standardised rate)","dlbcl","Diffuse large B-cell lymphoma (DLBCL)","NHL subtype","Females",,2043,"Projected",5.03600446334377,4.46252869379582,5.72303675444762,"per 100,000 population","output/incidence_projections.csv"
"Incidence (age-standardised rate)","dlbcl","Diffuse large B-cell lymphoma (DLBCL)","NHL subtype","Females",,2044,"Projected",5.02653695820028,4.43433053185462,5.74019952184765,"per 100,000 population","output/incidence_projections.csv"
"Incidence (age-standardised rate)","dlbcl","Diffuse large B-cell lymphoma (DLBCL)","NHL subtype","Females",,2045,"Projected",5.0179676271693,4.4060374722847,5.75982593877838,"per 100,000 population","output/incidence_projections.csv"
"Incidence (age-standardised rate)","dlbcl","Diffuse large B-cell lymphoma (DLBCL)","NHL subtype","Males",,2003,"Historical",7.60917995625958,,,"per 100,000 population","output/incidence_historical_asr.csv"
"Incidence (age-standardised rate)","dlbcl","Diffuse large B-cell lymphoma (DLBCL)","NHL subtype","Males",,2004,"Historical",7.72965734517197,,,"per 100,000 population","output/incidence_historical_asr.csv"
"Incidence (age-standardised rate)","dlbcl","Diffuse large B-cell lymphoma (DLBCL)","NHL subtype","Males",,2005,"Historical",7.63604883152768,,,"per 100,000 population","output/incidence_historical_asr.csv"
"Incidence (age-standardised rate)","dlbcl","Diffuse large B-cell lymphoma (DLBCL)","NHL subtype","Males",,2006,"Historical",7.80360379173715,,,"per 100,000 population","output/incidence_historical_asr.csv"
"Incidence (age-standardised rate)","dlbcl","Diffuse large B-cell lymphoma (DLBCL)","NHL subtype","Males",,2007,"Historical",7.87920677688649,,,"per 100,000 population","output/incidence_historical_asr.csv"
"Incidence (age-standardised rate)","dlbcl","Diffuse large B-cell lymphoma (DLBCL)","NHL subtype","Males",,2008,"Historical",7.90418573634177,,,"per 100,000 population","output/incidence_historical_asr.csv"
"Incidence (age-standardised rate)","dlbcl","Diffuse large B-cell lymphoma (DLBCL)","NHL subtype","Males",,2009,"Historical",7.80161488021855,,,"per 100,000 population","output/incidence_historical_asr.csv"
"Incidence (age-standardised rate)","dlbcl","Diffuse large B-cell lymphoma (DLBCL)","NHL subtype","Males",,2010,"Historical",7.72118341245084,,,"per 100,000 population","output/incidence_historical_asr.csv"
"Incidence (age-standardised rate)","dlbcl","Diffuse large B-cell lymphoma (DLBCL)","NHL subtype","Males",,2011,"Historical",8.18982031511752,,,"per 100,000 population","output/incidence_historical_asr.csv"
"Incidence (age-standardised rate)","dlbcl","Diffuse large B-cell lymphoma (DLBCL)","NHL subtype","Males",,2012,"Historical",8.50755784449936,,,"per 100,000 population","output/incidence_historical_asr.csv"
"Incidence (age-standardised rate)","dlbcl","Diffuse large B-cell lymphoma (DLBCL)","NHL subtype","Males",,2013,"Historical",8.28009608872974,,,"per 100,000 population","output/incidence_historical_asr.csv"
"Incidence (age-standardised rate)","dlbcl","Diffuse large B-cell lymphoma (DLBCL)","NHL subtype","Males",,2014,"Historical",8.00805265072525,,,"per 100,000 population","output/incidence_historical_asr.csv"
"Incidence (age-standardised rate)","dlbcl","Diffuse large B-cell lymphoma (DLBCL)","NHL subtype","Males",,2015,"Historical",7.98782031590169,,,"per 100,000 population","output/incidence_historical_asr.csv"
"Incidence (age-standardised rate)","dlbcl","Diffuse large B-cell lymphoma (DLBCL)","NHL subtype","Males",,2016,"Historical",8.16039863274346,,,"per 100,000 population","output/incidence_historical_asr.csv"
"Incidence (age-standardised rate)","dlbcl","Diffuse large B-cell lymphoma (DLBCL)","NHL subtype","Males",,2017,"Historical",7.98186110880914,,,"per 100,000 population","output/incidence_historical_asr.csv"
"Incidence (age-standardised rate)","dlbcl","Diffuse large B-cell lymphoma (DLBCL)","NHL subtype","Males",,2018,"Historical",8.42090451942554,,,"per 100,000 population","output/incidence_historical_asr.csv"
"Incidence (age-standardised rate)","dlbcl","Diffuse large B-cell lymphoma (DLBCL)","NHL subtype","Males",,2019,"Historical",8.05882588082688,,,"per 100,000 population","output/incidence_historical_asr.csv"
"Incidence (age-standardised rate)","dlbcl","Diffuse large B-cell lymphoma (DLBCL)","NHL subtype","Males",,2020,"Historical",8.38280976618939,,,"per 100,000 population","output/incidence_historical_asr.csv"
"Incidence (age-standardised rate)","dlbcl","Diffuse large B-cell lymphoma (DLBCL)","NHL subtype","Males",,2021,"Historical",8.06997842329333,,,"per 100,000 population","output/incidence_historical_asr.csv"
"Incidence (age-standardised rate)","dlbcl","Diffuse large B-cell lymphoma (DLBCL)","NHL subtype","Males",,2022,"Projected",8.19663403985358,7.84166137446526,8.55817804771036,"per 100,000 population","output/incidence_projections.csv"
"Incidence (age-standardised rate)","dlbcl","Diffuse large B-cell lymphoma (DLBCL)","NHL subtype","Males",,2023,"Projected",8.17728102470931,7.82822160689591,8.52378179640202,"per 100,000 population","output/incidence_projections.csv"
"Incidence (age-standardised rate)","dlbcl","Diffuse large B-cell lymphoma (DLBCL)","NHL subtype","Males",,2024,"Projected",8.14853173553782,7.80442481539178,8.50164845380766,"per 100,000 population","output/incidence_projections.csv"
"Incidence (age-standardised rate)","dlbcl","Diffuse large B-cell lymphoma (DLBCL)","NHL subtype","Males",,2025,"Projected",8.11897091482968,7.78221907501865,8.47762466821013,"per 100,000 population","output/incidence_projections.csv"
"Incidence (age-standardised rate)","dlbcl","Diffuse large B-cell lymphoma (DLBCL)","NHL subtype","Males",,2026,"Projected",8.08904579617908,7.74999818560881,8.45991184820088,"per 100,000 population","output/incidence_projections.csv"
"Incidence (age-standardised rate)","dlbcl","Diffuse large B-cell lymphoma (DLBCL)","NHL subtype","Males",,2027,"Projected",8.06081797248833,7.71017645489906,8.4369400749908,"per 100,000 population","output/incidence_projections.csv"
"Incidence (age-standardised rate)","dlbcl","Diffuse large B-cell lymphoma (DLBCL)","NHL subtype","Males",,2028,"Projected",8.03002389948957,7.66363325761493,8.41157587765602,"per 100,000 population","output/incidence_projections.csv"
"Incidence (age-standardised rate)","dlbcl","Diffuse large B-cell lymphoma (DLBCL)","NHL subtype","Males",,2029,"Projected",7.99532528534221,7.61509426967327,8.39138994228262,"per 100,000 population","output/incidence_projections.csv"
"Incidence (age-standardised rate)","dlbcl","Diffuse large B-cell lymphoma (DLBCL)","NHL subtype","Males",,2030,"Projected",7.95180213468612,7.56207644844782,8.36748386654786,"per 100,000 population","output/incidence_projections.csv"
"Incidence (age-standardised rate)","dlbcl","Diffuse large B-cell lymphoma (DLBCL)","NHL subtype","Males",,2031,"Projected",7.90003880810857,7.49133063561664,8.34536522632201,"per 100,000 population","output/incidence_projections.csv"
"Incidence (age-standardised rate)","dlbcl","Diffuse large B-cell lymphoma (DLBCL)","NHL subtype","Males",,2032,"Projected",7.85549313356086,7.43633933412326,8.32141591038765,"per 100,000 population","output/incidence_projections.csv"
"Incidence (age-standardised rate)","dlbcl","Diffuse large B-cell lymphoma (DLBCL)","NHL subtype","Males",,2033,"Projected",7.8030165574754,7.37741754175885,8.29045060330397,"per 100,000 population","output/incidence_projections.csv"
"Incidence (age-standardised rate)","dlbcl","Diffuse large B-cell lymphoma (DLBCL)","NHL subtype","Males",,2034,"Projected",7.74858361470898,7.30308895606913,8.24407051440239,"per 100,000 population","output/incidence_projections.csv"
"Incidence (age-standardised rate)","dlbcl","Diffuse large B-cell lymphoma (DLBCL)","NHL subtype","Males",,2035,"Projected",7.68805217795762,7.2267613237656,8.20268092111553,"per 100,000 population","output/incidence_projections.csv"
"Incidence (age-standardised rate)","dlbcl","Diffuse large B-cell lymphoma (DLBCL)","NHL subtype","Males",,2036,"Projected",7.62462830475667,7.15362929353129,8.16663440170216,"per 100,000 population","output/incidence_projections.csv"
"Incidence (age-standardised rate)","dlbcl","Diffuse large B-cell lymphoma (DLBCL)","NHL subtype","Males",,2037,"Projected",7.56473592391986,7.06633485174352,8.11582351270586,"per 100,000 population","output/incidence_projections.csv"
"Incidence (age-standardised rate)","dlbcl","Diffuse large B-cell lymphoma (DLBCL)","NHL subtype","Males",,2038,"Projected",7.4982686480666,6.98612545567089,8.07801014858284,"per 100,000 population","output/incidence_projections.csv"
"Incidence (age-standardised rate)","dlbcl","Diffuse large B-cell lymphoma (DLBCL)","NHL subtype","Males",,2039,"Projected",7.433306021217,6.8993277727939,8.04393631778161,"per 100,000 population","output/incidence_projections.csv"
"Incidence (age-standardised rate)","dlbcl","Diffuse large B-cell lymphoma (DLBCL)","NHL subtype","Males",,2040,"Projected",7.36528881916972,6.8092165963464,8.00046160488871,"per 100,000 population","output/incidence_projections.csv"
"Incidence (age-standardised rate)","dlbcl","Diffuse large B-cell lymphoma (DLBCL)","NHL subtype","Males",,2041,"Projected",7.2922231329747,6.72240951211474,7.95285841352552,"per 100,000 population","output/incidence_projections.csv"
"Incidence (age-standardised rate)","dlbcl","Diffuse large B-cell lymphoma (DLBCL)","NHL subtype","Males",,2042,"Projected",7.23303298358459,6.64388978709953,7.91890936187329,"per 100,000 population","output/incidence_projections.csv"
"Incidence (age-standardised rate)","dlbcl","Diffuse large B-cell lymphoma (DLBCL)","NHL subtype","Males",,2043,"Projected",7.17280878063005,6.56333298226194,7.88213735828445,"per 100,000 population","output/incidence_projections.csv"
"Incidence (age-standardised rate)","dlbcl","Diffuse large B-cell lymphoma (DLBCL)","NHL subtype","Males",,2044,"Projected",7.10625400138543,6.47966462875144,7.8363518862606,"per 100,000 population","output/incidence_projections.csv"
"Incidence (age-standardised rate)","dlbcl","Diffuse large B-cell lymphoma (DLBCL)","NHL subtype","Males",,2045,"Projected",7.0334811354743,6.39211442873078,7.79599772803807,"per 100,000 population","output/incidence_projections.csv"
"Incidence (age-standardised rate)","follicular","Follicular lymphoma (FL)","NHL subtype","Females",,2003,"Historical",3.83848027544457,,,"per 100,000 population","output/incidence_historical_asr.csv"
"Incidence (age-standardised rate)","follicular","Follicular lymphoma (FL)","NHL subtype","Females",,2004,"Historical",3.99421663602329,,,"per 100,000 population","output/incidence_historical_asr.csv"
"Incidence (age-standardised rate)","follicular","Follicular lymphoma (FL)","NHL subtype","Females",,2005,"Historical",3.95849480676229,,,"per 100,000 population","output/incidence_historical_asr.csv"
"Incidence (age-standardised rate)","follicular","Follicular lymphoma (FL)","NHL subtype","Females",,2006,"Historical",3.79462367920786,,,"per 100,000 population","output/incidence_historical_asr.csv"
"Incidence (age-standardised rate)","follicular","Follicular lymphoma (FL)","NHL subtype","Females",,2007,"Historical",4.04852821546936,,,"per 100,000 population","output/incidence_historical_asr.csv"
"Incidence (age-standardised rate)","follicular","Follicular lymphoma (FL)","NHL subtype","Females",,2008,"Historical",4.09464383755195,,,"per 100,000 population","output/incidence_historical_asr.csv"
"Incidence (age-standardised rate)","follicular","Follicular lymphoma (FL)","NHL subtype","Females",,2009,"Historical",4.19021092377035,,,"per 100,000 population","output/incidence_historical_asr.csv"
"Incidence (age-standardised rate)","follicular","Follicular lymphoma (FL)","NHL subtype","Females",,2010,"Historical",4.01250474003113,,,"per 100,000 population","output/incidence_historical_asr.csv"
"Incidence (age-standardised rate)","follicular","Follicular lymphoma (FL)","NHL subtype","Females",,2011,"Historical",3.45356812919393,,,"per 100,000 population","output/incidence_historical_asr.csv"
"Incidence (age-standardised rate)","follicular","Follicular lymphoma (FL)","NHL subtype","Females",,2012,"Historical",4.01344947595388,,,"per 100,000 population","output/incidence_historical_asr.csv"
"Incidence (age-standardised rate)","follicular","Follicular lymphoma (FL)","NHL subtype","Females",,2013,"Historical",3.92817908032911,,,"per 100,000 population","output/incidence_historical_asr.csv"
"Incidence (age-standardised rate)","follicular","Follicular lymphoma (FL)","NHL subtype","Females",,2014,"Historical",4.04575733685321,,,"per 100,000 population","output/incidence_historical_asr.csv"
"Incidence (age-standardised rate)","follicular","Follicular lymphoma (FL)","NHL subtype","Females",,2015,"Historical",3.70323448768873,,,"per 100,000 population","output/incidence_historical_asr.csv"
"Incidence (age-standardised rate)","follicular","Follicular lymphoma (FL)","NHL subtype","Females",,2016,"Historical",3.98081585453854,,,"per 100,000 population","output/incidence_historical_asr.csv"
"Incidence (age-standardised rate)","follicular","Follicular lymphoma (FL)","NHL subtype","Females",,2017,"Historical",4.32165897261552,,,"per 100,000 population","output/incidence_historical_asr.csv"
"Incidence (age-standardised rate)","follicular","Follicular lymphoma (FL)","NHL subtype","Females",,2018,"Historical",3.78808496633901,,,"per 100,000 population","output/incidence_historical_asr.csv"
"Incidence (age-standardised rate)","follicular","Follicular lymphoma (FL)","NHL subtype","Females",,2019,"Historical",3.77365783852739,,,"per 100,000 population","output/incidence_historical_asr.csv"
"Incidence (age-standardised rate)","follicular","Follicular lymphoma (FL)","NHL subtype","Females",,2020,"Historical",4.35913393192674,,,"per 100,000 population","output/incidence_historical_asr.csv"
"Incidence (age-standardised rate)","follicular","Follicular lymphoma (FL)","NHL subtype","Females",,2021,"Historical",3.70994625247141,,,"per 100,000 population","output/incidence_historical_asr.csv"
"Incidence (age-standardised rate)","follicular","Follicular lymphoma (FL)","NHL subtype","Females",,2022,"Projected",3.80452616768691,3.58326660956841,4.03844324198881,"per 100,000 population","output/incidence_projections.csv"
"Incidence (age-standardised rate)","follicular","Follicular lymphoma (FL)","NHL subtype","Females",,2023,"Projected",3.76601082674672,3.55112302776352,3.99749310651931,"per 100,000 population","output/incidence_projections.csv"
"Incidence (age-standardised rate)","follicular","Follicular lymphoma (FL)","NHL subtype","Females",,2024,"Projected",3.7256654233068,3.5059653530198,3.95396682015817,"per 100,000 population","output/incidence_projections.csv"
"Incidence (age-standardised rate)","follicular","Follicular lymphoma (FL)","NHL subtype","Females",,2025,"Projected",3.68182891884722,3.46555166601156,3.90507799011634,"per 100,000 population","output/incidence_projections.csv"
"Incidence (age-standardised rate)","follicular","Follicular lymphoma (FL)","NHL subtype","Females",,2026,"Projected",3.63193710495292,3.41913930493667,3.85630338820525,"per 100,000 population","output/incidence_projections.csv"
"Incidence (age-standardised rate)","follicular","Follicular lymphoma (FL)","NHL subtype","Females",,2027,"Projected",3.57979747965704,3.3597661344567,3.8034307821473,"per 100,000 population","output/incidence_projections.csv"
"Incidence (age-standardised rate)","follicular","Follicular lymphoma (FL)","NHL subtype","Females",,2028,"Projected",3.52520796274362,3.29988726976001,3.75190339560613,"per 100,000 population","output/incidence_projections.csv"
"Incidence (age-standardised rate)","follicular","Follicular lymphoma (FL)","NHL subtype","Females",,2029,"Projected",3.46488724260741,3.23871752280543,3.70339717841938,"per 100,000 population","output/incidence_projections.csv"
"Incidence (age-standardised rate)","follicular","Follicular lymphoma (FL)","NHL subtype","Females",,2030,"Projected",3.4063369334888,3.16831281998088,3.65097980197098,"per 100,000 population","output/incidence_projections.csv"
"Incidence (age-standardised rate)","follicular","Follicular lymphoma (FL)","NHL subtype","Females",,2031,"Projected",3.34474724665884,3.10395991943875,3.59195951290268,"per 100,000 population","output/incidence_projections.csv"
"Incidence (age-standardised rate)","follicular","Follicular lymphoma (FL)","NHL subtype","Females",,2032,"Projected",3.28899213365793,3.03802439140428,3.54165698821168,"per 100,000 population","output/incidence_projections.csv"
"Incidence (age-standardised rate)","follicular","Follicular lymphoma (FL)","NHL subtype","Females",,2033,"Projected",3.23040632032526,2.97568914812423,3.49220821656663,"per 100,000 population","output/incidence_projections.csv"
"Incidence (age-standardised rate)","follicular","Follicular lymphoma (FL)","NHL subtype","Females",,2034,"Projected",3.17017825125713,2.91015719450718,3.43248097208734,"per 100,000 population","output/incidence_projections.csv"
"Incidence (age-standardised rate)","follicular","Follicular lymphoma (FL)","NHL subtype","Females",,2035,"Projected",3.1067602206802,2.84391794713335,3.36966320493859,"per 100,000 population","output/incidence_projections.csv"
"Incidence (age-standardised rate)","follicular","Follicular lymphoma (FL)","NHL subtype","Females",,2036,"Projected",3.03866656729582,2.77210123492701,3.30724337665896,"per 100,000 population","output/incidence_projections.csv"
"Incidence (age-standardised rate)","follicular","Follicular lymphoma (FL)","NHL subtype","Females",,2037,"Projected",2.96723180189836,2.69783505881444,3.23866613140047,"per 100,000 population","output/incidence_projections.csv"
"Incidence (age-standardised rate)","follicular","Follicular lymphoma (FL)","NHL subtype","Females",,2038,"Projected",2.89356497298416,2.62204342936356,3.17763176374321,"per 100,000 population","output/incidence_projections.csv"
"Incidence (age-standardised rate)","follicular","Follicular lymphoma (FL)","NHL subtype","Females",,2039,"Projected",2.82041751664855,2.5456400970326,3.10929575284668,"per 100,000 population","output/incidence_projections.csv"
"Incidence (age-standardised rate)","follicular","Follicular lymphoma (FL)","NHL subtype","Females",,2040,"Projected",2.74542459479312,2.46914833361663,3.0365102893195,"per 100,000 population","output/incidence_projections.csv"
"Incidence (age-standardised rate)","follicular","Follicular lymphoma (FL)","NHL subtype","Females",,2041,"Projected",2.67054797090508,2.3889937703105,2.96301491990525,"per 100,000 population","output/incidence_projections.csv"
"Incidence (age-standardised rate)","follicular","Follicular lymphoma (FL)","NHL subtype","Females",,2042,"Projected",2.60761793273977,2.32521351291642,2.90261439087244,"per 100,000 population","output/incidence_projections.csv"
"Incidence (age-standardised rate)","follicular","Follicular lymphoma (FL)","NHL subtype","Females",,2043,"Projected",2.54550716691495,2.26767671685835,2.84298076241898,"per 100,000 population","output/incidence_projections.csv"
"Incidence (age-standardised rate)","follicular","Follicular lymphoma (FL)","NHL subtype","Females",,2044,"Projected",2.48186160289722,2.20478653741799,2.78010136821456,"per 100,000 population","output/incidence_projections.csv"
"Incidence (age-standardised rate)","follicular","Follicular lymphoma (FL)","NHL subtype","Females",,2045,"Projected",2.41892988808631,2.14219250657445,2.72429850186972,"per 100,000 population","output/incidence_projections.csv"
"Incidence (age-standardised rate)","follicular","Follicular lymphoma (FL)","NHL subtype","Males",,2003,"Historical",4.65010214792098,,,"per 100,000 population","output/incidence_historical_asr.csv"
"Incidence (age-standardised rate)","follicular","Follicular lymphoma (FL)","NHL subtype","Males",,2004,"Historical",4.58796523842254,,,"per 100,000 population","output/incidence_historical_asr.csv"
"Incidence (age-standardised rate)","follicular","Follicular lymphoma (FL)","NHL subtype","Males",,2005,"Historical",4.83248476549195,,,"per 100,000 population","output/incidence_historical_asr.csv"
"Incidence (age-standardised rate)","follicular","Follicular lymphoma (FL)","NHL subtype","Males",,2006,"Historical",5.04942101252032,,,"per 100,000 population","output/incidence_historical_asr.csv"
"Incidence (age-standardised rate)","follicular","Follicular lymphoma (FL)","NHL subtype","Males",,2007,"Historical",4.58176433895454,,,"per 100,000 population","output/incidence_historical_asr.csv"
"Incidence (age-standardised rate)","follicular","Follicular lymphoma (FL)","NHL subtype","Males",,2008,"Historical",4.37087550106864,,,"per 100,000 population","output/incidence_historical_asr.csv"
"Incidence (age-standardised rate)","follicular","Follicular lymphoma (FL)","NHL subtype","Males",,2009,"Historical",5.03485300784704,,,"per 100,000 population","output/incidence_historical_asr.csv"
"Incidence (age-standardised rate)","follicular","Follicular lymphoma (FL)","NHL subtype","Males",,2010,"Historical",5.02925480901137,,,"per 100,000 population","output/incidence_historical_asr.csv"
"Incidence (age-standardised rate)","follicular","Follicular lymphoma (FL)","NHL subtype","Males",,2011,"Historical",4.95040402773626,,,"per 100,000 population","output/incidence_historical_asr.csv"
"Incidence (age-standardised rate)","follicular","Follicular lymphoma (FL)","NHL subtype","Males",,2012,"Historical",5.02432028231746,,,"per 100,000 population","output/incidence_historical_asr.csv"
"Incidence (age-standardised rate)","follicular","Follicular lymphoma (FL)","NHL subtype","Males",,2013,"Historical",4.61936787534087,,,"per 100,000 population","output/incidence_historical_asr.csv"
"Incidence (age-standardised rate)","follicular","Follicular lymphoma (FL)","NHL subtype","Males",,2014,"Historical",4.89021543216084,,,"per 100,000 population","output/incidence_historical_asr.csv"
"Incidence (age-standardised rate)","follicular","Follicular lymphoma (FL)","NHL subtype","Males",,2015,"Historical",4.89300086373158,,,"per 100,000 population","output/incidence_historical_asr.csv"
"Incidence (age-standardised rate)","follicular","Follicular lymphoma (FL)","NHL subtype","Males",,2016,"Historical",5.01656769261816,,,"per 100,000 population","output/incidence_historical_asr.csv"
"Incidence (age-standardised rate)","follicular","Follicular lymphoma (FL)","NHL subtype","Males",,2017,"Historical",5.36369914285665,,,"per 100,000 population","output/incidence_historical_asr.csv"
"Incidence (age-standardised rate)","follicular","Follicular lymphoma (FL)","NHL subtype","Males",,2018,"Historical",5.0838332132741,,,"per 100,000 population","output/incidence_historical_asr.csv"
"Incidence (age-standardised rate)","follicular","Follicular lymphoma (FL)","NHL subtype","Males",,2019,"Historical",5.36562685695544,,,"per 100,000 population","output/incidence_historical_asr.csv"
"Incidence (age-standardised rate)","follicular","Follicular lymphoma (FL)","NHL subtype","Males",,2020,"Historical",5.68338281968161,,,"per 100,000 population","output/incidence_historical_asr.csv"
"Incidence (age-standardised rate)","follicular","Follicular lymphoma (FL)","NHL subtype","Males",,2021,"Historical",5.10866873414678,,,"per 100,000 population","output/incidence_historical_asr.csv"
"Incidence (age-standardised rate)","follicular","Follicular lymphoma (FL)","NHL subtype","Males",,2022,"Projected",5.32029776682078,5.04943760487907,5.63250542380707,"per 100,000 population","output/incidence_projections.csv"
"Incidence (age-standardised rate)","follicular","Follicular lymphoma (FL)","NHL subtype","Males",,2023,"Projected",5.30808329690041,5.03131454967851,5.61668272711132,"per 100,000 population","output/incidence_projections.csv"
"Incidence (age-standardised rate)","follicular","Follicular lymphoma (FL)","NHL subtype","Males",,2024,"Projected",5.28875394500033,5.00848259042413,5.5954545497701,"per 100,000 population","output/incidence_projections.csv"
"Incidence (age-standardised rate)","follicular","Follicular lymphoma (FL)","NHL subtype","Males",,2025,"Projected",5.26468619173454,4.98068803955728,5.56288979541673,"per 100,000 population","output/incidence_projections.csv"
"Incidence (age-standardised rate)","follicular","Follicular lymphoma (FL)","NHL subtype","Males",,2026,"Projected",5.23691170224984,4.95046915418646,5.54230210763449,"per 100,000 population","output/incidence_projections.csv"
"Incidence (age-standardised rate)","follicular","Follicular lymphoma (FL)","NHL subtype","Males",,2027,"Projected",5.20193864620035,4.9059172291078,5.51713506802276,"per 100,000 population","output/incidence_projections.csv"
"Incidence (age-standardised rate)","follicular","Follicular lymphoma (FL)","NHL subtype","Males",,2028,"Projected",5.16287879983413,4.86187035160321,5.48701489001149,"per 100,000 population","output/incidence_projections.csv"
"Incidence (age-standardised rate)","follicular","Follicular lymphoma (FL)","NHL subtype","Males",,2029,"Projected",5.11848237421153,4.8047858095381,5.45345725039364,"per 100,000 population","output/incidence_projections.csv"
"Incidence (age-standardised rate)","follicular","Follicular lymphoma (FL)","NHL subtype","Males",,2030,"Projected",5.07622739424978,4.74836514451931,5.42658943464448,"per 100,000 population","output/incidence_projections.csv"
"Incidence (age-standardised rate)","follicular","Follicular lymphoma (FL)","NHL subtype","Males",,2031,"Projected",5.02944562178627,4.69483635059415,5.39101688570312,"per 100,000 population","output/incidence_projections.csv"
"Incidence (age-standardised rate)","follicular","Follicular lymphoma (FL)","NHL subtype","Males",,2032,"Projected",4.98574889094302,4.64130602751002,5.35637310538508,"per 100,000 population","output/incidence_projections.csv"
"Incidence (age-standardised rate)","follicular","Follicular lymphoma (FL)","NHL subtype","Males",,2033,"Projected",4.93888626828967,4.58439460808365,5.32482169969592,"per 100,000 population","output/incidence_projections.csv"
"Incidence (age-standardised rate)","follicular","Follicular lymphoma (FL)","NHL subtype","Males",,2034,"Projected",4.88665040290025,4.52233228886152,5.28626809965271,"per 100,000 population","output/incidence_projections.csv"
"Incidence (age-standardised rate)","follicular","Follicular lymphoma (FL)","NHL subtype","Males",,2035,"Projected",4.83358767860051,4.45521526831724,5.24620929496253,"per 100,000 population","output/incidence_projections.csv"
"Incidence (age-standardised rate)","follicular","Follicular lymphoma (FL)","NHL subtype","Males",,2036,"Projected",4.77506867986302,4.3859133184117,5.19894506784331,"per 100,000 population","output/incidence_projections.csv"
"Incidence (age-standardised rate)","follicular","Follicular lymphoma (FL)","NHL subtype","Males",,2037,"Projected",4.71114782880644,4.30499110636652,5.14737580744161,"per 100,000 population","output/incidence_projections.csv"
"Incidence (age-standardised rate)","follicular","Follicular lymphoma (FL)","NHL subtype","Males",,2038,"Projected",4.64133261969247,4.22979231575952,5.09480980068799,"per 100,000 population","output/incidence_projections.csv"
"Incidence (age-standardised rate)","follicular","Follicular lymphoma (FL)","NHL subtype","Males",,2039,"Projected",4.56880353529385,4.15210736390705,5.04053645851108,"per 100,000 population","output/incidence_projections.csv"
"Incidence (age-standardised rate)","follicular","Follicular lymphoma (FL)","NHL subtype","Males",,2040,"Projected",4.49216448801026,4.07229574907775,4.98067622600471,"per 100,000 population","output/incidence_projections.csv"
"Incidence (age-standardised rate)","follicular","Follicular lymphoma (FL)","NHL subtype","Males",,2041,"Projected",4.41276429268455,3.99105118206057,4.92065793476054,"per 100,000 population","output/incidence_projections.csv"
"Incidence (age-standardised rate)","follicular","Follicular lymphoma (FL)","NHL subtype","Males",,2042,"Projected",4.34546805680783,3.91455057909768,4.85794387066334,"per 100,000 population","output/incidence_projections.csv"
"Incidence (age-standardised rate)","follicular","Follicular lymphoma (FL)","NHL subtype","Males",,2043,"Projected",4.275131877468,3.83996546651382,4.79879258591858,"per 100,000 population","output/incidence_projections.csv"
"Incidence (age-standardised rate)","follicular","Follicular lymphoma (FL)","NHL subtype","Males",,2044,"Projected",4.20146148815743,3.761859648724,4.73803026714084,"per 100,000 population","output/incidence_projections.csv"
"Incidence (age-standardised rate)","follicular","Follicular lymphoma (FL)","NHL subtype","Males",,2045,"Projected",4.12802655870152,3.68304433787649,4.6819420941555,"per 100,000 population","output/incidence_projections.csv"
"Incidence (age-standardised rate)","mantle_cell","Mantle cell lymphoma (MCL)","NHL subtype","Females",,2003,"Historical",0.328792890561536,,,"per 100,000 population","output/incidence_historical_asr.csv"
"Incidence (age-standardised rate)","mantle_cell","Mantle cell lymphoma (MCL)","NHL subtype","Females",,2004,"Historical",0.335382471316312,,,"per 100,000 population","output/incidence_historical_asr.csv"
"Incidence (age-standardised rate)","mantle_cell","Mantle cell lymphoma (MCL)","NHL subtype","Females",,2005,"Historical",0.326487289805924,,,"per 100,000 population","output/incidence_historical_asr.csv"
"Incidence (age-standardised rate)","mantle_cell","Mantle cell lymphoma (MCL)","NHL subtype","Females",,2006,"Historical",0.376237904581945,,,"per 100,000 population","output/incidence_historical_asr.csv"
"Incidence (age-standardised rate)","mantle_cell","Mantle cell lymphoma (MCL)","NHL subtype","Females",,2007,"Historical",0.432589579562237,,,"per 100,000 population","output/incidence_historical_asr.csv"
"Incidence (age-standardised rate)","mantle_cell","Mantle cell lymphoma (MCL)","NHL subtype","Females",,2008,"Historical",0.519473076635078,,,"per 100,000 population","output/incidence_historical_asr.csv"
"Incidence (age-standardised rate)","mantle_cell","Mantle cell lymphoma (MCL)","NHL subtype","Females",,2009,"Historical",0.374188576099686,,,"per 100,000 population","output/incidence_historical_asr.csv"
"Incidence (age-standardised rate)","mantle_cell","Mantle cell lymphoma (MCL)","NHL subtype","Females",,2010,"Historical",0.399503815714336,,,"per 100,000 population","output/incidence_historical_asr.csv"
"Incidence (age-standardised rate)","mantle_cell","Mantle cell lymphoma (MCL)","NHL subtype","Females",,2011,"Historical",0.503408102079034,,,"per 100,000 population","output/incidence_historical_asr.csv"
"Incidence (age-standardised rate)","mantle_cell","Mantle cell lymphoma (MCL)","NHL subtype","Females",,2012,"Historical",0.499941319771015,,,"per 100,000 population","output/incidence_historical_asr.csv"
"Incidence (age-standardised rate)","mantle_cell","Mantle cell lymphoma (MCL)","NHL subtype","Females",,2013,"Historical",0.522602597367051,,,"per 100,000 population","output/incidence_historical_asr.csv"
"Incidence (age-standardised rate)","mantle_cell","Mantle cell lymphoma (MCL)","NHL subtype","Females",,2014,"Historical",0.558092842955184,,,"per 100,000 population","output/incidence_historical_asr.csv"
"Incidence (age-standardised rate)","mantle_cell","Mantle cell lymphoma (MCL)","NHL subtype","Females",,2015,"Historical",0.58158419784428,,,"per 100,000 population","output/incidence_historical_asr.csv"
"Incidence (age-standardised rate)","mantle_cell","Mantle cell lymphoma (MCL)","NHL subtype","Females",,2016,"Historical",0.456199050743181,,,"per 100,000 population","output/incidence_historical_asr.csv"
"Incidence (age-standardised rate)","mantle_cell","Mantle cell lymphoma (MCL)","NHL subtype","Females",,2017,"Historical",0.559548002093841,,,"per 100,000 population","output/incidence_historical_asr.csv"
"Incidence (age-standardised rate)","mantle_cell","Mantle cell lymphoma (MCL)","NHL subtype","Females",,2018,"Historical",0.471058494812995,,,"per 100,000 population","output/incidence_historical_asr.csv"
"Incidence (age-standardised rate)","mantle_cell","Mantle cell lymphoma (MCL)","NHL subtype","Females",,2019,"Historical",0.414677831837437,,,"per 100,000 population","output/incidence_historical_asr.csv"
"Incidence (age-standardised rate)","mantle_cell","Mantle cell lymphoma (MCL)","NHL subtype","Females",,2020,"Historical",0.509602431710652,,,"per 100,000 population","output/incidence_historical_asr.csv"
"Incidence (age-standardised rate)","mantle_cell","Mantle cell lymphoma (MCL)","NHL subtype","Females",,2021,"Historical",0.424139306486023,,,"per 100,000 population","output/incidence_historical_asr.csv"
"Incidence (age-standardised rate)","mantle_cell","Mantle cell lymphoma (MCL)","NHL subtype","Females",,2022,"Projected",0.457993176855759,0.381792410204023,0.55563707842375,"per 100,000 population","output/incidence_projections.csv"
"Incidence (age-standardised rate)","mantle_cell","Mantle cell lymphoma (MCL)","NHL subtype","Females",,2023,"Projected",0.472939170659672,0.393493134850365,0.571045850562679,"per 100,000 population","output/incidence_projections.csv"
"Incidence (age-standardised rate)","mantle_cell","Mantle cell lymphoma (MCL)","NHL subtype","Females",,2024,"Projected",0.487367999767345,0.405967814006783,0.58496983295327,"per 100,000 population","output/incidence_projections.csv"
"Incidence (age-standardised rate)","mantle_cell","Mantle cell lymphoma (MCL)","NHL subtype","Females",,2025,"Projected",0.50065376153746,0.416906175885746,0.60485993405234,"per 100,000 population","output/incidence_projections.csv"
"Incidence (age-standardised rate)","mantle_cell","Mantle cell lymphoma (MCL)","NHL subtype","Females",,2026,"Projected",0.514893371812782,0.427275277869478,0.623484736682259,"per 100,000 population","output/incidence_projections.csv"
"Incidence (age-standardised rate)","mantle_cell","Mantle cell lymphoma (MCL)","NHL subtype","Females",,2027,"Projected",0.529043216039943,0.434907291049789,0.647353181031481,"per 100,000 population","output/incidence_projections.csv"
"Incidence (age-standardised rate)","mantle_cell","Mantle cell lymphoma (MCL)","NHL subtype","Females",,2028,"Projected",0.541401766863921,0.440920432264917,0.667446783635722,"per 100,000 population","output/incidence_projections.csv"
"Incidence (age-standardised rate)","mantle_cell","Mantle cell lymphoma (MCL)","NHL subtype","Females",,2029,"Projected",0.553976222853775,0.44537413450611,0.689509950491746,"per 100,000 population","output/incidence_projections.csv"
"Incidence (age-standardised rate)","mantle_cell","Mantle cell lymphoma (MCL)","NHL subtype","Females",,2030,"Projected",0.564523532426632,0.449856331161072,0.718242577593412,"per 100,000 population","output/incidence_projections.csv"
"Incidence (age-standardised rate)","mantle_cell","Mantle cell lymphoma (MCL)","NHL subtype","Females",,2031,"Projected",0.574240591558563,0.451897987175661,0.741218100055063,"per 100,000 population","output/incidence_projections.csv"
"Incidence (age-standardised rate)","mantle_cell","Mantle cell lymphoma (MCL)","NHL subtype","Females",,2032,"Projected",0.583245651054787,0.453368389252045,0.765812883032393,"per 100,000 population","output/incidence_projections.csv"
"Incidence (age-standardised rate)","mantle_cell","Mantle cell lymphoma (MCL)","NHL subtype","Females",,2033,"Projected",0.59139473948075,0.454916935267172,0.790179754896085,"per 100,000 population","output/incidence_projections.csv"
"Incidence (age-standardised rate)","mantle_cell","Mantle cell lymphoma (MCL)","NHL subtype","Females",,2034,"Projected",0.597649822175821,0.452707375221406,0.808912430973228,"per 100,000 population","output/incidence_projections.csv"
"Incidence (age-standardised rate)","mantle_cell","Mantle cell lymphoma (MCL)","NHL subtype","Females",,2035,"Projected",0.605287394791004,0.449080501053279,0.835244930466855,"per 100,000 population","output/incidence_projections.csv"
"Incidence (age-standardised rate)","mantle_cell","Mantle cell lymphoma (MCL)","NHL subtype","Females",,2036,"Projected",0.611745470026609,0.446457684127242,0.856264530087188,"per 100,000 population","output/incidence_projections.csv"
"Incidence (age-standardised rate)","mantle_cell","Mantle cell lymphoma (MCL)","NHL subtype","Females",,2037,"Projected",0.616762885273152,0.442141670628731,0.87944270636489,"per 100,000 population","output/incidence_projections.csv"
"Incidence (age-standardised rate)","mantle_cell","Mantle cell lymphoma (MCL)","NHL subtype","Females",,2038,"Projected",0.623159192806535,0.439246140651063,0.903055728687788,"per 100,000 population","output/incidence_projections.csv"
"Incidence (age-standardised rate)","mantle_cell","Mantle cell lymphoma (MCL)","NHL subtype","Females",,2039,"Projected",0.62873095295119,0.436082219878974,0.926182517291067,"per 100,000 population","output/incidence_projections.csv"
"Incidence (age-standardised rate)","mantle_cell","Mantle cell lymphoma (MCL)","NHL subtype","Females",,2040,"Projected",0.63292792176442,0.431101414122438,0.954658724304409,"per 100,000 population","output/incidence_projections.csv"
"Incidence (age-standardised rate)","mantle_cell","Mantle cell lymphoma (MCL)","NHL subtype","Females",,2041,"Projected",0.636002047396715,0.425543876036347,0.978326968892134,"per 100,000 population","output/incidence_projections.csv"
"Incidence (age-standardised rate)","mantle_cell","Mantle cell lymphoma (MCL)","NHL subtype","Females",,2042,"Projected",0.640178651517576,0.419772246240472,1.00408059141242,"per 100,000 population","output/incidence_projections.csv"
"Incidence (age-standardised rate)","mantle_cell","Mantle cell lymphoma (MCL)","NHL subtype","Females",,2043,"Projected",0.642967406466778,0.414551978664695,1.03168839760607,"per 100,000 population","output/incidence_projections.csv"
"Incidence (age-standardised rate)","mantle_cell","Mantle cell lymphoma (MCL)","NHL subtype","Females",,2044,"Projected",0.64562760034885,0.409505984568271,1.0555719269817,"per 100,000 population","output/incidence_projections.csv"
"Incidence (age-standardised rate)","mantle_cell","Mantle cell lymphoma (MCL)","NHL subtype","Females",,2045,"Projected",0.648567277397529,0.400685619840612,1.0776068016337,"per 100,000 population","output/incidence_projections.csv"
"Incidence (age-standardised rate)","mantle_cell","Mantle cell lymphoma (MCL)","NHL subtype","Males",,2003,"Historical",0.993226609162172,,,"per 100,000 population","output/incidence_historical_asr.csv"
"Incidence (age-standardised rate)","mantle_cell","Mantle cell lymphoma (MCL)","NHL subtype","Males",,2004,"Historical",1.28629617586667,,,"per 100,000 population","output/incidence_historical_asr.csv"
"Incidence (age-standardised rate)","mantle_cell","Mantle cell lymphoma (MCL)","NHL subtype","Males",,2005,"Historical",1.10197607182659,,,"per 100,000 population","output/incidence_historical_asr.csv"
"Incidence (age-standardised rate)","mantle_cell","Mantle cell lymphoma (MCL)","NHL subtype","Males",,2006,"Historical",1.19978910099299,,,"per 100,000 population","output/incidence_historical_asr.csv"
"Incidence (age-standardised rate)","mantle_cell","Mantle cell lymphoma (MCL)","NHL subtype","Males",,2007,"Historical",1.25292848241213,,,"per 100,000 population","output/incidence_historical_asr.csv"
"Incidence (age-standardised rate)","mantle_cell","Mantle cell lymphoma (MCL)","NHL subtype","Males",,2008,"Historical",1.37211088552884,,,"per 100,000 population","output/incidence_historical_asr.csv"
"Incidence (age-standardised rate)","mantle_cell","Mantle cell lymphoma (MCL)","NHL subtype","Males",,2009,"Historical",1.29777383163824,,,"per 100,000 population","output/incidence_historical_asr.csv"
"Incidence (age-standardised rate)","mantle_cell","Mantle cell lymphoma (MCL)","NHL subtype","Males",,2010,"Historical",1.45204407415497,,,"per 100,000 population","output/incidence_historical_asr.csv"
"Incidence (age-standardised rate)","mantle_cell","Mantle cell lymphoma (MCL)","NHL subtype","Males",,2011,"Historical",1.33602997105301,,,"per 100,000 population","output/incidence_historical_asr.csv"
"Incidence (age-standardised rate)","mantle_cell","Mantle cell lymphoma (MCL)","NHL subtype","Males",,2012,"Historical",1.24282844407189,,,"per 100,000 population","output/incidence_historical_asr.csv"
"Incidence (age-standardised rate)","mantle_cell","Mantle cell lymphoma (MCL)","NHL subtype","Males",,2013,"Historical",1.43786440555949,,,"per 100,000 population","output/incidence_historical_asr.csv"
"Incidence (age-standardised rate)","mantle_cell","Mantle cell lymphoma (MCL)","NHL subtype","Males",,2014,"Historical",1.44553380691693,,,"per 100,000 population","output/incidence_historical_asr.csv"
"Incidence (age-standardised rate)","mantle_cell","Mantle cell lymphoma (MCL)","NHL subtype","Males",,2015,"Historical",1.37045020933916,,,"per 100,000 population","output/incidence_historical_asr.csv"
"Incidence (age-standardised rate)","mantle_cell","Mantle cell lymphoma (MCL)","NHL subtype","Males",,2016,"Historical",1.42711118636304,,,"per 100,000 population","output/incidence_historical_asr.csv"
"Incidence (age-standardised rate)","mantle_cell","Mantle cell lymphoma (MCL)","NHL subtype","Males",,2017,"Historical",1.67729529380451,,,"per 100,000 population","output/incidence_historical_asr.csv"
"Incidence (age-standardised rate)","mantle_cell","Mantle cell lymphoma (MCL)","NHL subtype","Males",,2018,"Historical",1.43385966975201,,,"per 100,000 population","output/incidence_historical_asr.csv"
"Incidence (age-standardised rate)","mantle_cell","Mantle cell lymphoma (MCL)","NHL subtype","Males",,2019,"Historical",1.69069062486376,,,"per 100,000 population","output/incidence_historical_asr.csv"
"Incidence (age-standardised rate)","mantle_cell","Mantle cell lymphoma (MCL)","NHL subtype","Males",,2020,"Historical",1.64763957057877,,,"per 100,000 population","output/incidence_historical_asr.csv"
"Incidence (age-standardised rate)","mantle_cell","Mantle cell lymphoma (MCL)","NHL subtype","Males",,2021,"Historical",1.24877640500876,,,"per 100,000 population","output/incidence_historical_asr.csv"
"Incidence (age-standardised rate)","mantle_cell","Mantle cell lymphoma (MCL)","NHL subtype","Males",,2022,"Projected",1.40410458371171,1.26888981108708,1.55948072731054,"per 100,000 population","output/incidence_projections.csv"
"Incidence (age-standardised rate)","mantle_cell","Mantle cell lymphoma (MCL)","NHL subtype","Males",,2023,"Projected",1.42392751925037,1.29232304498733,1.58180008460004,"per 100,000 population","output/incidence_projections.csv"
"Incidence (age-standardised rate)","mantle_cell","Mantle cell lymphoma (MCL)","NHL subtype","Males",,2024,"Projected",1.44236798928639,1.30900719369602,1.60503100717895,"per 100,000 population","output/incidence_projections.csv"
"Incidence (age-standardised rate)","mantle_cell","Mantle cell lymphoma (MCL)","NHL subtype","Males",,2025,"Projected",1.46325759912096,1.32276189926529,1.62691574036402,"per 100,000 population","output/incidence_projections.csv"
"Incidence (age-standardised rate)","mantle_cell","Mantle cell lymphoma (MCL)","NHL subtype","Males",,2026,"Projected",1.4843596152718,1.33239761144304,1.6600739045177,"per 100,000 population","output/incidence_projections.csv"
"Incidence (age-standardised rate)","mantle_cell","Mantle cell lymphoma (MCL)","NHL subtype","Males",,2027,"Projected",1.50814908939218,1.34510849195597,1.69432971234674,"per 100,000 population","output/incidence_projections.csv"
"Incidence (age-standardised rate)","mantle_cell","Mantle cell lymphoma (MCL)","NHL subtype","Males",,2028,"Projected",1.52981948343368,1.35500459912544,1.72143692559373,"per 100,000 population","output/incidence_projections.csv"
"Incidence (age-standardised rate)","mantle_cell","Mantle cell lymphoma (MCL)","NHL subtype","Males",,2029,"Projected",1.54682091884156,1.36584729112891,1.75409312410081,"per 100,000 population","output/incidence_projections.csv"
"Incidence (age-standardised rate)","mantle_cell","Mantle cell lymphoma (MCL)","NHL subtype","Males",,2030,"Projected",1.56227681444829,1.37038350620308,1.78191625072326,"per 100,000 population","output/incidence_projections.csv"
"Incidence (age-standardised rate)","mantle_cell","Mantle cell lymphoma (MCL)","NHL subtype","Males",,2031,"Projected",1.5718755393476,1.36924989811805,1.80846662483029,"per 100,000 population","output/incidence_projections.csv"
"Incidence (age-standardised rate)","mantle_cell","Mantle cell lymphoma (MCL)","NHL subtype","Males",,2032,"Projected",1.57770942371475,1.36464280856448,1.83246422973553,"per 100,000 population","output/incidence_projections.csv"
"Incidence (age-standardised rate)","mantle_cell","Mantle cell lymphoma (MCL)","NHL subtype","Males",,2033,"Projected",1.57791609010585,1.35721139873698,1.84898733232462,"per 100,000 population","output/incidence_projections.csv"
"Incidence (age-standardised rate)","mantle_cell","Mantle cell lymphoma (MCL)","NHL subtype","Males",,2034,"Projected",1.57387028783024,1.34239086623413,1.86640995178313,"per 100,000 population","output/incidence_projections.csv"
"Incidence (age-standardised rate)","mantle_cell","Mantle cell lymphoma (MCL)","NHL subtype","Males",,2035,"Projected",1.56871541358551,1.33100953027718,1.8819528452017,"per 100,000 population","output/incidence_projections.csv"
"Incidence (age-standardised rate)","mantle_cell","Mantle cell lymphoma (MCL)","NHL subtype","Males",,2036,"Projected",1.56396717393541,1.31591819745133,1.89620636521636,"per 100,000 population","output/incidence_projections.csv"
"Incidence (age-standardised rate)","mantle_cell","Mantle cell lymphoma (MCL)","NHL subtype","Males",,2037,"Projected",1.55707328447788,1.29790061291083,1.90807991438766,"per 100,000 population","output/incidence_projections.csv"
"Incidence (age-standardised rate)","mantle_cell","Mantle cell lymphoma (MCL)","NHL subtype","Males",,2038,"Projected",1.54954730913132,1.2800225671,1.91940878302312,"per 100,000 population","output/incidence_projections.csv"
"Incidence (age-standardised rate)","mantle_cell","Mantle cell lymphoma (MCL)","NHL subtype","Males",,2039,"Projected",1.54185185615666,1.26235340801184,1.93213237514097,"per 100,000 population","output/incidence_projections.csv"
"Incidence (age-standardised rate)","mantle_cell","Mantle cell lymphoma (MCL)","NHL subtype","Males",,2040,"Projected",1.53431900282244,1.24429183610899,1.94485882701985,"per 100,000 population","output/incidence_projections.csv"
"Incidence (age-standardised rate)","mantle_cell","Mantle cell lymphoma (MCL)","NHL subtype","Males",,2041,"Projected",1.52620577196135,1.22479776789355,1.94775496019675,"per 100,000 population","output/incidence_projections.csv"
"Incidence (age-standardised rate)","mantle_cell","Mantle cell lymphoma (MCL)","NHL subtype","Males",,2042,"Projected",1.51246692676679,1.20368990957403,1.94791443017226,"per 100,000 population","output/incidence_projections.csv"
"Incidence (age-standardised rate)","mantle_cell","Mantle cell lymphoma (MCL)","NHL subtype","Males",,2043,"Projected",1.49821026225858,1.181961282361,1.94897040766883,"per 100,000 population","output/incidence_projections.csv"
"Incidence (age-standardised rate)","mantle_cell","Mantle cell lymphoma (MCL)","NHL subtype","Males",,2044,"Projected",1.48265957863339,1.15870759185872,1.94701743070214,"per 100,000 population","output/incidence_projections.csv"
"Incidence (age-standardised rate)","mantle_cell","Mantle cell lymphoma (MCL)","NHL subtype","Males",,2045,"Projected",1.46350809803124,1.13385748989253,1.94103255299416,"per 100,000 population","output/incidence_projections.csv"
"Prevalence (people)","total","Total lymphoma","Headline","Persons",2,2012,"Estimated",9282.51229633626,9256.5153297315,9307.30189699779,"people living after diagnosis","output/prevalence_projections.csv"
"Prevalence (people)","total","Total lymphoma","Headline","Persons",2,2013,"Estimated",9600.2131840402,9562.63862129693,9635.64671757383,"people living after diagnosis","output/prevalence_projections.csv"
"Prevalence (people)","total","Total lymphoma","Headline","Persons",2,2014,"Estimated",9933.11318649963,9896.6777523103,9968.9850688691,"people living after diagnosis","output/prevalence_projections.csv"
"Prevalence (people)","total","Total lymphoma","Headline","Persons",2,2015,"Estimated",10200.7286002103,10164.6974574816,10239.4998480157,"people living after diagnosis","output/prevalence_projections.csv"
"Prevalence (people)","total","Total lymphoma","Headline","Persons",2,2016,"Estimated",10425.9785218619,10388.3610658662,10465.3920118048,"people living after diagnosis","output/prevalence_projections.csv"
"Prevalence (people)","total","Total lymphoma","Headline","Persons",2,2017,"Estimated",10930.4497225017,10899.8791216229,10959.5025146021,"people living after diagnosis","output/prevalence_projections.csv"
"Prevalence (people)","total","Total lymphoma","Headline","Persons",2,2018,"Estimated",11172.8782554348,11141.0799032433,11203.3606023096,"people living after diagnosis","output/prevalence_projections.csv"
"Prevalence (people)","total","Total lymphoma","Headline","Persons",2,2019,"Estimated",11389.9567804797,11352.1062444899,11423.7758850217,"people living after diagnosis","output/prevalence_projections.csv"
"Prevalence (people)","total","Total lymphoma","Headline","Persons",2,2020,"Estimated",12042.0246067072,11998.9582592031,12081.1505266157,"people living after diagnosis","output/prevalence_projections.csv"
"Prevalence (people)","total","Total lymphoma","Headline","Persons",2,2021,"Estimated",12244.1732445421,12195.1126516928,12287.9454957488,"people living after diagnosis","output/prevalence_projections.csv"
"Prevalence (people)","total","Total lymphoma","Headline","Persons",2,2022,"Projected",12354.3100781886,12230.1733771217,12464.6584017727,"people living after diagnosis","output/prevalence_projections.csv"
"Prevalence (people)","total","Total lymphoma","Headline","Persons",2,2023,"Projected",12881.0785438855,12659.3090206248,13085.210356206,"people living after diagnosis","output/prevalence_projections.csv"
"Prevalence (people)","total","Total lymphoma","Headline","Persons",2,2024,"Projected",13332.9732337938,13110.8288940285,13541.9699818719,"people living after diagnosis","output/prevalence_projections.csv"
"Prevalence (people)","total","Total lymphoma","Headline","Persons",2,2025,"Projected",13781.0325298965,13555.7118232404,13993.878871496,"people living after diagnosis","output/prevalence_projections.csv"
"Prevalence (people)","total","Total lymphoma","Headline","Persons",2,2026,"Projected",14241.4354518046,14009.2357336376,14473.1582747543,"people living after diagnosis","output/prevalence_projections.csv"
"Prevalence (people)","total","Total lymphoma","Headline","Persons",2,2027,"Projected",14705.4443367288,14468.042178679,14949.0851050426,"people living after diagnosis","output/prevalence_projections.csv"
"Prevalence (people)","total","Total lymphoma","Headline","Persons",2,2028,"Projected",15167.3353838978,14917.2662734185,15425.1242921246,"people living after diagnosis","output/prevalence_projections.csv"
"Prevalence (people)","total","Total lymphoma","Headline","Persons",2,2029,"Projected",15619.0110453687,15354.9939019974,15895.5477159143,"people living after diagnosis","output/prevalence_projections.csv"
"Prevalence (people)","total","Total lymphoma","Headline","Persons",2,2030,"Projected",16054.2467615584,15774.8782881921,16349.9276075494,"people living after diagnosis","output/prevalence_projections.csv"
"Prevalence (people)","total","Total lymphoma","Headline","Persons",2,2031,"Projected",16477.1872422441,16178.626632344,16792.5691505814,"people living after diagnosis","output/prevalence_projections.csv"
"Prevalence (people)","total","Total lymphoma","Headline","Persons",2,2032,"Projected",16864.297558559,16547.7492574755,17188.5130467368,"people living after diagnosis","output/prevalence_projections.csv"
"Prevalence (people)","total","Total lymphoma","Headline","Persons",2,2033,"Projected",17192.2271577679,16856.6065380134,17529.1297205202,"people living after diagnosis","output/prevalence_projections.csv"
"Prevalence (people)","total","Total lymphoma","Headline","Persons",2,2034,"Projected",17513.7376500513,17170.2057432523,17863.9322279572,"people living after diagnosis","output/prevalence_projections.csv"
"Prevalence (people)","total","Total lymphoma","Headline","Persons",2,2035,"Projected",17835.5039506405,17472.0908949914,18203.2395342827,"people living after diagnosis","output/prevalence_projections.csv"
"Prevalence (people)","total","Total lymphoma","Headline","Persons",2,2036,"Projected",18158.2691035768,17776.3498838358,18545.4168497832,"people living after diagnosis","output/prevalence_projections.csv"
"Prevalence (people)","total","Total lymphoma","Headline","Persons",2,2037,"Projected",18477.7153974239,18078.2991270643,18890.7966725859,"people living after diagnosis","output/prevalence_projections.csv"
"Prevalence (people)","total","Total lymphoma","Headline","Persons",2,2038,"Projected",18782.16506864,18362.3739003652,19223.3287631291,"people living after diagnosis","output/prevalence_projections.csv"
"Prevalence (people)","total","Total lymphoma","Headline","Persons",2,2039,"Projected",19062.1281955589,18622.7221388978,19515.4757852823,"people living after diagnosis","output/prevalence_projections.csv"
"Prevalence (people)","total","Total lymphoma","Headline","Persons",2,2040,"Projected",19316.8486624928,18860.0533642336,19803.7463618689,"people living after diagnosis","output/prevalence_projections.csv"
"Prevalence (people)","total","Total lymphoma","Headline","Persons",2,2041,"Projected",19548.1905933231,19073.4036371495,20056.155659144,"people living after diagnosis","output/prevalence_projections.csv"
"Prevalence (people)","total","Total lymphoma","Headline","Persons",2,2042,"Projected",19761.5636044189,19264.1390809709,20288.4606654278,"people living after diagnosis","output/prevalence_projections.csv"
"Prevalence (people)","total","Total lymphoma","Headline","Persons",2,2043,"Projected",19960.8062032923,19448.4304579396,20510.0088864843,"people living after diagnosis","output/prevalence_projections.csv"
"Prevalence (people)","total","Total lymphoma","Headline","Persons",2,2044,"Projected",20154.4970305782,19624.3349200537,20737.0018480267,"people living after diagnosis","output/prevalence_projections.csv"
"Prevalence (people)","total","Total lymphoma","Headline","Persons",2,2045,"Projected",20350.1044085115,19798.9135833191,20965.9315364716,"people living after diagnosis","output/prevalence_projections.csv"
"Prevalence (people)","total","Total lymphoma","Headline","Persons",3,2012,"Estimated",13111.7137619708,13077.0846681011,13145.2321395123,"people living after diagnosis","output/prevalence_projections.csv"
"Prevalence (people)","total","Total lymphoma","Headline","Persons",3,2013,"Estimated",13595.0430789323,13553.3218018824,13636.2314425905,"people living after diagnosis","output/prevalence_projections.csv"
"Prevalence (people)","total","Total lymphoma","Headline","Persons",3,2014,"Estimated",14194.3115099435,14152.2770655296,14239.744306777,"people living after diagnosis","output/prevalence_projections.csv"
"Prevalence (people)","total","Total lymphoma","Headline","Persons",3,2015,"Estimated",14488.71862342,14444.3547384105,14534.0468315334,"people living after diagnosis","output/prevalence_projections.csv"
"Prevalence (people)","total","Total lymphoma","Headline","Persons",3,2016,"Estimated",14997.7276980165,14948.3641395119,15045.5938419362,"people living after diagnosis","output/prevalence_projections.csv"
"Prevalence (people)","total","Total lymphoma","Headline","Persons",3,2017,"Estimated",15487.0130948708,15445.7388527509,15526.0045348899,"people living after diagnosis","output/prevalence_projections.csv"
"Prevalence (people)","total","Total lymphoma","Headline","Persons",3,2018,"Estimated",15949.9593834841,15906.996312777,15990.8458929745,"people living after diagnosis","output/prevalence_projections.csv"
"Prevalence (people)","total","Total lymphoma","Headline","Persons",3,2019,"Estimated",16402.1111314625,16360.2395566138,16441.5538102188,"people living after diagnosis","output/prevalence_projections.csv"
"Prevalence (people)","total","Total lymphoma","Headline","Persons",3,2020,"Estimated",17058.3381421656,17010.5637831977,17102.2322047952,"people living after diagnosis","output/prevalence_projections.csv"
"Prevalence (people)","total","Total lymphoma","Headline","Persons",3,2021,"Estimated",17476.691522687,17420.4006735389,17527.2293403967,"people living after diagnosis","output/prevalence_projections.csv"
"Prevalence (people)","total","Total lymphoma","Headline","Persons",3,2022,"Projected",17995.8482088791,17868.4034628265,18106.1936208092,"people living after diagnosis","output/prevalence_projections.csv"
"Prevalence (people)","total","Total lymphoma","Headline","Persons",3,2023,"Projected",18336.1874173837,18114.4345127756,18546.659802445,"people living after diagnosis","output/prevalence_projections.csv"
"Prevalence (people)","total","Total lymphoma","Headline","Persons",3,2024,"Projected",19062.8553598754,18744.4992454583,19366.0343658139,"people living after diagnosis","output/prevalence_projections.csv"
"Prevalence (people)","total","Total lymphoma","Headline","Persons",3,2025,"Projected",19729.8077941991,19409.7497777731,20039.2687962583,"people living after diagnosis","output/prevalence_projections.csv"
"Prevalence (people)","total","Total lymphoma","Headline","Persons",3,2026,"Projected",20404.3697831173,20081.3753334466,20717.1662109289,"people living after diagnosis","output/prevalence_projections.csv"
"Prevalence (people)","total","Total lymphoma","Headline","Persons",3,2027,"Projected",21091.9806357189,20753.2132734252,21415.5071666377,"people living after diagnosis","output/prevalence_projections.csv"
"Prevalence (people)","total","Total lymphoma","Headline","Persons",3,2028,"Projected",21782.1635752967,21430.1241652153,22122.6759221125,"people living after diagnosis","output/prevalence_projections.csv"
"Prevalence (people)","total","Total lymphoma","Headline","Persons",3,2029,"Projected",22456.0809049593,22083.45178221,22823.2873897627,"people living after diagnosis","output/prevalence_projections.csv"
"Prevalence (people)","total","Total lymphoma","Headline","Persons",3,2030,"Projected",23117.1919723623,22718.433420283,23503.8624414734,"people living after diagnosis","output/prevalence_projections.csv"
"Prevalence (people)","total","Total lymphoma","Headline","Persons",3,2031,"Projected",23755.4182456226,23336.6099222779,24166.7497639997,"people living after diagnosis","output/prevalence_projections.csv"
"Prevalence (people)","total","Total lymphoma","Headline","Persons",3,2032,"Projected",24351.9613280985,23904.1614856128,24785.8713999893,"people living after diagnosis","output/prevalence_projections.csv"
"Prevalence (people)","total","Total lymphoma","Headline","Persons",3,2033,"Projected",24883.6343189537,24416.6719820354,25341.0505444132,"people living after diagnosis","output/prevalence_projections.csv"
"Prevalence (people)","total","Total lymphoma","Headline","Persons",3,2034,"Projected",25341.9744309036,24871.0377462563,25822.4895874056,"people living after diagnosis","output/prevalence_projections.csv"
"Prevalence (people)","total","Total lymphoma","Headline","Persons",3,2035,"Projected",25801.2592536432,25319.57144695,26308.4012661995,"people living after diagnosis","output/prevalence_projections.csv"
"Prevalence (people)","total","Total lymphoma","Headline","Persons",3,2036,"Projected",26262.6687466122,25752.2970972854,26797.1348712401,"people living after diagnosis","output/prevalence_projections.csv"
"Prevalence (people)","total","Total lymphoma","Headline","Persons",3,2037,"Projected",26720.0994376618,26183.3024250392,27280.7062665084,"people living after diagnosis","output/prevalence_projections.csv"
"Prevalence (people)","total","Total lymphoma","Headline","Persons",3,2038,"Projected",27166.990111477,26604.2719690374,27756.061401005,"people living after diagnosis","output/prevalence_projections.csv"
"Prevalence (people)","total","Total lymphoma","Headline","Persons",3,2039,"Projected",27581.0627336381,26992.7419015324,28200.1951554657,"people living after diagnosis","output/prevalence_projections.csv"
"Prevalence (people)","total","Total lymphoma","Headline","Persons",3,2040,"Projected",27960.7976243139,27345.7501115948,28609.7846092926,"people living after diagnosis","output/prevalence_projections.csv"
"Prevalence (people)","total","Total lymphoma","Headline","Persons",3,2041,"Projected",28310.5647835306,27659.9324549584,28999.6211862729,"people living after diagnosis","output/prevalence_projections.csv"
"Prevalence (people)","total","Total lymphoma","Headline","Persons",3,2042,"Projected",28628.1856194696,27965.0111006956,29342.5972042873,"people living after diagnosis","output/prevalence_projections.csv"
"Prevalence (people)","total","Total lymphoma","Headline","Persons",3,2043,"Projected",28924.5419664621,28225.8040976235,29663.7270150736,"people living after diagnosis","output/prevalence_projections.csv"
"Prevalence (people)","total","Total lymphoma","Headline","Persons",3,2044,"Projected",29204.2979793792,28477.915719424,29981.033954904,"people living after diagnosis","output/prevalence_projections.csv"
"Prevalence (people)","total","Total lymphoma","Headline","Persons",3,2045,"Projected",29483.5391686788,28717.0469610606,30295.2943831911,"people living after diagnosis","output/prevalence_projections.csv"
"Prevalence (people)","total","Total lymphoma","Headline","Persons",5,2012,"Estimated",19705.8700956922,19653.4029514257,19759.010539826,"people living after diagnosis","output/prevalence_projections.csv"
"Prevalence (people)","total","Total lymphoma","Headline","Persons",5,2013,"Estimated",20527.3555146668,20474.0108156839,20583.8210388496,"people living after diagnosis","output/prevalence_projections.csv"
"Prevalence (people)","total","Total lymphoma","Headline","Persons",5,2014,"Estimated",21447.3400974538,21394.6697153505,21505.1651011366,"people living after diagnosis","output/prevalence_projections.csv"
"Prevalence (people)","total","Total lymphoma","Headline","Persons",5,2015,"Estimated",22137.0386597968,22079.9042578156,22192.387173057,"people living after diagnosis","output/prevalence_projections.csv"
"Prevalence (people)","total","Total lymphoma","Headline","Persons",5,2016,"Estimated",22920.8769801106,22857.9253894407,22977.9823360323,"people living after diagnosis","output/prevalence_projections.csv"
"Prevalence (people)","total","Total lymphoma","Headline","Persons",5,2017,"Estimated",23702.9843844676,23646.8475656072,23755.2954951219,"people living after diagnosis","output/prevalence_projections.csv"
"Prevalence (people)","total","Total lymphoma","Headline","Persons",5,2018,"Estimated",24418.3243110043,24358.5325842234,24473.3131237159,"people living after diagnosis","output/prevalence_projections.csv"
"Prevalence (people)","total","Total lymphoma","Headline","Persons",5,2019,"Estimated",25066.8370336612,25006.521763636,25123.9104747246,"people living after diagnosis","output/prevalence_projections.csv"
"Prevalence (people)","total","Total lymphoma","Headline","Persons",5,2020,"Estimated",26158.6690886061,26097.9557406736,26217.5359915559,"people living after diagnosis","output/prevalence_projections.csv"
"Prevalence (people)","total","Total lymphoma","Headline","Persons",5,2021,"Estimated",26787.3205679301,26720.0533597885,26849.5926006814,"people living after diagnosis","output/prevalence_projections.csv"
"Prevalence (people)","total","Total lymphoma","Headline","Persons",5,2022,"Projected",27518.4540950793,27385.0305394051,27636.8291991317,"people living after diagnosis","output/prevalence_projections.csv"
"Prevalence (people)","total","Total lymphoma","Headline","Persons",5,2023,"Projected",28467.9174723416,28234.2546549215,28668.2626611684,"people living after diagnosis","output/prevalence_projections.csv"
"Prevalence (people)","total","Total lymphoma","Headline","Persons",5,2024,"Projected",29401.1104973538,29078.1574143159,29695.719001455,"people living after diagnosis","output/prevalence_projections.csv"
"Prevalence (people)","total","Total lymphoma","Headline","Persons",5,2025,"Projected",30164.9751100607,29753.3638965044,30556.9079060639,"people living after diagnosis","output/prevalence_projections.csv"
"Prevalence (people)","total","Total lymphoma","Headline","Persons",5,2026,"Projected",31301.555478723,30800.0635588914,31775.1019466937,"people living after diagnosis","output/prevalence_projections.csv"
"Prevalence (people)","total","Total lymphoma","Headline","Persons",5,2027,"Projected",32393.6846525873,31890.1439169028,32878.1251450944,"people living after diagnosis","output/prevalence_projections.csv"
"Prevalence (people)","total","Total lymphoma","Headline","Persons",5,2028,"Projected",33487.8681303433,32966.5821543228,34003.7441511706,"people living after diagnosis","output/prevalence_projections.csv"
"Prevalence (people)","total","Total lymphoma","Headline","Persons",5,2029,"Projected",34582.4577864432,34025.932830708,35122.8827473533,"people living after diagnosis","output/prevalence_projections.csv"
"Prevalence (people)","total","Total lymphoma","Headline","Persons",5,2030,"Projected",35669.1991311852,35089.8291494396,36240.5957504799,"people living after diagnosis","output/prevalence_projections.csv"
"Prevalence (people)","total","Total lymphoma","Headline","Persons",5,2031,"Projected",36731.7948647727,36124.2654436432,37331.7237345359,"people living after diagnosis","output/prevalence_projections.csv"
"Prevalence (people)","total","Total lymphoma","Headline","Persons",5,2032,"Projected",37740.0541410203,37102.316206154,38376.9865927553,"people living after diagnosis","output/prevalence_projections.csv"
"Prevalence (people)","total","Total lymphoma","Headline","Persons",5,2033,"Projected",38667.1052568545,37995.7133904608,39342.5182552311,"people living after diagnosis","output/prevalence_projections.csv"
"Prevalence (people)","total","Total lymphoma","Headline","Persons",5,2034,"Projected",39517.9758783859,38808.252279065,40229.5426773265,"people living after diagnosis","output/prevalence_projections.csv"
"Prevalence (people)","total","Total lymphoma","Headline","Persons",5,2035,"Projected",40286.2296587867,39563.2866924795,41041.9644588614,"people living after diagnosis","output/prevalence_projections.csv"
"Prevalence (people)","total","Total lymphoma","Headline","Persons",5,2036,"Projected",40984.0102812606,40228.5034345054,41786.1882244558,"people living after diagnosis","output/prevalence_projections.csv"
"Prevalence (people)","total","Total lymphoma","Headline","Persons",5,2037,"Projected",41678.7721991213,40888.4443469073,42533.5136969257,"people living after diagnosis","output/prevalence_projections.csv"
"Prevalence (people)","total","Total lymphoma","Headline","Persons",5,2038,"Projected",42364.5973178917,41522.4405273331,43257.2300981496,"people living after diagnosis","output/prevalence_projections.csv"
"Prevalence (people)","total","Total lymphoma","Headline","Persons",5,2039,"Projected",43022.1474704691,42139.4019924661,43959.4402270571,"people living after diagnosis","output/prevalence_projections.csv"
"Prevalence (people)","total","Total lymphoma","Headline","Persons",5,2040,"Projected",43647.4724611529,42730.5895277998,44626.3182057503,"people living after diagnosis","output/prevalence_projections.csv"
"Prevalence (people)","total","Total lymphoma","Headline","Persons",5,2041,"Projected",44223.71262242,43267.658403136,45239.9299020643,"people living after diagnosis","output/prevalence_projections.csv"
"Prevalence (people)","total","Total lymphoma","Headline","Persons",5,2042,"Projected",44748.7826532107,43757.509380145,45824.7739305606,"people living after diagnosis","output/prevalence_projections.csv"
"Prevalence (people)","total","Total lymphoma","Headline","Persons",5,2043,"Projected",45233.9782784475,44211.7485880629,46376.4211351317,"people living after diagnosis","output/prevalence_projections.csv"
"Prevalence (people)","total","Total lymphoma","Headline","Persons",5,2044,"Projected",45695.9205832835,44614.5702623847,46881.8700722404,"people living after diagnosis","output/prevalence_projections.csv"
"Prevalence (people)","total","Total lymphoma","Headline","Persons",5,2045,"Projected",46130.2518012663,45008.4035219605,47367.0686658554,"people living after diagnosis","output/prevalence_projections.csv"
"Prevalence (people)","total","Total lymphoma","Headline","Persons",10,2012,"Estimated",32099.9649322446,31809.5885277762,32388.7602625765,"people living after diagnosis","output/prevalence_projections.csv"
"Prevalence (people)","total","Total lymphoma","Headline","Persons",10,2013,"Estimated",33354.318833796,33072.5866960987,33623.6243077014,"people living after diagnosis","output/prevalence_projections.csv"
"Prevalence (people)","total","Total lymphoma","Headline","Persons",10,2014,"Estimated",34774.0661682757,34510.2408024134,35030.9400764294,"people living after diagnosis","output/prevalence_projections.csv"
"Prevalence (people)","total","Total lymphoma","Headline","Persons",10,2015,"Estimated",35972.4484024496,35713.492737994,36230.3920078985,"people living after diagnosis","output/prevalence_projections.csv"
"Prevalence (people)","total","Total lymphoma","Headline","Persons",10,2016,"Estimated",37371.1841912723,37123.1701025667,37615.9793136081,"people living after diagnosis","output/prevalence_projections.csv"
"Prevalence (people)","total","Total lymphoma","Headline","Persons",10,2017,"Estimated",38925.4640021045,38699.7783299555,39149.5098912255,"people living after diagnosis","output/prevalence_projections.csv"
"Prevalence (people)","total","Total lymphoma","Headline","Persons",10,2018,"Estimated",40331.5408440984,40134.0869399937,40525.2640656094,"people living after diagnosis","output/prevalence_projections.csv"
"Prevalence (people)","total","Total lymphoma","Headline","Persons",10,2019,"Estimated",41763.1256764835,41574.4301585583,41939.5442239501,"people living after diagnosis","output/prevalence_projections.csv"
"Prevalence (people)","total","Total lymphoma","Headline","Persons",10,2020,"Estimated",43458.6913643789,43254.8698366728,43670.8530990686,"people living after diagnosis","output/prevalence_projections.csv"
"Prevalence (people)","total","Total lymphoma","Headline","Persons",10,2021,"Estimated",44759.4995983797,44483.1527119199,45020.9926184206,"people living after diagnosis","output/prevalence_projections.csv"
"Prevalence (people)","total","Total lymphoma","Headline","Persons",10,2022,"Projected",46133.1136664523,45851.8699766136,46394.2520213788,"people living after diagnosis","output/prevalence_projections.csv"
"Prevalence (people)","total","Total lymphoma","Headline","Persons",10,2023,"Projected",47673.8101712341,47357.597844277,47971.5573234418,"people living after diagnosis","output/prevalence_projections.csv"
"Prevalence (people)","total","Total lymphoma","Headline","Persons",10,2024,"Projected",49174.3236009606,48780.1634565069,49521.507333926,"people living after diagnosis","output/prevalence_projections.csv"
"Prevalence (people)","total","Total lymphoma","Headline","Persons",10,2025,"Projected",50845.1770178388,50392.5036766961,51288.0995926106,"people living after diagnosis","output/prevalence_projections.csv"
"Prevalence (people)","total","Total lymphoma","Headline","Persons",10,2026,"Projected",52551.5565491644,51972.8985016578,53112.5008319274,"people living after diagnosis","output/prevalence_projections.csv"
"Prevalence (people)","total","Total lymphoma","Headline","Persons",10,2027,"Projected",54279.0594245606,53608.3263031622,54923.6941718769,"people living after diagnosis","output/prevalence_projections.csv"
"Prevalence (people)","total","Total lymphoma","Headline","Persons",10,2028,"Projected",56204.3181628855,55422.0475436993,56966.6587085336,"people living after diagnosis","output/prevalence_projections.csv"
"Prevalence (people)","total","Total lymphoma","Headline","Persons",10,2029,"Projected",58096.2483635875,57219.6793198341,58969.2448756051,"people living after diagnosis","output/prevalence_projections.csv"
"Prevalence (people)","total","Total lymphoma","Headline","Persons",10,2030,"Projected",59828.3084889671,58843.078291601,60809.6258947628,"people living after diagnosis","output/prevalence_projections.csv"
"Prevalence (people)","total","Total lymphoma","Headline","Persons",10,2031,"Projected",61856.6212153209,60765.4998205578,62936.3537886417,"people living after diagnosis","output/prevalence_projections.csv"
"Prevalence (people)","total","Total lymphoma","Headline","Persons",10,2032,"Projected",63792.4542775575,62648.2965976254,64910.0988259784,"people living after diagnosis","output/prevalence_projections.csv"
"Prevalence (people)","total","Total lymphoma","Headline","Persons",10,2033,"Projected",65650.145495252,64436.7713663728,66866.9813428026,"people living after diagnosis","output/prevalence_projections.csv"
"Prevalence (people)","total","Total lymphoma","Headline","Persons",10,2034,"Projected",67425.9404135276,66135.1721613334,68770.7425220471,"people living after diagnosis","output/prevalence_projections.csv"
"Prevalence (people)","total","Total lymphoma","Headline","Persons",10,2035,"Projected",69119.5458007577,67771.0613869084,70551.6858387582,"people living after diagnosis","output/prevalence_projections.csv"
"Prevalence (people)","total","Total lymphoma","Headline","Persons",10,2036,"Projected",70717.1378036549,69294.9393292407,72255.8953539468,"people living after diagnosis","output/prevalence_projections.csv"
"Prevalence (people)","total","Total lymphoma","Headline","Persons",10,2037,"Projected",72238.4405229515,70696.8792899612,73862.313367662,"people living after diagnosis","output/prevalence_projections.csv"
"Prevalence (people)","total","Total lymphoma","Headline","Persons",10,2038,"Projected",73638.5957966245,72012.6710718532,75381.6897494237,"people living after diagnosis","output/prevalence_projections.csv"
"Prevalence (people)","total","Total lymphoma","Headline","Persons",10,2039,"Projected",74917.6891405438,73240.0306804838,76760.5455306513,"people living after diagnosis","output/prevalence_projections.csv"
"Prevalence (people)","total","Total lymphoma","Headline","Persons",10,2040,"Projected",76068.8339514128,74323.4400669254,78013.0697325962,"people living after diagnosis","output/prevalence_projections.csv"
"Prevalence (people)","total","Total lymphoma","Headline","Persons",10,2041,"Projected",77117.0941007396,75260.359085443,79101.3803179756,"people living after diagnosis","output/prevalence_projections.csv"
"Prevalence (people)","total","Total lymphoma","Headline","Persons",10,2042,"Projected",78093.8252111465,76198.9610600363,80159.8679272016,"people living after diagnosis","output/prevalence_projections.csv"
"Prevalence (people)","total","Total lymphoma","Headline","Persons",10,2043,"Projected",79037.8064523631,77079.1956941619,81187.5247352446,"people living after diagnosis","output/prevalence_projections.csv"
"Prevalence (people)","total","Total lymphoma","Headline","Persons",10,2044,"Projected",79934.5560008981,77903.8213762565,82179.3014966224,"people living after diagnosis","output/prevalence_projections.csv"
"Prevalence (people)","total","Total lymphoma","Headline","Persons",10,2045,"Projected",80794.6665778026,78677.5263328822,83104.7728336236,"people living after diagnosis","output/prevalence_projections.csv"
"Prevalence (people)","total","Total lymphoma","Headline","Persons",40,2012,"Estimated",52704.8642726806,49680.4933812494,56400.5030112921,"people living after diagnosis","output/prevalence_projections.csv"
"Prevalence (people)","total","Total lymphoma","Headline","Persons",40,2013,"Estimated",55285.0637980506,52118.5644770379,59144.2363606945,"people living after diagnosis","output/prevalence_projections.csv"
"Prevalence (people)","total","Total lymphoma","Headline","Persons",40,2014,"Estimated",58077.4624254402,54790.6009637965,62155.3667579185,"people living after diagnosis","output/prevalence_projections.csv"
"Prevalence (people)","total","Total lymphoma","Headline","Persons",40,2015,"Estimated",60759.9524571265,57366.0258829375,64978.1868419767,"people living after diagnosis","output/prevalence_projections.csv"
"Prevalence (people)","total","Total lymphoma","Headline","Persons",40,2016,"Estimated",63630.6082540341,60112.9147845341,68025.0225031253,"people living after diagnosis","output/prevalence_projections.csv"
"Prevalence (people)","total","Total lymphoma","Headline","Persons",40,2017,"Estimated",66676.4771370045,63038.111536929,71203.3302184692,"people living after diagnosis","output/prevalence_projections.csv"
"Prevalence (people)","total","Total lymphoma","Headline","Persons",40,2018,"Estimated",69620.5144263836,65866.7996806555,74325.2441166625,"people living after diagnosis","output/prevalence_projections.csv"
"Prevalence (people)","total","Total lymphoma","Headline","Persons",40,2019,"Estimated",72712.3715981625,68832.2494811275,77580.5361567077,"people living after diagnosis","output/prevalence_projections.csv"
"Prevalence (people)","total","Total lymphoma","Headline","Persons",40,2020,"Estimated",76175.4093739215,72205.9166938182,81136.4537760914,"people living after diagnosis","output/prevalence_projections.csv"
"Prevalence (people)","total","Total lymphoma","Headline","Persons",40,2021,"Estimated",79304.2267543713,75249.7492611584,84315.2158935303,"people living after diagnosis","output/prevalence_projections.csv"
"Prevalence (people)","total","Total lymphoma","Headline","Persons",40,2022,"Projected",82351.2919737382,78330.8851931495,87252.3830207732,"people living after diagnosis","output/prevalence_projections.csv"
"Prevalence (people)","total","Total lymphoma","Headline","Persons",40,2023,"Projected",85517.6258182337,81539.6392255717,90378.9015204318,"people living after diagnosis","output/prevalence_projections.csv"
"Prevalence (people)","total","Total lymphoma","Headline","Persons",40,2024,"Projected",88838.237583462,84905.9698681474,93536.5458887676,"people living after diagnosis","output/prevalence_projections.csv"
"Prevalence (people)","total","Total lymphoma","Headline","Persons",40,2025,"Projected",92263.0122264649,88423.3869848668,96925.9302841801,"people living after diagnosis","output/prevalence_projections.csv"
"Prevalence (people)","total","Total lymphoma","Headline","Persons",40,2026,"Projected",95782.0579594359,92069.5566499685,100429.365677735,"people living after diagnosis","output/prevalence_projections.csv"
"Prevalence (people)","total","Total lymphoma","Headline","Persons",40,2027,"Projected",99479.4973160674,95766.4085291019,103984.14548749,"people living after diagnosis","output/prevalence_projections.csv"
"Prevalence (people)","total","Total lymphoma","Headline","Persons",40,2028,"Projected",103260.515880902,99611.8530030803,107614.971193475,"people living after diagnosis","output/prevalence_projections.csv"
"Prevalence (people)","total","Total lymphoma","Headline","Persons",40,2029,"Projected",107134.918555467,103595.594988013,111328.021176923,"people living after diagnosis","output/prevalence_projections.csv"
"Prevalence (people)","total","Total lymphoma","Headline","Persons",40,2030,"Projected",111073.325549273,107653.830641557,115125.313568037,"people living after diagnosis","output/prevalence_projections.csv"
"Prevalence (people)","total","Total lymphoma","Headline","Persons",40,2031,"Projected",115141.536164699,111756.320019728,119041.889840958,"people living after diagnosis","output/prevalence_projections.csv"
"Prevalence (people)","total","Total lymphoma","Headline","Persons",40,2032,"Projected",119214.622272498,115925.842884106,123031.929121461,"people living after diagnosis","output/prevalence_projections.csv"
"Prevalence (people)","total","Total lymphoma","Headline","Persons",40,2033,"Projected",123282.167698785,120211.616535522,126910.881017631,"people living after diagnosis","output/prevalence_projections.csv"
"Prevalence (people)","total","Total lymphoma","Headline","Persons",40,2034,"Projected",127429.718462791,124346.524511801,131036.322800803,"people living after diagnosis","output/prevalence_projections.csv"
"Prevalence (people)","total","Total lymphoma","Headline","Persons",40,2035,"Projected",131563.742528051,128455.293995709,135033.968875243,"people living after diagnosis","output/prevalence_projections.csv"
"Prevalence (people)","total","Total lymphoma","Headline","Persons",40,2036,"Projected",135653.542413628,132413.409488584,139320.544502403,"people living after diagnosis","output/prevalence_projections.csv"
"Prevalence (people)","total","Total lymphoma","Headline","Persons",40,2037,"Projected",139773.150154721,136307.332850795,143644.933099691,"people living after diagnosis","output/prevalence_projections.csv"
"Prevalence (people)","total","Total lymphoma","Headline","Persons",40,2038,"Projected",143931.655746571,140097.287204039,148044.085266352,"people living after diagnosis","output/prevalence_projections.csv"
"Prevalence (people)","total","Total lymphoma","Headline","Persons",40,2039,"Projected",147986.396827429,143788.558259472,152512.757070138,"people living after diagnosis","output/prevalence_projections.csv"
"Prevalence (people)","total","Total lymphoma","Headline","Persons",40,2040,"Projected",151975.240867835,147451.983740915,156919.152438882,"people living after diagnosis","output/prevalence_projections.csv"
"Prevalence (people)","total","Total lymphoma","Headline","Persons",40,2041,"Projected",155942.374890007,151011.463249617,161412.319706694,"people living after diagnosis","output/prevalence_projections.csv"
"Prevalence (people)","total","Total lymphoma","Headline","Persons",40,2042,"Projected",159862.883894368,154450.7339509,165938.259678967,"people living after diagnosis","output/prevalence_projections.csv"
"Prevalence (people)","total","Total lymphoma","Headline","Persons",40,2043,"Projected",163684.292440118,157842.129687052,170507.299380241,"people living after diagnosis","output/prevalence_projections.csv"
"Prevalence (people)","total","Total lymphoma","Headline","Persons",40,2044,"Projected",167420.219776155,161129.537101915,174973.515731033,"people living after diagnosis","output/prevalence_projections.csv"
"Prevalence (people)","total","Total lymphoma","Headline","Persons",40,2045,"Projected",171093.117575605,164139.531824799,179402.636347969,"people living after diagnosis","output/prevalence_projections.csv"
"Prevalence (people)","total","Total lymphoma","Headline","Females",2,2012,"Estimated",3952.14424311984,3935.69151066461,3968.16937177419,"people living after diagnosis","output/prevalence_projections.csv"
"Prevalence (people)","total","Total lymphoma","Headline","Females",2,2013,"Estimated",4121.13808407359,4098.87909714069,4142.50010644827,"people living after diagnosis","output/prevalence_projections.csv"
"Prevalence (people)","total","Total lymphoma","Headline","Females",2,2014,"Estimated",4367.70165569181,4345.2427538438,4389.63914097489,"people living after diagnosis","output/prevalence_projections.csv"
"Prevalence (people)","total","Total lymphoma","Headline","Females",2,2015,"Estimated",4491.69259810042,4468.57265860455,4514.66042636794,"people living after diagnosis","output/prevalence_projections.csv"
"Prevalence (people)","total","Total lymphoma","Headline","Females",2,2016,"Estimated",4574.33705350113,4551.5002684306,4598.28323519106,"people living after diagnosis","output/prevalence_projections.csv"
"Prevalence (people)","total","Total lymphoma","Headline","Females",2,2017,"Estimated",4723.66247845879,4706.1834110701,4741.62528731083,"people living after diagnosis","output/prevalence_projections.csv"
"Prevalence (people)","total","Total lymphoma","Headline","Females",2,2018,"Estimated",4738.00619076757,4716.10942709049,4757.60294092417,"people living after diagnosis","output/prevalence_projections.csv"
"Prevalence (people)","total","Total lymphoma","Headline","Females",2,2019,"Estimated",4840.14459329702,4815.18436773958,4863.09504889324,"people living after diagnosis","output/prevalence_projections.csv"
"Prevalence (people)","total","Total lymphoma","Headline","Females",2,2020,"Estimated",5180.74764308831,5151.90995993411,5207.55740782102,"people living after diagnosis","output/prevalence_projections.csv"
"Prevalence (people)","total","Total lymphoma","Headline","Females",2,2021,"Estimated",5356.39024471462,5324.27287586628,5386.97047972626,"people living after diagnosis","output/prevalence_projections.csv"
"Prevalence (people)","total","Total lymphoma","Headline","Females",2,2022,"Projected",5403.56864922968,5326.37066734504,5478.22156685445,"people living after diagnosis","output/prevalence_projections.csv"
"Prevalence (people)","total","Total lymphoma","Headline","Females",2,2023,"Projected",5600.51813329,5466.18868179605,5736.61742112895,"people living after diagnosis","output/prevalence_projections.csv"
"Prevalence (people)","total","Total lymphoma","Headline","Females",2,2024,"Projected",5798.41298016808,5664.19953191487,5942.49063513434,"people living after diagnosis","output/prevalence_projections.csv"
"Prevalence (people)","total","Total lymphoma","Headline","Females",2,2025,"Projected",5996.71998948133,5858.49094265067,6143.02609649424,"people living after diagnosis","output/prevalence_projections.csv"
"Prevalence (people)","total","Total lymphoma","Headline","Females",2,2026,"Projected",6200.74239570892,6057.79348462885,6352.84701118717,"people living after diagnosis","output/prevalence_projections.csv"
"Prevalence (people)","total","Total lymphoma","Headline","Females",2,2027,"Projected",6407.19956171995,6258.27859532419,6564.66522313532,"people living after diagnosis","output/prevalence_projections.csv"
"Prevalence (people)","total","Total lymphoma","Headline","Females",2,2028,"Projected",6610.84484325498,6449.1927585571,6780.64464866807,"people living after diagnosis","output/prevalence_projections.csv"
"Prevalence (people)","total","Total lymphoma","Headline","Females",2,2029,"Projected",6812.14883002215,6637.22917435695,6991.2960489402,"people living after diagnosis","output/prevalence_projections.csv"
"Prevalence (people)","total","Total lymphoma","Headline","Females",2,2030,"Projected",7008.15154072173,6822.59783416579,7197.44830995588,"people living after diagnosis","output/prevalence_projections.csv"
"Prevalence (people)","total","Total lymphoma","Headline","Females",2,2031,"Projected",7198.80612385429,7004.31372905881,7400.23362782285,"people living after diagnosis","output/prevalence_projections.csv"
"Prevalence (people)","total","Total lymphoma","Headline","Females",2,2032,"Projected",7373.4996701811,7168.73433135135,7588.76436165392,"people living after diagnosis","output/prevalence_projections.csv"
"Prevalence (people)","total","Total lymphoma","Headline","Females",2,2033,"Projected",7522.7295276841,7308.76688502517,7746.410470154,"people living after diagnosis","output/prevalence_projections.csv"
"Prevalence (people)","total","Total lymphoma","Headline","Females",2,2034,"Projected",7672.66223939966,7450.221669713,7908.14002114049,"people living after diagnosis","output/prevalence_projections.csv"
"Prevalence (people)","total","Total lymphoma","Headline","Females",2,2035,"Projected",7821.37125379268,7590.65993743288,8067.39919504808,"people living after diagnosis","output/prevalence_projections.csv"
"Prevalence (people)","total","Total lymphoma","Headline","Females",2,2036,"Projected",7972.08255597343,7728.82020288637,8232.08623541637,"people living after diagnosis","output/prevalence_projections.csv"
"Prevalence (people)","total","Total lymphoma","Headline","Females",2,2037,"Projected",8122.92655532891,7867.50742457707,8393.51794053395,"people living after diagnosis","output/prevalence_projections.csv"
"Prevalence (people)","total","Total lymphoma","Headline","Females",2,2038,"Projected",8267.95909763364,7996.68836525967,8552.00352387337,"people living after diagnosis","output/prevalence_projections.csv"
"Prevalence (people)","total","Total lymphoma","Headline","Females",2,2039,"Projected",8403.01886768766,8116.68736112886,8702.28727210717,"people living after diagnosis","output/prevalence_projections.csv"
"Prevalence (people)","total","Total lymphoma","Headline","Females",2,2040,"Projected",8529.2564477221,8228.39323625755,8840.50760079619,"people living after diagnosis","output/prevalence_projections.csv"
"Prevalence (people)","total","Total lymphoma","Headline","Females",2,2041,"Projected",8642.64154849031,8329.05519960174,8967.94561026407,"people living after diagnosis","output/prevalence_projections.csv"
"Prevalence (people)","total","Total lymphoma","Headline","Females",2,2042,"Projected",8748.91622436432,8421.38791302879,9086.69347040519,"people living after diagnosis","output/prevalence_projections.csv"
"Prevalence (people)","total","Total lymphoma","Headline","Females",2,2043,"Projected",8850.05175000033,8510.80559632546,9201.45589624063,"people living after diagnosis","output/prevalence_projections.csv"
"Prevalence (people)","total","Total lymphoma","Headline","Females",2,2044,"Projected",8950.27685632983,8598.1811548234,9320.65443375826,"people living after diagnosis","output/prevalence_projections.csv"
"Prevalence (people)","total","Total lymphoma","Headline","Females",2,2045,"Projected",9050.61759997671,8685.2577167947,9433.19759066206,"people living after diagnosis","output/prevalence_projections.csv"
"Prevalence (people)","total","Total lymphoma","Headline","Females",3,2012,"Estimated",5630.27139629706,5607.01477681372,5651.15452189013,"people living after diagnosis","output/prevalence_projections.csv"
"Prevalence (people)","total","Total lymphoma","Headline","Females",3,2013,"Estimated",5847.01258223561,5819.76818969893,5871.95272252134,"people living after diagnosis","output/prevalence_projections.csv"
"Prevalence (people)","total","Total lymphoma","Headline","Females",3,2014,"Estimated",6193.15945414827,6165.45623266448,6221.13459678674,"people living after diagnosis","output/prevalence_projections.csv"
"Prevalence (people)","total","Total lymphoma","Headline","Females",3,2015,"Estimated",6369.32979914433,6341.7748067808,6398.2649955723,"people living after diagnosis","output/prevalence_projections.csv"
"Prevalence (people)","total","Total lymphoma","Headline","Females",3,2016,"Estimated",6623.28679027637,6594.909639148,6653.27569144232,"people living after diagnosis","output/prevalence_projections.csv"
"Prevalence (people)","total","Total lymphoma","Headline","Females",3,2017,"Estimated",6736.1194597805,6713.58737909134,6760.02103939316,"people living after diagnosis","output/prevalence_projections.csv"
"Prevalence (people)","total","Total lymphoma","Headline","Females",3,2018,"Estimated",6869.15725428008,6841.43502512456,6895.05821987545,"people living after diagnosis","output/prevalence_projections.csv"
"Prevalence (people)","total","Total lymphoma","Headline","Females",3,2019,"Estimated",6992.98882541471,6963.77082269508,7019.80395678594,"people living after diagnosis","output/prevalence_projections.csv"
"Prevalence (people)","total","Total lymphoma","Headline","Females",3,2020,"Estimated",7331.12400041306,7298.0871292123,7361.12139712038,"people living after diagnosis","output/prevalence_projections.csv"
"Prevalence (people)","total","Total lymphoma","Headline","Females",3,2021,"Estimated",7609.14542265291,7571.29841652256,7643.51834598471,"people living after diagnosis","output/prevalence_projections.csv"
"Prevalence (people)","total","Total lymphoma","Headline","Females",3,2022,"Projected",7884.26846549712,7803.69273838342,7956.48469891031,"people living after diagnosis","output/prevalence_projections.csv"
"Prevalence (people)","total","Total lymphoma","Headline","Females",3,2023,"Projected",8036.76552058157,7899.09345635854,8172.88776030591,"people living after diagnosis","output/prevalence_projections.csv"
"Prevalence (people)","total","Total lymphoma","Headline","Females",3,2024,"Projected",8326.09282395032,8131.1172333029,8527.81323133213,"people living after diagnosis","output/prevalence_projections.csv"
"Prevalence (people)","total","Total lymphoma","Headline","Females",3,2025,"Projected",8623.16436744873,8421.77710494157,8823.29892789924,"people living after diagnosis","output/prevalence_projections.csv"
"Prevalence (people)","total","Total lymphoma","Headline","Females",3,2026,"Projected",8922.20833967282,8712.77101143221,9134.85656527108,"people living after diagnosis","output/prevalence_projections.csv"
"Prevalence (people)","total","Total lymphoma","Headline","Females",3,2027,"Projected",9227.41789325387,9007.62568083695,9445.78390777769,"people living after diagnosis","output/prevalence_projections.csv"
"Prevalence (people)","total","Total lymphoma","Headline","Females",3,2028,"Projected",9534.40817974767,9298.00049242587,9761.42143818037,"people living after diagnosis","output/prevalence_projections.csv"
"Prevalence (people)","total","Total lymphoma","Headline","Females",3,2029,"Projected",9835.81820445763,9583.66716695538,10079.7982112912,"people living after diagnosis","output/prevalence_projections.csv"
"Prevalence (people)","total","Total lymphoma","Headline","Females",3,2030,"Projected",10130.8492768013,9859.67987248936,10385.6130702412,"people living after diagnosis","output/prevalence_projections.csv"
"Prevalence (people)","total","Total lymphoma","Headline","Females",3,2031,"Projected",10420.601348129,10138.2394946002,10687.6866855669,"people living after diagnosis","output/prevalence_projections.csv"
"Prevalence (people)","total","Total lymphoma","Headline","Females",3,2032,"Projected",10691.0786514009,10386.1462331794,10970.1243745921,"people living after diagnosis","output/prevalence_projections.csv"
"Prevalence (people)","total","Total lymphoma","Headline","Females",3,2033,"Projected",10936.6462438456,10624.4812951491,11234.1084976256,"people living after diagnosis","output/prevalence_projections.csv"
"Prevalence (people)","total","Total lymphoma","Headline","Females",3,2034,"Projected",11149.1530855962,10827.1280743696,11469.3895014931,"people living after diagnosis","output/prevalence_projections.csv"
"Prevalence (people)","total","Total lymphoma","Headline","Females",3,2035,"Projected",11361.6848928746,11026.8716119549,11696.4585867252,"people living after diagnosis","output/prevalence_projections.csv"
"Prevalence (people)","total","Total lymphoma","Headline","Females",3,2036,"Projected",11579.8266381216,11230.0242400938,11937.9519050885,"people living after diagnosis","output/prevalence_projections.csv"
"Prevalence (people)","total","Total lymphoma","Headline","Females",3,2037,"Projected",11794.1677287184,11429.3496013382,12170.9575746191,"people living after diagnosis","output/prevalence_projections.csv"
"Prevalence (people)","total","Total lymphoma","Headline","Females",3,2038,"Projected",12004.9758169106,11622.6320746161,12403.9207479945,"people living after diagnosis","output/prevalence_projections.csv"
"Prevalence (people)","total","Total lymphoma","Headline","Females",3,2039,"Projected",12203.9480662637,11804.3149138839,12628.3286512322,"people living after diagnosis","output/prevalence_projections.csv"
"Prevalence (people)","total","Total lymphoma","Headline","Females",3,2040,"Projected",12390.3005776903,11968.5454366489,12839.3206576885,"people living after diagnosis","output/prevalence_projections.csv"
"Prevalence (people)","total","Total lymphoma","Headline","Females",3,2041,"Projected",12565.1199154167,12118.6765973271,13035.1259520497,"people living after diagnosis","output/prevalence_projections.csv"
"Prevalence (people)","total","Total lymphoma","Headline","Females",3,2042,"Projected",12723.9939964064,12257.8037007384,13216.7184838006,"people living after diagnosis","output/prevalence_projections.csv"
"Prevalence (people)","total","Total lymphoma","Headline","Females",3,2043,"Projected",12874.0608192478,12383.6808154572,13384.2682851699,"people living after diagnosis","output/prevalence_projections.csv"
"Prevalence (people)","total","Total lymphoma","Headline","Females",3,2044,"Projected",13022.2017781125,12508.5244291842,13549.2387223329,"people living after diagnosis","output/prevalence_projections.csv"
"Prevalence (people)","total","Total lymphoma","Headline","Females",3,2045,"Projected",13169.8333951313,12637.6447063093,13713.2212477723,"people living after diagnosis","output/prevalence_projections.csv"
"Prevalence (people)","total","Total lymphoma","Headline","Females",5,2012,"Estimated",8589.20691414819,8556.13927620884,8619.96699513022,"people living after diagnosis","output/prevalence_projections.csv"
"Prevalence (people)","total","Total lymphoma","Headline","Females",5,2013,"Estimated",8938.94817970653,8905.4087406279,8970.70000352023,"people living after diagnosis","output/prevalence_projections.csv"
"Prevalence (people)","total","Total lymphoma","Headline","Females",5,2014,"Estimated",9369.21609045026,9333.24364015308,9402.931402949,"people living after diagnosis","output/prevalence_projections.csv"
"Prevalence (people)","total","Total lymphoma","Headline","Females",5,2015,"Estimated",9685.74946303498,9647.45274354479,9722.41055045742,"people living after diagnosis","output/prevalence_projections.csv"
"Prevalence (people)","total","Total lymphoma","Headline","Females",5,2016,"Estimated",10091.8404864272,10052.7442238772,10131.534886714,"people living after diagnosis","output/prevalence_projections.csv"
"Prevalence (people)","total","Total lymphoma","Headline","Females",5,2017,"Estimated",10416.2594352407,10380.9746740234,10455.1188576556,"people living after diagnosis","output/prevalence_projections.csv"
"Prevalence (people)","total","Total lymphoma","Headline","Females",5,2018,"Estimated",10674.6605800562,10636.7478443925,10711.9885507552,"people living after diagnosis","output/prevalence_projections.csv"
"Prevalence (people)","total","Total lymphoma","Headline","Females",5,2019,"Estimated",10886.8767000927,10848.7563571979,10924.4335651522,"people living after diagnosis","output/prevalence_projections.csv"
"Prevalence (people)","total","Total lymphoma","Headline","Females",5,2020,"Estimated",11357.3203225159,11317.1147435425,11396.8492367626,"people living after diagnosis","output/prevalence_projections.csv"
"Prevalence (people)","total","Total lymphoma","Headline","Females",5,2021,"Estimated",11640.7486547979,11598.4750294843,11681.2913459209,"people living after diagnosis","output/prevalence_projections.csv"
"Prevalence (people)","total","Total lymphoma","Headline","Females",5,2022,"Projected",12009.0268815555,11926.0843297102,12088.3769168828,"people living after diagnosis","output/prevalence_projections.csv"
"Prevalence (people)","total","Total lymphoma","Headline","Females",5,2023,"Projected",12480.5124603229,12342.1689335804,12619.0268581659,"people living after diagnosis","output/prevalence_projections.csv"
"Prevalence (people)","total","Total lymphoma","Headline","Females",5,2024,"Projected",12945.2186683603,12749.6986443151,13143.0499287884,"people living after diagnosis","output/prevalence_projections.csv"
"Prevalence (people)","total","Total lymphoma","Headline","Females",5,2025,"Projected",13293.8069283608,13041.1008874675,13553.3066311763,"people living after diagnosis","output/prevalence_projections.csv"
"Prevalence (people)","total","Total lymphoma","Headline","Females",5,2026,"Projected",13778.9382082368,13463.4441026851,14098.7962712809,"people living after diagnosis","output/prevalence_projections.csv"
"Prevalence (people)","total","Total lymphoma","Headline","Females",5,2027,"Projected",14269.6222771346,13942.8186476073,14600.0158411483,"people living after diagnosis","output/prevalence_projections.csv"
"Prevalence (people)","total","Total lymphoma","Headline","Females",5,2028,"Projected",14760.3087568342,14420.697056123,15101.9532715859,"people living after diagnosis","output/prevalence_projections.csv"
"Prevalence (people)","total","Total lymphoma","Headline","Females",5,2029,"Projected",15252.8401288565,14898.3483287489,15612.0639410087,"people living after diagnosis","output/prevalence_projections.csv"
"Prevalence (people)","total","Total lymphoma","Headline","Females",5,2030,"Projected",15743.4181440841,15352.0433244885,16123.525145544,"people living after diagnosis","output/prevalence_projections.csv"
"Prevalence (people)","total","Total lymphoma","Headline","Females",5,2031,"Projected",16228.770576632,15812.6195445856,16628.3709900689,"people living after diagnosis","output/prevalence_projections.csv"
"Prevalence (people)","total","Total lymphoma","Headline","Females",5,2032,"Projected",16691.4599034112,16256.2118395691,17114.9423119366,"people living after diagnosis","output/prevalence_projections.csv"
"Prevalence (people)","total","Total lymphoma","Headline","Females",5,2033,"Projected",17121.1002822499,16663.6922252552,17569.7136060135,"people living after diagnosis","output/prevalence_projections.csv"
"Prevalence (people)","total","Total lymphoma","Headline","Females",5,2034,"Projected",17518.4976001716,17036.0331615508,17986.1255676802,"people living after diagnosis","output/prevalence_projections.csv"
"Prevalence (people)","total","Total lymphoma","Headline","Females",5,2035,"Projected",17886.0328830393,17387.5001626299,18378.6114242439,"people living after diagnosis","output/prevalence_projections.csv"
"Prevalence (people)","total","Total lymphoma","Headline","Females",5,2036,"Projected",18220.3074640774,17706.7044450132,18737.6245686677,"people living after diagnosis","output/prevalence_projections.csv"
"Prevalence (people)","total","Total lymphoma","Headline","Females",5,2037,"Projected",18557.879798207,18015.7072222405,19108.3048872194,"people living after diagnosis","output/prevalence_projections.csv"
"Prevalence (people)","total","Total lymphoma","Headline","Females",5,2038,"Projected",18888.5268872358,18328.4130433363,19470.8440935448,"people living after diagnosis","output/prevalence_projections.csv"
"Prevalence (people)","total","Total lymphoma","Headline","Females",5,2039,"Projected",19210.6761427669,18618.9643446227,19831.048905729,"people living after diagnosis","output/prevalence_projections.csv"
"Prevalence (people)","total","Total lymphoma","Headline","Females",5,2040,"Projected",19522.7409803752,18897.2044118769,20182.1739542354,"people living after diagnosis","output/prevalence_projections.csv"
"Prevalence (people)","total","Total lymphoma","Headline","Females",5,2041,"Projected",19812.75180797,19150.4567350703,20510.4883042092,"people living after diagnosis","output/prevalence_projections.csv"
"Prevalence (people)","total","Total lymphoma","Headline","Females",5,2042,"Projected",20082.3825809257,19390.0003341758,20816.2011083068,"people living after diagnosis","output/prevalence_projections.csv"
"Prevalence (people)","total","Total lymphoma","Headline","Females",5,2043,"Projected",20332.4646508144,19608.4135966192,21096.9912697923,"people living after diagnosis","output/prevalence_projections.csv"
"Prevalence (people)","total","Total lymphoma","Headline","Females",5,2044,"Projected",20578.5996397841,19822.5726086512,21361.1740361507,"people living after diagnosis","output/prevalence_projections.csv"
"Prevalence (people)","total","Total lymphoma","Headline","Females",5,2045,"Projected",20809.8716788465,19998.4435419101,21629.4522950987,"people living after diagnosis","output/prevalence_projections.csv"
"Prevalence (people)","total","Total lymphoma","Headline","Females",10,2012,"Estimated",14252.0287201852,14049.5051979702,14446.5573682784,"people living after diagnosis","output/prevalence_projections.csv"
"Prevalence (people)","total","Total lymphoma","Headline","Females",10,2013,"Estimated",14815.8681302816,14619.7490576941,15002.9216514664,"people living after diagnosis","output/prevalence_projections.csv"
"Prevalence (people)","total","Total lymphoma","Headline","Females",10,2014,"Estimated",15477.605931745,15296.6727553596,15654.5749344698,"people living after diagnosis","output/prevalence_projections.csv"
"Prevalence (people)","total","Total lymphoma","Headline","Females",10,2015,"Estimated",15971.7492422977,15804.3226063948,16138.6777011545,"people living after diagnosis","output/prevalence_projections.csv"
"Prevalence (people)","total","Total lymphoma","Headline","Females",10,2016,"Estimated",16619.3549396198,16464.9710437873,16779.0670259445,"people living after diagnosis","output/prevalence_projections.csv"
"Prevalence (people)","total","Total lymphoma","Headline","Females",10,2017,"Estimated",17226.5507120919,17087.5954712831,17369.5912226322,"people living after diagnosis","output/prevalence_projections.csv"
"Prevalence (people)","total","Total lymphoma","Headline","Females",10,2018,"Estimated",17799.8172532154,17676.2248084315,17926.8795392073,"people living after diagnosis","output/prevalence_projections.csv"
"Prevalence (people)","total","Total lymphoma","Headline","Females",10,2019,"Estimated",18383.0868929255,18263.8449135172,18507.7810155242,"people living after diagnosis","output/prevalence_projections.csv"
"Prevalence (people)","total","Total lymphoma","Headline","Females",10,2020,"Estimated",19152.5843703427,19011.4404983406,19289.8793001471,"people living after diagnosis","output/prevalence_projections.csv"
"Prevalence (people)","total","Total lymphoma","Headline","Females",10,2021,"Estimated",19806.0578713431,19638.9772899994,19987.0059743605,"people living after diagnosis","output/prevalence_projections.csv"
"Prevalence (people)","total","Total lymphoma","Headline","Females",10,2022,"Projected",20455.7800548309,20290.1556748197,20634.1996789896,"people living after diagnosis","output/prevalence_projections.csv"
"Prevalence (people)","total","Total lymphoma","Headline","Females",10,2023,"Projected",21147.6304189538,20946.7713348718,21341.5498971372,"people living after diagnosis","output/prevalence_projections.csv"
"Prevalence (people)","total","Total lymphoma","Headline","Females",10,2024,"Projected",21793.7448758002,21554.6680700166,22014.5100308322,"people living after diagnosis","output/prevalence_projections.csv"
"Prevalence (people)","total","Total lymphoma","Headline","Females",10,2025,"Projected",22529.8908558516,22235.2200109171,22814.0847486047,"people living after diagnosis","output/prevalence_projections.csv"
"Prevalence (people)","total","Total lymphoma","Headline","Females",10,2026,"Projected",23253.319324907,22893.0284566531,23622.069032557,"people living after diagnosis","output/prevalence_projections.csv"
"Prevalence (people)","total","Total lymphoma","Headline","Females",10,2027,"Projected",24071.018834917,23646.6530616397,24495.3918162368,"people living after diagnosis","output/prevalence_projections.csv"
"Prevalence (people)","total","Total lymphoma","Headline","Females",10,2028,"Projected",24996.0033865342,24502.2262995781,25486.4192038379,"people living after diagnosis","output/prevalence_projections.csv"
"Prevalence (people)","total","Total lymphoma","Headline","Females",10,2029,"Projected",25908.2867294447,25335.9905016239,26480.037438148,"people living after diagnosis","output/prevalence_projections.csv"
"Prevalence (people)","total","Total lymphoma","Headline","Females",10,2030,"Projected",26708.8922916039,26066.9573773018,27355.6052992768,"people living after diagnosis","output/prevalence_projections.csv"
"Prevalence (people)","total","Total lymphoma","Headline","Females",10,2031,"Projected",27614.9176910429,26902.3238161006,28335.9230966842,"people living after diagnosis","output/prevalence_projections.csv"
"Prevalence (people)","total","Total lymphoma","Headline","Females",10,2032,"Projected",28514.4516777612,27736.6400966519,29279.6608008471,"people living after diagnosis","output/prevalence_projections.csv"
"Prevalence (people)","total","Total lymphoma","Headline","Females",10,2033,"Projected",29390.0985114925,28558.6640167569,30194.0072194995,"people living after diagnosis","output/prevalence_projections.csv"
"Prevalence (people)","total","Total lymphoma","Headline","Females",10,2034,"Projected",30239.7303858293,29317.4319371733,31117.5700287985,"people living after diagnosis","output/prevalence_projections.csv"
"Prevalence (people)","total","Total lymphoma","Headline","Females",10,2035,"Projected",31045.0763200977,30086.2535304016,31971.3713968586,"people living after diagnosis","output/prevalence_projections.csv"
"Prevalence (people)","total","Total lymphoma","Headline","Females",10,2036,"Projected",31821.5474737855,30799.0517297474,32829.8396762219,"people living after diagnosis","output/prevalence_projections.csv"
"Prevalence (people)","total","Total lymphoma","Headline","Females",10,2037,"Projected",32550.9026502611,31474.8097623029,33613.1902577914,"people living after diagnosis","output/prevalence_projections.csv"
"Prevalence (people)","total","Total lymphoma","Headline","Females",10,2038,"Projected",33235.350553757,32067.0445563081,34357.1398475882,"people living after diagnosis","output/prevalence_projections.csv"
"Prevalence (people)","total","Total lymphoma","Headline","Females",10,2039,"Projected",33874.4183379026,32655.5591981997,35068.5485382003,"people living after diagnosis","output/prevalence_projections.csv"
"Prevalence (people)","total","Total lymphoma","Headline","Females",10,2040,"Projected",34470.1476740108,33183.7973312351,35727.3883126144,"people living after diagnosis","output/prevalence_projections.csv"
"Prevalence (people)","total","Total lymphoma","Headline","Females",10,2041,"Projected",35003.0814524571,33646.267247083,36333.1519719125,"people living after diagnosis","output/prevalence_projections.csv"
"Prevalence (people)","total","Total lymphoma","Headline","Females",10,2042,"Projected",35516.0161731186,34114.403261094,36912.2200359478,"people living after diagnosis","output/prevalence_projections.csv"
"Prevalence (people)","total","Total lymphoma","Headline","Females",10,2043,"Projected",36014.5169131447,34542.683495517,37462.6772025694,"people living after diagnosis","output/prevalence_projections.csv"
"Prevalence (people)","total","Total lymphoma","Headline","Females",10,2044,"Projected",36495.1578090545,34969.7287813028,37987.1445166836,"people living after diagnosis","output/prevalence_projections.csv"
"Prevalence (people)","total","Total lymphoma","Headline","Females",10,2045,"Projected",36958.4905795325,35379.1539312679,38499.2746068233,"people living after diagnosis","output/prevalence_projections.csv"
"Prevalence (people)","total","Total lymphoma","Headline","Females",40,2012,"Estimated",24183.1378448479,22074.9877103882,26831.8375366213,"people living after diagnosis","output/prevalence_projections.csv"
"Prevalence (people)","total","Total lymphoma","Headline","Females",40,2013,"Estimated",25355.3061226535,23137.3481301943,28119.9030621499,"people living after diagnosis","output/prevalence_projections.csv"
"Prevalence (people)","total","Total lymphoma","Headline","Females",40,2014,"Estimated",26676.2492823121,24356.4571582739,29576.5008638362,"people living after diagnosis","output/prevalence_projections.csv"
"Prevalence (people)","total","Total lymphoma","Headline","Females",40,2015,"Estimated",27906.2097507729,25471.1288593494,30941.4716966534,"people living after diagnosis","output/prevalence_projections.csv"
"Prevalence (people)","total","Total lymphoma","Headline","Females",40,2016,"Estimated",29244.6470831378,26710.4505608315,32413.7896385629,"people living after diagnosis","output/prevalence_projections.csv"
"Prevalence (people)","total","Total lymphoma","Headline","Females",40,2017,"Estimated",30572.7479607458,27946.9927797805,33857.0321414615,"people living after diagnosis","output/prevalence_projections.csv"
"Prevalence (people)","total","Total lymphoma","Headline","Females",40,2018,"Estimated",31871.2848391036,29196.6137807716,35262.9538535522,"people living after diagnosis","output/prevalence_projections.csv"
"Prevalence (people)","total","Total lymphoma","Headline","Females",40,2019,"Estimated",33257.309561904,30512.2110742582,36739.6335126352,"people living after diagnosis","output/prevalence_projections.csv"
"Prevalence (people)","total","Total lymphoma","Headline","Females",40,2020,"Estimated",34849.2315205493,32042.3507240555,38401.654233888,"people living after diagnosis","output/prevalence_projections.csv"
"Prevalence (people)","total","Total lymphoma","Headline","Females",40,2021,"Estimated",36333.1880677989,33478.9738987361,39995.9560023296,"people living after diagnosis","output/prevalence_projections.csv"
"Prevalence (people)","total","Total lymphoma","Headline","Females",40,2022,"Projected",37736.401409243,34895.1224327807,41329.1289297258,"people living after diagnosis","output/prevalence_projections.csv"
"Prevalence (people)","total","Total lymphoma","Headline","Females",40,2023,"Projected",39216.6307061779,36412.1260091887,42784.3974069655,"people living after diagnosis","output/prevalence_projections.csv"
"Prevalence (people)","total","Total lymphoma","Headline","Females",40,2024,"Projected",40754.0825909628,38003.5280212537,44200.941243313,"people living after diagnosis","output/prevalence_projections.csv"
"Prevalence (people)","total","Total lymphoma","Headline","Females",40,2025,"Projected",42344.6151831652,39667.076859827,45699.6234538858,"people living after diagnosis","output/prevalence_projections.csv"
"Prevalence (people)","total","Total lymphoma","Headline","Females",40,2026,"Projected",43966.1947257085,41385.2695281109,47253.8615255559,"people living after diagnosis","output/prevalence_projections.csv"
"Prevalence (people)","total","Total lymphoma","Headline","Females",40,2027,"Projected",45654.455188679,43146.3454688778,48882.3417002218,"people living after diagnosis","output/prevalence_projections.csv"
"Prevalence (people)","total","Total lymphoma","Headline","Females",40,2028,"Projected",47406.1470102287,44984.3821041076,50487.6051580148,"people living after diagnosis","output/prevalence_projections.csv"
"Prevalence (people)","total","Total lymphoma","Headline","Females",40,2029,"Projected",49168.5298930335,46857.2618312378,52121.4763951976,"people living after diagnosis","output/prevalence_projections.csv"
"Prevalence (people)","total","Total lymphoma","Headline","Females",40,2030,"Projected",51003.5137385149,48794.2712124827,53825.6484764233,"people living after diagnosis","output/prevalence_projections.csv"
"Prevalence (people)","total","Total lymphoma","Headline","Females",40,2031,"Projected",52896.0184236922,50812.6163798296,55598.6642686492,"people living after diagnosis","output/prevalence_projections.csv"
"Prevalence (people)","total","Total lymphoma","Headline","Females",40,2032,"Projected",54775.4656579223,52794.6147929926,57329.1872241785,"people living after diagnosis","output/prevalence_projections.csv"
"Prevalence (people)","total","Total lymphoma","Headline","Females",40,2033,"Projected",56711.1576294552,54750.244730853,59175.8301197969,"people living after diagnosis","output/prevalence_projections.csv"
"Prevalence (people)","total","Total lymphoma","Headline","Females",40,2034,"Projected",58645.3458368368,56658.6727573542,61052.738709679,"people living after diagnosis","output/prevalence_projections.csv"
"Prevalence (people)","total","Total lymphoma","Headline","Females",40,2035,"Projected",60598.2756737457,58575.66989453,62992.2676064022,"people living after diagnosis","output/prevalence_projections.csv"
"Prevalence (people)","total","Total lymphoma","Headline","Females",40,2036,"Projected",62546.7620826639,60491.6227054407,64992.3374405223,"people living after diagnosis","output/prevalence_projections.csv"
"Prevalence (people)","total","Total lymphoma","Headline","Females",40,2037,"Projected",64468.2071588063,62273.642718322,66967.4800063541,"people living after diagnosis","output/prevalence_projections.csv"
"Prevalence (people)","total","Total lymphoma","Headline","Females",40,2038,"Projected",66442.3837805806,64046.8752649044,69192.0595897896,"people living after diagnosis","output/prevalence_projections.csv"
"Prevalence (people)","total","Total lymphoma","Headline","Females",40,2039,"Projected",68405.83450072,65717.6240775287,71404.6780535982,"people living after diagnosis","output/prevalence_projections.csv"
"Prevalence (people)","total","Total lymphoma","Headline","Females",40,2040,"Projected",70356.7701975197,67396.401476651,73601.325961755,"people living after diagnosis","output/prevalence_projections.csv"
"Prevalence (people)","total","Total lymphoma","Headline","Females",40,2041,"Projected",72317.9405606725,69024.4304705613,75912.4531828866,"people living after diagnosis","output/prevalence_projections.csv"
"Prevalence (people)","total","Total lymphoma","Headline","Females",40,2042,"Projected",74240.1292274336,70549.6972845955,78192.4830287797,"people living after diagnosis","output/prevalence_projections.csv"
"Prevalence (people)","total","Total lymphoma","Headline","Females",40,2043,"Projected",76173.5815337963,72053.3014879563,80570.3097037786,"people living after diagnosis","output/prevalence_projections.csv"
"Prevalence (people)","total","Total lymphoma","Headline","Females",40,2044,"Projected",78053.9973238539,73545.4484821446,82943.5557248699,"people living after diagnosis","output/prevalence_projections.csv"
"Prevalence (people)","total","Total lymphoma","Headline","Females",40,2045,"Projected",79831.0988623899,74948.1250472367,85298.1318612398,"people living after diagnosis","output/prevalence_projections.csv"
"Prevalence (people)","total","Total lymphoma","Headline","Males",2,2012,"Estimated",5330.43365695522,5312.39105140361,5349.01758009936,"people living after diagnosis","output/prevalence_projections.csv"
"Prevalence (people)","total","Total lymphoma","Headline","Males",2,2013,"Estimated",5479.21277121811,5452.75145761746,5506.40191259477,"people living after diagnosis","output/prevalence_projections.csv"
"Prevalence (people)","total","Total lymphoma","Headline","Males",2,2014,"Estimated",5565.20035409694,5539.11221479416,5592.56345386053,"people living after diagnosis","output/prevalence_projections.csv"
"Prevalence (people)","total","Total lymphoma","Headline","Males",2,2015,"Estimated",5709.1013570766,5683.02620111688,5737.816742748,"people living after diagnosis","output/prevalence_projections.csv"
"Prevalence (people)","total","Total lymphoma","Headline","Males",2,2016,"Estimated",5851.021240175,5823.47698974224,5880.33704380504,"people living after diagnosis","output/prevalence_projections.csv"
"Prevalence (people)","total","Total lymphoma","Headline","Males",2,2017,"Estimated",6206.9144922844,6183.38179984214,6229.18766594507,"people living after diagnosis","output/prevalence_projections.csv"
"Prevalence (people)","total","Total lymphoma","Headline","Males",2,2018,"Estimated",6434.92646243941,6409.80552513988,6459.11321260357,"people living after diagnosis","output/prevalence_projections.csv"
"Prevalence (people)","total","Total lymphoma","Headline","Males",2,2019,"Estimated",6549.16181943367,6521.93089953738,6576.53639068352,"people living after diagnosis","output/prevalence_projections.csv"
"Prevalence (people)","total","Total lymphoma","Headline","Males",2,2020,"Estimated",6861.132565184,6830.634894785,6890.40539072065,"people living after diagnosis","output/prevalence_projections.csv"
"Prevalence (people)","total","Total lymphoma","Headline","Males",2,2021,"Estimated",6887.1249948252,6851.80677995532,6919.20730504639,"people living after diagnosis","output/prevalence_projections.csv"
"Prevalence (people)","total","Total lymphoma","Headline","Males",2,2022,"Projected",6948.62438030708,6863.06816636803,7034.60966457949,"people living after diagnosis","output/prevalence_projections.csv"
"Prevalence (people)","total","Total lymphoma","Headline","Males",2,2023,"Projected",7276.19048511296,7122.51177953779,7435.25943481154,"people living after diagnosis","output/prevalence_projections.csv"
"Prevalence (people)","total","Total lymphoma","Headline","Males",2,2024,"Projected",7528.9773572414,7373.75481659264,7688.65106742648,"people living after diagnosis","output/prevalence_projections.csv"
"Prevalence (people)","total","Total lymphoma","Headline","Males",2,2025,"Projected",7780.11064136625,7618.0985309063,7945.86049209628,"people living after diagnosis","output/prevalence_projections.csv"
"Prevalence (people)","total","Total lymphoma","Headline","Males",2,2026,"Projected",8039.2518782302,7871.87557988533,8209.65153953624,"people living after diagnosis","output/prevalence_projections.csv"
"Prevalence (people)","total","Total lymphoma","Headline","Males",2,2027,"Projected",8300.48285041868,8127.74751049162,8480.29782205673,"people living after diagnosis","output/prevalence_projections.csv"
"Prevalence (people)","total","Total lymphoma","Headline","Males",2,2028,"Projected",8556.70535972673,8376.22120718821,8746.63568943874,"people living after diagnosis","output/prevalence_projections.csv"
"Prevalence (people)","total","Total lymphoma","Headline","Males",2,2029,"Projected",8805.58632307745,8615.60419004016,9007.9488779351,"people living after diagnosis","output/prevalence_projections.csv"
"Prevalence (people)","total","Total lymphoma","Headline","Males",2,2030,"Projected",9046.31255837809,8841.97540207859,9261.72039683837,"people living after diagnosis","output/prevalence_projections.csv"
"Prevalence (people)","total","Total lymphoma","Headline","Males",2,2031,"Projected",9278.74704810884,9060.88343012544,9503.78362353115,"people living after diagnosis","output/prevalence_projections.csv"
"Prevalence (people)","total","Total lymphoma","Headline","Males",2,2032,"Projected",9489.91961108565,9260.54615383461,9725.91864671045,"people living after diagnosis","output/prevalence_projections.csv"
"Prevalence (people)","total","Total lymphoma","Headline","Males",2,2033,"Projected",9670.26853031651,9431.3158210907,9915.93071702871,"people living after diagnosis","output/prevalence_projections.csv"
"Prevalence (people)","total","Total lymphoma","Headline","Males",2,2034,"Projected",9846.25839471014,9595.66228718948,10105.0138863342,"people living after diagnosis","output/prevalence_projections.csv"
"Prevalence (people)","total","Total lymphoma","Headline","Males",2,2035,"Projected",10015.4848036156,9756.93849660112,10293.1955147026,"people living after diagnosis","output/prevalence_projections.csv"
"Prevalence (people)","total","Total lymphoma","Headline","Males",2,2036,"Projected",10190.9870192783,9919.69292615955,10482.3790587256,"people living after diagnosis","output/prevalence_projections.csv"
"Prevalence (people)","total","Total lymphoma","Headline","Males",2,2037,"Projected",10361.1876425815,10078.0501753516,10668.4954478804,"people living after diagnosis","output/prevalence_projections.csv"
"Prevalence (people)","total","Total lymphoma","Headline","Males",2,2038,"Projected",10521.6883088178,10227.173240531,10841.7594389878,"people living after diagnosis","output/prevalence_projections.csv"
"Prevalence (people)","total","Total lymphoma","Headline","Males",2,2039,"Projected",10667.3540477625,10362.2366488875,11000.7240599023,"people living after diagnosis","output/prevalence_projections.csv"
"Prevalence (people)","total","Total lymphoma","Headline","Males",2,2040,"Projected",10798.1470199744,10482.2221042363,11148.9878856562,"people living after diagnosis","output/prevalence_projections.csv"
"Prevalence (people)","total","Total lymphoma","Headline","Males",2,2041,"Projected",10917.4137220262,10586.0775081763,11277.4835102125,"people living after diagnosis","output/prevalence_projections.csv"
"Prevalence (people)","total","Total lymphoma","Headline","Males",2,2042,"Projected",11023.3731016101,10678.2757186783,11395.7646555899,"people living after diagnosis","output/prevalence_projections.csv"
"Prevalence (people)","total","Total lymphoma","Headline","Males",2,2043,"Projected",11119.0489273446,10764.0576836287,11512.633243039,"people living after diagnosis","output/prevalence_projections.csv"
"Prevalence (people)","total","Total lymphoma","Headline","Males",2,2044,"Projected",11211.9369604632,10853.690821112,11628.5487430666,"people living after diagnosis","output/prevalence_projections.csv"
"Prevalence (people)","total","Total lymphoma","Headline","Males",2,2045,"Projected",11306.1918104266,10936.3506880908,11740.7210959132,"people living after diagnosis","output/prevalence_projections.csv"
"Prevalence (people)","total","Total lymphoma","Headline","Males",3,2012,"Estimated",7481.54437598192,7456.55387619968,7509.28208354933,"people living after diagnosis","output/prevalence_projections.csv"
"Prevalence (people)","total","Total lymphoma","Headline","Males",3,2013,"Estimated",7748.25085107164,7715.93954017802,7781.11236063528,"people living after diagnosis","output/prevalence_projections.csv"
"Prevalence (people)","total","Total lymphoma","Headline","Males",3,2014,"Estimated",8002.07201569864,7968.58038245661,8035.534183533,"people living after diagnosis","output/prevalence_projections.csv"
"Prevalence (people)","total","Total lymphoma","Headline","Males",3,2015,"Estimated",8119.2447527162,8086.88613251347,8154.56386491527,"people living after diagnosis","output/prevalence_projections.csv"
"Prevalence (people)","total","Total lymphoma","Headline","Males",3,2016,"Estimated",8373.86272862858,8340.4642398538,8410.45055742414,"people living after diagnosis","output/prevalence_projections.csv"
"Prevalence (people)","total","Total lymphoma","Headline","Males",3,2017,"Estimated",8750.58362809241,8721.03395045623,8780.04772801235,"people living after diagnosis","output/prevalence_projections.csv"
"Prevalence (people)","total","Total lymphoma","Headline","Males",3,2018,"Estimated",9080.42087432142,9048.05534020793,9113.7911594156,"people living after diagnosis","output/prevalence_projections.csv"
"Prevalence (people)","total","Total lymphoma","Headline","Males",3,2019,"Estimated",9408.95040367663,9378.61674975461,9439.07692487713,"people living after diagnosis","output/prevalence_projections.csv"
"Prevalence (people)","total","Total lymphoma","Headline","Males",3,2020,"Estimated",9727.13354459354,9693.04017213449,9760.59489501708,"people living after diagnosis","output/prevalence_projections.csv"
"Prevalence (people)","total","Total lymphoma","Headline","Males",3,2021,"Estimated",9867.55117000543,9827.92002398954,9904.76897000433,"people living after diagnosis","output/prevalence_projections.csv"
"Prevalence (people)","total","Total lymphoma","Headline","Males",3,2022,"Projected",10110.6760677051,10021.3923535631,10194.268887954,"people living after diagnosis","output/prevalence_projections.csv"
"Prevalence (people)","total","Total lymphoma","Headline","Males",3,2023,"Projected",10298.7570579975,10137.3995509341,10451.7539186931,"people living after diagnosis","output/prevalence_projections.csv"
"Prevalence (people)","total","Total lymphoma","Headline","Males",3,2024,"Projected",10735.7033000972,10510.4962240719,10955.3773262906,"people living after diagnosis","output/prevalence_projections.csv"
"Prevalence (people)","total","Total lymphoma","Headline","Males",3,2025,"Projected",11109.1243496992,10884.6173107839,11334.4316282718,"people living after diagnosis","output/prevalence_projections.csv"
"Prevalence (people)","total","Total lymphoma","Headline","Males",3,2026,"Projected",11484.3887471929,11257.3386659209,11717.76091946,"people living after diagnosis","output/prevalence_projections.csv"
"Prevalence (people)","total","Total lymphoma","Headline","Males",3,2027,"Projected",11865.8593304221,11630.6996255765,12106.1594199575,"people living after diagnosis","output/prevalence_projections.csv"
"Prevalence (people)","total","Total lymphoma","Headline","Males",3,2028,"Projected",12246.9943607906,12006.9277629637,12498.1988075629,"people living after diagnosis","output/prevalence_projections.csv"
"Prevalence (people)","total","Total lymphoma","Headline","Males",3,2029,"Projected",12621.295808666,12364.0158717618,12885.6374752379,"people living after diagnosis","output/prevalence_projections.csv"
"Prevalence (people)","total","Total lymphoma","Headline","Males",3,2030,"Projected",12981.4260082435,12711.3988537522,13267.1015064873,"people living after diagnosis","output/prevalence_projections.csv"
"Prevalence (people)","total","Total lymphoma","Headline","Males",3,2031,"Projected",13333.0482462244,13045.7582857666,13633.8727915605,"people living after diagnosis","output/prevalence_projections.csv"
"Prevalence (people)","total","Total lymphoma","Headline","Males",3,2032,"Projected",13659.7503023399,13357.0905996102,13982.6886126303,"people living after diagnosis","output/prevalence_projections.csv"
"Prevalence (people)","total","Total lymphoma","Headline","Males",3,2033,"Projected",13944.6248080845,13632.5645502911,14296.0335037138,"people living after diagnosis","output/prevalence_projections.csv"
"Prevalence (people)","total","Total lymphoma","Headline","Males",3,2034,"Projected",14192.3235681019,13868.5226257321,14565.0497981233,"people living after diagnosis","output/prevalence_projections.csv"
"Prevalence (people)","total","Total lymphoma","Headline","Males",3,2035,"Projected",14436.4541146097,14096.8195425116,14827.685870914,"people living after diagnosis","output/prevalence_projections.csv"
"Prevalence (people)","total","Total lymphoma","Headline","Males",3,2036,"Projected",14677.8242659584,14332.1732497747,15092.7560318285,"people living after diagnosis","output/prevalence_projections.csv"
"Prevalence (people)","total","Total lymphoma","Headline","Males",3,2037,"Projected",14918.8688404473,14556.7366380607,15353.2946829995,"people living after diagnosis","output/prevalence_projections.csv"
"Prevalence (people)","total","Total lymphoma","Headline","Males",3,2038,"Projected",15152.4515706825,14775.7666726257,15610.0945717802,"people living after diagnosis","output/prevalence_projections.csv"
"Prevalence (people)","total","Total lymphoma","Headline","Males",3,2039,"Projected",15366.8092950428,14968.7738504519,15848.9037992126,"people living after diagnosis","output/prevalence_projections.csv"
"Prevalence (people)","total","Total lymphoma","Headline","Males",3,2040,"Projected",15561.6139881552,15144.0659858727,16071.0606261815,"people living after diagnosis","output/prevalence_projections.csv"
"Prevalence (people)","total","Total lymphoma","Headline","Males",3,2041,"Projected",15737.5971887683,15306.781458232,16277.9408726324,"people living after diagnosis","output/prevalence_projections.csv"
"Prevalence (people)","total","Total lymphoma","Headline","Males",3,2042,"Projected",15896.7049022782,15456.9103224693,16460.3554708032,"people living after diagnosis","output/prevalence_projections.csv"
"Prevalence (people)","total","Total lymphoma","Headline","Males",3,2043,"Projected",16038.0966099045,15589.822407052,16620.4671898353,"people living after diagnosis","output/prevalence_projections.csv"
"Prevalence (people)","total","Total lymphoma","Headline","Males",3,2044,"Projected",16175.0336988928,15703.5779171161,16770.5539065949,"people living after diagnosis","output/prevalence_projections.csv"
"Prevalence (people)","total","Total lymphoma","Headline","Males",3,2045,"Projected",16303.2012560384,15823.6134234142,16929.4565684659,"people living after diagnosis","output/prevalence_projections.csv"
"Prevalence (people)","total","Total lymphoma","Headline","Males",5,2012,"Estimated",11115.9832253115,11075.0781613904,11154.2812238399,"people living after diagnosis","output/prevalence_projections.csv"
"Prevalence (people)","total","Total lymphoma","Headline","Males",5,2013,"Estimated",11589.4143373428,11543.8161723129,11634.1999508063,"people living after diagnosis","output/prevalence_projections.csv"
"Prevalence (people)","total","Total lymphoma","Headline","Males",5,2014,"Estimated",12078.8112981159,12038.1343304079,12121.9898727555,"people living after diagnosis","output/prevalence_projections.csv"
"Prevalence (people)","total","Total lymphoma","Headline","Males",5,2015,"Estimated",12452.3376379398,12412.0840861914,12494.6057443021,"people living after diagnosis","output/prevalence_projections.csv"
"Prevalence (people)","total","Total lymphoma","Headline","Males",5,2016,"Estimated",12828.1174773834,12783.170460529,12871.2651427422,"people living after diagnosis","output/prevalence_projections.csv"
"Prevalence (people)","total","Total lymphoma","Headline","Males",5,2017,"Estimated",13286.426291646,13244.202166771,13324.1715926278,"people living after diagnosis","output/prevalence_projections.csv"
"Prevalence (people)","total","Total lymphoma","Headline","Males",5,2018,"Estimated",13742.8852654621,13699.2930704198,13786.7450892629,"people living after diagnosis","output/prevalence_projections.csv"
"Prevalence (people)","total","Total lymphoma","Headline","Males",5,2019,"Estimated",14178.2796692233,14135.7105161494,14224.2799300927,"people living after diagnosis","output/prevalence_projections.csv"
"Prevalence (people)","total","Total lymphoma","Headline","Males",5,2020,"Estimated",14800.264319895,14753.2356657582,14844.8241383818,"people living after diagnosis","output/prevalence_projections.csv"
"Prevalence (people)","total","Total lymphoma","Headline","Males",5,2021,"Estimated",15146.4963262612,15099.5462834851,15191.9939698486,"people living after diagnosis","output/prevalence_projections.csv"
"Prevalence (people)","total","Total lymphoma","Headline","Males",5,2022,"Projected",15508.0209302956,15411.2307886486,15594.378927414,"people living after diagnosis","output/prevalence_projections.csv"
"Prevalence (people)","total","Total lymphoma","Headline","Males",5,2023,"Projected",15981.2317727438,15816.4175215808,16141.7428031147,"people living after diagnosis","output/prevalence_projections.csv"
"Prevalence (people)","total","Total lymphoma","Headline","Males",5,2024,"Projected",16452.3471922913,16220.3682965204,16680.0861713098,"people living after diagnosis","output/prevalence_projections.csv"
"Prevalence (people)","total","Total lymphoma","Headline","Males",5,2025,"Projected",16870.4148817664,16575.9693639346,17165.111219675,"people living after diagnosis","output/prevalence_projections.csv"
"Prevalence (people)","total","Total lymphoma","Headline","Males",5,2026,"Projected",17524.9121213052,17168.0771150104,17882.7074569766,"people living after diagnosis","output/prevalence_projections.csv"
"Prevalence (people)","total","Total lymphoma","Headline","Males",5,2027,"Projected",18131.3809209477,17770.0031236785,18493.3047424749,"people living after diagnosis","output/prevalence_projections.csv"
"Prevalence (people)","total","Total lymphoma","Headline","Males",5,2028,"Projected",18733.7546852648,18365.2226794651,19106.5189451447,"people living after diagnosis","output/prevalence_projections.csv"
"Prevalence (people)","total","Total lymphoma","Headline","Males",5,2029,"Projected",19334.086704744,18957.8625059363,19723.7827123354,"people living after diagnosis","output/prevalence_projections.csv"
"Prevalence (people)","total","Total lymphoma","Headline","Males",5,2030,"Projected",19926.1603100563,19531.0416545464,20334.4853467939,"people living after diagnosis","output/prevalence_projections.csv"
"Prevalence (people)","total","Total lymphoma","Headline","Males",5,2031,"Projected",20501.0379432693,20102.2091078592,20934.9343465444,"people living after diagnosis","output/prevalence_projections.csv"
"Prevalence (people)","total","Total lymphoma","Headline","Males",5,2032,"Projected",21046.7533352018,20623.7437965543,21506.4558906938,"people living after diagnosis","output/prevalence_projections.csv"
"Prevalence (people)","total","Total lymphoma","Headline","Males",5,2033,"Projected",21547.0883578382,21099.7908507619,22039.400806019,"people living after diagnosis","output/prevalence_projections.csv"
"Prevalence (people)","total","Total lymphoma","Headline","Males",5,2034,"Projected",21998.1337891284,21522.2428728556,22526.1462965266,"people living after diagnosis","output/prevalence_projections.csv"
"Prevalence (people)","total","Total lymphoma","Headline","Males",5,2035,"Projected",22401.9912179649,21899.3248935214,22961.6239547163,"people living after diagnosis","output/prevalence_projections.csv"
"Prevalence (people)","total","Total lymphoma","Headline","Males",5,2036,"Projected",22768.1818791887,22237.3351688723,23366.8998276124,"people living after diagnosis","output/prevalence_projections.csv"
"Prevalence (people)","total","Total lymphoma","Headline","Males",5,2037,"Projected",23129.863180874,22574.1957816145,23756.3531369031,"people living after diagnosis","output/prevalence_projections.csv"
"Prevalence (people)","total","Total lymphoma","Headline","Males",5,2038,"Projected",23480.4380670643,22898.0403170299,24141.8255221203,"people living after diagnosis","output/prevalence_projections.csv"
"Prevalence (people)","total","Total lymphoma","Headline","Males",5,2039,"Projected",23813.868346338,23208.7533768403,24507.5111805828,"people living after diagnosis","output/prevalence_projections.csv"
"Prevalence (people)","total","Total lymphoma","Headline","Males",5,2040,"Projected",24132.1998061427,23505.3599566993,24860.3170305532,"people living after diagnosis","output/prevalence_projections.csv"
"Prevalence (people)","total","Total lymphoma","Headline","Males",5,2041,"Projected",24418.1812893692,23774.6237246739,25181.0868345157,"people living after diagnosis","output/prevalence_projections.csv"
"Prevalence (people)","total","Total lymphoma","Headline","Males",5,2042,"Projected",24680.4035094952,24015.4108192519,25469.4592065149,"people living after diagnosis","output/prevalence_projections.csv"
"Prevalence (people)","total","Total lymphoma","Headline","Males",5,2043,"Projected",24912.882196059,24226.1045511165,25733.6770231971,"people living after diagnosis","output/prevalence_projections.csv"
"Prevalence (people)","total","Total lymphoma","Headline","Males",5,2044,"Projected",25132.2227906684,24421.5601867963,25981.5899035812,"people living after diagnosis","output/prevalence_projections.csv"
"Prevalence (people)","total","Total lymphoma","Headline","Males",5,2045,"Projected",25337.8518265391,24596.438640481,26219.2370987053,"people living after diagnosis","output/prevalence_projections.csv"
"Prevalence (people)","total","Total lymphoma","Headline","Males",10,2012,"Estimated",17852.6057944868,17620.6867180295,18075.6206497987,"people living after diagnosis","output/prevalence_projections.csv"
"Prevalence (people)","total","Total lymphoma","Headline","Males",10,2013,"Estimated",18540.9984437856,18313.779319346,18754.9947176602,"people living after diagnosis","output/prevalence_projections.csv"
"Prevalence (people)","total","Total lymphoma","Headline","Males",10,2014,"Estimated",19296.6672869606,19086.5640604329,19494.3054115734,"people living after diagnosis","output/prevalence_projections.csv"
"Prevalence (people)","total","Total lymphoma","Headline","Males",10,2015,"Estimated",19999.2729847741,19798.1942230446,20186.4595185674,"people living after diagnosis","output/prevalence_projections.csv"
"Prevalence (people)","total","Total lymphoma","Headline","Males",10,2016,"Estimated",20751.6885270396,20568.452730632,20937.4803452544,"people living after diagnosis","output/prevalence_projections.csv"
"Prevalence (people)","total","Total lymphoma","Headline","Males",10,2017,"Estimated",21700.7532286469,21530.0315542068,21869.5199484345,"people living after diagnosis","output/prevalence_projections.csv"
"Prevalence (people)","total","Total lymphoma","Headline","Males",10,2018,"Estimated",22532.8474179261,22376.1746187819,22691.4577990412,"people living after diagnosis","output/prevalence_projections.csv"
"Prevalence (people)","total","Total lymphoma","Headline","Males",10,2019,"Estimated",23378.2388275371,23239.8529450593,23525.0203618416,"people living after diagnosis","output/prevalence_projections.csv"
"Prevalence (people)","total","Total lymphoma","Headline","Males",10,2020,"Estimated",24302.5957303147,24145.4859559375,24457.3445153967,"people living after diagnosis","output/prevalence_projections.csv"
"Prevalence (people)","total","Total lymphoma","Headline","Males",10,2021,"Estimated",24945.1242433252,24738.0337185348,25138.7904997918,"people living after diagnosis","output/prevalence_projections.csv"
"Prevalence (people)","total","Total lymphoma","Headline","Males",10,2022,"Projected",25670.1996406596,25465.0790179266,25863.9635441873,"people living after diagnosis","output/prevalence_projections.csv"
"Prevalence (people)","total","Total lymphoma","Headline","Males",10,2023,"Projected",26525.046395657,26293.2094855944,26757.3340285834,"people living after diagnosis","output/prevalence_projections.csv"
"Prevalence (people)","total","Total lymphoma","Headline","Males",10,2024,"Projected",27374.1536458399,27098.6822023271,27637.153310103,"people living after diagnosis","output/prevalence_projections.csv"
"Prevalence (people)","total","Total lymphoma","Headline","Males",10,2025,"Projected",28313.2427571487,27993.453976456,28642.8308603865,"people living after diagnosis","output/prevalence_projections.csv"
"Prevalence (people)","total","Total lymphoma","Headline","Males",10,2026,"Projected",29293.328299349,28900.5705164127,29707.9388410547,"people living after diagnosis","output/prevalence_projections.csv"
"Prevalence (people)","total","Total lymphoma","Headline","Males",10,2027,"Projected",30201.824854123,29749.6298040412,30679.2930080551,"people living after diagnosis","output/prevalence_projections.csv"
"Prevalence (people)","total","Total lymphoma","Headline","Males",10,2028,"Projected",31193.0390332336,30689.8383480316,31750.7414547634,"people living after diagnosis","output/prevalence_projections.csv"
"Prevalence (people)","total","Total lymphoma","Headline","Males",10,2029,"Projected",32176.272522661,31590.5221239983,32802.2998675745,"people living after diagnosis","output/prevalence_projections.csv"
"Prevalence (people)","total","Total lymphoma","Headline","Males",10,2030,"Projected",33100.4295880243,32442.5343463949,33816.1929458305,"people living after diagnosis","output/prevalence_projections.csv"
"Prevalence (people)","total","Total lymphoma","Headline","Males",10,2031,"Projected",34207.7390112756,33474.3795706361,35014.8826958132,"people living after diagnosis","output/prevalence_projections.csv"
"Prevalence (people)","total","Total lymphoma","Headline","Males",10,2032,"Projected",35244.8429825915,34452.8707861908,36124.2807860106,"people living after diagnosis","output/prevalence_projections.csv"
"Prevalence (people)","total","Total lymphoma","Headline","Males",10,2033,"Projected",36237.8491320207,35375.6547246759,37171.0769716647,"people living after diagnosis","output/prevalence_projections.csv"
"Prevalence (people)","total","Total lymphoma","Headline","Males",10,2034,"Projected",37186.1115212677,36275.2746161282,38163.158618232,"people living after diagnosis","output/prevalence_projections.csv"
"Prevalence (people)","total","Total lymphoma","Headline","Males",10,2035,"Projected",38074.3783035771,37091.9620323024,39123.2676425684,"people living after diagnosis","output/prevalence_projections.csv"
"Prevalence (people)","total","Total lymphoma","Headline","Males",10,2036,"Projected",38909.6101538537,37884.6935902871,40013.1492678688,"people living after diagnosis","output/prevalence_projections.csv"
"Prevalence (people)","total","Total lymphoma","Headline","Males",10,2037,"Projected",39684.4464001785,38586.8834255042,40864.9902036568,"people living after diagnosis","output/prevalence_projections.csv"
"Prevalence (people)","total","Total lymphoma","Headline","Males",10,2038,"Projected",40391.2715313619,39257.0596297498,41640.9507240391,"people living after diagnosis","output/prevalence_projections.csv"
"Prevalence (people)","total","Total lymphoma","Headline","Males",10,2039,"Projected",41028.1798270403,39834.9871350801,42336.9193347475,"people living after diagnosis","output/prevalence_projections.csv"
"Prevalence (people)","total","Total lymphoma","Headline","Males",10,2040,"Projected",41601.9596134879,40350.6586599682,42952.661917674,"people living after diagnosis","output/prevalence_projections.csv"
"Prevalence (people)","total","Total lymphoma","Headline","Males",10,2041,"Projected",42096.2075507115,40803.6568454053,43547.9438285066,"people living after diagnosis","output/prevalence_projections.csv"
"Prevalence (people)","total","Total lymphoma","Headline","Males",10,2042,"Projected",42561.6643124241,41222.7904168471,44101.722243326,"people living after diagnosis","output/prevalence_projections.csv"
"Prevalence (people)","total","Total lymphoma","Headline","Males",10,2043,"Projected",42999.7619136535,41627.8026326945,44591.935264879,"people living after diagnosis","output/prevalence_projections.csv"
"Prevalence (people)","total","Total lymphoma","Headline","Males",10,2044,"Projected",43402.0342958448,42018.288027994,45079.4828918639,"people living after diagnosis","output/prevalence_projections.csv"
"Prevalence (people)","total","Total lymphoma","Headline","Males",10,2045,"Projected",43794.977459572,42369.2572675949,45551.5840717242,"people living after diagnosis","output/prevalence_projections.csv"
"Prevalence (people)","total","Total lymphoma","Headline","Males",40,2012,"Estimated",28504.3528874351,26110.8169915574,31134.5451300222,"people living after diagnosis","output/prevalence_projections.csv"
"Prevalence (people)","total","Total lymphoma","Headline","Males",40,2013,"Estimated",29917.2737902192,27402.0232724037,32664.3665002979,"people living after diagnosis","output/prevalence_projections.csv"
"Prevalence (people)","total","Total lymphoma","Headline","Males",40,2014,"Estimated",31400.4796297262,28815.2000002033,34261.5936228492,"people living after diagnosis","output/prevalence_projections.csv"
"Prevalence (people)","total","Total lymphoma","Headline","Males",40,2015,"Estimated",32859.3066307104,30150.2827922344,35853.6284026665,"people living after diagnosis","output/prevalence_projections.csv"
"Prevalence (people)","total","Total lymphoma","Headline","Males",40,2016,"Estimated",34389.7704819342,31568.5055996761,37493.5896600117,"people living after diagnosis","output/prevalence_projections.csv"
"Prevalence (people)","total","Total lymphoma","Headline","Males",40,2017,"Estimated",36099.9764892399,33180.2603300787,39338.2546263585,"people living after diagnosis","output/prevalence_projections.csv"
"Prevalence (people)","total","Total lymphoma","Headline","Males",40,2018,"Estimated",37749.3194662853,34736.9206577206,41109.6737980773,"people living after diagnosis","output/prevalence_projections.csv"
"Prevalence (people)","total","Total lymphoma","Headline","Males",40,2019,"Estimated",39453.9303982456,36359.9537342843,42920.1465554826,"people living after diagnosis","output/prevalence_projections.csv"
"Prevalence (people)","total","Total lymphoma","Headline","Males",40,2020,"Estimated",41325.2753875697,38217.0661873842,44866.0486491819,"people living after diagnosis","output/prevalence_projections.csv"
"Prevalence (people)","total","Total lymphoma","Headline","Males",40,2021,"Estimated",42959.9519285258,39791.7244531202,46575.6751569756,"people living after diagnosis","output/prevalence_projections.csv"
"Prevalence (people)","total","Total lymphoma","Headline","Males",40,2022,"Projected",44586.8233861215,41431.9200236018,48180.2493486496,"people living after diagnosis","output/prevalence_projections.csv"
"Prevalence (people)","total","Total lymphoma","Headline","Males",40,2023,"Projected",46275.994944915,43146.2778533295,49838.0487860391,"people living after diagnosis","output/prevalence_projections.csv"
"Prevalence (people)","total","Total lymphoma","Headline","Males",40,2024,"Projected",48088.5493605256,44957.8047824847,51593.4080700748,"people living after diagnosis","output/prevalence_projections.csv"
"Prevalence (people)","total","Total lymphoma","Headline","Males",40,2025,"Projected",49939.6466918953,46898.0380914813,53379.1227677389,"people living after diagnosis","output/prevalence_projections.csv"
"Prevalence (people)","total","Total lymphoma","Headline","Males",40,2026,"Projected",51892.1951233175,48884.4963830374,55211.6202849949,"people living after diagnosis","output/prevalence_projections.csv"
"Prevalence (people)","total","Total lymphoma","Headline","Males",40,2027,"Projected",53836.5791976839,50923.7794417202,57074.6762774122,"people living after diagnosis","output/prevalence_projections.csv"
"Prevalence (people)","total","Total lymphoma","Headline","Males",40,2028,"Projected",55863.1674928685,53065.7700528928,59010.8113080547,"people living after diagnosis","output/prevalence_projections.csv"
"Prevalence (people)","total","Total lymphoma","Headline","Males",40,2029,"Projected",57928.2271341342,55183.7068801282,60947.9216216668,"people living after diagnosis","output/prevalence_projections.csv"
"Prevalence (people)","total","Total lymphoma","Headline","Males",40,2030,"Projected",59998.6004448324,57392.3440585455,62919.0011118154,"people living after diagnosis","output/prevalence_projections.csv"
"Prevalence (people)","total","Total lymphoma","Headline","Males",40,2031,"Projected",62179.7173529814,59708.4602114665,64914.307913369,"people living after diagnosis","output/prevalence_projections.csv"
"Prevalence (people)","total","Total lymphoma","Headline","Males",40,2032,"Projected",64316.5893617654,61938.1243955185,67028.6599071001,"people living after diagnosis","output/prevalence_projections.csv"
"Prevalence (people)","total","Total lymphoma","Headline","Males",40,2033,"Projected",66522.07802831,64050.4093859437,69148.5878144622,"people living after diagnosis","output/prevalence_projections.csv"
"Prevalence (people)","total","Total lymphoma","Headline","Males",40,2034,"Projected",68715.2559020333,66301.4732500024,71174.5698618167,"people living after diagnosis","output/prevalence_projections.csv"
"Prevalence (people)","total","Total lymphoma","Headline","Males",40,2035,"Projected",70860.5795884867,68499.607331671,73352.1215135724,"people living after diagnosis","output/prevalence_projections.csv"
"Prevalence (people)","total","Total lymphoma","Headline","Males",40,2036,"Projected",73039.4281365101,70599.1017379522,75614.8256847153,"people living after diagnosis","output/prevalence_projections.csv"
"Prevalence (people)","total","Total lymphoma","Headline","Males",40,2037,"Projected",75205.2135938075,72592.3988311675,77944.2274813252,"people living after diagnosis","output/prevalence_projections.csv"
"Prevalence (people)","total","Total lymphoma","Headline","Males",40,2038,"Projected",77325.3466690595,74597.7399901627,80321.1694662759,"people living after diagnosis","output/prevalence_projections.csv"
"Prevalence (people)","total","Total lymphoma","Headline","Males",40,2039,"Projected",79427.9162506968,76447.1213298941,82727.8827983882,"people living after diagnosis","output/prevalence_projections.csv"
"Prevalence (people)","total","Total lymphoma","Headline","Males",40,2040,"Projected",81510.5171901457,78288.8396072509,85109.5277072563,"people living after diagnosis","output/prevalence_projections.csv"
"Prevalence (people)","total","Total lymphoma","Headline","Males",40,2041,"Projected",83538.4757815113,80003.9631797098,87562.1069501633,"people living after diagnosis","output/prevalence_projections.csv"
"Prevalence (people)","total","Total lymphoma","Headline","Males",40,2042,"Projected",85564.8580834245,81690.0143485224,89960.7814890221,"people living after diagnosis","output/prevalence_projections.csv"
"Prevalence (people)","total","Total lymphoma","Headline","Males",40,2043,"Projected",87482.1333187198,83279.9260418068,92288.1152247899,"people living after diagnosis","output/prevalence_projections.csv"
"Prevalence (people)","total","Total lymphoma","Headline","Males",40,2044,"Projected",89383.7291892518,84837.9686986881,94678.0511481754,"people living after diagnosis","output/prevalence_projections.csv"
"Prevalence (people)","total","Total lymphoma","Headline","Males",40,2045,"Projected",91281.3192184336,86254.2177961991,97054.0255766426,"people living after diagnosis","output/prevalence_projections.csv"
"Prevalence (people)","hodgkin","Hodgkin lymphoma (HL)","Headline","Persons",2,2012,"Estimated",1198.09514224827,1191.60683964295,1204.40554435122,"people living after diagnosis","output/prevalence_projections.csv"
"Prevalence (people)","hodgkin","Hodgkin lymphoma (HL)","Headline","Persons",2,2013,"Estimated",1215.74747601167,1205.83186094145,1223.94946649725,"people living after diagnosis","output/prevalence_projections.csv"
"Prevalence (people)","hodgkin","Hodgkin lymphoma (HL)","Headline","Persons",2,2014,"Estimated",1222.3395157746,1213.04406380913,1229.81539288379,"people living after diagnosis","output/prevalence_projections.csv"
"Prevalence (people)","hodgkin","Hodgkin lymphoma (HL)","Headline","Persons",2,2015,"Estimated",1246.31542080285,1236.83977061595,1254.51148181049,"people living after diagnosis","output/prevalence_projections.csv"
"Prevalence (people)","hodgkin","Hodgkin lymphoma (HL)","Headline","Persons",2,2016,"Estimated",1270.00323290745,1259.71907977092,1279.37761115952,"people living after diagnosis","output/prevalence_projections.csv"
"Prevalence (people)","hodgkin","Hodgkin lymphoma (HL)","Headline","Persons",2,2017,"Estimated",1306.44714056203,1298.62822932514,1313.28606895534,"people living after diagnosis","output/prevalence_projections.csv"
"Prevalence (people)","hodgkin","Hodgkin lymphoma (HL)","Headline","Persons",2,2018,"Estimated",1291.92595435119,1283.96775800288,1298.9361328289,"people living after diagnosis","output/prevalence_projections.csv"
"Prevalence (people)","hodgkin","Hodgkin lymphoma (HL)","Headline","Persons",2,2019,"Estimated",1305.37279244164,1297.01805816465,1313.1842589735,"people living after diagnosis","output/prevalence_projections.csv"
"Prevalence (people)","hodgkin","Hodgkin lymphoma (HL)","Headline","Persons",2,2020,"Estimated",1398.21961410132,1388.19807837963,1407.61143787004,"people living after diagnosis","output/prevalence_projections.csv"
"Prevalence (people)","hodgkin","Hodgkin lymphoma (HL)","Headline","Persons",2,2021,"Estimated",1456.25218127852,1444.41884836873,1467.45419239093,"people living after diagnosis","output/prevalence_projections.csv"
"Prevalence (people)","hodgkin","Hodgkin lymphoma (HL)","Headline","Persons",2,2022,"Projected",1470.11858252091,1436.24405469806,1507.20106603119,"people living after diagnosis","output/prevalence_projections.csv"
"Prevalence (people)","hodgkin","Hodgkin lymphoma (HL)","Headline","Persons",2,2023,"Projected",1488.92953396201,1426.83205719108,1557.19956261295,"people living after diagnosis","output/prevalence_projections.csv"
"Prevalence (people)","hodgkin","Hodgkin lymphoma (HL)","Headline","Persons",2,2024,"Projected",1532.14311578787,1469.39078558738,1601.23286723031,"people living after diagnosis","output/prevalence_projections.csv"
"Prevalence (people)","hodgkin","Hodgkin lymphoma (HL)","Headline","Persons",2,2025,"Projected",1572.76429965698,1509.07815506209,1644.66733814159,"people living after diagnosis","output/prevalence_projections.csv"
"Prevalence (people)","hodgkin","Hodgkin lymphoma (HL)","Headline","Persons",2,2026,"Projected",1613.48821365663,1549.18796981389,1687.04102676727,"people living after diagnosis","output/prevalence_projections.csv"
"Prevalence (people)","hodgkin","Hodgkin lymphoma (HL)","Headline","Persons",2,2027,"Projected",1654.23193015395,1587.6008097649,1729.54028917577,"people living after diagnosis","output/prevalence_projections.csv"
"Prevalence (people)","hodgkin","Hodgkin lymphoma (HL)","Headline","Persons",2,2028,"Projected",1693.89688350819,1624.99096304206,1772.09085752558,"people living after diagnosis","output/prevalence_projections.csv"
"Prevalence (people)","hodgkin","Hodgkin lymphoma (HL)","Headline","Persons",2,2029,"Projected",1733.00332658672,1661.01910450852,1814.73943387968,"people living after diagnosis","output/prevalence_projections.csv"
"Prevalence (people)","hodgkin","Hodgkin lymphoma (HL)","Headline","Persons",2,2030,"Projected",1770.96142615197,1695.68265393163,1858.85946836805,"people living after diagnosis","output/prevalence_projections.csv"
"Prevalence (people)","hodgkin","Hodgkin lymphoma (HL)","Headline","Persons",2,2031,"Projected",1808.66999388459,1729.6572298508,1900.97438702093,"people living after diagnosis","output/prevalence_projections.csv"
"Prevalence (people)","hodgkin","Hodgkin lymphoma (HL)","Headline","Persons",2,2032,"Projected",1843.90016009427,1760.89687345616,1939.85229548391,"people living after diagnosis","output/prevalence_projections.csv"
"Prevalence (people)","hodgkin","Hodgkin lymphoma (HL)","Headline","Persons",2,2033,"Projected",1875.42336748518,1789.88072234334,1974.66976352572,"people living after diagnosis","output/prevalence_projections.csv"
"Prevalence (people)","hodgkin","Hodgkin lymphoma (HL)","Headline","Persons",2,2034,"Projected",1907.19222769006,1818.68133701611,2009.41056829972,"people living after diagnosis","output/prevalence_projections.csv"
"Prevalence (people)","hodgkin","Hodgkin lymphoma (HL)","Headline","Persons",2,2035,"Projected",1938.2919668508,1847.27803841712,2043.5111552555,"people living after diagnosis","output/prevalence_projections.csv"
"Prevalence (people)","hodgkin","Hodgkin lymphoma (HL)","Headline","Persons",2,2036,"Projected",1969.34789384001,1875.52888214241,2079.13844151532,"people living after diagnosis","output/prevalence_projections.csv"
"Prevalence (people)","hodgkin","Hodgkin lymphoma (HL)","Headline","Persons",2,2037,"Projected",2000.93813917423,1903.945819344,2115.71642976046,"people living after diagnosis","output/prevalence_projections.csv"
"Prevalence (people)","hodgkin","Hodgkin lymphoma (HL)","Headline","Persons",2,2038,"Projected",2032.66990394855,1931.31235558959,2152.32843733502,"people living after diagnosis","output/prevalence_projections.csv"
"Prevalence (people)","hodgkin","Hodgkin lymphoma (HL)","Headline","Persons",2,2039,"Projected",2064.34202115648,1957.70102162726,2188.76827503619,"people living after diagnosis","output/prevalence_projections.csv"
"Prevalence (people)","hodgkin","Hodgkin lymphoma (HL)","Headline","Persons",2,2040,"Projected",2095.18298852701,1985.37107797911,2225.58367515764,"people living after diagnosis","output/prevalence_projections.csv"
"Prevalence (people)","hodgkin","Hodgkin lymphoma (HL)","Headline","Persons",2,2041,"Projected",2126.38078238429,2012.60860316074,2260.08537912856,"people living after diagnosis","output/prevalence_projections.csv"
"Prevalence (people)","hodgkin","Hodgkin lymphoma (HL)","Headline","Persons",2,2042,"Projected",2153.19084631922,2036.786443746,2290.91347755353,"people living after diagnosis","output/prevalence_projections.csv"
"Prevalence (people)","hodgkin","Hodgkin lymphoma (HL)","Headline","Persons",2,2043,"Projected",2176.49522016478,2059.64599880979,2315.89575027319,"people living after diagnosis","output/prevalence_projections.csv"
"Prevalence (people)","hodgkin","Hodgkin lymphoma (HL)","Headline","Persons",2,2044,"Projected",2201.06474359801,2081.54830370977,2343.62774080594,"people living after diagnosis","output/prevalence_projections.csv"
"Prevalence (people)","hodgkin","Hodgkin lymphoma (HL)","Headline","Persons",2,2045,"Projected",2225.43981668575,2103.2127700351,2370.62471996602,"people living after diagnosis","output/prevalence_projections.csv"
"Prevalence (people)","hodgkin","Hodgkin lymphoma (HL)","Headline","Persons",3,2012,"Estimated",1730.73448470723,1721.11031793868,1739.92198011009,"people living after diagnosis","output/prevalence_projections.csv"
"Prevalence (people)","hodgkin","Hodgkin lymphoma (HL)","Headline","Persons",3,2013,"Estimated",1777.74078246503,1765.85560238534,1787.45803638364,"people living after diagnosis","output/prevalence_projections.csv"
"Prevalence (people)","hodgkin","Hodgkin lymphoma (HL)","Headline","Persons",3,2014,"Estimated",1802.62712893852,1790.66680249844,1813.2546358736,"people living after diagnosis","output/prevalence_projections.csv"
"Prevalence (people)","hodgkin","Hodgkin lymphoma (HL)","Headline","Persons",3,2015,"Estimated",1826.22607715115,1814.47833989933,1836.90566970895,"people living after diagnosis","output/prevalence_projections.csv"
"Prevalence (people)","hodgkin","Hodgkin lymphoma (HL)","Headline","Persons",3,2016,"Estimated",1859.56497979486,1847.11174972469,1870.82434401264,"people living after diagnosis","output/prevalence_projections.csv"
"Prevalence (people)","hodgkin","Hodgkin lymphoma (HL)","Headline","Persons",3,2017,"Estimated",1908.23876772202,1897.86692961026,1917.68370770409,"people living after diagnosis","output/prevalence_projections.csv"
"Prevalence (people)","hodgkin","Hodgkin lymphoma (HL)","Headline","Persons",3,2018,"Estimated",1905.69841759677,1896.07565041927,1915.73830580772,"people living after diagnosis","output/prevalence_projections.csv"
"Prevalence (people)","hodgkin","Hodgkin lymphoma (HL)","Headline","Persons",3,2019,"Estimated",1940.98670518106,1931.80186364202,1950.62810814112,"people living after diagnosis","output/prevalence_projections.csv"
"Prevalence (people)","hodgkin","Hodgkin lymphoma (HL)","Headline","Persons",3,2020,"Estimated",1998.79185283919,1988.2429881463,2009.59987430166,"people living after diagnosis","output/prevalence_projections.csv"
"Prevalence (people)","hodgkin","Hodgkin lymphoma (HL)","Headline","Persons",3,2021,"Estimated",2104.75014248331,2092.24196549999,2117.60323214599,"people living after diagnosis","output/prevalence_projections.csv"
"Prevalence (people)","hodgkin","Hodgkin lymphoma (HL)","Headline","Persons",3,2022,"Projected",2159.65166521953,2125.10344444033,2198.03564091771,"people living after diagnosis","output/prevalence_projections.csv"
"Prevalence (people)","hodgkin","Hodgkin lymphoma (HL)","Headline","Persons",3,2023,"Projected",2195.60516191195,2133.24407329576,2264.91537460864,"people living after diagnosis","output/prevalence_projections.csv"
"Prevalence (people)","hodgkin","Hodgkin lymphoma (HL)","Headline","Persons",3,2024,"Projected",2233.97296379647,2142.90701696518,2338.40032049478,"people living after diagnosis","output/prevalence_projections.csv"
"Prevalence (people)","hodgkin","Hodgkin lymphoma (HL)","Headline","Persons",3,2025,"Projected",2297.83747523891,2205.93368166639,2402.46631135755,"people living after diagnosis","output/prevalence_projections.csv"
"Prevalence (people)","hodgkin","Hodgkin lymphoma (HL)","Headline","Persons",3,2026,"Projected",2358.30493915393,2265.5194016365,2465.26767432657,"people living after diagnosis","output/prevalence_projections.csv"
"Prevalence (people)","hodgkin","Hodgkin lymphoma (HL)","Headline","Persons",3,2027,"Projected",2418.27754133756,2320.98073704245,2529.11115977186,"people living after diagnosis","output/prevalence_projections.csv"
"Prevalence (people)","hodgkin","Hodgkin lymphoma (HL)","Headline","Persons",3,2028,"Projected",2477.11926365681,2374.77443826637,2589.26906498251,"people living after diagnosis","output/prevalence_projections.csv"
"Prevalence (people)","hodgkin","Hodgkin lymphoma (HL)","Headline","Persons",3,2029,"Projected",2533.52612237487,2430.31188441529,2647.99522665572,"people living after diagnosis","output/prevalence_projections.csv"
"Prevalence (people)","hodgkin","Hodgkin lymphoma (HL)","Headline","Persons",3,2030,"Projected",2590.05694502593,2483.90344428062,2708.87381141311,"people living after diagnosis","output/prevalence_projections.csv"
"Prevalence (people)","hodgkin","Hodgkin lymphoma (HL)","Headline","Persons",3,2031,"Projected",2646.55526866799,2536.05899991415,2772.63502391165,"people living after diagnosis","output/prevalence_projections.csv"
"Prevalence (people)","hodgkin","Hodgkin lymphoma (HL)","Headline","Persons",3,2032,"Projected",2699.92868706547,2580.82711508654,2832.30538889229,"people living after diagnosis","output/prevalence_projections.csv"
"Prevalence (people)","hodgkin","Hodgkin lymphoma (HL)","Headline","Persons",3,2033,"Projected",2748.71547495205,2625.76859658595,2888.27230169314,"people living after diagnosis","output/prevalence_projections.csv"
"Prevalence (people)","hodgkin","Hodgkin lymphoma (HL)","Headline","Persons",3,2034,"Projected",2793.60815860749,2667.60660370771,2939.81798437066,"people living after diagnosis","output/prevalence_projections.csv"
"Prevalence (people)","hodgkin","Hodgkin lymphoma (HL)","Headline","Persons",3,2035,"Projected",2839.96549176702,2707.33265474488,2991.03964197438,"people living after diagnosis","output/prevalence_projections.csv"
"Prevalence (people)","hodgkin","Hodgkin lymphoma (HL)","Headline","Persons",3,2036,"Projected",2886.02787473814,2746.92923701512,3040.31766488894,"people living after diagnosis","output/prevalence_projections.csv"
"Prevalence (people)","hodgkin","Hodgkin lymphoma (HL)","Headline","Persons",3,2037,"Projected",2930.5025785205,2786.20890709712,3094.2142854613,"people living after diagnosis","output/prevalence_projections.csv"
"Prevalence (people)","hodgkin","Hodgkin lymphoma (HL)","Headline","Persons",3,2038,"Projected",2976.95882555483,2825.9196092603,3146.90727713944,"people living after diagnosis","output/prevalence_projections.csv"
"Prevalence (people)","hodgkin","Hodgkin lymphoma (HL)","Headline","Persons",3,2039,"Projected",3021.56620003836,2867.50012009684,3197.95139504227,"people living after diagnosis","output/prevalence_projections.csv"
"Prevalence (people)","hodgkin","Hodgkin lymphoma (HL)","Headline","Persons",3,2040,"Projected",3067.18490197899,2909.79414632887,3248.96499436338,"people living after diagnosis","output/prevalence_projections.csv"
"Prevalence (people)","hodgkin","Hodgkin lymphoma (HL)","Headline","Persons",3,2041,"Projected",3112.17972791536,2950.85828027952,3301.97715744522,"people living after diagnosis","output/prevalence_projections.csv"
"Prevalence (people)","hodgkin","Hodgkin lymphoma (HL)","Headline","Persons",3,2042,"Projected",3152.96200009435,2988.65202956011,3350.03357105928,"people living after diagnosis","output/prevalence_projections.csv"
"Prevalence (people)","hodgkin","Hodgkin lymphoma (HL)","Headline","Persons",3,2043,"Projected",3189.95529657537,3023.09703459145,3393.13769628182,"people living after diagnosis","output/prevalence_projections.csv"
"Prevalence (people)","hodgkin","Hodgkin lymphoma (HL)","Headline","Persons",3,2044,"Projected",3225.22330131104,3053.68047497982,3429.73225709243,"people living after diagnosis","output/prevalence_projections.csv"
"Prevalence (people)","hodgkin","Hodgkin lymphoma (HL)","Headline","Persons",3,2045,"Projected",3260.26753640044,3085.50079947088,3468.18433177695,"people living after diagnosis","output/prevalence_projections.csv"
"Prevalence (people)","hodgkin","Hodgkin lymphoma (HL)","Headline","Persons",5,2012,"Estimated",2673.09355733817,2659.10038597752,2686.54903759314,"people living after diagnosis","output/prevalence_projections.csv"
"Prevalence (people)","hodgkin","Hodgkin lymphoma (HL)","Headline","Persons",5,2013,"Estimated",2779.4008929347,2765.12045070485,2793.29056512748,"people living after diagnosis","output/prevalence_projections.csv"
"Prevalence (people)","hodgkin","Hodgkin lymphoma (HL)","Headline","Persons",5,2014,"Estimated",2857.47209545558,2843.19653527622,2871.20084736043,"people living after diagnosis","output/prevalence_projections.csv"
"Prevalence (people)","hodgkin","Hodgkin lymphoma (HL)","Headline","Persons",5,2015,"Estimated",2930.99698157209,2916.86712258246,2945.04271684394,"people living after diagnosis","output/prevalence_projections.csv"
"Prevalence (people)","hodgkin","Hodgkin lymphoma (HL)","Headline","Persons",5,2016,"Estimated",2983.78710456253,2968.31318378805,2998.54526624074,"people living after diagnosis","output/prevalence_projections.csv"
"Prevalence (people)","hodgkin","Hodgkin lymphoma (HL)","Headline","Persons",5,2017,"Estimated",3043.02036029506,3028.59505725577,3055.8626993411,"people living after diagnosis","output/prevalence_projections.csv"
"Prevalence (people)","hodgkin","Hodgkin lymphoma (HL)","Headline","Persons",5,2018,"Estimated",3064.65257467506,3049.85609424209,3079.14453225846,"people living after diagnosis","output/prevalence_projections.csv"
"Prevalence (people)","hodgkin","Hodgkin lymphoma (HL)","Headline","Persons",5,2019,"Estimated",3122.62150296331,3107.91314559161,3138.4650519932,"people living after diagnosis","output/prevalence_projections.csv"
"Prevalence (people)","hodgkin","Hodgkin lymphoma (HL)","Headline","Persons",5,2020,"Estimated",3214.11577544635,3199.48076074694,3229.06649314598,"people living after diagnosis","output/prevalence_projections.csv"
"Prevalence (people)","hodgkin","Hodgkin lymphoma (HL)","Headline","Persons",5,2021,"Estimated",3309.40314601821,3293.84532136314,3324.60717843532,"people living after diagnosis","output/prevalence_projections.csv"
"Prevalence (people)","hodgkin","Hodgkin lymphoma (HL)","Headline","Persons",5,2022,"Projected",3380.39699776085,3344.47888176124,3420.179037951,"people living after diagnosis","output/prevalence_projections.csv"
"Prevalence (people)","hodgkin","Hodgkin lymphoma (HL)","Headline","Persons",5,2023,"Projected",3504.86199259942,3439.5510693575,3577.83070850165,"people living after diagnosis","output/prevalence_projections.csv"
"Prevalence (people)","hodgkin","Hodgkin lymphoma (HL)","Headline","Persons",5,2024,"Projected",3600.71048972254,3505.78109598643,3704.88524386797,"people living after diagnosis","output/prevalence_projections.csv"
"Prevalence (people)","hodgkin","Hodgkin lymphoma (HL)","Headline","Persons",5,2025,"Projected",3679.61863676866,3550.94609878617,3817.04779973624,"people living after diagnosis","output/prevalence_projections.csv"
"Prevalence (people)","hodgkin","Hodgkin lymphoma (HL)","Headline","Persons",5,2026,"Projected",3761.1049365995,3604.26996594912,3930.66600522651,"people living after diagnosis","output/prevalence_projections.csv"
"Prevalence (people)","hodgkin","Hodgkin lymphoma (HL)","Headline","Persons",5,2027,"Projected",3864.83049747405,3704.67006015706,4033.79260804807,"people living after diagnosis","output/prevalence_projections.csv"
"Prevalence (people)","hodgkin","Hodgkin lymphoma (HL)","Headline","Persons",5,2028,"Projected",3963.33264693606,3804.13916444109,4139.55660468592,"people living after diagnosis","output/prevalence_projections.csv"
"Prevalence (people)","hodgkin","Hodgkin lymphoma (HL)","Headline","Persons",5,2029,"Projected",4060.28887110165,3898.91548865129,4245.10060886921,"people living after diagnosis","output/prevalence_projections.csv"
"Prevalence (people)","hodgkin","Hodgkin lymphoma (HL)","Headline","Persons",5,2030,"Projected",4156.61627878765,3990.02528433107,4348.00338182939,"people living after diagnosis","output/prevalence_projections.csv"
"Prevalence (people)","hodgkin","Hodgkin lymphoma (HL)","Headline","Persons",5,2031,"Projected",4253.2009997711,4080.92392070286,4450.75307899733,"people living after diagnosis","output/prevalence_projections.csv"
"Prevalence (people)","hodgkin","Hodgkin lymphoma (HL)","Headline","Persons",5,2032,"Projected",4344.1413184211,4162.6838081564,4555.58124940205,"people living after diagnosis","output/prevalence_projections.csv"
"Prevalence (people)","hodgkin","Hodgkin lymphoma (HL)","Headline","Persons",5,2033,"Projected",4430.52134324361,4245.6524943271,4652.5096839442,"people living after diagnosis","output/prevalence_projections.csv"
"Prevalence (people)","hodgkin","Hodgkin lymphoma (HL)","Headline","Persons",5,2034,"Projected",4513.1133589662,4321.17284214796,4744.32896771061,"people living after diagnosis","output/prevalence_projections.csv"
"Prevalence (people)","hodgkin","Hodgkin lymphoma (HL)","Headline","Persons",5,2035,"Projected",4593.3968085144,4392.92463868452,4829.16855290435,"people living after diagnosis","output/prevalence_projections.csv"
"Prevalence (people)","hodgkin","Hodgkin lymphoma (HL)","Headline","Persons",5,2036,"Projected",4666.91528782242,4460.18745964368,4910.5745784455,"people living after diagnosis","output/prevalence_projections.csv"
"Prevalence (people)","hodgkin","Hodgkin lymphoma (HL)","Headline","Persons",5,2037,"Projected",4741.10155790733,4528.27793178971,4991.4092290573,"people living after diagnosis","output/prevalence_projections.csv"
"Prevalence (people)","hodgkin","Hodgkin lymphoma (HL)","Headline","Persons",5,2038,"Projected",4816.6861389641,4596.18897297409,5076.49048818997,"people living after diagnosis","output/prevalence_projections.csv"
"Prevalence (people)","hodgkin","Hodgkin lymphoma (HL)","Headline","Persons",5,2039,"Projected",4892.88429185855,4662.17265144474,5160.14943131065,"people living after diagnosis","output/prevalence_projections.csv"
"Prevalence (people)","hodgkin","Hodgkin lymphoma (HL)","Headline","Persons",5,2040,"Projected",4968.80878041115,4729.11827957701,5243.99642032168,"people living after diagnosis","output/prevalence_projections.csv"
"Prevalence (people)","hodgkin","Hodgkin lymphoma (HL)","Headline","Persons",5,2041,"Projected",5043.11659110841,4795.25652494407,5332.80506912251,"people living after diagnosis","output/prevalence_projections.csv"
"Prevalence (people)","hodgkin","Hodgkin lymphoma (HL)","Headline","Persons",5,2042,"Projected",5113.01396718269,4858.54486261152,5411.26206251052,"people living after diagnosis","output/prevalence_projections.csv"
"Prevalence (people)","hodgkin","Hodgkin lymphoma (HL)","Headline","Persons",5,2043,"Projected",5177.55576305479,4918.1716495813,5487.71017674305,"people living after diagnosis","output/prevalence_projections.csv"
"Prevalence (people)","hodgkin","Hodgkin lymphoma (HL)","Headline","Persons",5,2044,"Projected",5241.64902754413,4971.95007076522,5562.43435192761,"people living after diagnosis","output/prevalence_projections.csv"
"Prevalence (people)","hodgkin","Hodgkin lymphoma (HL)","Headline","Persons",5,2045,"Projected",5302.19880251733,5023.61260399763,5625.07959283745,"people living after diagnosis","output/prevalence_projections.csv"
"Prevalence (people)","hodgkin","Hodgkin lymphoma (HL)","Headline","Persons",10,2012,"Estimated",4679.51721478248,4609.8049571287,4748.17918999542,"people living after diagnosis","output/prevalence_projections.csv"
"Prevalence (people)","hodgkin","Hodgkin lymphoma (HL)","Headline","Persons",10,2013,"Estimated",4863.86705584998,4792.59600339338,4930.74982729876,"people living after diagnosis","output/prevalence_projections.csv"
"Prevalence (people)","hodgkin","Hodgkin lymphoma (HL)","Headline","Persons",10,2014,"Estimated",5020.99574025726,4951.96141251534,5085.46771366279,"people living after diagnosis","output/prevalence_projections.csv"
"Prevalence (people)","hodgkin","Hodgkin lymphoma (HL)","Headline","Persons",10,2015,"Estimated",5148.35073482136,5082.3602490517,5210.30761859632,"people living after diagnosis","output/prevalence_projections.csv"
"Prevalence (people)","hodgkin","Hodgkin lymphoma (HL)","Headline","Persons",10,2016,"Estimated",5293.51770105944,5227.19319693878,5354.62925221247,"people living after diagnosis","output/prevalence_projections.csv"
"Prevalence (people)","hodgkin","Hodgkin lymphoma (HL)","Headline","Persons",10,2017,"Estimated",5437.54194698071,5379.89659287732,5492.43273773121,"people living after diagnosis","output/prevalence_projections.csv"
"Prevalence (people)","hodgkin","Hodgkin lymphoma (HL)","Headline","Persons",10,2018,"Estimated",5562.60631403651,5512.59274502682,5613.22907626594,"people living after diagnosis","output/prevalence_projections.csv"
"Prevalence (people)","hodgkin","Hodgkin lymphoma (HL)","Headline","Persons",10,2019,"Estimated",5698.66009004895,5650.09739807222,5745.52883075135,"people living after diagnosis","output/prevalence_projections.csv"
"Prevalence (people)","hodgkin","Hodgkin lymphoma (HL)","Headline","Persons",10,2020,"Estimated",5858.69025187144,5806.89986666736,5911.34085630952,"people living after diagnosis","output/prevalence_projections.csv"
"Prevalence (people)","hodgkin","Hodgkin lymphoma (HL)","Headline","Persons",10,2021,"Estimated",6007.77540020716,5939.24833780286,6074.28092000811,"people living after diagnosis","output/prevalence_projections.csv"
"Prevalence (people)","hodgkin","Hodgkin lymphoma (HL)","Headline","Persons",10,2022,"Projected",6136.62471384949,6066.40309090088,6204.65410570127,"people living after diagnosis","output/prevalence_projections.csv"
"Prevalence (people)","hodgkin","Hodgkin lymphoma (HL)","Headline","Persons",10,2023,"Projected",6285.31077649695,6204.75259605188,6371.33139322575,"people living after diagnosis","output/prevalence_projections.csv"
"Prevalence (people)","hodgkin","Hodgkin lymphoma (HL)","Headline","Persons",10,2024,"Projected",6437.90272043591,6334.64101490186,6552.37068091779,"people living after diagnosis","output/prevalence_projections.csv"
"Prevalence (people)","hodgkin","Hodgkin lymphoma (HL)","Headline","Persons",10,2025,"Projected",6602.74456502545,6471.92218758814,6749.02018466188,"people living after diagnosis","output/prevalence_projections.csv"
"Prevalence (people)","hodgkin","Hodgkin lymphoma (HL)","Headline","Persons",10,2026,"Projected",6775.27170201015,6614.47427169028,6958.85392628303,"people living after diagnosis","output/prevalence_projections.csv"
"Prevalence (people)","hodgkin","Hodgkin lymphoma (HL)","Headline","Persons",10,2027,"Projected",6947.70762988302,6753.92847093107,7171.63573936613,"people living after diagnosis","output/prevalence_projections.csv"
"Prevalence (people)","hodgkin","Hodgkin lymphoma (HL)","Headline","Persons",10,2028,"Projected",7167.10465100244,6940.27703372029,7433.27128222672,"people living after diagnosis","output/prevalence_projections.csv"
"Prevalence (people)","hodgkin","Hodgkin lymphoma (HL)","Headline","Persons",10,2029,"Projected",7360.10440201252,7107.56531251276,7664.83491818049,"people living after diagnosis","output/prevalence_projections.csv"
"Prevalence (people)","hodgkin","Hodgkin lymphoma (HL)","Headline","Persons",10,2030,"Projected",7535.49915167279,7244.49873885781,7873.44074000001,"people living after diagnosis","output/prevalence_projections.csv"
"Prevalence (people)","hodgkin","Hodgkin lymphoma (HL)","Headline","Persons",10,2031,"Projected",7711.23385460028,7381.41371448012,8083.82574877429,"people living after diagnosis","output/prevalence_projections.csv"
"Prevalence (people)","hodgkin","Hodgkin lymphoma (HL)","Headline","Persons",10,2032,"Projected",7899.36431561527,7561.90819169365,8282.5311733126,"people living after diagnosis","output/prevalence_projections.csv"
"Prevalence (people)","hodgkin","Hodgkin lymphoma (HL)","Headline","Persons",10,2033,"Projected",8079.63009409071,7727.69876861824,8474.42691332855,"people living after diagnosis","output/prevalence_projections.csv"
"Prevalence (people)","hodgkin","Hodgkin lymphoma (HL)","Headline","Persons",10,2034,"Projected",8257.33460733701,7896.29754042232,8666.5510140162,"people living after diagnosis","output/prevalence_projections.csv"
"Prevalence (people)","hodgkin","Hodgkin lymphoma (HL)","Headline","Persons",10,2035,"Projected",8429.32070705081,8050.40327341702,8855.64788793412,"people living after diagnosis","output/prevalence_projections.csv"
"Prevalence (people)","hodgkin","Hodgkin lymphoma (HL)","Headline","Persons",10,2036,"Projected",8599.681486789,8205.69952930926,9037.14864107424,"people living after diagnosis","output/prevalence_projections.csv"
"Prevalence (people)","hodgkin","Hodgkin lymphoma (HL)","Headline","Persons",10,2037,"Projected",8761.0256545063,8354.04864786119,9212.82807024564,"people living after diagnosis","output/prevalence_projections.csv"
"Prevalence (people)","hodgkin","Hodgkin lymphoma (HL)","Headline","Persons",10,2038,"Projected",8915.88753091651,8492.043438305,9387.98462650697,"people living after diagnosis","output/prevalence_projections.csv"
"Prevalence (people)","hodgkin","Hodgkin lymphoma (HL)","Headline","Persons",10,2039,"Projected",9065.81649776546,8619.65370053347,9553.91157920125,"people living after diagnosis","output/prevalence_projections.csv"
"Prevalence (people)","hodgkin","Hodgkin lymphoma (HL)","Headline","Persons",10,2040,"Projected",9207.6551481086,8746.78852531221,9714.85191855185,"people living after diagnosis","output/prevalence_projections.csv"
"Prevalence (people)","hodgkin","Hodgkin lymphoma (HL)","Headline","Persons",10,2041,"Projected",9346.62000497108,8866.84684352108,9874.15375793135,"people living after diagnosis","output/prevalence_projections.csv"
"Prevalence (people)","hodgkin","Hodgkin lymphoma (HL)","Headline","Persons",10,2042,"Projected",9478.80818495921,8982.31394617431,10025.8792586644,"people living after diagnosis","output/prevalence_projections.csv"
"Prevalence (people)","hodgkin","Hodgkin lymphoma (HL)","Headline","Persons",10,2043,"Projected",9611.05978156261,9095.21551482618,10170.3423867275,"people living after diagnosis","output/prevalence_projections.csv"
"Prevalence (people)","hodgkin","Hodgkin lymphoma (HL)","Headline","Persons",10,2044,"Projected",9738.94932923454,9205.53457126877,10310.0373132377,"people living after diagnosis","output/prevalence_projections.csv"
"Prevalence (people)","hodgkin","Hodgkin lymphoma (HL)","Headline","Persons",10,2045,"Projected",9862.64309308156,9313.30437084038,10450.2851598051,"people living after diagnosis","output/prevalence_projections.csv"
"Prevalence (people)","hodgkin","Hodgkin lymphoma (HL)","Headline","Persons",40,2012,"Estimated",9247.7258138866,8338.68489664425,10106.8258805548,"people living after diagnosis","output/prevalence_projections.csv"
"Prevalence (people)","hodgkin","Hodgkin lymphoma (HL)","Headline","Persons",40,2013,"Estimated",9686.29292328971,8736.57453632255,10591.0136517207,"people living after diagnosis","output/prevalence_projections.csv"
"Prevalence (people)","hodgkin","Hodgkin lymphoma (HL)","Headline","Persons",40,2014,"Estimated",10128.7605822083,9130.82253196319,11079.0680994102,"people living after diagnosis","output/prevalence_projections.csv"
"Prevalence (people)","hodgkin","Hodgkin lymphoma (HL)","Headline","Persons",40,2015,"Estimated",10587.8587953419,9541.68001256598,11584.4848178961,"people living after diagnosis","output/prevalence_projections.csv"
"Prevalence (people)","hodgkin","Hodgkin lymphoma (HL)","Headline","Persons",40,2016,"Estimated",11046.6703323657,9964.51071344976,12088.4648239263,"people living after diagnosis","output/prevalence_projections.csv"
"Prevalence (people)","hodgkin","Hodgkin lymphoma (HL)","Headline","Persons",40,2017,"Estimated",11527.2887265358,10405.4161634122,12621.9709666245,"people living after diagnosis","output/prevalence_projections.csv"
"Prevalence (people)","hodgkin","Hodgkin lymphoma (HL)","Headline","Persons",40,2018,"Estimated",11960.1365516324,10813.2386072287,13097.7751646191,"people living after diagnosis","output/prevalence_projections.csv"
"Prevalence (people)","hodgkin","Hodgkin lymphoma (HL)","Headline","Persons",40,2019,"Estimated",12450.7966353004,11282.0495780631,13623.3955383602,"people living after diagnosis","output/prevalence_projections.csv"
"Prevalence (people)","hodgkin","Hodgkin lymphoma (HL)","Headline","Persons",40,2020,"Estimated",12972.8059024435,11773.98421519,14180.6578419089,"people living after diagnosis","output/prevalence_projections.csv"
"Prevalence (people)","hodgkin","Hodgkin lymphoma (HL)","Headline","Persons",40,2021,"Estimated",13511.897940425,12283.143512779,14771.7742016708,"people living after diagnosis","output/prevalence_projections.csv"
"Prevalence (people)","hodgkin","Hodgkin lymphoma (HL)","Headline","Persons",40,2022,"Projected",13919.438100894,12699.8569105728,15133.0929406905,"people living after diagnosis","output/prevalence_projections.csv"
"Prevalence (people)","hodgkin","Hodgkin lymphoma (HL)","Headline","Persons",40,2023,"Projected",14334.3911373676,13124.5290867914,15532.1897946656,"people living after diagnosis","output/prevalence_projections.csv"
"Prevalence (people)","hodgkin","Hodgkin lymphoma (HL)","Headline","Persons",40,2024,"Projected",14771.1022428862,13582.3567669897,15946.3429722683,"people living after diagnosis","output/prevalence_projections.csv"
"Prevalence (people)","hodgkin","Hodgkin lymphoma (HL)","Headline","Persons",40,2025,"Projected",15226.5327251949,14059.4906468249,16408.2095898472,"people living after diagnosis","output/prevalence_projections.csv"
"Prevalence (people)","hodgkin","Hodgkin lymphoma (HL)","Headline","Persons",40,2026,"Projected",15697.9139089779,14547.925956657,16861.7153443608,"people living after diagnosis","output/prevalence_projections.csv"
"Prevalence (people)","hodgkin","Hodgkin lymphoma (HL)","Headline","Persons",40,2027,"Projected",16179.8211217268,15061.8174373943,17295.3434943755,"people living after diagnosis","output/prevalence_projections.csv"
"Prevalence (people)","hodgkin","Hodgkin lymphoma (HL)","Headline","Persons",40,2028,"Projected",16664.3963234227,15571.2242128921,17744.2645450514,"people living after diagnosis","output/prevalence_projections.csv"
"Prevalence (people)","hodgkin","Hodgkin lymphoma (HL)","Headline","Persons",40,2029,"Projected",17163.0984462992,16079.4400087265,18193.4162088457,"people living after diagnosis","output/prevalence_projections.csv"
"Prevalence (people)","hodgkin","Hodgkin lymphoma (HL)","Headline","Persons",40,2030,"Projected",17652.6669744039,16612.1973041762,18654.3269766226,"people living after diagnosis","output/prevalence_projections.csv"
"Prevalence (people)","hodgkin","Hodgkin lymphoma (HL)","Headline","Persons",40,2031,"Projected",18199.6382432631,17169.973878375,19160.4412349433,"people living after diagnosis","output/prevalence_projections.csv"
"Prevalence (people)","hodgkin","Hodgkin lymphoma (HL)","Headline","Persons",40,2032,"Projected",18718.3528953887,17715.4301869697,19670.1197673084,"people living after diagnosis","output/prevalence_projections.csv"
"Prevalence (people)","hodgkin","Hodgkin lymphoma (HL)","Headline","Persons",40,2033,"Projected",19259.3390527679,18270.6079744509,20222.3528449553,"people living after diagnosis","output/prevalence_projections.csv"
"Prevalence (people)","hodgkin","Hodgkin lymphoma (HL)","Headline","Persons",40,2034,"Projected",19811.3354194188,18819.9945237289,20772.5879903542,"people living after diagnosis","output/prevalence_projections.csv"
"Prevalence (people)","hodgkin","Hodgkin lymphoma (HL)","Headline","Persons",40,2035,"Projected",20372.3245734724,19364.4734663654,21349.4102140777,"people living after diagnosis","output/prevalence_projections.csv"
"Prevalence (people)","hodgkin","Hodgkin lymphoma (HL)","Headline","Persons",40,2036,"Projected",20922.8845058227,19903.6046619545,21898.2277752364,"people living after diagnosis","output/prevalence_projections.csv"
"Prevalence (people)","hodgkin","Hodgkin lymphoma (HL)","Headline","Persons",40,2037,"Projected",21468.1877090625,20416.1048825789,22475.8160134319,"people living after diagnosis","output/prevalence_projections.csv"
"Prevalence (people)","hodgkin","Hodgkin lymphoma (HL)","Headline","Persons",40,2038,"Projected",22029.3746942655,20928.3250424044,23087.8382535442,"people living after diagnosis","output/prevalence_projections.csv"
"Prevalence (people)","hodgkin","Hodgkin lymphoma (HL)","Headline","Persons",40,2039,"Projected",22580.2859664,21435.4840302164,23655.5985210863,"people living after diagnosis","output/prevalence_projections.csv"
"Prevalence (people)","hodgkin","Hodgkin lymphoma (HL)","Headline","Persons",40,2040,"Projected",23132.4912556572,21965.0896564151,24289.4767988277,"people living after diagnosis","output/prevalence_projections.csv"
"Prevalence (people)","hodgkin","Hodgkin lymphoma (HL)","Headline","Persons",40,2041,"Projected",23702.3678254608,22444.8754832616,24916.5962702185,"people living after diagnosis","output/prevalence_projections.csv"
"Prevalence (people)","hodgkin","Hodgkin lymphoma (HL)","Headline","Persons",40,2042,"Projected",24264.5152000371,22903.8051869115,25566.2224989409,"people living after diagnosis","output/prevalence_projections.csv"
"Prevalence (people)","hodgkin","Hodgkin lymphoma (HL)","Headline","Persons",40,2043,"Projected",24822.9385243638,23387.3172896536,26204.7811298446,"people living after diagnosis","output/prevalence_projections.csv"
"Prevalence (people)","hodgkin","Hodgkin lymphoma (HL)","Headline","Persons",40,2044,"Projected",25371.8720082292,23844.3218500815,26869.5090824765,"people living after diagnosis","output/prevalence_projections.csv"
"Prevalence (people)","hodgkin","Hodgkin lymphoma (HL)","Headline","Persons",40,2045,"Projected",25906.6413940034,24242.6478404825,27525.8534568457,"people living after diagnosis","output/prevalence_projections.csv"
"Prevalence (people)","hodgkin","Hodgkin lymphoma (HL)","Headline","Females",2,2012,"Estimated",512.697373291712,508.737763071852,516.525734188134,"people living after diagnosis","output/prevalence_projections.csv"
"Prevalence (people)","hodgkin","Hodgkin lymphoma (HL)","Headline","Females",2,2013,"Estimated",538.99267626211,533.442693914279,543.666331780016,"people living after diagnosis","output/prevalence_projections.csv"
"Prevalence (people)","hodgkin","Hodgkin lymphoma (HL)","Headline","Females",2,2014,"Estimated",574.700535639569,568.577466314984,579.848625863141,"people living after diagnosis","output/prevalence_projections.csv"
"Prevalence (people)","hodgkin","Hodgkin lymphoma (HL)","Headline","Females",2,2015,"Estimated",554.086015886304,548.283955957193,558.945462429408,"people living after diagnosis","output/prevalence_projections.csv"
"Prevalence (people)","hodgkin","Hodgkin lymphoma (HL)","Headline","Females",2,2016,"Estimated",589.069821654135,583.063826256657,594.119513454746,"people living after diagnosis","output/prevalence_projections.csv"
"Prevalence (people)","hodgkin","Hodgkin lymphoma (HL)","Headline","Females",2,2017,"Estimated",604.892325353807,600.437710187592,609.19603987076,"people living after diagnosis","output/prevalence_projections.csv"
"Prevalence (people)","hodgkin","Hodgkin lymphoma (HL)","Headline","Females",2,2018,"Estimated",552.575480182148,547.996545282071,556.457285679644,"people living after diagnosis","output/prevalence_projections.csv"
"Prevalence (people)","hodgkin","Hodgkin lymphoma (HL)","Headline","Females",2,2019,"Estimated",575.328066644907,569.937065878928,580.213263858603,"people living after diagnosis","output/prevalence_projections.csv"
"Prevalence (people)","hodgkin","Hodgkin lymphoma (HL)","Headline","Females",2,2020,"Estimated",620.985593113728,614.364870371701,626.955636510706,"people living after diagnosis","output/prevalence_projections.csv"
"Prevalence (people)","hodgkin","Hodgkin lymphoma (HL)","Headline","Females",2,2021,"Estimated",655.742947001874,647.940533942177,662.466663127414,"people living after diagnosis","output/prevalence_projections.csv"
"Prevalence (people)","hodgkin","Hodgkin lymphoma (HL)","Headline","Females",2,2022,"Projected",672.919225763639,646.939765990963,696.861203843703,"people living after diagnosis","output/prevalence_projections.csv"
"Prevalence (people)","hodgkin","Hodgkin lymphoma (HL)","Headline","Females",2,2023,"Projected",670.542313037383,623.642069794798,717.56319237796,"people living after diagnosis","output/prevalence_projections.csv"
"Prevalence (people)","hodgkin","Hodgkin lymphoma (HL)","Headline","Females",2,2024,"Projected",689.852134758195,642.987441470862,737.475151835447,"people living after diagnosis","output/prevalence_projections.csv"
"Prevalence (people)","hodgkin","Hodgkin lymphoma (HL)","Headline","Females",2,2025,"Projected",707.291373339263,660.605877056384,754.998968246118,"people living after diagnosis","output/prevalence_projections.csv"
"Prevalence (people)","hodgkin","Hodgkin lymphoma (HL)","Headline","Females",2,2026,"Projected",724.578516679395,677.141760694221,772.975946539871,"people living after diagnosis","output/prevalence_projections.csv"
"Prevalence (people)","hodgkin","Hodgkin lymphoma (HL)","Headline","Females",2,2027,"Projected",741.322204170554,693.79556410566,790.703541768076,"people living after diagnosis","output/prevalence_projections.csv"
"Prevalence (people)","hodgkin","Hodgkin lymphoma (HL)","Headline","Females",2,2028,"Projected",757.504870135589,708.992845412505,808.47147392344,"people living after diagnosis","output/prevalence_projections.csv"
"Prevalence (people)","hodgkin","Hodgkin lymphoma (HL)","Headline","Females",2,2029,"Projected",773.314903577664,722.973565037606,826.528795523388,"people living after diagnosis","output/prevalence_projections.csv"
"Prevalence (people)","hodgkin","Hodgkin lymphoma (HL)","Headline","Females",2,2030,"Projected",788.545203525651,735.471694958029,844.872447001848,"people living after diagnosis","output/prevalence_projections.csv"
"Prevalence (people)","hodgkin","Hodgkin lymphoma (HL)","Headline","Females",2,2031,"Projected",804.067493244168,747.523688478759,862.194696968717,"people living after diagnosis","output/prevalence_projections.csv"
"Prevalence (people)","hodgkin","Hodgkin lymphoma (HL)","Headline","Females",2,2032,"Projected",818.046558378702,759.363915964052,878.254476608852,"people living after diagnosis","output/prevalence_projections.csv"
"Prevalence (people)","hodgkin","Hodgkin lymphoma (HL)","Headline","Females",2,2033,"Projected",830.245253682572,771.570154447181,892.673112925931,"people living after diagnosis","output/prevalence_projections.csv"
"Prevalence (people)","hodgkin","Hodgkin lymphoma (HL)","Headline","Females",2,2034,"Projected",843.112150885295,782.856324273931,906.962340600203,"people living after diagnosis","output/prevalence_projections.csv"
"Prevalence (people)","hodgkin","Hodgkin lymphoma (HL)","Headline","Females",2,2035,"Projected",855.861971320044,793.73338927362,921.19452621704,"people living after diagnosis","output/prevalence_projections.csv"
"Prevalence (people)","hodgkin","Hodgkin lymphoma (HL)","Headline","Females",2,2036,"Projected",868.300129939438,805.00489881395,936.620740906941,"people living after diagnosis","output/prevalence_projections.csv"
"Prevalence (people)","hodgkin","Hodgkin lymphoma (HL)","Headline","Females",2,2037,"Projected",880.613366886383,814.180677887821,952.234476377635,"people living after diagnosis","output/prevalence_projections.csv"
"Prevalence (people)","hodgkin","Hodgkin lymphoma (HL)","Headline","Females",2,2038,"Projected",892.306153522509,824.646859879508,966.941248126616,"people living after diagnosis","output/prevalence_projections.csv"
"Prevalence (people)","hodgkin","Hodgkin lymphoma (HL)","Headline","Females",2,2039,"Projected",904.223643443576,835.313155280076,981.387394385404,"people living after diagnosis","output/prevalence_projections.csv"
"Prevalence (people)","hodgkin","Hodgkin lymphoma (HL)","Headline","Females",2,2040,"Projected",915.877992480997,844.491979722686,995.604859086242,"people living after diagnosis","output/prevalence_projections.csv"
"Prevalence (people)","hodgkin","Hodgkin lymphoma (HL)","Headline","Females",2,2041,"Projected",927.669922051269,854.096920520422,1010.80487562116,"people living after diagnosis","output/prevalence_projections.csv"
"Prevalence (people)","hodgkin","Hodgkin lymphoma (HL)","Headline","Females",2,2042,"Projected",937.878924317637,862.497516925474,1023.17285124822,"people living after diagnosis","output/prevalence_projections.csv"
"Prevalence (people)","hodgkin","Hodgkin lymphoma (HL)","Headline","Females",2,2043,"Projected",947.27011636715,870.760244335512,1032.02975220797,"people living after diagnosis","output/prevalence_projections.csv"
"Prevalence (people)","hodgkin","Hodgkin lymphoma (HL)","Headline","Females",2,2044,"Projected",956.622102603893,879.176270740177,1042.7398775591,"people living after diagnosis","output/prevalence_projections.csv"
"Prevalence (people)","hodgkin","Hodgkin lymphoma (HL)","Headline","Females",2,2045,"Projected",966.317393834631,887.991267438648,1053.86020838931,"people living after diagnosis","output/prevalence_projections.csv"
"Prevalence (people)","hodgkin","Hodgkin lymphoma (HL)","Headline","Females",3,2012,"Estimated",755.039179638996,749.507460338229,760.593616674908,"people living after diagnosis","output/prevalence_projections.csv"
"Prevalence (people)","hodgkin","Hodgkin lymphoma (HL)","Headline","Females",3,2013,"Estimated",794.002857990603,787.095448142838,800.190338258569,"people living after diagnosis","output/prevalence_projections.csv"
"Prevalence (people)","hodgkin","Hodgkin lymphoma (HL)","Headline","Females",3,2014,"Estimated",813.805805682592,806.736626733473,819.840953528858,"people living after diagnosis","output/prevalence_projections.csv"
"Prevalence (people)","hodgkin","Hodgkin lymphoma (HL)","Headline","Females",3,2015,"Estimated",834.429357657825,827.000140170721,840.821455405306,"people living after diagnosis","output/prevalence_projections.csv"
"Prevalence (people)","hodgkin","Hodgkin lymphoma (HL)","Headline","Females",3,2016,"Estimated",863.1205986673,855.598484009068,869.938006919278,"people living after diagnosis","output/prevalence_projections.csv"
"Prevalence (people)","hodgkin","Hodgkin lymphoma (HL)","Headline","Females",3,2017,"Estimated",866.153124767906,860.246119773475,871.712839466043,"people living after diagnosis","output/prevalence_projections.csv"
"Prevalence (people)","hodgkin","Hodgkin lymphoma (HL)","Headline","Females",3,2018,"Estimated",860.922094675949,854.184243711146,866.97453946013,"people living after diagnosis","output/prevalence_projections.csv"
"Prevalence (people)","hodgkin","Hodgkin lymphoma (HL)","Headline","Females",3,2019,"Estimated",851.278346324829,845.339995693571,856.919062777954,"people living after diagnosis","output/prevalence_projections.csv"
"Prevalence (people)","hodgkin","Hodgkin lymphoma (HL)","Headline","Females",3,2020,"Estimated",876.086108875806,869.078758874991,882.604304206728,"people living after diagnosis","output/prevalence_projections.csv"
"Prevalence (people)","hodgkin","Hodgkin lymphoma (HL)","Headline","Females",3,2021,"Estimated",951.908818802441,943.388749501682,959.284186451405,"people living after diagnosis","output/prevalence_projections.csv"
"Prevalence (people)","hodgkin","Hodgkin lymphoma (HL)","Headline","Females",3,2022,"Projected",973.575924469775,948.294957302544,998.352447439804,"people living after diagnosis","output/prevalence_projections.csv"
"Prevalence (people)","hodgkin","Hodgkin lymphoma (HL)","Headline","Females",3,2023,"Projected",1000.99053967376,954.188752957198,1046.92620682325,"people living after diagnosis","output/prevalence_projections.csv"
"Prevalence (people)","hodgkin","Hodgkin lymphoma (HL)","Headline","Females",3,2024,"Projected",1007.28760643089,939.31852581303,1074.42252644456,"people living after diagnosis","output/prevalence_projections.csv"
"Prevalence (people)","hodgkin","Hodgkin lymphoma (HL)","Headline","Females",3,2025,"Projected",1035.18747913854,967.678403155978,1102.33680743454,"people living after diagnosis","output/prevalence_projections.csv"
"Prevalence (people)","hodgkin","Hodgkin lymphoma (HL)","Headline","Females",3,2026,"Projected",1061.00792189797,992.472949257159,1130.60694846869,"people living after diagnosis","output/prevalence_projections.csv"
"Prevalence (people)","hodgkin","Hodgkin lymphoma (HL)","Headline","Females",3,2027,"Projected",1086.46921837723,1015.74253987954,1158.53723854373,"people living after diagnosis","output/prevalence_projections.csv"
"Prevalence (people)","hodgkin","Hodgkin lymphoma (HL)","Headline","Females",3,2028,"Projected",1110.26630881793,1040.48743091274,1184.83807384377,"people living after diagnosis","output/prevalence_projections.csv"
"Prevalence (people)","hodgkin","Hodgkin lymphoma (HL)","Headline","Females",3,2029,"Projected",1134.14797426703,1063.02183869885,1208.55759225058,"people living after diagnosis","output/prevalence_projections.csv"
"Prevalence (people)","hodgkin","Hodgkin lymphoma (HL)","Headline","Females",3,2030,"Projected",1157.48982277107,1082.5258886628,1238.07023553477,"people living after diagnosis","output/prevalence_projections.csv"
"Prevalence (people)","hodgkin","Hodgkin lymphoma (HL)","Headline","Females",3,2031,"Projected",1179.97422383215,1102.10562109194,1264.48875130404,"people living after diagnosis","output/prevalence_projections.csv"
"Prevalence (people)","hodgkin","Hodgkin lymphoma (HL)","Headline","Females",3,2032,"Projected",1200.65379997652,1120.70440643451,1289.71524813844,"people living after diagnosis","output/prevalence_projections.csv"
"Prevalence (people)","hodgkin","Hodgkin lymphoma (HL)","Headline","Females",3,2033,"Projected",1220.21131159499,1137.99646664547,1312.74694984903,"people living after diagnosis","output/prevalence_projections.csv"
"Prevalence (people)","hodgkin","Hodgkin lymphoma (HL)","Headline","Females",3,2034,"Projected",1238.09205638118,1153.87928220057,1333.27373597774,"people living after diagnosis","output/prevalence_projections.csv"
"Prevalence (people)","hodgkin","Hodgkin lymphoma (HL)","Headline","Females",3,2035,"Projected",1256.07540810418,1170.78672496769,1352.73833115104,"people living after diagnosis","output/prevalence_projections.csv"
"Prevalence (people)","hodgkin","Hodgkin lymphoma (HL)","Headline","Females",3,2036,"Projected",1273.34854821649,1185.52052127373,1373.1517298725,"people living after diagnosis","output/prevalence_projections.csv"
"Prevalence (people)","hodgkin","Hodgkin lymphoma (HL)","Headline","Females",3,2037,"Projected",1291.35280574405,1201.28580740721,1393.83395529363,"people living after diagnosis","output/prevalence_projections.csv"
"Prevalence (people)","hodgkin","Hodgkin lymphoma (HL)","Headline","Females",3,2038,"Projected",1308.88009529444,1214.86808262738,1415.17930502102,"people living after diagnosis","output/prevalence_projections.csv"
"Prevalence (people)","hodgkin","Hodgkin lymphoma (HL)","Headline","Females",3,2039,"Projected",1325.92254038747,1228.7325440057,1435.32972619774,"people living after diagnosis","output/prevalence_projections.csv"
"Prevalence (people)","hodgkin","Hodgkin lymphoma (HL)","Headline","Females",3,2040,"Projected",1342.63274422241,1242.15413070519,1458.49600107206,"people living after diagnosis","output/prevalence_projections.csv"
"Prevalence (people)","hodgkin","Hodgkin lymphoma (HL)","Headline","Females",3,2041,"Projected",1359.56936714512,1255.94935561438,1481.80657472182,"people living after diagnosis","output/prevalence_projections.csv"
"Prevalence (people)","hodgkin","Hodgkin lymphoma (HL)","Headline","Females",3,2042,"Projected",1374.40124424056,1268.52762789136,1499.99144311147,"people living after diagnosis","output/prevalence_projections.csv"
"Prevalence (people)","hodgkin","Hodgkin lymphoma (HL)","Headline","Females",3,2043,"Projected",1388.25806513582,1280.04396126256,1516.57077804545,"people living after diagnosis","output/prevalence_projections.csv"
"Prevalence (people)","hodgkin","Hodgkin lymphoma (HL)","Headline","Females",3,2044,"Projected",1401.74513111854,1292.30541562267,1529.41931060229,"people living after diagnosis","output/prevalence_projections.csv"
"Prevalence (people)","hodgkin","Hodgkin lymphoma (HL)","Headline","Females",3,2045,"Projected",1415.07664845515,1303.93895586438,1543.94767684482,"people living after diagnosis","output/prevalence_projections.csv"
"Prevalence (people)","hodgkin","Hodgkin lymphoma (HL)","Headline","Females",5,2012,"Estimated",1176.74351392413,1168.20128679904,1184.59920747762,"people living after diagnosis","output/prevalence_projections.csv"
"Prevalence (people)","hodgkin","Hodgkin lymphoma (HL)","Headline","Females",5,2013,"Estimated",1258.2416020353,1248.95905241653,1266.88055506769,"people living after diagnosis","output/prevalence_projections.csv"
"Prevalence (people)","hodgkin","Hodgkin lymphoma (HL)","Headline","Females",5,2014,"Estimated",1295.30569953072,1286.29505298605,1303.53885976543,"people living after diagnosis","output/prevalence_projections.csv"
"Prevalence (people)","hodgkin","Hodgkin lymphoma (HL)","Headline","Females",5,2015,"Estimated",1312.75650871151,1303.7843211572,1320.78150886834,"people living after diagnosis","output/prevalence_projections.csv"
"Prevalence (people)","hodgkin","Hodgkin lymphoma (HL)","Headline","Females",5,2016,"Estimated",1365.6810813913,1356.93881693992,1374.71083512566,"people living after diagnosis","output/prevalence_projections.csv"
"Prevalence (people)","hodgkin","Hodgkin lymphoma (HL)","Headline","Females",5,2017,"Estimated",1402.19671244221,1394.0487673779,1411.09120407659,"people living after diagnosis","output/prevalence_projections.csv"
"Prevalence (people)","hodgkin","Hodgkin lymphoma (HL)","Headline","Females",5,2018,"Estimated",1379.49987861367,1370.67366415215,1388.43597477843,"people living after diagnosis","output/prevalence_projections.csv"
"Prevalence (people)","hodgkin","Hodgkin lymphoma (HL)","Headline","Females",5,2019,"Estimated",1405.35499052176,1396.4949143454,1414.16040724315,"people living after diagnosis","output/prevalence_projections.csv"
"Prevalence (people)","hodgkin","Hodgkin lymphoma (HL)","Headline","Females",5,2020,"Estimated",1446.40064382764,1436.56345679064,1454.92730982204,"people living after diagnosis","output/prevalence_projections.csv"
"Prevalence (people)","hodgkin","Hodgkin lymphoma (HL)","Headline","Females",5,2021,"Estimated",1474.8637280256,1464.91289381167,1483.58395155538,"people living after diagnosis","output/prevalence_projections.csv"
"Prevalence (people)","hodgkin","Hodgkin lymphoma (HL)","Headline","Females",5,2022,"Projected",1517.94772427538,1493.21349153718,1543.26573839682,"people living after diagnosis","output/prevalence_projections.csv"
"Prevalence (people)","hodgkin","Hodgkin lymphoma (HL)","Headline","Females",5,2023,"Projected",1590.7140560495,1544.59900330186,1636.99070502846,"people living after diagnosis","output/prevalence_projections.csv"
"Prevalence (people)","hodgkin","Hodgkin lymphoma (HL)","Headline","Females",5,2024,"Projected",1631.66027922628,1562.88640774784,1698.26239398039,"people living after diagnosis","output/prevalence_projections.csv"
"Prevalence (people)","hodgkin","Hodgkin lymphoma (HL)","Headline","Females",5,2025,"Projected",1677.42195986197,1588.30365938482,1766.87330867083,"people living after diagnosis","output/prevalence_projections.csv"
"Prevalence (people)","hodgkin","Hodgkin lymphoma (HL)","Headline","Females",5,2026,"Projected",1704.88795782003,1595.45238074916,1819.63633946852,"people living after diagnosis","output/prevalence_projections.csv"
"Prevalence (people)","hodgkin","Hodgkin lymphoma (HL)","Headline","Females",5,2027,"Projected",1750.10610675963,1638.31272810407,1867.73974647117,"people living after diagnosis","output/prevalence_projections.csv"
"Prevalence (people)","hodgkin","Hodgkin lymphoma (HL)","Headline","Females",5,2028,"Projected",1792.75800290299,1680.03543686198,1910.50794518337,"people living after diagnosis","output/prevalence_projections.csv"
"Prevalence (people)","hodgkin","Hodgkin lymphoma (HL)","Headline","Females",5,2029,"Projected",1834.64785853411,1722.08623517485,1954.59253500141,"people living after diagnosis","output/prevalence_projections.csv"
"Prevalence (people)","hodgkin","Hodgkin lymphoma (HL)","Headline","Females",5,2030,"Projected",1874.77451978648,1761.13353778389,1998.81746233138,"people living after diagnosis","output/prevalence_projections.csv"
"Prevalence (people)","hodgkin","Hodgkin lymphoma (HL)","Headline","Females",5,2031,"Projected",1913.94172342457,1794.87435036131,2043.23016307247,"people living after diagnosis","output/prevalence_projections.csv"
"Prevalence (people)","hodgkin","Hodgkin lymphoma (HL)","Headline","Females",5,2032,"Projected",1951.25201339653,1828.76820770311,2086.88265736459,"people living after diagnosis","output/prevalence_projections.csv"
"Prevalence (people)","hodgkin","Hodgkin lymphoma (HL)","Headline","Females",5,2033,"Projected",1988.02223933488,1861.24558276822,2127.25077518392,"people living after diagnosis","output/prevalence_projections.csv"
"Prevalence (people)","hodgkin","Hodgkin lymphoma (HL)","Headline","Females",5,2034,"Projected",2021.01591978127,1891.35143369512,2165.06842020486,"people living after diagnosis","output/prevalence_projections.csv"
"Prevalence (people)","hodgkin","Hodgkin lymphoma (HL)","Headline","Females",5,2035,"Projected",2053.26522264139,1921.23621681671,2200.96150140646,"people living after diagnosis","output/prevalence_projections.csv"
"Prevalence (people)","hodgkin","Hodgkin lymphoma (HL)","Headline","Females",5,2036,"Projected",2083.31572755166,1947.21111172343,2234.85583376712,"people living after diagnosis","output/prevalence_projections.csv"
"Prevalence (people)","hodgkin","Hodgkin lymphoma (HL)","Headline","Females",5,2037,"Projected",2112.5503146439,1970.79667746844,2269.00140571143,"people living after diagnosis","output/prevalence_projections.csv"
"Prevalence (people)","hodgkin","Hodgkin lymphoma (HL)","Headline","Females",5,2038,"Projected",2142.12507675718,1993.35971740659,2302.63009306823,"people living after diagnosis","output/prevalence_projections.csv"
"Prevalence (people)","hodgkin","Hodgkin lymphoma (HL)","Headline","Females",5,2039,"Projected",2170.95754864192,2016.19802913615,2340.89729795302,"people living after diagnosis","output/prevalence_projections.csv"
"Prevalence (people)","hodgkin","Hodgkin lymphoma (HL)","Headline","Females",5,2040,"Projected",2199.9409955173,2036.12135319013,2374.79506252239,"people living after diagnosis","output/prevalence_projections.csv"
"Prevalence (people)","hodgkin","Hodgkin lymphoma (HL)","Headline","Females",5,2041,"Projected",2228.20703090738,2057.34907762609,2411.10969607842,"people living after diagnosis","output/prevalence_projections.csv"
"Prevalence (people)","hodgkin","Hodgkin lymphoma (HL)","Headline","Females",5,2042,"Projected",2255.37866283024,2079.60960732836,2444.54356812655,"people living after diagnosis","output/prevalence_projections.csv"
"Prevalence (people)","hodgkin","Hodgkin lymphoma (HL)","Headline","Females",5,2043,"Projected",2279.90250512087,2101.3095817443,2474.74059799978,"people living after diagnosis","output/prevalence_projections.csv"
"Prevalence (people)","hodgkin","Hodgkin lymphoma (HL)","Headline","Females",5,2044,"Projected",2304.43375399192,2122.095462171,2505.13682672987,"people living after diagnosis","output/prevalence_projections.csv"
"Prevalence (people)","hodgkin","Hodgkin lymphoma (HL)","Headline","Females",5,2045,"Projected",2327.49975817475,2142.59004307007,2532.78665096707,"people living after diagnosis","output/prevalence_projections.csv"
"Prevalence (people)","hodgkin","Hodgkin lymphoma (HL)","Headline","Females",10,2012,"Estimated",2112.2796350827,2061.34649235744,2157.37976412455,"people living after diagnosis","output/prevalence_projections.csv"
"Prevalence (people)","hodgkin","Hodgkin lymphoma (HL)","Headline","Females",10,2013,"Estimated",2225.35571418106,2176.63724730916,2267.67997447351,"people living after diagnosis","output/prevalence_projections.csv"
"Prevalence (people)","hodgkin","Hodgkin lymphoma (HL)","Headline","Females",10,2014,"Estimated",2294.76550950982,2248.35055870267,2333.20500419756,"people living after diagnosis","output/prevalence_projections.csv"
"Prevalence (people)","hodgkin","Hodgkin lymphoma (HL)","Headline","Females",10,2015,"Estimated",2333.61745414129,2290.09317518183,2370.11439873618,"people living after diagnosis","output/prevalence_projections.csv"
"Prevalence (people)","hodgkin","Hodgkin lymphoma (HL)","Headline","Females",10,2016,"Estimated",2426.91490418732,2384.58440912042,2462.41180436756,"people living after diagnosis","output/prevalence_projections.csv"
"Prevalence (people)","hodgkin","Hodgkin lymphoma (HL)","Headline","Females",10,2017,"Estimated",2477.46591441227,2439.4982272821,2509.08673139529,"people living after diagnosis","output/prevalence_projections.csv"
"Prevalence (people)","hodgkin","Hodgkin lymphoma (HL)","Headline","Females",10,2018,"Estimated",2529.98530344511,2494.7764141754,2561.84894844032,"people living after diagnosis","output/prevalence_projections.csv"
"Prevalence (people)","hodgkin","Hodgkin lymphoma (HL)","Headline","Females",10,2019,"Estimated",2588.53890865465,2558.44006394489,2619.82832653463,"people living after diagnosis","output/prevalence_projections.csv"
"Prevalence (people)","hodgkin","Hodgkin lymphoma (HL)","Headline","Females",10,2020,"Estimated",2644.7355441417,2613.31789674874,2677.60117073154,"people living after diagnosis","output/prevalence_projections.csv"
"Prevalence (people)","hodgkin","Hodgkin lymphoma (HL)","Headline","Females",10,2021,"Estimated",2724.11053070696,2683.34452138661,2763.63554298684,"people living after diagnosis","output/prevalence_projections.csv"
"Prevalence (people)","hodgkin","Hodgkin lymphoma (HL)","Headline","Females",10,2022,"Projected",2807.11316018954,2761.78862066857,2851.20979390602,"people living after diagnosis","output/prevalence_projections.csv"
"Prevalence (people)","hodgkin","Hodgkin lymphoma (HL)","Headline","Females",10,2023,"Projected",2860.92809591729,2805.51394543341,2917.24696251179,"people living after diagnosis","output/prevalence_projections.csv"
"Prevalence (people)","hodgkin","Hodgkin lymphoma (HL)","Headline","Females",10,2024,"Projected",2928.64652639225,2858.07890695163,3001.35371988805,"people living after diagnosis","output/prevalence_projections.csv"
"Prevalence (people)","hodgkin","Hodgkin lymphoma (HL)","Headline","Females",10,2025,"Projected",3015.95978034052,2927.3935517024,3111.93125169642,"people living after diagnosis","output/prevalence_projections.csv"
"Prevalence (people)","hodgkin","Hodgkin lymphoma (HL)","Headline","Females",10,2026,"Projected",3070.51990226774,2959.29518557973,3193.38573634574,"people living after diagnosis","output/prevalence_projections.csv"
"Prevalence (people)","hodgkin","Hodgkin lymphoma (HL)","Headline","Females",10,2027,"Projected",3156.00373884959,3023.36879211759,3300.61774667425,"people living after diagnosis","output/prevalence_projections.csv"
"Prevalence (people)","hodgkin","Hodgkin lymphoma (HL)","Headline","Females",10,2028,"Projected",3268.9845629983,3115.95796809034,3436.9777654642,"people living after diagnosis","output/prevalence_projections.csv"
"Prevalence (people)","hodgkin","Hodgkin lymphoma (HL)","Headline","Females",10,2029,"Projected",3351.65509514091,3177.62476858091,3544.88225601309,"people living after diagnosis","output/prevalence_projections.csv"
"Prevalence (people)","hodgkin","Hodgkin lymphoma (HL)","Headline","Females",10,2030,"Projected",3439.43842186701,3239.81628351721,3653.93404100425,"people living after diagnosis","output/prevalence_projections.csv"
"Prevalence (people)","hodgkin","Hodgkin lymphoma (HL)","Headline","Females",10,2031,"Projected",3507.32304788106,3285.3338604004,3747.69178764793,"people living after diagnosis","output/prevalence_projections.csv"
"Prevalence (people)","hodgkin","Hodgkin lymphoma (HL)","Headline","Females",10,2032,"Projected",3587.22390488332,3355.5895746054,3833.80572762182,"people living after diagnosis","output/prevalence_projections.csv"
"Prevalence (people)","hodgkin","Hodgkin lymphoma (HL)","Headline","Females",10,2033,"Projected",3664.4054550841,3427.5617739008,3920.11921300281,"people living after diagnosis","output/prevalence_projections.csv"
"Prevalence (people)","hodgkin","Hodgkin lymphoma (HL)","Headline","Females",10,2034,"Projected",3735.56204469213,3491.79165699476,4001.22340371922,"people living after diagnosis","output/prevalence_projections.csv"
"Prevalence (people)","hodgkin","Hodgkin lymphoma (HL)","Headline","Females",10,2035,"Projected",3807.48416012397,3562.30997985541,4088.70271210831,"people living after diagnosis","output/prevalence_projections.csv"
"Prevalence (people)","hodgkin","Hodgkin lymphoma (HL)","Headline","Females",10,2036,"Projected",3874.51678818778,3609.12121621656,4173.69454012386,"people living after diagnosis","output/prevalence_projections.csv"
"Prevalence (people)","hodgkin","Hodgkin lymphoma (HL)","Headline","Females",10,2037,"Projected",3938.48042233739,3656.32988488933,4256.14216741293,"people living after diagnosis","output/prevalence_projections.csv"
"Prevalence (people)","hodgkin","Hodgkin lymphoma (HL)","Headline","Females",10,2038,"Projected",3999.51174956012,3703.11311095727,4329.52194015955,"people living after diagnosis","output/prevalence_projections.csv"
"Prevalence (people)","hodgkin","Hodgkin lymphoma (HL)","Headline","Females",10,2039,"Projected",4058.93315931502,3750.18461686777,4400.25188841799,"people living after diagnosis","output/prevalence_projections.csv"
"Prevalence (people)","hodgkin","Hodgkin lymphoma (HL)","Headline","Females",10,2040,"Projected",4116.95657025724,3795.39004502656,4463.70838809432,"people living after diagnosis","output/prevalence_projections.csv"
"Prevalence (people)","hodgkin","Hodgkin lymphoma (HL)","Headline","Females",10,2041,"Projected",4170.97050040036,3838.26476619475,4524.781618456,"people living after diagnosis","output/prevalence_projections.csv"
"Prevalence (people)","hodgkin","Hodgkin lymphoma (HL)","Headline","Females",10,2042,"Projected",4223.64535638851,3882.12448731548,4585.83382247103,"people living after diagnosis","output/prevalence_projections.csv"
"Prevalence (people)","hodgkin","Hodgkin lymphoma (HL)","Headline","Females",10,2043,"Projected",4276.00784642873,3925.97468552073,4649.54907143342,"people living after diagnosis","output/prevalence_projections.csv"
"Prevalence (people)","hodgkin","Hodgkin lymphoma (HL)","Headline","Females",10,2044,"Projected",4326.77416842271,3965.5851767611,4711.68498785034,"people living after diagnosis","output/prevalence_projections.csv"
"Prevalence (people)","hodgkin","Hodgkin lymphoma (HL)","Headline","Females",10,2045,"Projected",4374.18495324261,4002.32468948127,4775.99306369534,"people living after diagnosis","output/prevalence_projections.csv"
"Prevalence (people)","hodgkin","Hodgkin lymphoma (HL)","Headline","Females",40,2012,"Estimated",4162.44082461953,3590.32472052871,4639.74429751492,"people living after diagnosis","output/prevalence_projections.csv"
"Prevalence (people)","hodgkin","Hodgkin lymphoma (HL)","Headline","Females",40,2013,"Estimated",4388.34617361925,3785.68358299513,4886.22091269904,"people living after diagnosis","output/prevalence_projections.csv"
"Prevalence (people)","hodgkin","Hodgkin lymphoma (HL)","Headline","Females",40,2014,"Estimated",4606.7856249341,3968.10701413618,5136.96544456516,"people living after diagnosis","output/prevalence_projections.csv"
"Prevalence (people)","hodgkin","Hodgkin lymphoma (HL)","Headline","Females",40,2015,"Estimated",4807.93766619705,4142.93338325266,5367.53764401419,"people living after diagnosis","output/prevalence_projections.csv"
"Prevalence (people)","hodgkin","Hodgkin lymphoma (HL)","Headline","Females",40,2016,"Estimated",5056.58707755432,4362.39856607012,5639.79819521403,"people living after diagnosis","output/prevalence_projections.csv"
"Prevalence (people)","hodgkin","Hodgkin lymphoma (HL)","Headline","Females",40,2017,"Estimated",5272.45551197248,4552.84747067544,5878.39642828656,"people living after diagnosis","output/prevalence_projections.csv"
"Prevalence (people)","hodgkin","Hodgkin lymphoma (HL)","Headline","Females",40,2018,"Estimated",5463.88475371462,4717.81820430294,6094.41131244123,"people living after diagnosis","output/prevalence_projections.csv"
"Prevalence (people)","hodgkin","Hodgkin lymphoma (HL)","Headline","Females",40,2019,"Estimated",5699.25415258724,4928.90840347352,6351.9074345519,"people living after diagnosis","output/prevalence_projections.csv"
"Prevalence (people)","hodgkin","Hodgkin lymphoma (HL)","Headline","Females",40,2020,"Estimated",5936.06643940231,5142.99278914367,6609.62621561914,"people living after diagnosis","output/prevalence_projections.csv"
"Prevalence (people)","hodgkin","Hodgkin lymphoma (HL)","Headline","Females",40,2021,"Estimated",6200.91999303715,5382.93128505527,6899.56958150444,"people living after diagnosis","output/prevalence_projections.csv"
"Prevalence (people)","hodgkin","Hodgkin lymphoma (HL)","Headline","Females",40,2022,"Projected",6395.45540608153,5589.0583868149,7087.31955801249,"people living after diagnosis","output/prevalence_projections.csv"
"Prevalence (people)","hodgkin","Hodgkin lymphoma (HL)","Headline","Females",40,2023,"Projected",6603.48967087956,5799.3876864142,7287.01149147992,"people living after diagnosis","output/prevalence_projections.csv"
"Prevalence (people)","hodgkin","Hodgkin lymphoma (HL)","Headline","Females",40,2024,"Projected",6808.86291808025,6008.9794942253,7492.41994335863,"people living after diagnosis","output/prevalence_projections.csv"
"Prevalence (people)","hodgkin","Hodgkin lymphoma (HL)","Headline","Females",40,2025,"Projected",7036.57537293186,6241.4808896887,7718.03679525563,"people living after diagnosis","output/prevalence_projections.csv"
"Prevalence (people)","hodgkin","Hodgkin lymphoma (HL)","Headline","Females",40,2026,"Projected",7261.26581288001,6492.49902902046,7932.53767514569,"people living after diagnosis","output/prevalence_projections.csv"
"Prevalence (people)","hodgkin","Hodgkin lymphoma (HL)","Headline","Females",40,2027,"Projected",7486.31702013034,6727.23192449403,8154.22295463286,"people living after diagnosis","output/prevalence_projections.csv"
"Prevalence (people)","hodgkin","Hodgkin lymphoma (HL)","Headline","Females",40,2028,"Projected",7721.44573634487,6982.08131293922,8374.77913670871,"people living after diagnosis","output/prevalence_projections.csv"
"Prevalence (people)","hodgkin","Hodgkin lymphoma (HL)","Headline","Females",40,2029,"Projected",7952.35086861244,7239.27709591102,8601.01286116465,"people living after diagnosis","output/prevalence_projections.csv"
"Prevalence (people)","hodgkin","Hodgkin lymphoma (HL)","Headline","Females",40,2030,"Projected",8191.10097720264,7499.16381611818,8819.18359871054,"people living after diagnosis","output/prevalence_projections.csv"
"Prevalence (people)","hodgkin","Hodgkin lymphoma (HL)","Headline","Females",40,2031,"Projected",8440.01166590087,7752.95390054319,9067.04628355662,"people living after diagnosis","output/prevalence_projections.csv"
"Prevalence (people)","hodgkin","Hodgkin lymphoma (HL)","Headline","Females",40,2032,"Projected",8672.45757591168,7993.52660335613,9277.28908447578,"people living after diagnosis","output/prevalence_projections.csv"
"Prevalence (people)","hodgkin","Hodgkin lymphoma (HL)","Headline","Females",40,2033,"Projected",8921.49228270482,8243.81635651179,9498.29914000227,"people living after diagnosis","output/prevalence_projections.csv"
"Prevalence (people)","hodgkin","Hodgkin lymphoma (HL)","Headline","Females",40,2034,"Projected",9172.20854147064,8524.367727955,9758.43954737601,"people living after diagnosis","output/prevalence_projections.csv"
"Prevalence (people)","hodgkin","Hodgkin lymphoma (HL)","Headline","Females",40,2035,"Projected",9426.72616546235,8776.19025168778,10016.8788421232,"people living after diagnosis","output/prevalence_projections.csv"
"Prevalence (people)","hodgkin","Hodgkin lymphoma (HL)","Headline","Females",40,2036,"Projected",9675.786284706,9020.72212487628,10266.954399064,"people living after diagnosis","output/prevalence_projections.csv"
"Prevalence (people)","hodgkin","Hodgkin lymphoma (HL)","Headline","Females",40,2037,"Projected",9901.03412586484,9254.58026006884,10504.4143354148,"people living after diagnosis","output/prevalence_projections.csv"
"Prevalence (people)","hodgkin","Hodgkin lymphoma (HL)","Headline","Females",40,2038,"Projected",10144.6036721836,9491.00654964166,10793.8481989363,"people living after diagnosis","output/prevalence_projections.csv"
"Prevalence (people)","hodgkin","Hodgkin lymphoma (HL)","Headline","Females",40,2039,"Projected",10398.5932995025,9724.08185761413,11072.0353627013,"people living after diagnosis","output/prevalence_projections.csv"
"Prevalence (people)","hodgkin","Hodgkin lymphoma (HL)","Headline","Females",40,2040,"Projected",10647.6201637309,9930.79568878676,11363.4166384133,"people living after diagnosis","output/prevalence_projections.csv"
"Prevalence (people)","hodgkin","Hodgkin lymphoma (HL)","Headline","Females",40,2041,"Projected",10895.6907105235,10126.9913705687,11696.2099669391,"people living after diagnosis","output/prevalence_projections.csv"
"Prevalence (people)","hodgkin","Hodgkin lymphoma (HL)","Headline","Females",40,2042,"Projected",11126.3685511302,10319.1288448378,11974.2174709043,"people living after diagnosis","output/prevalence_projections.csv"
"Prevalence (people)","hodgkin","Hodgkin lymphoma (HL)","Headline","Females",40,2043,"Projected",11397.3595979427,10515.316628288,12313.770274882,"people living after diagnosis","output/prevalence_projections.csv"
"Prevalence (people)","hodgkin","Hodgkin lymphoma (HL)","Headline","Females",40,2044,"Projected",11623.2722182342,10707.0110890436,12634.9018160585,"people living after diagnosis","output/prevalence_projections.csv"
"Prevalence (people)","hodgkin","Hodgkin lymphoma (HL)","Headline","Females",40,2045,"Projected",11850.9747458407,10869.1475769539,12924.421830621,"people living after diagnosis","output/prevalence_projections.csv"
"Prevalence (people)","hodgkin","Hodgkin lymphoma (HL)","Headline","Males",2,2012,"Estimated",685.349129941838,680.036629503043,690.272309518394,"people living after diagnosis","output/prevalence_projections.csv"
"Prevalence (people)","hodgkin","Hodgkin lymphoma (HL)","Headline","Males",2,2013,"Estimated",676.881293655109,668.870183029662,683.519995573955,"people living after diagnosis","output/prevalence_projections.csv"
"Prevalence (people)","hodgkin","Hodgkin lymphoma (HL)","Headline","Males",2,2014,"Estimated",647.692606274889,640.520257671038,653.450130751459,"people living after diagnosis","output/prevalence_projections.csv"
"Prevalence (people)","hodgkin","Hodgkin lymphoma (HL)","Headline","Males",2,2015,"Estimated",692.330153142088,685.170550930269,698.586631776505,"people living after diagnosis","output/prevalence_projections.csv"
"Prevalence (people)","hodgkin","Hodgkin lymphoma (HL)","Headline","Males",2,2016,"Estimated",681.038171121721,672.913092920678,688.919421738115,"people living after diagnosis","output/prevalence_projections.csv"
"Prevalence (people)","hodgkin","Hodgkin lymphoma (HL)","Headline","Males",2,2017,"Estimated",701.548052328405,695.444959332099,706.775306977861,"people living after diagnosis","output/prevalence_projections.csv"
"Prevalence (people)","hodgkin","Hodgkin lymphoma (HL)","Headline","Males",2,2018,"Estimated",739.441297969282,733.09139745651,745.111431342532,"people living after diagnosis","output/prevalence_projections.csv"
"Prevalence (people)","hodgkin","Hodgkin lymphoma (HL)","Headline","Males",2,2019,"Estimated",730.197029350478,723.526847759978,736.090172652248,"people living after diagnosis","output/prevalence_projections.csv"
"Prevalence (people)","hodgkin","Hodgkin lymphoma (HL)","Headline","Males",2,2020,"Estimated",777.441954715992,769.704677446258,784.236540880443,"people living after diagnosis","output/prevalence_projections.csv"
"Prevalence (people)","hodgkin","Hodgkin lymphoma (HL)","Headline","Males",2,2021,"Estimated",800.780128946838,791.399814116905,809.123501581344,"people living after diagnosis","output/prevalence_projections.csv"
"Prevalence (people)","hodgkin","Hodgkin lymphoma (HL)","Headline","Males",2,2022,"Projected",797.37607735689,770.000280598747,823.618328607017,"people living after diagnosis","output/prevalence_projections.csv"
"Prevalence (people)","hodgkin","Hodgkin lymphoma (HL)","Headline","Males",2,2023,"Projected",818.150637246621,766.23452335854,867.957110721573,"people living after diagnosis","output/prevalence_projections.csv"
"Prevalence (people)","hodgkin","Hodgkin lymphoma (HL)","Headline","Males",2,2024,"Projected",842.484031124171,790.725219864565,892.211408245327,"people living after diagnosis","output/prevalence_projections.csv"
"Prevalence (people)","hodgkin","Hodgkin lymphoma (HL)","Headline","Males",2,2025,"Projected",866.579981061413,814.331544988278,915.720346512953,"people living after diagnosis","output/prevalence_projections.csv"
"Prevalence (people)","hodgkin","Hodgkin lymphoma (HL)","Headline","Males",2,2026,"Projected",890.156505914928,837.477502359843,941.329301223668,"people living after diagnosis","output/prevalence_projections.csv"
"Prevalence (people)","hodgkin","Hodgkin lymphoma (HL)","Headline","Males",2,2027,"Projected",913.755284427696,859.05010018821,966.444762801044,"people living after diagnosis","output/prevalence_projections.csv"
"Prevalence (people)","hodgkin","Hodgkin lymphoma (HL)","Headline","Males",2,2028,"Projected",937.217263908859,879.676940671216,991.798150683659,"people living after diagnosis","output/prevalence_projections.csv"
"Prevalence (people)","hodgkin","Hodgkin lymphoma (HL)","Headline","Males",2,2029,"Projected",960.29603157691,900.502358538481,1018.1935372611,"people living after diagnosis","output/prevalence_projections.csv"
"Prevalence (people)","hodgkin","Hodgkin lymphoma (HL)","Headline","Males",2,2030,"Projected",982.960508440495,921.311290385614,1044.7975971543,"people living after diagnosis","output/prevalence_projections.csv"
"Prevalence (people)","hodgkin","Hodgkin lymphoma (HL)","Headline","Males",2,2031,"Projected",1006.0368014322,940.093589222507,1070.67812400749,"people living after diagnosis","output/prevalence_projections.csv"
"Prevalence (people)","hodgkin","Hodgkin lymphoma (HL)","Headline","Males",2,2032,"Projected",1027.01251713906,958.366438236677,1094.97720263341,"people living after diagnosis","output/prevalence_projections.csv"
"Prevalence (people)","hodgkin","Hodgkin lymphoma (HL)","Headline","Males",2,2033,"Projected",1045.48919633081,975.45612537681,1116.12870520463,"people living after diagnosis","output/prevalence_projections.csv"
"Prevalence (people)","hodgkin","Hodgkin lymphoma (HL)","Headline","Males",2,2034,"Projected",1064.06293346421,991.777862877581,1137.28556573269,"people living after diagnosis","output/prevalence_projections.csv"
"Prevalence (people)","hodgkin","Hodgkin lymphoma (HL)","Headline","Males",2,2035,"Projected",1082.50592142148,1008.3936684926,1158.85617104185,"people living after diagnosis","output/prevalence_projections.csv"
"Prevalence (people)","hodgkin","Hodgkin lymphoma (HL)","Headline","Males",2,2036,"Projected",1102.09480416117,1024.98766507031,1181.22990244626,"people living after diagnosis","output/prevalence_projections.csv"
"Prevalence (people)","hodgkin","Hodgkin lymphoma (HL)","Headline","Males",2,2037,"Projected",1121.77940643631,1041.86161974804,1204.645815316,"people living after diagnosis","output/prevalence_projections.csv"
"Prevalence (people)","hodgkin","Hodgkin lymphoma (HL)","Headline","Males",2,2038,"Projected",1141.35851971797,1060.02979383675,1227.50208963571,"people living after diagnosis","output/prevalence_projections.csv"
"Prevalence (people)","hodgkin","Hodgkin lymphoma (HL)","Headline","Males",2,2039,"Projected",1161.17871892508,1076.23068500585,1249.60633583149,"people living after diagnosis","output/prevalence_projections.csv"
"Prevalence (people)","hodgkin","Hodgkin lymphoma (HL)","Headline","Males",2,2040,"Projected",1180.65554529015,1092.38195961406,1272.22016920741,"people living after diagnosis","output/prevalence_projections.csv"
"Prevalence (people)","hodgkin","Hodgkin lymphoma (HL)","Headline","Males",2,2041,"Projected",1200.36830082663,1108.17914860479,1295.33028906778,"people living after diagnosis","output/prevalence_projections.csv"
"Prevalence (people)","hodgkin","Hodgkin lymphoma (HL)","Headline","Males",2,2042,"Projected",1217.19614834886,1122.39933771584,1315.07781480217,"people living after diagnosis","output/prevalence_projections.csv"
"Prevalence (people)","hodgkin","Hodgkin lymphoma (HL)","Headline","Males",2,2043,"Projected",1231.27377207526,1135.38188374117,1330.52029683982,"people living after diagnosis","output/prevalence_projections.csv"
"Prevalence (people)","hodgkin","Hodgkin lymphoma (HL)","Headline","Males",2,2044,"Projected",1245.73622487675,1147.96720104423,1346.66487471602,"people living after diagnosis","output/prevalence_projections.csv"
"Prevalence (people)","hodgkin","Hodgkin lymphoma (HL)","Headline","Males",2,2045,"Projected",1260.36650645467,1160.73803521156,1363.63774848144,"people living after diagnosis","output/prevalence_projections.csv"
"Prevalence (people)","hodgkin","Hodgkin lymphoma (HL)","Headline","Males",3,2012,"Estimated",975.654832476794,968.542939381877,982.801219812767,"people living after diagnosis","output/prevalence_projections.csv"
"Prevalence (people)","hodgkin","Hodgkin lymphoma (HL)","Headline","Males",3,2013,"Estimated",983.412227373042,974.92195219688,991.43452954342,"people living after diagnosis","output/prevalence_projections.csv"
"Prevalence (people)","hodgkin","Hodgkin lymphoma (HL)","Headline","Males",3,2014,"Estimated",988.823179146437,979.959212287341,996.94448146937,"people living after diagnosis","output/prevalence_projections.csv"
"Prevalence (people)","hodgkin","Hodgkin lymphoma (HL)","Headline","Males",3,2015,"Estimated",991.824555070326,983.348162322632,999.792386486436,"people living after diagnosis","output/prevalence_projections.csv"
"Prevalence (people)","hodgkin","Hodgkin lymphoma (HL)","Headline","Males",3,2016,"Estimated",996.6605283223,987.126620696847,1005.3927106278,"people living after diagnosis","output/prevalence_projections.csv"
"Prevalence (people)","hodgkin","Hodgkin lymphoma (HL)","Headline","Males",3,2017,"Estimated",1041.97639364571,1033.92792956636,1049.50666284346,"people living after diagnosis","output/prevalence_projections.csv"
"Prevalence (people)","hodgkin","Hodgkin lymphoma (HL)","Headline","Males",3,2018,"Estimated",1044.74411751029,1036.275057464,1052.33771898792,"people living after diagnosis","output/prevalence_projections.csv"
"Prevalence (people)","hodgkin","Hodgkin lymphoma (HL)","Headline","Males",3,2019,"Estimated",1089.60659483405,1081.7999763953,1097.15786219926,"people living after diagnosis","output/prevalence_projections.csv"
"Prevalence (people)","hodgkin","Hodgkin lymphoma (HL)","Headline","Males",3,2020,"Estimated",1122.86336117774,1114.29496298696,1131.46340061765,"people living after diagnosis","output/prevalence_projections.csv"
"Prevalence (people)","hodgkin","Hodgkin lymphoma (HL)","Headline","Males",3,2021,"Estimated",1152.96947709408,1143.11453872635,1162.68802496568,"people living after diagnosis","output/prevalence_projections.csv"
"Prevalence (people)","hodgkin","Hodgkin lymphoma (HL)","Headline","Males",3,2022,"Projected",1186.71188662256,1157.92180737032,1213.37862716219,"people living after diagnosis","output/prevalence_projections.csv"
"Prevalence (people)","hodgkin","Hodgkin lymphoma (HL)","Headline","Males",3,2023,"Projected",1195.05158848716,1143.60075944954,1243.78924745428,"people living after diagnosis","output/prevalence_projections.csv"
"Prevalence (people)","hodgkin","Hodgkin lymphoma (HL)","Headline","Males",3,2024,"Projected",1227.34853195575,1151.29725890258,1298.62194509722,"people living after diagnosis","output/prevalence_projections.csv"
"Prevalence (people)","hodgkin","Hodgkin lymphoma (HL)","Headline","Males",3,2025,"Projected",1263.79744980301,1187.11321181459,1334.78576701181,"people living after diagnosis","output/prevalence_projections.csv"
"Prevalence (people)","hodgkin","Hodgkin lymphoma (HL)","Headline","Males",3,2026,"Projected",1298.44500030295,1221.38035339732,1372.09385987813,"people living after diagnosis","output/prevalence_projections.csv"
"Prevalence (people)","hodgkin","Hodgkin lymphoma (HL)","Headline","Males",3,2027,"Projected",1332.84657247448,1252.96316579625,1409.18436096356,"people living after diagnosis","output/prevalence_projections.csv"
"Prevalence (people)","hodgkin","Hodgkin lymphoma (HL)","Headline","Males",3,2028,"Projected",1367.49466258252,1285.23159956371,1447.4180637251,"people living after diagnosis","output/prevalence_projections.csv"
"Prevalence (people)","hodgkin","Hodgkin lymphoma (HL)","Headline","Males",3,2029,"Projected",1401.01840918014,1317.51948793789,1484.00092605194,"people living after diagnosis","output/prevalence_projections.csv"
"Prevalence (people)","hodgkin","Hodgkin lymphoma (HL)","Headline","Males",3,2030,"Projected",1433.68692667188,1347.44328312065,1521.02920848185,"people living after diagnosis","output/prevalence_projections.csv"
"Prevalence (people)","hodgkin","Hodgkin lymphoma (HL)","Headline","Males",3,2031,"Projected",1467.84948224858,1375.68390792531,1559.25866562793,"people living after diagnosis","output/prevalence_projections.csv"
"Prevalence (people)","hodgkin","Hodgkin lymphoma (HL)","Headline","Males",3,2032,"Projected",1499.55284211389,1403.50522397906,1594.4192648773,"people living after diagnosis","output/prevalence_projections.csv"
"Prevalence (people)","hodgkin","Hodgkin lymphoma (HL)","Headline","Males",3,2033,"Projected",1529.62257727392,1430.96313963684,1625.78781336886,"people living after diagnosis","output/prevalence_projections.csv"
"Prevalence (people)","hodgkin","Hodgkin lymphoma (HL)","Headline","Males",3,2034,"Projected",1557.2561129973,1455.43035495947,1656.96364617042,"people living after diagnosis","output/prevalence_projections.csv"
"Prevalence (people)","hodgkin","Hodgkin lymphoma (HL)","Headline","Males",3,2035,"Projected",1585.39417750368,1478.36153539771,1688.288504568,"people living after diagnosis","output/prevalence_projections.csv"
"Prevalence (people)","hodgkin","Hodgkin lymphoma (HL)","Headline","Males",3,2036,"Projected",1613.39027736679,1502.52774710414,1718.90613584874,"people living after diagnosis","output/prevalence_projections.csv"
"Prevalence (people)","hodgkin","Hodgkin lymphoma (HL)","Headline","Males",3,2037,"Projected",1641.87979724202,1528.45185291029,1753.26930357,"people living after diagnosis","output/prevalence_projections.csv"
"Prevalence (people)","hodgkin","Hodgkin lymphoma (HL)","Headline","Males",3,2038,"Projected",1670.6039104853,1554.52500398463,1786.03852923453,"people living after diagnosis","output/prevalence_projections.csv"
"Prevalence (people)","hodgkin","Hodgkin lymphoma (HL)","Headline","Males",3,2039,"Projected",1699.81951312894,1579.04747637653,1819.70391977815,"people living after diagnosis","output/prevalence_projections.csv"
"Prevalence (people)","hodgkin","Hodgkin lymphoma (HL)","Headline","Males",3,2040,"Projected",1728.35661524332,1603.38620118523,1855.81123095613,"people living after diagnosis","output/prevalence_projections.csv"
"Prevalence (people)","hodgkin","Hodgkin lymphoma (HL)","Headline","Males",3,2041,"Projected",1756.42178020793,1627.07534978683,1888.06843952917,"people living after diagnosis","output/prevalence_projections.csv"
"Prevalence (people)","hodgkin","Hodgkin lymphoma (HL)","Headline","Males",3,2042,"Projected",1781.69388594093,1649.07027329269,1917.93221955158,"people living after diagnosis","output/prevalence_projections.csv"
"Prevalence (people)","hodgkin","Hodgkin lymphoma (HL)","Headline","Males",3,2043,"Projected",1805.464279932,1669.00848713225,1943.17906127965,"people living after diagnosis","output/prevalence_projections.csv"
"Prevalence (people)","hodgkin","Hodgkin lymphoma (HL)","Headline","Males",3,2044,"Projected",1826.37937592159,1687.44252812038,1966.24839964253,"people living after diagnosis","output/prevalence_projections.csv"
"Prevalence (people)","hodgkin","Hodgkin lymphoma (HL)","Headline","Males",3,2045,"Projected",1848.33589285683,1706.37598775437,1991.04820736495,"people living after diagnosis","output/prevalence_projections.csv"
"Prevalence (people)","hodgkin","Hodgkin lymphoma (HL)","Headline","Males",5,2012,"Estimated",1496.24479398495,1485.89931949915,1506.38447898605,"people living after diagnosis","output/prevalence_projections.csv"
"Prevalence (people)","hodgkin","Hodgkin lymphoma (HL)","Headline","Males",5,2013,"Estimated",1521.3321144264,1510.15851830955,1531.72858791207,"people living after diagnosis","output/prevalence_projections.csv"
"Prevalence (people)","hodgkin","Hodgkin lymphoma (HL)","Headline","Males",5,2014,"Estimated",1562.43213902772,1551.2055492177,1572.71800261135,"people living after diagnosis","output/prevalence_projections.csv"
"Prevalence (people)","hodgkin","Hodgkin lymphoma (HL)","Headline","Males",5,2015,"Estimated",1618.65222183854,1606.60579709481,1629.19294234804,"people living after diagnosis","output/prevalence_projections.csv"
"Prevalence (people)","hodgkin","Hodgkin lymphoma (HL)","Headline","Males",5,2016,"Estimated",1618.11684939471,1605.33661915596,1629.62987657735,"people living after diagnosis","output/prevalence_projections.csv"
"Prevalence (people)","hodgkin","Hodgkin lymphoma (HL)","Headline","Males",5,2017,"Estimated",1640.88627056789,1629.91526361108,1651.28840454677,"people living after diagnosis","output/prevalence_projections.csv"
"Prevalence (people)","hodgkin","Hodgkin lymphoma (HL)","Headline","Males",5,2018,"Estimated",1684.99655926088,1672.75190584821,1696.1758121259,"people living after diagnosis","output/prevalence_projections.csv"
"Prevalence (people)","hodgkin","Hodgkin lymphoma (HL)","Headline","Males",5,2019,"Estimated",1717.4566457995,1705.35409520932,1729.16057526186,"people living after diagnosis","output/prevalence_projections.csv"
"Prevalence (people)","hodgkin","Hodgkin lymphoma (HL)","Headline","Males",5,2020,"Estimated",1768.03075963132,1756.27232807877,1779.36929808788,"people living after diagnosis","output/prevalence_projections.csv"
"Prevalence (people)","hodgkin","Hodgkin lymphoma (HL)","Headline","Males",5,2021,"Estimated",1834.5327082007,1822.79040151272,1845.84831406802,"people living after diagnosis","output/prevalence_projections.csv"
"Prevalence (people)","hodgkin","Hodgkin lymphoma (HL)","Headline","Males",5,2022,"Projected",1862.53138517891,1833.61001733885,1890.4657925165,"people living after diagnosis","output/prevalence_projections.csv"
"Prevalence (people)","hodgkin","Hodgkin lymphoma (HL)","Headline","Males",5,2023,"Projected",1914.6689367086,1861.4429738913,1965.15738079273,"people living after diagnosis","output/prevalence_projections.csv"
"Prevalence (people)","hodgkin","Hodgkin lymphoma (HL)","Headline","Males",5,2024,"Projected",1970.89462573521,1893.67686011153,2043.47380991981,"people living after diagnosis","output/prevalence_projections.csv"
"Prevalence (people)","hodgkin","Hodgkin lymphoma (HL)","Headline","Males",5,2025,"Projected",2003.58280708197,1903.49213699638,2097.29328496816,"people living after diagnosis","output/prevalence_projections.csv"
"Prevalence (people)","hodgkin","Hodgkin lymphoma (HL)","Headline","Males",5,2026,"Projected",2058.82289752205,1935.90124361518,2175.02275382224,"people living after diagnosis","output/prevalence_projections.csv"
"Prevalence (people)","hodgkin","Hodgkin lymphoma (HL)","Headline","Males",5,2027,"Projected",2115.93661459911,1991.43414585905,2234.75746050918,"people living after diagnosis","output/prevalence_projections.csv"
"Prevalence (people)","hodgkin","Hodgkin lymphoma (HL)","Headline","Males",5,2028,"Projected",2171.55867469293,2042.12343600401,2294.85904728608,"people living after diagnosis","output/prevalence_projections.csv"
"Prevalence (people)","hodgkin","Hodgkin lymphoma (HL)","Headline","Males",5,2029,"Projected",2227.44227373087,2096.51548820989,2356.67676593454,"people living after diagnosis","output/prevalence_projections.csv"
"Prevalence (people)","hodgkin","Hodgkin lymphoma (HL)","Headline","Males",5,2030,"Projected",2283.98013499503,2151.59241564481,2419.77533143416,"people living after diagnosis","output/prevalence_projections.csv"
"Prevalence (people)","hodgkin","Hodgkin lymphoma (HL)","Headline","Males",5,2031,"Projected",2339.41868473827,2201.45039818944,2480.37385078006,"people living after diagnosis","output/prevalence_projections.csv"
"Prevalence (people)","hodgkin","Hodgkin lymphoma (HL)","Headline","Males",5,2032,"Projected",2393.28987676398,2252.03894060897,2537.41747480614,"people living after diagnosis","output/prevalence_projections.csv"
"Prevalence (people)","hodgkin","Hodgkin lymphoma (HL)","Headline","Males",5,2033,"Projected",2446.20251669608,2296.91040532727,2592.82732666073,"people living after diagnosis","output/prevalence_projections.csv"
"Prevalence (people)","hodgkin","Hodgkin lymphoma (HL)","Headline","Males",5,2034,"Projected",2495.41549086347,2339.80058830292,2646.7104789721,"people living after diagnosis","output/prevalence_projections.csv"
"Prevalence (people)","hodgkin","Hodgkin lymphoma (HL)","Headline","Males",5,2035,"Projected",2541.82875395972,2383.30744006592,2699.0923600896,"people living after diagnosis","output/prevalence_projections.csv"
"Prevalence (people)","hodgkin","Hodgkin lymphoma (HL)","Headline","Males",5,2036,"Projected",2586.99359261625,2422.1939802474,2751.82653650004,"people living after diagnosis","output/prevalence_projections.csv"
"Prevalence (people)","hodgkin","Hodgkin lymphoma (HL)","Headline","Males",5,2037,"Projected",2632.70895236482,2461.33800823408,2804.1327322494,"people living after diagnosis","output/prevalence_projections.csv"
"Prevalence (people)","hodgkin","Hodgkin lymphoma (HL)","Headline","Males",5,2038,"Projected",2679.21865321127,2500.65249083881,2857.7828543549,"people living after diagnosis","output/prevalence_projections.csv"
"Prevalence (people)","hodgkin","Hodgkin lymphoma (HL)","Headline","Males",5,2039,"Projected",2725.17532127274,2539.68598822013,2912.30005339384,"people living after diagnosis","output/prevalence_projections.csv"
"Prevalence (people)","hodgkin","Hodgkin lymphoma (HL)","Headline","Males",5,2040,"Projected",2772.08029910273,2578.43551084383,2964.14636297841,"people living after diagnosis","output/prevalence_projections.csv"
"Prevalence (people)","hodgkin","Hodgkin lymphoma (HL)","Headline","Males",5,2041,"Projected",2817.76172635852,2616.87090225747,3016.4341581782,"people living after diagnosis","output/prevalence_projections.csv"
"Prevalence (people)","hodgkin","Hodgkin lymphoma (HL)","Headline","Males",5,2042,"Projected",2860.77683249558,2653.7816321985,3068.67612579054,"people living after diagnosis","output/prevalence_projections.csv"
"Prevalence (people)","hodgkin","Hodgkin lymphoma (HL)","Headline","Males",5,2043,"Projected",2902.20262106906,2687.41932883525,3117.6600899126,"people living after diagnosis","output/prevalence_projections.csv"
"Prevalence (people)","hodgkin","Hodgkin lymphoma (HL)","Headline","Males",5,2044,"Projected",2940.8430751313,2718.83459665935,3163.60063135697,"people living after diagnosis","output/prevalence_projections.csv"
"Prevalence (people)","hodgkin","Hodgkin lymphoma (HL)","Headline","Males",5,2045,"Projected",2976.33536138087,2750.03633028818,3206.67346076136,"people living after diagnosis","output/prevalence_projections.csv"
"Prevalence (people)","hodgkin","Hodgkin lymphoma (HL)","Headline","Males",10,2012,"Estimated",2568.66413898018,2514.2479124109,2618.74875697222,"people living after diagnosis","output/prevalence_projections.csv"
"Prevalence (people)","hodgkin","Hodgkin lymphoma (HL)","Headline","Males",10,2013,"Estimated",2638.33683042903,2583.29538876092,2688.93792412215,"people living after diagnosis","output/prevalence_projections.csv"
"Prevalence (people)","hodgkin","Hodgkin lymphoma (HL)","Headline","Males",10,2014,"Estimated",2726.78794335051,2670.95775831258,2775.45809729989,"people living after diagnosis","output/prevalence_projections.csv"
"Prevalence (people)","hodgkin","Hodgkin lymphoma (HL)","Headline","Males",10,2015,"Estimated",2814.53559507804,2761.45806574625,2862.85455881918,"people living after diagnosis","output/prevalence_projections.csv"
"Prevalence (people)","hodgkin","Hodgkin lymphoma (HL)","Headline","Males",10,2016,"Estimated",2865.10564887933,2814.24146529055,2912.47813611615,"people living after diagnosis","output/prevalence_projections.csv"
"Prevalence (people)","hodgkin","Hodgkin lymphoma (HL)","Headline","Males",10,2017,"Estimated",2959.54456315059,2913.13491708044,3003.82428060907,"people living after diagnosis","output/prevalence_projections.csv"
"Prevalence (people)","hodgkin","Hodgkin lymphoma (HL)","Headline","Males",10,2018,"Estimated",3032.62270955892,2993.73605210379,3070.29869476021,"people living after diagnosis","output/prevalence_projections.csv"
"Prevalence (people)","hodgkin","Hodgkin lymphoma (HL)","Headline","Males",10,2019,"Estimated",3109.73163083859,3074.72786480674,3146.45094759763,"people living after diagnosis","output/prevalence_projections.csv"
"Prevalence (people)","hodgkin","Hodgkin lymphoma (HL)","Headline","Males",10,2020,"Estimated",3213.19484164699,3175.59415777561,3252.79187853234,"people living after diagnosis","output/prevalence_projections.csv"
"Prevalence (people)","hodgkin","Hodgkin lymphoma (HL)","Headline","Males",10,2021,"Estimated",3283.1937892649,3231.58162897245,3332.14405100293,"people living after diagnosis","output/prevalence_projections.csv"
"Prevalence (people)","hodgkin","Hodgkin lymphoma (HL)","Headline","Males",10,2022,"Projected",3331.66466768932,3277.40467108455,3381.91172367883,"people living after diagnosis","output/prevalence_projections.csv"
"Prevalence (people)","hodgkin","Hodgkin lymphoma (HL)","Headline","Males",10,2023,"Projected",3423.40396313566,3358.44568373352,3486.48754753267,"people living after diagnosis","output/prevalence_projections.csv"
"Prevalence (people)","hodgkin","Hodgkin lymphoma (HL)","Headline","Males",10,2024,"Projected",3508.71585844823,3429.90717695457,3590.2535078669,"people living after diagnosis","output/prevalence_projections.csv"
"Prevalence (people)","hodgkin","Hodgkin lymphoma (HL)","Headline","Males",10,2025,"Projected",3585.3920923543,3485.06480701158,3689.93776053553,"people living after diagnosis","output/prevalence_projections.csv"
"Prevalence (people)","hodgkin","Hodgkin lymphoma (HL)","Headline","Males",10,2026,"Projected",3704.32246889392,3576.43109429572,3835.2593032194,"people living after diagnosis","output/prevalence_projections.csv"
"Prevalence (people)","hodgkin","Hodgkin lymphoma (HL)","Headline","Males",10,2027,"Projected",3791.57063372351,3640.12725257195,3949.28677819633,"people living after diagnosis","output/prevalence_projections.csv"
"Prevalence (people)","hodgkin","Hodgkin lymphoma (HL)","Headline","Males",10,2028,"Projected",3898.41718101328,3720.04686391389,4079.66302739867,"people living after diagnosis","output/prevalence_projections.csv"
"Prevalence (people)","hodgkin","Hodgkin lymphoma (HL)","Headline","Males",10,2029,"Projected",4007.37689095187,3804.30411692767,4215.82056416078,"people living after diagnosis","output/prevalence_projections.csv"
"Prevalence (people)","hodgkin","Hodgkin lymphoma (HL)","Headline","Males",10,2030,"Projected",4095.42666748171,3864.07985595975,4330.88583282484,"people living after diagnosis","output/prevalence_projections.csv"
"Prevalence (people)","hodgkin","Hodgkin lymphoma (HL)","Headline","Males",10,2031,"Projected",4203.81000469809,3946.76068352519,4466.41314262186,"people living after diagnosis","output/prevalence_projections.csv"
"Prevalence (people)","hodgkin","Hodgkin lymphoma (HL)","Headline","Males",10,2032,"Projected",4310.75563904935,4044.10443856435,4588.11929454473,"people living after diagnosis","output/prevalence_projections.csv"
"Prevalence (people)","hodgkin","Hodgkin lymphoma (HL)","Headline","Males",10,2033,"Projected",4415.5626197544,4137.50770403837,4702.54231395916,"people living after diagnosis","output/prevalence_projections.csv"
"Prevalence (people)","hodgkin","Hodgkin lymphoma (HL)","Headline","Males",10,2034,"Projected",4519.00458223045,4231.12733835946,4818.98475885481,"people living after diagnosis","output/prevalence_projections.csv"
"Prevalence (people)","hodgkin","Hodgkin lymphoma (HL)","Headline","Males",10,2035,"Projected",4620.82982491839,4318.27487086381,4933.46316334503,"people living after diagnosis","output/prevalence_projections.csv"
"Prevalence (people)","hodgkin","Hodgkin lymphoma (HL)","Headline","Males",10,2036,"Projected",4716.82852532777,4413.04211517235,5044.60807812085,"people living after diagnosis","output/prevalence_projections.csv"
"Prevalence (people)","hodgkin","Hodgkin lymphoma (HL)","Headline","Males",10,2037,"Projected",4812.58056989005,4488.11344116171,5151.20518216459,"people living after diagnosis","output/prevalence_projections.csv"
"Prevalence (people)","hodgkin","Hodgkin lymphoma (HL)","Headline","Males",10,2038,"Projected",4906.56321047312,4572.99550820018,5262.31544940616,"people living after diagnosis","output/prevalence_projections.csv"
"Prevalence (people)","hodgkin","Hodgkin lymphoma (HL)","Headline","Males",10,2039,"Projected",4994.59131966995,4648.81676828821,5371.15982696819,"people living after diagnosis","output/prevalence_projections.csv"
"Prevalence (people)","hodgkin","Hodgkin lymphoma (HL)","Headline","Males",10,2040,"Projected",5083.07626370789,4724.25321591106,5474.32027186156,"people living after diagnosis","output/prevalence_projections.csv"
"Prevalence (people)","hodgkin","Hodgkin lymphoma (HL)","Headline","Males",10,2041,"Projected",5165.23915610175,4802.78318789696,5570.01592442621,"people living after diagnosis","output/prevalence_projections.csv"
"Prevalence (people)","hodgkin","Hodgkin lymphoma (HL)","Headline","Males",10,2042,"Projected",5245.651876627,4874.85830266179,5667.06095139021,"people living after diagnosis","output/prevalence_projections.csv"
"Prevalence (people)","hodgkin","Hodgkin lymphoma (HL)","Headline","Males",10,2043,"Projected",5324.96052680334,4941.28066072213,5760.85349640474,"people living after diagnosis","output/prevalence_projections.csv"
"Prevalence (people)","hodgkin","Hodgkin lymphoma (HL)","Headline","Males",10,2044,"Projected",5402.94757833419,5009.62217261752,5851.75849576464,"people living after diagnosis","output/prevalence_projections.csv"
"Prevalence (people)","hodgkin","Hodgkin lymphoma (HL)","Headline","Males",10,2045,"Projected",5476.002843038,5070.93357060259,5940.19108072585,"people living after diagnosis","output/prevalence_projections.csv"
"Prevalence (people)","hodgkin","Hodgkin lymphoma (HL)","Headline","Males",40,2012,"Estimated",5086.19984018641,4325.38736357244,5815.93737365276,"people living after diagnosis","output/prevalence_projections.csv"
"Prevalence (people)","hodgkin","Hodgkin lymphoma (HL)","Headline","Males",40,2013,"Estimated",5299.03532694359,4502.19136463785,6065.65319187606,"people living after diagnosis","output/prevalence_projections.csv"
"Prevalence (people)","hodgkin","Hodgkin lymphoma (HL)","Headline","Males",40,2014,"Estimated",5519.2467813113,4691.09198734463,6326.29202058785,"people living after diagnosis","output/prevalence_projections.csv"
"Prevalence (people)","hodgkin","Hodgkin lymphoma (HL)","Headline","Males",40,2015,"Estimated",5774.35301719297,4917.96750336085,6616.99566792653,"people living after diagnosis","output/prevalence_projections.csv"
"Prevalence (people)","hodgkin","Hodgkin lymphoma (HL)","Headline","Males",40,2016,"Estimated",5987.77146441653,5103.82073906098,6865.06901307539,"people living after diagnosis","output/prevalence_projections.csv"
"Prevalence (people)","hodgkin","Hodgkin lymphoma (HL)","Headline","Males",40,2017,"Estimated",6256.42762382802,5340.25530279556,7166.83464481615,"people living after diagnosis","output/prevalence_projections.csv"
"Prevalence (people)","hodgkin","Hodgkin lymphoma (HL)","Headline","Males",40,2018,"Estimated",6501.05277851025,5557.11500427513,7443.87279991668,"people living after diagnosis","output/prevalence_projections.csv"
"Prevalence (people)","hodgkin","Hodgkin lymphoma (HL)","Headline","Males",40,2019,"Estimated",6748.95437895256,5778.62831512458,7730.72361702567,"people living after diagnosis","output/prevalence_projections.csv"
"Prevalence (people)","hodgkin","Hodgkin lymphoma (HL)","Headline","Males",40,2020,"Estimated",7036.78300802474,6053.5658645782,8048.76203295663,"people living after diagnosis","output/prevalence_projections.csv"
"Prevalence (people)","hodgkin","Hodgkin lymphoma (HL)","Headline","Males",40,2021,"Estimated",7306.77351268297,6300.78695140783,8348.65226541445,"people living after diagnosis","output/prevalence_projections.csv"
"Prevalence (people)","hodgkin","Hodgkin lymphoma (HL)","Headline","Males",40,2022,"Projected",7515.54372796213,6535.06903100768,8517.74000322968,"people living after diagnosis","output/prevalence_projections.csv"
"Prevalence (people)","hodgkin","Hodgkin lymphoma (HL)","Headline","Males",40,2023,"Projected",7726.97208305997,6759.14906896486,8690.37916162695,"people living after diagnosis","output/prevalence_projections.csv"
"Prevalence (people)","hodgkin","Hodgkin lymphoma (HL)","Headline","Males",40,2024,"Projected",7954.86531351342,7011.64397837261,8908.2746262699,"people living after diagnosis","output/prevalence_projections.csv"
"Prevalence (people)","hodgkin","Hodgkin lymphoma (HL)","Headline","Males",40,2025,"Projected",8187.8012402717,7269.90590291181,9105.65838809184,"people living after diagnosis","output/prevalence_projections.csv"
"Prevalence (people)","hodgkin","Hodgkin lymphoma (HL)","Headline","Males",40,2026,"Projected",8430.0521136644,7532.09587448804,9320.55632586841,"people living after diagnosis","output/prevalence_projections.csv"
"Prevalence (people)","hodgkin","Hodgkin lymphoma (HL)","Headline","Males",40,2027,"Projected",8692.20569976303,7795.20513524719,9556.73553675144,"people living after diagnosis","output/prevalence_projections.csv"
"Prevalence (people)","hodgkin","Hodgkin lymphoma (HL)","Headline","Males",40,2028,"Projected",8940.54164784645,8061.34834819266,9778.7365217314,"people living after diagnosis","output/prevalence_projections.csv"
"Prevalence (people)","hodgkin","Hodgkin lymphoma (HL)","Headline","Males",40,2029,"Projected",9199.5363377286,8377.78152098239,10024.512126457,"people living after diagnosis","output/prevalence_projections.csv"
"Prevalence (people)","hodgkin","Hodgkin lymphoma (HL)","Headline","Males",40,2030,"Projected",9458.56990597004,8658.03505610679,10226.1466728797,"people living after diagnosis","output/prevalence_projections.csv"
"Prevalence (people)","hodgkin","Hodgkin lymphoma (HL)","Headline","Males",40,2031,"Projected",9748.64386082768,8963.02229691333,10505.205171672,"people living after diagnosis","output/prevalence_projections.csv"
"Prevalence (people)","hodgkin","Hodgkin lymphoma (HL)","Headline","Males",40,2032,"Projected",10035.7183889235,9273.76041439753,10793.3839974162,"people living after diagnosis","output/prevalence_projections.csv"
"Prevalence (people)","hodgkin","Hodgkin lymphoma (HL)","Headline","Males",40,2033,"Projected",10327.6693942743,9564.66007458758,11082.5405128964,"people living after diagnosis","output/prevalence_projections.csv"
"Prevalence (people)","hodgkin","Hodgkin lymphoma (HL)","Headline","Males",40,2034,"Projected",10633.9460956822,9886.95218442243,11366.2775387803,"people living after diagnosis","output/prevalence_projections.csv"
"Prevalence (people)","hodgkin","Hodgkin lymphoma (HL)","Headline","Males",40,2035,"Projected",10941.4752687677,10193.8449645494,11660.1416491107,"people living after diagnosis","output/prevalence_projections.csv"
"Prevalence (people)","hodgkin","Hodgkin lymphoma (HL)","Headline","Males",40,2036,"Projected",11236.5044559481,10487.1364539046,11958.1573720124,"people living after diagnosis","output/prevalence_projections.csv"
"Prevalence (people)","hodgkin","Hodgkin lymphoma (HL)","Headline","Males",40,2037,"Projected",11547.8970693939,10776.5301751921,12273.5044363236,"people living after diagnosis","output/prevalence_projections.csv"
"Prevalence (people)","hodgkin","Hodgkin lymphoma (HL)","Headline","Males",40,2038,"Projected",11860.141503715,11077.5811273861,12621.3990483533,"people living after diagnosis","output/prevalence_projections.csv"
"Prevalence (people)","hodgkin","Hodgkin lymphoma (HL)","Headline","Males",40,2039,"Projected",12146.7297669834,11322.6462582764,12956.437461097,"people living after diagnosis","output/prevalence_projections.csv"
"Prevalence (people)","hodgkin","Hodgkin lymphoma (HL)","Headline","Males",40,2040,"Projected",12456.5837029633,11604.8286205118,13340.8995142361,"people living after diagnosis","output/prevalence_projections.csv"
"Prevalence (people)","hodgkin","Hodgkin lymphoma (HL)","Headline","Males",40,2041,"Projected",12760.8213371065,11843.3459151772,13740.8917120414,"people living after diagnosis","output/prevalence_projections.csv"
"Prevalence (people)","hodgkin","Hodgkin lymphoma (HL)","Headline","Males",40,2042,"Projected",13072.6764427095,12069.5693806366,14124.057790288,"people living after diagnosis","output/prevalence_projections.csv"
"Prevalence (people)","hodgkin","Hodgkin lymphoma (HL)","Headline","Males",40,2043,"Projected",13402.7079560636,12257.605014209,14528.7895835364,"people living after diagnosis","output/prevalence_projections.csv"
"Prevalence (people)","hodgkin","Hodgkin lymphoma (HL)","Headline","Males",40,2044,"Projected",13712.8139874718,12506.1422637955,14956.9497920519,"people living after diagnosis","output/prevalence_projections.csv"
"Prevalence (people)","hodgkin","Hodgkin lymphoma (HL)","Headline","Males",40,2045,"Projected",13990.2078922501,12685.4462846868,15374.6887946492,"people living after diagnosis","output/prevalence_projections.csv"
"Prevalence (people)","nhl","Non-Hodgkin lymphoma (NHL)","Headline","Persons",2,2012,"Estimated",8084.36316419599,8059.09172376383,8108.34172014933,"people living after diagnosis","output/prevalence_projections.csv"
"Prevalence (people)","nhl","Non-Hodgkin lymphoma (NHL)","Headline","Persons",2,2013,"Estimated",8384.7956445025,8349.26660782528,8419.57407533489,"people living after diagnosis","output/prevalence_projections.csv"
"Prevalence (people)","nhl","Non-Hodgkin lymphoma (NHL)","Headline","Persons",2,2014,"Estimated",8711.29575412577,8675.78247943117,8747.28843242182,"people living after diagnosis","output/prevalence_projections.csv"
"Prevalence (people)","nhl","Non-Hodgkin lymphoma (NHL)","Headline","Persons",2,2015,"Estimated",8954.89184758999,8918.73455965996,8992.62315860062,"people living after diagnosis","output/prevalence_projections.csv"
"Prevalence (people)","nhl","Non-Hodgkin lymphoma (NHL)","Headline","Persons",2,2016,"Estimated",9155.75347798928,9118.66728887164,9194.9155366773,"people living after diagnosis","output/prevalence_projections.csv"
"Prevalence (people)","nhl","Non-Hodgkin lymphoma (NHL)","Headline","Persons",2,2017,"Estimated",9623.79803068628,9594.97887718393,9652.81514491528,"people living after diagnosis","output/prevalence_projections.csv"
"Prevalence (people)","nhl","Non-Hodgkin lymphoma (NHL)","Headline","Persons",2,2018,"Estimated",9881.30025799869,9848.62952558642,9910.95096540614,"people living after diagnosis","output/prevalence_projections.csv"
"Prevalence (people)","nhl","Non-Hodgkin lymphoma (NHL)","Headline","Persons",2,2019,"Estimated",10084.0526439013,10047.0796955654,10116.9381373605,"people living after diagnosis","output/prevalence_projections.csv"
"Prevalence (people)","nhl","Non-Hodgkin lymphoma (NHL)","Headline","Persons",2,2020,"Estimated",10644.1973203271,10601.4721193576,10681.1025990873,"people living after diagnosis","output/prevalence_projections.csv"
"Prevalence (people)","nhl","Non-Hodgkin lymphoma (NHL)","Headline","Persons",2,2021,"Estimated",10787.8172852193,10741.493722174,10829.7624861773,"people living after diagnosis","output/prevalence_projections.csv"
"Prevalence (people)","nhl","Non-Hodgkin lymphoma (NHL)","Headline","Persons",2,2022,"Projected",10883.2824655437,10766.3774061973,10988.5870611433,"people living after diagnosis","output/prevalence_projections.csv"
"Prevalence (people)","nhl","Non-Hodgkin lymphoma (NHL)","Headline","Persons",2,2023,"Projected",11390.8956904583,11187.2069280963,11586.5241650755,"people living after diagnosis","output/prevalence_projections.csv"
"Prevalence (people)","nhl","Non-Hodgkin lymphoma (NHL)","Headline","Persons",2,2024,"Projected",11798.7485447666,11591.7619769298,11994.7096376348,"people living after diagnosis","output/prevalence_projections.csv"
"Prevalence (people)","nhl","Non-Hodgkin lymphoma (NHL)","Headline","Persons",2,2025,"Projected",12206.2193910982,11999.0928774217,12410.3556942539,"people living after diagnosis","output/prevalence_projections.csv"
"Prevalence (people)","nhl","Non-Hodgkin lymphoma (NHL)","Headline","Persons",2,2026,"Projected",12625.8149107774,12416.6117134141,12834.550418412,"people living after diagnosis","output/prevalence_projections.csv"
"Prevalence (people)","nhl","Non-Hodgkin lymphoma (NHL)","Headline","Persons",2,2027,"Projected",13053.0811183118,12835.196348171,13270.8697641373,"people living after diagnosis","output/prevalence_projections.csv"
"Prevalence (people)","nhl","Non-Hodgkin lymphoma (NHL)","Headline","Persons",2,2028,"Projected",13474.2982620198,13244.0467382421,13706.2578257349,"people living after diagnosis","output/prevalence_projections.csv"
"Prevalence (people)","nhl","Non-Hodgkin lymphoma (NHL)","Headline","Persons",2,2029,"Projected",13885.6396959494,13640.7734212101,14139.6858869207,"people living after diagnosis","output/prevalence_projections.csv"
"Prevalence (people)","nhl","Non-Hodgkin lymphoma (NHL)","Headline","Persons",2,2030,"Projected",14283.674830575,14017.2572533129,14558.4307186737,"people living after diagnosis","output/prevalence_projections.csv"
"Prevalence (people)","nhl","Non-Hodgkin lymphoma (NHL)","Headline","Persons",2,2031,"Projected",14668.7931744477,14382.4974557885,14956.7678852052,"people living after diagnosis","output/prevalence_projections.csv"
"Prevalence (people)","nhl","Non-Hodgkin lymphoma (NHL)","Headline","Persons",2,2032,"Projected",15019.4067526245,14714.4046776986,15320.4167968978,"people living after diagnosis","output/prevalence_projections.csv"
"Prevalence (people)","nhl","Non-Hodgkin lymphoma (NHL)","Headline","Persons",2,2033,"Projected",15314.7428218764,14996.4646288895,15633.2529013328,"people living after diagnosis","output/prevalence_projections.csv"
"Prevalence (people)","nhl","Non-Hodgkin lymphoma (NHL)","Headline","Persons",2,2034,"Projected",15605.2936177285,15274.0117810825,15942.7294419053,"people living after diagnosis","output/prevalence_projections.csv"
"Prevalence (people)","nhl","Non-Hodgkin lymphoma (NHL)","Headline","Persons",2,2035,"Projected",15893.5572682888,15557.6117313863,16251.545143387,"people living after diagnosis","output/prevalence_projections.csv"
"Prevalence (people)","nhl","Non-Hodgkin lymphoma (NHL)","Headline","Persons",2,2036,"Projected",16186.8524949979,15831.0080560531,16569.2715059046,"people living after diagnosis","output/prevalence_projections.csv"
"Prevalence (people)","nhl","Non-Hodgkin lymphoma (NHL)","Headline","Persons",2,2037,"Projected",16476.1764038501,16104.9795206866,16870.5236142462,"people living after diagnosis","output/prevalence_projections.csv"
"Prevalence (people)","nhl","Non-Hodgkin lymphoma (NHL)","Headline","Persons",2,2038,"Projected",16746.9890044183,16364.4200944652,17157.9298198655,"people living after diagnosis","output/prevalence_projections.csv"
"Prevalence (people)","nhl","Non-Hodgkin lymphoma (NHL)","Headline","Persons",2,2039,"Projected",16996.9236826004,16593.8912888699,17427.9412251745,"people living after diagnosis","output/prevalence_projections.csv"
"Prevalence (people)","nhl","Non-Hodgkin lymphoma (NHL)","Headline","Persons",2,2040,"Projected",17220.1675939828,16800.9932836872,17673.9903602634,"people living after diagnosis","output/prevalence_projections.csv"
"Prevalence (people)","nhl","Non-Hodgkin lymphoma (NHL)","Headline","Persons",2,2041,"Projected",17420.0934525821,16975.7882223583,17895.8398687093,"people living after diagnosis","output/prevalence_projections.csv"
"Prevalence (people)","nhl","Non-Hodgkin lymphoma (NHL)","Headline","Persons",2,2042,"Projected",17605.3458409783,17139.518242068,18106.8326041018,"people living after diagnosis","output/prevalence_projections.csv"
"Prevalence (people)","nhl","Non-Hodgkin lymphoma (NHL)","Headline","Persons",2,2043,"Projected",17781.8682269155,17289.2993078938,18303.1117931526,"people living after diagnosis","output/prevalence_projections.csv"
"Prevalence (people)","nhl","Non-Hodgkin lymphoma (NHL)","Headline","Persons",2,2044,"Projected",17954.8215389968,17440.3964141232,18490.7627422784,"people living after diagnosis","output/prevalence_projections.csv"
"Prevalence (people)","nhl","Non-Hodgkin lymphoma (NHL)","Headline","Persons",2,2045,"Projected",18122.8172367698,17593.0329560831,18678.2245700738,"people living after diagnosis","output/prevalence_projections.csv"
"Prevalence (people)","nhl","Non-Hodgkin lymphoma (NHL)","Headline","Persons",3,2012,"Estimated",11381.3486986426,11347.9708297629,11412.5114277059,"people living after diagnosis","output/prevalence_projections.csv"
"Prevalence (people)","nhl","Non-Hodgkin lymphoma (NHL)","Headline","Persons",3,2013,"Estimated",11817.7488060111,11777.3833022763,11859.2386726474,"people living after diagnosis","output/prevalence_projections.csv"
"Prevalence (people)","nhl","Non-Hodgkin lymphoma (NHL)","Headline","Persons",3,2014,"Estimated",12392.0025811788,12350.104289964,12434.8666969384,"people living after diagnosis","output/prevalence_projections.csv"
"Prevalence (people)","nhl","Non-Hodgkin lymphoma (NHL)","Headline","Persons",3,2015,"Estimated",12662.2965556527,12620.0341971783,12705.2821488382,"people living after diagnosis","output/prevalence_projections.csv"
"Prevalence (people)","nhl","Non-Hodgkin lymphoma (NHL)","Headline","Persons",3,2016,"Estimated",13137.9708021699,13090.2991205015,13182.5677685215,"people living after diagnosis","output/prevalence_projections.csv"
"Prevalence (people)","nhl","Non-Hodgkin lymphoma (NHL)","Headline","Persons",3,2017,"Estimated",13579.0075076237,13539.0119840912,13617.4533017895,"people living after diagnosis","output/prevalence_projections.csv"
"Prevalence (people)","nhl","Non-Hodgkin lymphoma (NHL)","Headline","Persons",3,2018,"Estimated",14044.3808686186,14000.7166893436,14084.9043006953,"people living after diagnosis","output/prevalence_projections.csv"
"Prevalence (people)","nhl","Non-Hodgkin lymphoma (NHL)","Headline","Persons",3,2019,"Estimated",14460.8285986863,14419.2017536214,14500.6461873824,"people living after diagnosis","output/prevalence_projections.csv"
"Prevalence (people)","nhl","Non-Hodgkin lymphoma (NHL)","Headline","Persons",3,2020,"Estimated",15059.3509169346,15010.1983193918,15104.6050997869,"people living after diagnosis","output/prevalence_projections.csv"
"Prevalence (people)","nhl","Non-Hodgkin lymphoma (NHL)","Headline","Persons",3,2021,"Estimated",15370.9698300101,15314.4643599387,15423.3166146198,"people living after diagnosis","output/prevalence_projections.csv"
"Prevalence (people)","nhl","Non-Hodgkin lymphoma (NHL)","Headline","Persons",3,2022,"Projected",15835.3425076397,15716.7944062662,15942.0411132397,"people living after diagnosis","output/prevalence_projections.csv"
"Prevalence (people)","nhl","Non-Hodgkin lymphoma (NHL)","Headline","Persons",3,2023,"Projected",16140.5280098908,15932.4249850592,16333.4187977771,"people living after diagnosis","output/prevalence_projections.csv"
"Prevalence (people)","nhl","Non-Hodgkin lymphoma (NHL)","Headline","Persons",3,2024,"Projected",16829.4624374583,16537.8873768792,17109.1314679196,"people living after diagnosis","output/prevalence_projections.csv"
"Prevalence (people)","nhl","Non-Hodgkin lymphoma (NHL)","Headline","Persons",3,2025,"Projected",17434.688243786,17141.5833027121,17718.5382200853,"people living after diagnosis","output/prevalence_projections.csv"
"Prevalence (people)","nhl","Non-Hodgkin lymphoma (NHL)","Headline","Persons",3,2026,"Projected",18051.1307728278,17751.0043547812,18343.0466216368,"people living after diagnosis","output/prevalence_projections.csv"
"Prevalence (people)","nhl","Non-Hodgkin lymphoma (NHL)","Headline","Persons",3,2027,"Projected",18677.1181665486,18360.5719272281,18979.8506080272,"people living after diagnosis","output/prevalence_projections.csv"
"Prevalence (people)","nhl","Non-Hodgkin lymphoma (NHL)","Headline","Persons",3,2028,"Projected",19306.0094486817,18979.1449655402,19624.1734776285,"people living after diagnosis","output/prevalence_projections.csv"
"Prevalence (people)","nhl","Non-Hodgkin lymphoma (NHL)","Headline","Persons",3,2029,"Projected",19925.6758695269,19582.7969872971,20264.4526540945,"people living after diagnosis","output/prevalence_projections.csv"
"Prevalence (people)","nhl","Non-Hodgkin lymphoma (NHL)","Headline","Persons",3,2030,"Projected",20526.6496502793,20169.3957274703,20895.0821494741,"people living after diagnosis","output/prevalence_projections.csv"
"Prevalence (people)","nhl","Non-Hodgkin lymphoma (NHL)","Headline","Persons",3,2031,"Projected",21112.0830493773,20721.0349482628,21501.1762274252,"people living after diagnosis","output/prevalence_projections.csv"
"Prevalence (people)","nhl","Non-Hodgkin lymphoma (NHL)","Headline","Persons",3,2032,"Projected",21657.2367876042,21240.6006134413,22071.1824380435,"people living after diagnosis","output/prevalence_projections.csv"
"Prevalence (people)","nhl","Non-Hodgkin lymphoma (NHL)","Headline","Persons",3,2033,"Projected",22137.6476982844,21711.3100632937,22579.3733600235,"people living after diagnosis","output/prevalence_projections.csv"
"Prevalence (people)","nhl","Non-Hodgkin lymphoma (NHL)","Headline","Persons",3,2034,"Projected",22551.1903381756,22117.0703881384,23020.4319204117,"people living after diagnosis","output/prevalence_projections.csv"
"Prevalence (people)","nhl","Non-Hodgkin lymphoma (NHL)","Headline","Persons",3,2035,"Projected",22964.245594835,22499.3999057545,23449.2503208784,"people living after diagnosis","output/prevalence_projections.csv"
"Prevalence (people)","nhl","Non-Hodgkin lymphoma (NHL)","Headline","Persons",3,2036,"Projected",23378.5915973125,22890.866188115,23887.9123137209,"people living after diagnosis","output/prevalence_projections.csv"
"Prevalence (people)","nhl","Non-Hodgkin lymphoma (NHL)","Headline","Persons",3,2037,"Projected",23792.37331314,23271.1798972556,24327.9605436139,"people living after diagnosis","output/prevalence_projections.csv"
"Prevalence (people)","nhl","Non-Hodgkin lymphoma (NHL)","Headline","Persons",3,2038,"Projected",24192.6254333666,23647.2641232946,24757.6766943713,"people living after diagnosis","output/prevalence_projections.csv"
"Prevalence (people)","nhl","Non-Hodgkin lymphoma (NHL)","Headline","Persons",3,2039,"Projected",24562.4255482557,23987.0089939963,25154.0006738299,"people living after diagnosis","output/prevalence_projections.csv"
"Prevalence (people)","nhl","Non-Hodgkin lymphoma (NHL)","Headline","Persons",3,2040,"Projected",24895.7865166146,24299.6302283059,25517.6602735462,"people living after diagnosis","output/prevalence_projections.csv"
"Prevalence (people)","nhl","Non-Hodgkin lymphoma (NHL)","Headline","Persons",3,2041,"Projected",25195.585763606,24576.244425024,25847.8536954261,"people living after diagnosis","output/prevalence_projections.csv"
"Prevalence (people)","nhl","Non-Hodgkin lymphoma (NHL)","Headline","Persons",3,2042,"Projected",25471.0768799344,24826.5429623746,26150.2664641214,"people living after diagnosis","output/prevalence_projections.csv"
"Prevalence (people)","nhl","Non-Hodgkin lymphoma (NHL)","Headline","Persons",3,2043,"Projected",25730.5833110115,25051.382252193,26432.5725364805,"people living after diagnosis","output/prevalence_projections.csv"
"Prevalence (people)","nhl","Non-Hodgkin lymphoma (NHL)","Headline","Persons",3,2044,"Projected",25975.7411862857,25276.7905238692,26714.242050846,"people living after diagnosis","output/prevalence_projections.csv"
"Prevalence (people)","nhl","Non-Hodgkin lymphoma (NHL)","Headline","Persons",3,2045,"Projected",26214.8552131512,25483.6422708637,26990.1957587932,"people living after diagnosis","output/prevalence_projections.csv"
"Prevalence (people)","nhl","Non-Hodgkin lymphoma (NHL)","Headline","Persons",5,2012,"Estimated",17033.0110704709,16982.0318062745,17081.6611130498,"people living after diagnosis","output/prevalence_projections.csv"
"Prevalence (people)","nhl","Non-Hodgkin lymphoma (NHL)","Headline","Persons",5,2013,"Estimated",17747.9999567675,17696.6160119792,17801.591174954,"people living after diagnosis","output/prevalence_projections.csv"
"Prevalence (people)","nhl","Non-Hodgkin lymphoma (NHL)","Headline","Persons",5,2014,"Estimated",18591.1650736642,18540.508288929,18644.4336936913,"people living after diagnosis","output/prevalence_projections.csv"
"Prevalence (people)","nhl","Non-Hodgkin lymphoma (NHL)","Headline","Persons",5,2015,"Estimated",19206.8446187594,19152.7475051532,19260.5948452549,"people living after diagnosis","output/prevalence_projections.csv"
"Prevalence (people)","nhl","Non-Hodgkin lymphoma (NHL)","Headline","Persons",5,2016,"Estimated",19937.1186655559,19877.6877341696,19993.355737231,"people living after diagnosis","output/prevalence_projections.csv"
"Prevalence (people)","nhl","Non-Hodgkin lymphoma (NHL)","Headline","Persons",5,2017,"Estimated",20660.4850675782,20604.7953526523,20712.560987679,"people living after diagnosis","output/prevalence_projections.csv"
"Prevalence (people)","nhl","Non-Hodgkin lymphoma (NHL)","Headline","Persons",5,2018,"Estimated",21354.0978959583,21297.8003269319,21405.7822811007,"people living after diagnosis","output/prevalence_projections.csv"
"Prevalence (people)","nhl","Non-Hodgkin lymphoma (NHL)","Headline","Persons",5,2019,"Estimated",21943.278248988,21886.7604129456,21999.159461057,"people living after diagnosis","output/prevalence_projections.csv"
"Prevalence (people)","nhl","Non-Hodgkin lymphoma (NHL)","Headline","Persons",5,2020,"Estimated",22944.1706626431,22884.2534954974,23002.0132157377,"people living after diagnosis","output/prevalence_projections.csv"
"Prevalence (people)","nhl","Non-Hodgkin lymphoma (NHL)","Headline","Persons",5,2021,"Estimated",23478.4791678498,23409.2880021082,23539.1007413463,"people living after diagnosis","output/prevalence_projections.csv"
"Prevalence (people)","nhl","Non-Hodgkin lymphoma (NHL)","Headline","Persons",5,2022,"Projected",24137.6619663,24008.7788881635,24251.1863500814,"people living after diagnosis","output/prevalence_projections.csv"
"Prevalence (people)","nhl","Non-Hodgkin lymphoma (NHL)","Headline","Persons",5,2023,"Projected",24962.4556545197,24747.0098535576,25161.869997717,"people living after diagnosis","output/prevalence_projections.csv"
"Prevalence (people)","nhl","Non-Hodgkin lymphoma (NHL)","Headline","Persons",5,2024,"Projected",25802.5873429692,25509.303536543,26082.9522652762,"people living after diagnosis","output/prevalence_projections.csv"
"Prevalence (people)","nhl","Non-Hodgkin lymphoma (NHL)","Headline","Persons",5,2025,"Projected",26490.1972968057,26122.034469749,26854.0299421789,"people living after diagnosis","output/prevalence_projections.csv"
"Prevalence (people)","nhl","Non-Hodgkin lymphoma (NHL)","Headline","Persons",5,2026,"Projected",27546.9020106853,27106.7735486048,27994.1908755882,"people living after diagnosis","output/prevalence_projections.csv"
"Prevalence (people)","nhl","Non-Hodgkin lymphoma (NHL)","Headline","Persons",5,2027,"Projected",28536.5453958338,28071.4547291078,28998.3257011097,"people living after diagnosis","output/prevalence_projections.csv"
"Prevalence (people)","nhl","Non-Hodgkin lymphoma (NHL)","Headline","Persons",5,2028,"Projected",29528.6251487729,29055.1369917334,30008.8678782494,"people living after diagnosis","output/prevalence_projections.csv"
"Prevalence (people)","nhl","Non-Hodgkin lymphoma (NHL)","Headline","Persons",5,2029,"Projected",30522.993787275,30032.2937605979,31028.0874684607,"people living after diagnosis","output/prevalence_projections.csv"
"Prevalence (people)","nhl","Non-Hodgkin lymphoma (NHL)","Headline","Persons",5,2030,"Projected",31509.7596959706,31001.6707114051,32049.2844986732,"people living after diagnosis","output/prevalence_projections.csv"
"Prevalence (people)","nhl","Non-Hodgkin lymphoma (NHL)","Headline","Persons",5,2031,"Projected",32476.7996029161,31935.486726434,33056.291580622,"people living after diagnosis","output/prevalence_projections.csv"
"Prevalence (people)","nhl","Non-Hodgkin lymphoma (NHL)","Headline","Persons",5,2032,"Projected",33394.6302336739,32809.7818197366,34013.4475082012,"people living after diagnosis","output/prevalence_projections.csv"
"Prevalence (people)","nhl","Non-Hodgkin lymphoma (NHL)","Headline","Persons",5,2033,"Projected",34237.0543379225,33617.3267277832,34901.3547361475,"people living after diagnosis","output/prevalence_projections.csv"
"Prevalence (people)","nhl","Non-Hodgkin lymphoma (NHL)","Headline","Persons",5,2034,"Projected",35005.3689446922,34347.870907942,35696.5969657371,"people living after diagnosis","output/prevalence_projections.csv"
"Prevalence (people)","nhl","Non-Hodgkin lymphoma (NHL)","Headline","Persons",5,2035,"Projected",35694.3693294594,34997.8234091762,36414.0318426011,"people living after diagnosis","output/prevalence_projections.csv"
"Prevalence (people)","nhl","Non-Hodgkin lymphoma (NHL)","Headline","Persons",5,2036,"Projected",36319.4412516381,35585.713108556,37071.4865804222,"people living after diagnosis","output/prevalence_projections.csv"
"Prevalence (people)","nhl","Non-Hodgkin lymphoma (NHL)","Headline","Persons",5,2037,"Projected",36942.1645985484,36163.131551474,37731.3808996881,"people living after diagnosis","output/prevalence_projections.csv"
"Prevalence (people)","nhl","Non-Hodgkin lymphoma (NHL)","Headline","Persons",5,2038,"Projected",37555.5989816924,36741.1072262763,38389.4477732534,"people living after diagnosis","output/prevalence_projections.csv"
"Prevalence (people)","nhl","Non-Hodgkin lymphoma (NHL)","Headline","Persons",5,2039,"Projected",38138.6244506968,37284.7162865357,39021.6520985895,"people living after diagnosis","output/prevalence_projections.csv"
"Prevalence (people)","nhl","Non-Hodgkin lymphoma (NHL)","Headline","Persons",5,2040,"Projected",38688.477080268,37801.6955155537,39601.3383348964,"people living after diagnosis","output/prevalence_projections.csv"
"Prevalence (people)","nhl","Non-Hodgkin lymphoma (NHL)","Headline","Persons",5,2041,"Projected",39187.346645578,38256.0209568597,40146.7742086868,"people living after diagnosis","output/prevalence_projections.csv"
"Prevalence (people)","nhl","Non-Hodgkin lymphoma (NHL)","Headline","Persons",5,2042,"Projected",39645.7802744916,38674.386252146,40649.5014455367,"people living after diagnosis","output/prevalence_projections.csv"
"Prevalence (people)","nhl","Non-Hodgkin lymphoma (NHL)","Headline","Persons",5,2043,"Projected",40065.1220792586,39055.0980659651,41128.7139394197,"people living after diagnosis","output/prevalence_projections.csv"
"Prevalence (people)","nhl","Non-Hodgkin lymphoma (NHL)","Headline","Persons",5,2044,"Projected",40461.0611528992,39399.4697360302,41554.9116112717,"people living after diagnosis","output/prevalence_projections.csv"
"Prevalence (people)","nhl","Non-Hodgkin lymphoma (NHL)","Headline","Persons",5,2045,"Projected",40837.3360560758,39737.5789211192,41981.345476797,"people living after diagnosis","output/prevalence_projections.csv"
"Prevalence (people)","nhl","Non-Hodgkin lymphoma (NHL)","Headline","Persons",10,2012,"Estimated",27421.1535126082,27136.6817600334,27707.2548193412,"people living after diagnosis","output/prevalence_projections.csv"
"Prevalence (people)","nhl","Non-Hodgkin lymphoma (NHL)","Headline","Persons",10,2013,"Estimated",28489.0392980025,28222.1760213536,28767.1133828105,"people living after diagnosis","output/prevalence_projections.csv"
"Prevalence (people)","nhl","Non-Hodgkin lymphoma (NHL)","Headline","Persons",10,2014,"Estimated",29748.5560859127,29489.9186471979,30011.5267980539,"people living after diagnosis","output/prevalence_projections.csv"
"Prevalence (people)","nhl","Non-Hodgkin lymphoma (NHL)","Headline","Persons",10,2015,"Estimated",30821.643191132,30577.6726645566,31073.4262917563,"people living after diagnosis","output/prevalence_projections.csv"
"Prevalence (people)","nhl","Non-Hodgkin lymphoma (NHL)","Headline","Persons",10,2016,"Estimated",32081.855391223,31840.5224151471,32320.8098149229,"people living after diagnosis","output/prevalence_projections.csv"
"Prevalence (people)","nhl","Non-Hodgkin lymphoma (NHL)","Headline","Persons",10,2017,"Estimated",33492.4704777276,33270.1388935057,33702.0724933919,"people living after diagnosis","output/prevalence_projections.csv"
"Prevalence (people)","nhl","Non-Hodgkin lymphoma (NHL)","Headline","Persons",10,2018,"Estimated",34773.4630747638,34575.8369650509,34955.322619443,"people living after diagnosis","output/prevalence_projections.csv"
"Prevalence (people)","nhl","Non-Hodgkin lymphoma (NHL)","Headline","Persons",10,2019,"Estimated",36064.5867819113,35878.2255891621,36235.4483058466,"people living after diagnosis","output/prevalence_projections.csv"
"Prevalence (people)","nhl","Non-Hodgkin lymphoma (NHL)","Headline","Persons",10,2020,"Estimated",37595.3596054098,37398.4707370741,37802.7010005805,"people living after diagnosis","output/prevalence_projections.csv"
"Prevalence (people)","nhl","Non-Hodgkin lymphoma (NHL)","Headline","Persons",10,2021,"Estimated",38745.9502328719,38485.3807739299,39003.8655201688,"people living after diagnosis","output/prevalence_projections.csv"
"Prevalence (people)","nhl","Non-Hodgkin lymphoma (NHL)","Headline","Persons",10,2022,"Projected",39991.1338268472,39719.9501999095,40249.5798222511,"people living after diagnosis","output/prevalence_projections.csv"
"Prevalence (people)","nhl","Non-Hodgkin lymphoma (NHL)","Headline","Persons",10,2023,"Projected",41387.3929599547,41085.5255326766,41676.4983839796,"people living after diagnosis","output/prevalence_projections.csv"
"Prevalence (people)","nhl","Non-Hodgkin lymphoma (NHL)","Headline","Persons",10,2024,"Projected",42729.079827486,42378.4656549421,43060.0084169151,"people living after diagnosis","output/prevalence_projections.csv"
"Prevalence (people)","nhl","Non-Hodgkin lymphoma (NHL)","Headline","Persons",10,2025,"Projected",44242.3688608692,43827.0628849867,44666.2235090518,"people living after diagnosis","output/prevalence_projections.csv"
"Prevalence (people)","nhl","Non-Hodgkin lymphoma (NHL)","Headline","Persons",10,2026,"Projected",45772.2800740114,45263.4489864867,46300.6610397446,"people living after diagnosis","output/prevalence_projections.csv"
"Prevalence (people)","nhl","Non-Hodgkin lymphoma (NHL)","Headline","Persons",10,2027,"Projected",47323.7654011817,46723.4061985174,47932.4060526273,"people living after diagnosis","output/prevalence_projections.csv"
"Prevalence (people)","nhl","Non-Hodgkin lymphoma (NHL)","Headline","Persons",10,2028,"Projected",49028.3557900056,48320.9555443805,49711.9154292773,"people living after diagnosis","output/prevalence_projections.csv"
"Prevalence (people)","nhl","Non-Hodgkin lymphoma (NHL)","Headline","Persons",10,2029,"Projected",50732.3172507965,49909.8762451376,51534.3365197334,"people living after diagnosis","output/prevalence_projections.csv"
"Prevalence (people)","nhl","Non-Hodgkin lymphoma (NHL)","Headline","Persons",10,2030,"Projected",52281.1900650023,51369.0390433426,53184.0073261628,"people living after diagnosis","output/prevalence_projections.csv"
"Prevalence (people)","nhl","Non-Hodgkin lymphoma (NHL)","Headline","Persons",10,2031,"Projected",54132.3759235628,53105.2184823394,55146.6040826435,"people living after diagnosis","output/prevalence_projections.csv"
"Prevalence (people)","nhl","Non-Hodgkin lymphoma (NHL)","Headline","Persons",10,2032,"Projected",55883.6227679471,54782.2472660048,56970.8642990231,"people living after diagnosis","output/prevalence_projections.csv"
"Prevalence (people)","nhl","Non-Hodgkin lymphoma (NHL)","Headline","Persons",10,2033,"Projected",57552.7955477692,56388.5651236953,58740.7109831474,"people living after diagnosis","output/prevalence_projections.csv"
"Prevalence (people)","nhl","Non-Hodgkin lymphoma (NHL)","Headline","Persons",10,2034,"Projected",59164.1390636417,57920.7881966154,60442.634498139,"people living after diagnosis","output/prevalence_projections.csv"
"Prevalence (people)","nhl","Non-Hodgkin lymphoma (NHL)","Headline","Persons",10,2035,"Projected",60691.8314461166,59381.709635571,62055.9151184836,"people living after diagnosis","output/prevalence_projections.csv"
"Prevalence (people)","nhl","Non-Hodgkin lymphoma (NHL)","Headline","Persons",10,2036,"Projected",62144.0611669263,60752.536115205,63610.1635261998,"people living after diagnosis","output/prevalence_projections.csv"
"Prevalence (people)","nhl","Non-Hodgkin lymphoma (NHL)","Headline","Persons",10,2037,"Projected",63508.2658103964,62031.6611083518,65040.8873984864,"people living after diagnosis","output/prevalence_projections.csv"
"Prevalence (people)","nhl","Non-Hodgkin lymphoma (NHL)","Headline","Persons",10,2038,"Projected",64745.4250450953,63192.615722264,66370.0441099316,"people living after diagnosis","output/prevalence_projections.csv"
"Prevalence (people)","nhl","Non-Hodgkin lymphoma (NHL)","Headline","Persons",10,2039,"Projected",65881.4773424102,64249.1783935523,67581.2949595114,"people living after diagnosis","output/prevalence_projections.csv"
"Prevalence (people)","nhl","Non-Hodgkin lymphoma (NHL)","Headline","Persons",10,2040,"Projected",66898.2216465957,65186.4626497373,68672.3181557765,"people living after diagnosis","output/prevalence_projections.csv"
"Prevalence (people)","nhl","Non-Hodgkin lymphoma (NHL)","Headline","Persons",10,2041,"Projected",67800.0208979964,65976.269028228,69622.7843653859,"people living after diagnosis","output/prevalence_projections.csv"
"Prevalence (people)","nhl","Non-Hodgkin lymphoma (NHL)","Headline","Persons",10,2042,"Projected",68650.0951739193,66768.178100748,70549.912563751,"people living after diagnosis","output/prevalence_projections.csv"
"Prevalence (people)","nhl","Non-Hodgkin lymphoma (NHL)","Headline","Persons",10,2043,"Projected",69462.6511416877,67495.7995684321,71447.4389157972,"people living after diagnosis","output/prevalence_projections.csv"
"Prevalence (people)","nhl","Non-Hodgkin lymphoma (NHL)","Headline","Persons",10,2044,"Projected",70230.7397365349,68180.3036788793,72316.3034237532,"people living after diagnosis","output/prevalence_projections.csv"
"Prevalence (people)","nhl","Non-Hodgkin lymphoma (NHL)","Headline","Persons",10,2045,"Projected",70953.3804631711,68810.4883931358,73129.3309014954,"people living after diagnosis","output/prevalence_projections.csv"
"Prevalence (people)","nhl","Non-Hodgkin lymphoma (NHL)","Headline","Persons",40,2012,"Estimated",43456.0780441694,40520.1235862692,47039.1031389578,"people living after diagnosis","output/prevalence_projections.csv"
"Prevalence (people)","nhl","Non-Hodgkin lymphoma (NHL)","Headline","Persons",40,2013,"Estimated",45598.2871305358,42507.8025928011,49354.6327145677,"people living after diagnosis","output/prevalence_projections.csv"
"Prevalence (people)","nhl","Non-Hodgkin lymphoma (NHL)","Headline","Persons",40,2014,"Estimated",47963.9185774182,44745.7823245587,51878.6756573572,"people living after diagnosis","output/prevalence_projections.csv"
"Prevalence (people)","nhl","Non-Hodgkin lymphoma (NHL)","Headline","Persons",40,2015,"Estimated",50200.8018829269,46809.7560139899,54277.0192788015,"people living after diagnosis","output/prevalence_projections.csv"
"Prevalence (people)","nhl","Non-Hodgkin lymphoma (NHL)","Headline","Persons",40,2016,"Estimated",52602.4045437909,49067.1919928285,56855.2542173832,"people living after diagnosis","output/prevalence_projections.csv"
"Prevalence (people)","nhl","Non-Hodgkin lymphoma (NHL)","Headline","Persons",40,2017,"Estimated",55168.7554833367,51499.6450750715,59513.0058936209,"people living after diagnosis","output/prevalence_projections.csv"
"Prevalence (people)","nhl","Non-Hodgkin lymphoma (NHL)","Headline","Persons",40,2018,"Estimated",57679.7865242985,53905.5689960839,62102.0303896308,"people living after diagnosis","output/prevalence_projections.csv"
"Prevalence (people)","nhl","Non-Hodgkin lymphoma (NHL)","Headline","Persons",40,2019,"Estimated",60278.43805989,56431.0973162933,64867.6327482593,"people living after diagnosis","output/prevalence_projections.csv"
"Prevalence (people)","nhl","Non-Hodgkin lymphoma (NHL)","Headline","Persons",40,2020,"Estimated",63222.7187972072,59271.613448531,67995.1992380152,"people living after diagnosis","output/prevalence_projections.csv"
"Prevalence (people)","nhl","Non-Hodgkin lymphoma (NHL)","Headline","Persons",40,2021,"Estimated",65841.7019579856,61753.7993797968,70760.3813846137,"people living after diagnosis","output/prevalence_projections.csv"
"Prevalence (people)","nhl","Non-Hodgkin lymphoma (NHL)","Headline","Persons",40,2022,"Projected",68484.3886395044,64434.9339785907,73361.1954434483,"people living after diagnosis","output/prevalence_projections.csv"
"Prevalence (people)","nhl","Non-Hodgkin lymphoma (NHL)","Headline","Persons",40,2023,"Projected",71233.2547147287,67288.9827798628,76098.4196624833,"people living after diagnosis","output/prevalence_projections.csv"
"Prevalence (people)","nhl","Non-Hodgkin lymphoma (NHL)","Headline","Persons",40,2024,"Projected",74077.3568019631,70237.5029119726,78939.8975161382,"people living after diagnosis","output/prevalence_projections.csv"
"Prevalence (people)","nhl","Non-Hodgkin lymphoma (NHL)","Headline","Persons",40,2025,"Projected",77056.4583031953,73274.3845150999,81757.4326499899,"people living after diagnosis","output/prevalence_projections.csv"
"Prevalence (people)","nhl","Non-Hodgkin lymphoma (NHL)","Headline","Persons",40,2026,"Projected",80150.3437050907,76419.883055909,84674.1084656351,"people living after diagnosis","output/prevalence_projections.csv"
"Prevalence (people)","nhl","Non-Hodgkin lymphoma (NHL)","Headline","Persons",40,2027,"Projected",83284.4962158798,79707.4628567287,87675.5878305164,"people living after diagnosis","output/prevalence_projections.csv"
"Prevalence (people)","nhl","Non-Hodgkin lymphoma (NHL)","Headline","Persons",40,2028,"Projected",86556.8379224695,83122.1092916809,90756.6947623788,"people living after diagnosis","output/prevalence_projections.csv"
"Prevalence (people)","nhl","Non-Hodgkin lymphoma (NHL)","Headline","Persons",40,2029,"Projected",89942.1101758428,86614.2366142362,94022.4621994846,"people living after diagnosis","output/prevalence_projections.csv"
"Prevalence (people)","nhl","Non-Hodgkin lymphoma (NHL)","Headline","Persons",40,2030,"Projected",93399.3171054541,90107.974081376,97435.502564453,"people living after diagnosis","output/prevalence_projections.csv"
"Prevalence (people)","nhl","Non-Hodgkin lymphoma (NHL)","Headline","Persons",40,2031,"Projected",96925.8332286508,93771.7509520163,100893.974359376,"people living after diagnosis","output/prevalence_projections.csv"
"Prevalence (people)","nhl","Non-Hodgkin lymphoma (NHL)","Headline","Persons",40,2032,"Projected",100497.589372502,97425.6536831004,104098.041179593,"people living after diagnosis","output/prevalence_projections.csv"
"Prevalence (people)","nhl","Non-Hodgkin lymphoma (NHL)","Headline","Persons",40,2033,"Projected",104024.515574458,101067.078727392,107667.608741304,"people living after diagnosis","output/prevalence_projections.csv"
"Prevalence (people)","nhl","Non-Hodgkin lymphoma (NHL)","Headline","Persons",40,2034,"Projected",107586.685529138,104660.187744185,111257.454951221,"people living after diagnosis","output/prevalence_projections.csv"
"Prevalence (people)","nhl","Non-Hodgkin lymphoma (NHL)","Headline","Persons",40,2035,"Projected",111162.924962275,108138.177520237,114749.621003462,"people living after diagnosis","output/prevalence_projections.csv"
"Prevalence (people)","nhl","Non-Hodgkin lymphoma (NHL)","Headline","Persons",40,2036,"Projected",114702.204926804,111592.832491404,118373.88371345,"people living after diagnosis","output/prevalence_projections.csv"
"Prevalence (people)","nhl","Non-Hodgkin lymphoma (NHL)","Headline","Persons",40,2037,"Projected",118291.717725968,115007.956034506,122106.537753599,"people living after diagnosis","output/prevalence_projections.csv"
"Prevalence (people)","nhl","Non-Hodgkin lymphoma (NHL)","Headline","Persons",40,2038,"Projected",121879.663806632,118292.263270484,125977.29996587,"people living after diagnosis","output/prevalence_projections.csv"
"Prevalence (people)","nhl","Non-Hodgkin lymphoma (NHL)","Headline","Persons",40,2039,"Projected",125426.233191981,121531.5332957,129879.133134351,"people living after diagnosis","output/prevalence_projections.csv"
"Prevalence (people)","nhl","Non-Hodgkin lymphoma (NHL)","Headline","Persons",40,2040,"Projected",128863.513266284,124485.533084617,133676.650982578,"people living after diagnosis","output/prevalence_projections.csv"
"Prevalence (people)","nhl","Non-Hodgkin lymphoma (NHL)","Headline","Persons",40,2041,"Projected",132307.735119742,127463.725194247,137659.767091985,"people living after diagnosis","output/prevalence_projections.csv"
"Prevalence (people)","nhl","Non-Hodgkin lymphoma (NHL)","Headline","Persons",40,2042,"Projected",135625.483953998,130253.187037752,141466.986379085,"people living after diagnosis","output/prevalence_projections.csv"
"Prevalence (people)","nhl","Non-Hodgkin lymphoma (NHL)","Headline","Persons",40,2043,"Projected",138905.912902241,132986.021645234,145302.454585312,"people living after diagnosis","output/prevalence_projections.csv"
"Prevalence (people)","nhl","Non-Hodgkin lymphoma (NHL)","Headline","Persons",40,2044,"Projected",142182.388281433,135658.980492694,149136.381822361,"people living after diagnosis","output/prevalence_projections.csv"
"Prevalence (people)","nhl","Non-Hodgkin lymphoma (NHL)","Headline","Persons",40,2045,"Projected",145309.790482235,138251.498651362,153021.143310764,"people living after diagnosis","output/prevalence_projections.csv"
"Prevalence (people)","nhl","Non-Hodgkin lymphoma (NHL)","Headline","Females",2,2012,"Estimated",3439.51704414242,3423.67164546411,3454.81438246823,"people living after diagnosis","output/prevalence_projections.csv"
"Prevalence (people)","nhl","Non-Hodgkin lymphoma (NHL)","Headline","Females",2,2013,"Estimated",3582.16922067875,3561.01032683943,3602.73948032994,"people living after diagnosis","output/prevalence_projections.csv"
"Prevalence (people)","nhl","Non-Hodgkin lymphoma (NHL)","Headline","Females",2,2014,"Estimated",3792.8325964214,3771.99795656101,3813.91773452734,"people living after diagnosis","output/prevalence_projections.csv"
"Prevalence (people)","nhl","Non-Hodgkin lymphoma (NHL)","Headline","Females",2,2015,"Estimated",3937.37309821032,3916.24912099715,3960.47728962982,"people living after diagnosis","output/prevalence_projections.csv"
"Prevalence (people)","nhl","Non-Hodgkin lymphoma (NHL)","Headline","Females",2,2016,"Estimated",3985.13867248386,3963.72401599685,4008.87975172794,"people living after diagnosis","output/prevalence_projections.csv"
"Prevalence (people)","nhl","Non-Hodgkin lymphoma (NHL)","Headline","Females",2,2017,"Estimated",4118.7549349841,4101.76551758903,4137.47061287266,"people living after diagnosis","output/prevalence_projections.csv"
"Prevalence (people)","nhl","Non-Hodgkin lymphoma (NHL)","Headline","Females",2,2018,"Estimated",4185.43458366636,4164.53516300539,4204.47232267911,"people living after diagnosis","output/prevalence_projections.csv"
"Prevalence (people)","nhl","Non-Hodgkin lymphoma (NHL)","Headline","Females",2,2019,"Estimated",4265.01047636505,4241.21811278754,4286.52458442782,"people living after diagnosis","output/prevalence_projections.csv"
"Prevalence (people)","nhl","Non-Hodgkin lymphoma (NHL)","Headline","Females",2,2020,"Estimated",4560.00500428243,4533.10769950688,4584.72302496945,"people living after diagnosis","output/prevalence_projections.csv"
"Prevalence (people)","nhl","Non-Hodgkin lymphoma (NHL)","Headline","Females",2,2021,"Estimated",4701.36104436316,4670.06395861395,4729.74231623126,"people living after diagnosis","output/prevalence_projections.csv"
"Prevalence (people)","nhl","Non-Hodgkin lymphoma (NHL)","Headline","Females",2,2022,"Projected",4731.42797213813,4658.89577703868,4802.65518274792,"people living after diagnosis","output/prevalence_projections.csv"
"Prevalence (people)","nhl","Non-Hodgkin lymphoma (NHL)","Headline","Females",2,2023,"Projected",4928.5546029123,4804.56967528736,5056.74259078885,"people living after diagnosis","output/prevalence_projections.csv"
"Prevalence (people)","nhl","Non-Hodgkin lymphoma (NHL)","Headline","Females",2,2024,"Projected",5107.85028376467,4978.46322283559,5239.273889826,"people living after diagnosis","output/prevalence_projections.csv"
"Prevalence (people)","nhl","Non-Hodgkin lymphoma (NHL)","Headline","Females",2,2025,"Projected",5289.7576543249,5157.80789797171,5423.32576535794,"people living after diagnosis","output/prevalence_projections.csv"
"Prevalence (people)","nhl","Non-Hodgkin lymphoma (NHL)","Headline","Females",2,2026,"Projected",5476.20528560662,5338.9393864859,5615.25609878084,"people living after diagnosis","output/prevalence_projections.csv"
"Prevalence (people)","nhl","Non-Hodgkin lymphoma (NHL)","Headline","Females",2,2027,"Projected",5665.9389628751,5521.97366632138,5814.64874593388,"people living after diagnosis","output/prevalence_projections.csv"
"Prevalence (people)","nhl","Non-Hodgkin lymphoma (NHL)","Headline","Females",2,2028,"Projected",5853.92012979536,5701.45894706291,6012.57889453589,"people living after diagnosis","output/prevalence_projections.csv"
"Prevalence (people)","nhl","Non-Hodgkin lymphoma (NHL)","Headline","Females",2,2029,"Projected",6038.50367068544,5874.51418932873,6209.8179890972,"people living after diagnosis","output/prevalence_projections.csv"
"Prevalence (people)","nhl","Non-Hodgkin lymphoma (NHL)","Headline","Females",2,2030,"Projected",6218.69582196245,6043.84991680038,6399.21390639126,"people living after diagnosis","output/prevalence_projections.csv"
"Prevalence (people)","nhl","Non-Hodgkin lymphoma (NHL)","Headline","Females",2,2031,"Projected",6394.83980368928,6206.84051048057,6585.7812065823,"people living after diagnosis","output/prevalence_projections.csv"
"Prevalence (people)","nhl","Non-Hodgkin lymphoma (NHL)","Headline","Females",2,2032,"Projected",6554.76574922258,6353.9408336542,6759.52143155709,"people living after diagnosis","output/prevalence_projections.csv"
"Prevalence (people)","nhl","Non-Hodgkin lymphoma (NHL)","Headline","Females",2,2033,"Projected",6692.86248635192,6484.3351297473,6907.00286079484,"people living after diagnosis","output/prevalence_projections.csv"
"Prevalence (people)","nhl","Non-Hodgkin lymphoma (NHL)","Headline","Females",2,2034,"Projected",6829.33055056078,6607.69685095143,7051.82962665016,"people living after diagnosis","output/prevalence_projections.csv"
"Prevalence (people)","nhl","Non-Hodgkin lymphoma (NHL)","Headline","Females",2,2035,"Projected",6966.46259536432,6733.19408397681,7198.47906211986,"people living after diagnosis","output/prevalence_projections.csv"
"Prevalence (people)","nhl","Non-Hodgkin lymphoma (NHL)","Headline","Females",2,2036,"Projected",7105.39397061241,6861.58920849226,7345.93938331108,"people living after diagnosis","output/prevalence_projections.csv"
"Prevalence (people)","nhl","Non-Hodgkin lymphoma (NHL)","Headline","Females",2,2037,"Projected",7244.40281774663,6989.45299858416,7494.62772878905,"people living after diagnosis","output/prevalence_projections.csv"
"Prevalence (people)","nhl","Non-Hodgkin lymphoma (NHL)","Headline","Females",2,2038,"Projected",7374.9488050246,7109.24178777958,7640.49874587975,"people living after diagnosis","output/prevalence_projections.csv"
"Prevalence (people)","nhl","Non-Hodgkin lymphoma (NHL)","Headline","Females",2,2039,"Projected",7498.29756149163,7221.78276688906,7781.38547377331,"people living after diagnosis","output/prevalence_projections.csv"
"Prevalence (people)","nhl","Non-Hodgkin lymphoma (NHL)","Headline","Females",2,2040,"Projected",7609.92754763332,7323.23378423645,7911.82886336151,"people living after diagnosis","output/prevalence_projections.csv"
"Prevalence (people)","nhl","Non-Hodgkin lymphoma (NHL)","Headline","Females",2,2041,"Projected",7711.4845226249,7413.39675559748,8031.32472348942,"people living after diagnosis","output/prevalence_projections.csv"
"Prevalence (people)","nhl","Non-Hodgkin lymphoma (NHL)","Headline","Females",2,2042,"Projected",7808.3218271082,7497.9891370235,8140.82361889014,"people living after diagnosis","output/prevalence_projections.csv"
"Prevalence (people)","nhl","Non-Hodgkin lymphoma (NHL)","Headline","Females",2,2043,"Projected",7900.0056392543,7578.56749593572,8247.59299276438,"people living after diagnosis","output/prevalence_projections.csv"
"Prevalence (people)","nhl","Non-Hodgkin lymphoma (NHL)","Headline","Females",2,2044,"Projected",7990.29653653552,7658.17742829447,8353.91125194116,"people living after diagnosis","output/prevalence_projections.csv"
"Prevalence (people)","nhl","Non-Hodgkin lymphoma (NHL)","Headline","Females",2,2045,"Projected",8083.97835753592,7737.69774344008,8463.64812839909,"people living after diagnosis","output/prevalence_projections.csv"
"Prevalence (people)","nhl","Non-Hodgkin lymphoma (NHL)","Headline","Females",3,2012,"Estimated",4874.91255725563,4853.08952545867,4894.9334574015,"people living after diagnosis","output/prevalence_projections.csv"
"Prevalence (people)","nhl","Non-Hodgkin lymphoma (NHL)","Headline","Females",3,2013,"Estimated",5053.03200017662,5025.75638814714,5077.96838826747,"people living after diagnosis","output/prevalence_projections.csv"
"Prevalence (people)","nhl","Non-Hodgkin lymphoma (NHL)","Headline","Females",3,2014,"Estimated",5379.42243561508,5352.32699307017,5406.17111962397,"people living after diagnosis","output/prevalence_projections.csv"
"Prevalence (people)","nhl","Non-Hodgkin lymphoma (NHL)","Headline","Females",3,2015,"Estimated",5535.36112002483,5508.55774232091,5562.86059982056,"people living after diagnosis","output/prevalence_projections.csv"
"Prevalence (people)","nhl","Non-Hodgkin lymphoma (NHL)","Headline","Females",3,2016,"Estimated",5760.49409504318,5731.57241564644,5789.44766336365,"people living after diagnosis","output/prevalence_projections.csv"
"Prevalence (people)","nhl","Non-Hodgkin lymphoma (NHL)","Headline","Females",3,2017,"Estimated",5869.98743220083,5847.7595458394,5893.55226219464,"people living after diagnosis","output/prevalence_projections.csv"
"Prevalence (people)","nhl","Non-Hodgkin lymphoma (NHL)","Headline","Females",3,2018,"Estimated",6008.2745129685,5980.72830425546,6034.40953988276,"people living after diagnosis","output/prevalence_projections.csv"
"Prevalence (people)","nhl","Non-Hodgkin lymphoma (NHL)","Headline","Females",3,2019,"Estimated",6141.49519926086,6115.06347377685,6168.68464628019,"people living after diagnosis","output/prevalence_projections.csv"
"Prevalence (people)","nhl","Non-Hodgkin lymphoma (NHL)","Headline","Females",3,2020,"Estimated",6455.19584169442,6425.15351345401,6484.89926606515,"people living after diagnosis","output/prevalence_projections.csv"
"Prevalence (people)","nhl","Non-Hodgkin lymphoma (NHL)","Headline","Females",3,2021,"Estimated",6657.13982993505,6622.23222392773,6691.19757963253,"people living after diagnosis","output/prevalence_projections.csv"
"Prevalence (people)","nhl","Non-Hodgkin lymphoma (NHL)","Headline","Females",3,2022,"Projected",6910.21322294933,6835.72520494659,6977.25547373736,"people living after diagnosis","output/prevalence_projections.csv"
"Prevalence (people)","nhl","Non-Hodgkin lymphoma (NHL)","Headline","Females",3,2023,"Projected",7034.35259744133,6906.69811377465,7162.6488642606,"people living after diagnosis","output/prevalence_projections.csv"
"Prevalence (people)","nhl","Non-Hodgkin lymphoma (NHL)","Headline","Females",3,2024,"Projected",7319.28875954452,7136.83700571931,7501.99088752969,"people living after diagnosis","output/prevalence_projections.csv"
"Prevalence (people)","nhl","Non-Hodgkin lymphoma (NHL)","Headline","Females",3,2025,"Projected",7587.1592665147,7402.13037136127,7774.01186769441,"people living after diagnosis","output/prevalence_projections.csv"
"Prevalence (people)","nhl","Non-Hodgkin lymphoma (NHL)","Headline","Females",3,2026,"Projected",7860.07409570588,7667.34126220997,8053.06955610876,"people living after diagnosis","output/prevalence_projections.csv"
"Prevalence (people)","nhl","Non-Hodgkin lymphoma (NHL)","Headline","Females",3,2027,"Projected",8140.47957864035,7937.87076241217,8339.97188519135,"people living after diagnosis","output/prevalence_projections.csv"
"Prevalence (people)","nhl","Non-Hodgkin lymphoma (NHL)","Headline","Females",3,2028,"Projected",8424.13724075757,8204.07304684087,8628.762003949,"people living after diagnosis","output/prevalence_projections.csv"
"Prevalence (people)","nhl","Non-Hodgkin lymphoma (NHL)","Headline","Females",3,2029,"Projected",8701.30873549556,8466.82258204302,8917.46310565493,"people living after diagnosis","output/prevalence_projections.csv"
"Prevalence (people)","nhl","Non-Hodgkin lymphoma (NHL)","Headline","Females",3,2030,"Projected",8974.81439103922,8721.86282672366,9200.3162055618,"people living after diagnosis","output/prevalence_projections.csv"
"Prevalence (people)","nhl","Non-Hodgkin lymphoma (NHL)","Headline","Females",3,2031,"Projected",9241.19160271484,8972.0863584204,9478.63464730633,"people living after diagnosis","output/prevalence_projections.csv"
"Prevalence (people)","nhl","Non-Hodgkin lymphoma (NHL)","Headline","Females",3,2032,"Projected",9491.37028863413,9212.01063912563,9746.38863217239,"people living after diagnosis","output/prevalence_projections.csv"
"Prevalence (people)","nhl","Non-Hodgkin lymphoma (NHL)","Headline","Females",3,2033,"Projected",9713.80796259394,9423.96905307957,9988.73757694761,"people living after diagnosis","output/prevalence_projections.csv"
"Prevalence (people)","nhl","Non-Hodgkin lymphoma (NHL)","Headline","Females",3,2034,"Projected",9911.24868157949,9605.42054310044,10203.0369206136,"people living after diagnosis","output/prevalence_projections.csv"
"Prevalence (people)","nhl","Non-Hodgkin lymphoma (NHL)","Headline","Females",3,2035,"Projected",10106.7474891781,9784.4025331416,10420.7119937879,"people living after diagnosis","output/prevalence_projections.csv"
"Prevalence (people)","nhl","Non-Hodgkin lymphoma (NHL)","Headline","Females",3,2036,"Projected",10307.8301597233,9966.62387725279,10641.5851382474,"people living after diagnosis","output/prevalence_projections.csv"
"Prevalence (people)","nhl","Non-Hodgkin lymphoma (NHL)","Headline","Females",3,2037,"Projected",10506.2723989328,10147.3609150092,10861.3210342873,"people living after diagnosis","output/prevalence_projections.csv"
"Prevalence (people)","nhl","Non-Hodgkin lymphoma (NHL)","Headline","Females",3,2038,"Projected",10702.007636712,10318.1312693774,11076.6422114423,"people living after diagnosis","output/prevalence_projections.csv"
"Prevalence (people)","nhl","Non-Hodgkin lymphoma (NHL)","Headline","Females",3,2039,"Projected",10883.8143578371,10478.6988954865,11282.5807555717,"people living after diagnosis","output/prevalence_projections.csv"
"Prevalence (people)","nhl","Non-Hodgkin lymphoma (NHL)","Headline","Females",3,2040,"Projected",11053.3444034372,10632.8069933145,11473.4584584247,"people living after diagnosis","output/prevalence_projections.csv"
"Prevalence (people)","nhl","Non-Hodgkin lymphoma (NHL)","Headline","Females",3,2041,"Projected",11209.0217461103,10771.1412933952,11646.2937676214,"people living after diagnosis","output/prevalence_projections.csv"
"Prevalence (people)","nhl","Non-Hodgkin lymphoma (NHL)","Headline","Females",3,2042,"Projected",11353.1039997893,10896.5306416837,11806.8185261429,"people living after diagnosis","output/prevalence_projections.csv"
"Prevalence (people)","nhl","Non-Hodgkin lymphoma (NHL)","Headline","Females",3,2043,"Projected",11490.8055731849,11015.287350721,11960.9038335358,"people living after diagnosis","output/prevalence_projections.csv"
"Prevalence (people)","nhl","Non-Hodgkin lymphoma (NHL)","Headline","Females",3,2044,"Projected",11623.571980381,11130.4939464017,12118.2631079066,"people living after diagnosis","output/prevalence_projections.csv"
"Prevalence (people)","nhl","Non-Hodgkin lymphoma (NHL)","Headline","Females",3,2045,"Projected",11756.1413543995,11242.7210789031,12266.2967003952,"people living after diagnosis","output/prevalence_projections.csv"
"Prevalence (people)","nhl","Non-Hodgkin lymphoma (NHL)","Headline","Females",5,2012,"Estimated",7412.67475144945,7381.8737734775,7442.11385096484,"people living after diagnosis","output/prevalence_projections.csv"
"Prevalence (people)","nhl","Non-Hodgkin lymphoma (NHL)","Headline","Females",5,2013,"Estimated",7680.48479838494,7646.27254887469,7712.93530593665,"people living after diagnosis","output/prevalence_projections.csv"
"Prevalence (people)","nhl","Non-Hodgkin lymphoma (NHL)","Headline","Females",5,2014,"Estimated",8074.11872776442,8039.60373469501,8106.96642944768,"people living after diagnosis","output/prevalence_projections.csv"
"Prevalence (people)","nhl","Non-Hodgkin lymphoma (NHL)","Headline","Females",5,2015,"Estimated",8373.36222614392,8335.49713374583,8407.56197101309,"people living after diagnosis","output/prevalence_projections.csv"
"Prevalence (people)","nhl","Non-Hodgkin lymphoma (NHL)","Headline","Females",5,2016,"Estimated",8726.18106417577,8687.18951001292,8764.87071494165,"people living after diagnosis","output/prevalence_projections.csv"
"Prevalence (people)","nhl","Non-Hodgkin lymphoma (NHL)","Headline","Females",5,2017,"Estimated",9014.60051843663,8979.55612571809,9052.15280594906,"people living after diagnosis","output/prevalence_projections.csv"
"Prevalence (people)","nhl","Non-Hodgkin lymphoma (NHL)","Headline","Females",5,2018,"Estimated",9294.87053418715,9256.93411401356,9332.88022388616,"people living after diagnosis","output/prevalence_projections.csv"
"Prevalence (people)","nhl","Non-Hodgkin lymphoma (NHL)","Headline","Females",5,2019,"Estimated",9480.76206924355,9444.2627268534,9518.36027507999,"people living after diagnosis","output/prevalence_projections.csv"
"Prevalence (people)","nhl","Non-Hodgkin lymphoma (NHL)","Headline","Females",5,2020,"Estimated",9912.0632468334,9875.00061374464,9949.56174690892,"people living after diagnosis","output/prevalence_projections.csv"
"Prevalence (people)","nhl","Non-Hodgkin lymphoma (NHL)","Headline","Females",5,2021,"Estimated",10165.9696721319,10124.8665268291,10205.6297345698,"people living after diagnosis","output/prevalence_projections.csv"
"Prevalence (people)","nhl","Non-Hodgkin lymphoma (NHL)","Headline","Females",5,2022,"Projected",10491.0514608279,10415.2889384447,10563.2798273286,"people living after diagnosis","output/prevalence_projections.csv"
"Prevalence (people)","nhl","Non-Hodgkin lymphoma (NHL)","Headline","Females",5,2023,"Projected",10890.0159212825,10765.7512182607,11017.6045610607,"people living after diagnosis","output/prevalence_projections.csv"
"Prevalence (people)","nhl","Non-Hodgkin lymphoma (NHL)","Headline","Females",5,2024,"Projected",11314.0464774094,11135.8123279187,11499.577157999,"people living after diagnosis","output/prevalence_projections.csv"
"Prevalence (people)","nhl","Non-Hodgkin lymphoma (NHL)","Headline","Females",5,2025,"Projected",11613.3188899333,11383.6056921796,11854.1210037609,"people living after diagnosis","output/prevalence_projections.csv"
"Prevalence (people)","nhl","Non-Hodgkin lymphoma (NHL)","Headline","Females",5,2026,"Projected",12069.840969752,11780.408219085,12367.8959476137,"people living after diagnosis","output/prevalence_projections.csv"
"Prevalence (people)","nhl","Non-Hodgkin lymphoma (NHL)","Headline","Females",5,2027,"Projected",12516.3666047729,12208.9702457864,12818.446657286,"people living after diagnosis","output/prevalence_projections.csv"
"Prevalence (people)","nhl","Non-Hodgkin lymphoma (NHL)","Headline","Females",5,2028,"Projected",12965.13298283,12645.4950789467,13284.7870432928,"people living after diagnosis","output/prevalence_projections.csv"
"Prevalence (people)","nhl","Non-Hodgkin lymphoma (NHL)","Headline","Females",5,2029,"Projected",13416.236045367,13072.2657711298,13756.4332182561,"people living after diagnosis","output/prevalence_projections.csv"
"Prevalence (people)","nhl","Non-Hodgkin lymphoma (NHL)","Headline","Females",5,2030,"Projected",13867.4882672589,13497.9102291471,14226.3948230188,"people living after diagnosis","output/prevalence_projections.csv"
"Prevalence (people)","nhl","Non-Hodgkin lymphoma (NHL)","Headline","Females",5,2031,"Projected",14312.4142574407,13918.556771649,14693.0747614719,"people living after diagnosis","output/prevalence_projections.csv"
"Prevalence (people)","nhl","Non-Hodgkin lymphoma (NHL)","Headline","Females",5,2032,"Projected",14735.4523141047,14324.5008401433,15137.3327315103,"people living after diagnosis","output/prevalence_projections.csv"
"Prevalence (people)","nhl","Non-Hodgkin lymphoma (NHL)","Headline","Females",5,2033,"Projected",15127.418848627,14698.6261591206,15553.6808624233,"people living after diagnosis","output/prevalence_projections.csv"
"Prevalence (people)","nhl","Non-Hodgkin lymphoma (NHL)","Headline","Females",5,2034,"Projected",15490.6434350623,15029.0008047393,15944.8127773013,"people living after diagnosis","output/prevalence_projections.csv"
"Prevalence (people)","nhl","Non-Hodgkin lymphoma (NHL)","Headline","Females",5,2035,"Projected",15826.4565867181,15344.1253487008,16307.8694977013,"people living after diagnosis","output/prevalence_projections.csv"
"Prevalence (people)","nhl","Non-Hodgkin lymphoma (NHL)","Headline","Females",5,2036,"Projected",16132.178225684,15638.4774372209,16632.4293699431,"people living after diagnosis","output/prevalence_projections.csv"
"Prevalence (people)","nhl","Non-Hodgkin lymphoma (NHL)","Headline","Females",5,2037,"Projected",16439.3244741638,15921.7061474229,16969.7376271205,"people living after diagnosis","output/prevalence_projections.csv"
"Prevalence (people)","nhl","Non-Hodgkin lymphoma (NHL)","Headline","Females",5,2038,"Projected",16744.6468943015,16195.6456766043,17301.2691979897,"people living after diagnosis","output/prevalence_projections.csv"
"Prevalence (people)","nhl","Non-Hodgkin lymphoma (NHL)","Headline","Females",5,2039,"Projected",17037.3064690133,16456.5660308399,17620.9352636387,"people living after diagnosis","output/prevalence_projections.csv"
"Prevalence (people)","nhl","Non-Hodgkin lymphoma (NHL)","Headline","Females",5,2040,"Projected",17318.4129027566,16709.4611866828,17927.1124308729,"people living after diagnosis","output/prevalence_projections.csv"
"Prevalence (people)","nhl","Non-Hodgkin lymphoma (NHL)","Headline","Females",5,2041,"Projected",17586.0263165636,16938.2540376931,18228.2145796724,"people living after diagnosis","output/prevalence_projections.csv"
"Prevalence (people)","nhl","Non-Hodgkin lymphoma (NHL)","Headline","Females",5,2042,"Projected",17828.1769377636,17151.6442109422,18510.2189764263,"people living after diagnosis","output/prevalence_projections.csv"
"Prevalence (people)","nhl","Non-Hodgkin lymphoma (NHL)","Headline","Females",5,2043,"Projected",18054.0912505121,17345.0536264385,18772.1181608507,"people living after diagnosis","output/prevalence_projections.csv"
"Prevalence (people)","nhl","Non-Hodgkin lymphoma (NHL)","Headline","Females",5,2044,"Projected",18272.6299905565,17527.5947042187,19021.8195504593,"people living after diagnosis","output/prevalence_projections.csv"
"Prevalence (people)","nhl","Non-Hodgkin lymphoma (NHL)","Headline","Females",5,2045,"Projected",18482.6685497335,17700.8271040517,19262.99635612,"people living after diagnosis","output/prevalence_projections.csv"
"Prevalence (people)","nhl","Non-Hodgkin lymphoma (NHL)","Headline","Females",10,2012,"Estimated",12140.4506390595,11946.5541231188,12334.428975554,"people living after diagnosis","output/prevalence_projections.csv"
"Prevalence (people)","nhl","Non-Hodgkin lymphoma (NHL)","Headline","Females",10,2013,"Estimated",12591.1907223381,12407.8110638343,12772.6638610382,"people living after diagnosis","output/prevalence_projections.csv"
"Prevalence (people)","nhl","Non-Hodgkin lymphoma (NHL)","Headline","Females",10,2014,"Estimated",13183.5178407445,13008.3597875034,13356.7609673629,"people living after diagnosis","output/prevalence_projections.csv"
"Prevalence (people)","nhl","Non-Hodgkin lymphoma (NHL)","Headline","Females",10,2015,"Estimated",13640.3622435184,13476.2391407243,13803.8245999451,"people living after diagnosis","output/prevalence_projections.csv"
"Prevalence (people)","nhl","Non-Hodgkin lymphoma (NHL)","Headline","Females",10,2016,"Estimated",14194.8108285735,14040.4513455843,14350.9951042216,"people living after diagnosis","output/prevalence_projections.csv"
"Prevalence (people)","nhl","Non-Hodgkin lymphoma (NHL)","Headline","Females",10,2017,"Estimated",14751.888994529,14618.4040994903,14889.710023306,"people living after diagnosis","output/prevalence_projections.csv"
"Prevalence (people)","nhl","Non-Hodgkin lymphoma (NHL)","Headline","Females",10,2018,"Estimated",15271.7957936399,15152.8290839095,15393.1746241019,"people living after diagnosis","output/prevalence_projections.csv"
"Prevalence (people)","nhl","Non-Hodgkin lymphoma (NHL)","Headline","Females",10,2019,"Estimated",15793.1408839224,15684.6148694616,15917.442199915,"people living after diagnosis","output/prevalence_projections.csv"
"Prevalence (people)","nhl","Non-Hodgkin lymphoma (NHL)","Headline","Females",10,2020,"Estimated",16506.7997645667,16373.743240059,16640.689457002,"people living after diagnosis","output/prevalence_projections.csv"
"Prevalence (people)","nhl","Non-Hodgkin lymphoma (NHL)","Headline","Females",10,2021,"Estimated",17081.3399152069,16918.3941504118,17259.2870207605,"people living after diagnosis","output/prevalence_projections.csv"
"Prevalence (people)","nhl","Non-Hodgkin lymphoma (NHL)","Headline","Females",10,2022,"Projected",17651.700489653,17480.1046676207,17824.1468208451,"people living after diagnosis","output/prevalence_projections.csv"
"Prevalence (people)","nhl","Non-Hodgkin lymphoma (NHL)","Headline","Females",10,2023,"Projected",18286.7920897458,18093.2550854933,18471.2482754745,"people living after diagnosis","output/prevalence_projections.csv"
"Prevalence (people)","nhl","Non-Hodgkin lymphoma (NHL)","Headline","Females",10,2024,"Projected",18866.6365916715,18639.6965537319,19081.3585169143,"people living after diagnosis","output/prevalence_projections.csv"
"Prevalence (people)","nhl","Non-Hodgkin lymphoma (NHL)","Headline","Females",10,2025,"Projected",19513.8833445635,19240.0913444695,19783.2724895751,"people living after diagnosis","output/prevalence_projections.csv"
"Prevalence (people)","nhl","Non-Hodgkin lymphoma (NHL)","Headline","Females",10,2026,"Projected",20185.2733969393,19853.7655022197,20512.5323900812,"people living after diagnosis","output/prevalence_projections.csv"
"Prevalence (people)","nhl","Non-Hodgkin lymphoma (NHL)","Headline","Females",10,2027,"Projected",20919.361105779,20531.3411237187,21303.542116193,"people living after diagnosis","output/prevalence_projections.csv"
"Prevalence (people)","nhl","Non-Hodgkin lymphoma (NHL)","Headline","Females",10,2028,"Projected",21727.0134788089,21281.4456674763,22181.8088132761,"people living after diagnosis","output/prevalence_projections.csv"
"Prevalence (people)","nhl","Non-Hodgkin lymphoma (NHL)","Headline","Females",10,2029,"Projected",22561.9043739527,22047.0619659691,23085.2316379487,"people living after diagnosis","output/prevalence_projections.csv"
"Prevalence (people)","nhl","Non-Hodgkin lymphoma (NHL)","Headline","Females",10,2030,"Projected",23280.6975057347,22683.8174488334,23875.5186400357,"people living after diagnosis","output/prevalence_projections.csv"
"Prevalence (people)","nhl","Non-Hodgkin lymphoma (NHL)","Headline","Females",10,2031,"Projected",24119.7720557656,23436.920426321,24796.2186748052,"people living after diagnosis","output/prevalence_projections.csv"
"Prevalence (people)","nhl","Non-Hodgkin lymphoma (NHL)","Headline","Females",10,2032,"Projected",24933.069155297,24197.0619774101,25652.8796725244,"people living after diagnosis","output/prevalence_projections.csv"
"Prevalence (people)","nhl","Non-Hodgkin lymphoma (NHL)","Headline","Females",10,2033,"Projected",25725.5174680296,24948.7735594375,26503.5612740351,"people living after diagnosis","output/prevalence_projections.csv"
"Prevalence (people)","nhl","Non-Hodgkin lymphoma (NHL)","Headline","Females",10,2034,"Projected",26493.8587967474,25654.5090888453,27326.9311017222,"people living after diagnosis","output/prevalence_projections.csv"
"Prevalence (people)","nhl","Non-Hodgkin lymphoma (NHL)","Headline","Females",10,2035,"Projected",27228.2000196228,26324.3663313057,28135.4638995135,"people living after diagnosis","output/prevalence_projections.csv"
"Prevalence (people)","nhl","Non-Hodgkin lymphoma (NHL)","Headline","Females",10,2036,"Projected",27938.8736815558,26961.4192915821,28900.0487042926,"people living after diagnosis","output/prevalence_projections.csv"
"Prevalence (people)","nhl","Non-Hodgkin lymphoma (NHL)","Headline","Females",10,2037,"Projected",28605.5010605761,27567.9253198545,29645.9747827985,"people living after diagnosis","output/prevalence_projections.csv"
"Prevalence (people)","nhl","Non-Hodgkin lymphoma (NHL)","Headline","Females",10,2038,"Projected",29231.7992984461,28136.1609120106,30339.939964392,"people living after diagnosis","output/prevalence_projections.csv"
"Prevalence (people)","nhl","Non-Hodgkin lymphoma (NHL)","Headline","Females",10,2039,"Projected",29808.3979753798,28654.2153227763,30983.0192301345,"people living after diagnosis","output/prevalence_projections.csv"
"Prevalence (people)","nhl","Non-Hodgkin lymphoma (NHL)","Headline","Females",10,2040,"Projected",30335.6391435456,29106.1446064005,31568.237322349,"people living after diagnosis","output/prevalence_projections.csv"
"Prevalence (people)","nhl","Non-Hodgkin lymphoma (NHL)","Headline","Females",10,2041,"Projected",30809.2599844906,29532.6939712781,32110.1074327459,"people living after diagnosis","output/prevalence_projections.csv"
"Prevalence (people)","nhl","Non-Hodgkin lymphoma (NHL)","Headline","Females",10,2042,"Projected",31277.2992334357,29934.9379511386,32632.8957971719,"people living after diagnosis","output/prevalence_projections.csv"
"Prevalence (people)","nhl","Non-Hodgkin lymphoma (NHL)","Headline","Females",10,2043,"Projected",31716.9006468889,30322.5768830496,33146.2861717847,"people living after diagnosis","output/prevalence_projections.csv"
"Prevalence (people)","nhl","Non-Hodgkin lymphoma (NHL)","Headline","Females",10,2044,"Projected",32142.5982575574,30692.1067713438,33609.9659538599,"people living after diagnosis","output/prevalence_projections.csv"
"Prevalence (people)","nhl","Non-Hodgkin lymphoma (NHL)","Headline","Females",10,2045,"Projected",32559.3571409708,31045.4681282019,34088.4954068536,"people living after diagnosis","output/prevalence_projections.csv"
"Prevalence (people)","nhl","Non-Hodgkin lymphoma (NHL)","Headline","Females",40,2012,"Estimated",20033.6727060797,18105.5018565298,22652.8921230266,"people living after diagnosis","output/prevalence_projections.csv"
"Prevalence (people)","nhl","Non-Hodgkin lymphoma (NHL)","Headline","Females",40,2013,"Estimated",20979.2548207939,18953.9183166287,23698.7022216225,"people living after diagnosis","output/prevalence_projections.csv"
"Prevalence (people)","nhl","Non-Hodgkin lymphoma (NHL)","Headline","Females",40,2014,"Estimated",22081.3103076477,19966.5598918161,24900.0132618342,"people living after diagnosis","output/prevalence_projections.csv"
"Prevalence (people)","nhl","Non-Hodgkin lymphoma (NHL)","Headline","Females",40,2015,"Estimated",23095.9601928584,20896.6406837962,26032.481660156,"people living after diagnosis","output/prevalence_projections.csv"
"Prevalence (people)","nhl","Non-Hodgkin lymphoma (NHL)","Headline","Females",40,2016,"Estimated",24185.5584290422,21891.1373128551,27235.5335586516,"people living after diagnosis","output/prevalence_projections.csv"
"Prevalence (people)","nhl","Non-Hodgkin lymphoma (NHL)","Headline","Females",40,2017,"Estimated",25313.6092023432,22909.026128587,28473.8377880151,"people living after diagnosis","output/prevalence_projections.csv"
"Prevalence (people)","nhl","Non-Hodgkin lymphoma (NHL)","Headline","Females",40,2018,"Estimated",26415.6644490872,23926.7570345676,29687.0591072371,"people living after diagnosis","output/prevalence_projections.csv"
"Prevalence (people)","nhl","Non-Hodgkin lymphoma (NHL)","Headline","Females",40,2019,"Estimated",27570.8411536222,25007.0423895061,30929.5062665865,"people living after diagnosis","output/prevalence_projections.csv"
"Prevalence (people)","nhl","Non-Hodgkin lymphoma (NHL)","Headline","Females",40,2020,"Estimated",28938.2377539016,26310.2741674209,32331.7109377741,"people living after diagnosis","output/prevalence_projections.csv"
"Prevalence (people)","nhl","Non-Hodgkin lymphoma (NHL)","Headline","Females",40,2021,"Estimated",30165.9110302894,27460.8459257558,33621.9309646548,"people living after diagnosis","output/prevalence_projections.csv"
"Prevalence (people)","nhl","Non-Hodgkin lymphoma (NHL)","Headline","Females",40,2022,"Projected",31360.9974922387,28648.4498031192,34769.8488492464,"people living after diagnosis","output/prevalence_projections.csv"
"Prevalence (people)","nhl","Non-Hodgkin lymphoma (NHL)","Headline","Females",40,2023,"Projected",32631.3965948326,29958.9985209766,36005.7943674523,"people living after diagnosis","output/prevalence_projections.csv"
"Prevalence (people)","nhl","Non-Hodgkin lymphoma (NHL)","Headline","Females",40,2024,"Projected",33959.8005336335,31354.9664022032,37254.6699029636,"people living after diagnosis","output/prevalence_projections.csv"
"Prevalence (people)","nhl","Non-Hodgkin lymphoma (NHL)","Headline","Females",40,2025,"Projected",35311.2326278432,32781.7723107251,38559.6305079129,"people living after diagnosis","output/prevalence_projections.csv"
"Prevalence (people)","nhl","Non-Hodgkin lymphoma (NHL)","Headline","Females",40,2026,"Projected",36697.1464936066,34245.6539787325,39929.4632070334,"people living after diagnosis","output/prevalence_projections.csv"
"Prevalence (people)","nhl","Non-Hodgkin lymphoma (NHL)","Headline","Females",40,2027,"Projected",38160.5243846901,35793.7484419562,41270.7214976927,"people living after diagnosis","output/prevalence_projections.csv"
"Prevalence (people)","nhl","Non-Hodgkin lymphoma (NHL)","Headline","Females",40,2028,"Projected",39662.9327142182,37392.3459230791,42670.3157278532,"people living after diagnosis","output/prevalence_projections.csv"
"Prevalence (people)","nhl","Non-Hodgkin lymphoma (NHL)","Headline","Females",40,2029,"Projected",41220.8249122495,39056.900982306,44122.2955518808,"people living after diagnosis","output/prevalence_projections.csv"
"Prevalence (people)","nhl","Non-Hodgkin lymphoma (NHL)","Headline","Females",40,2030,"Projected",42831.0448640611,40709.9844967287,45608.0975926296,"people living after diagnosis","output/prevalence_projections.csv"
"Prevalence (people)","nhl","Non-Hodgkin lymphoma (NHL)","Headline","Females",40,2031,"Projected",44454.9271993017,42417.1116602654,47084.1991509836,"people living after diagnosis","output/prevalence_projections.csv"
"Prevalence (people)","nhl","Non-Hodgkin lymphoma (NHL)","Headline","Females",40,2032,"Projected",46106.9005791177,44165.2655458167,48596.7432655086,"people living after diagnosis","output/prevalence_projections.csv"
"Prevalence (people)","nhl","Non-Hodgkin lymphoma (NHL)","Headline","Females",40,2033,"Projected",47778.2927495919,45906.4635154669,50181.6695173269,"people living after diagnosis","output/prevalence_projections.csv"
"Prevalence (people)","nhl","Non-Hodgkin lymphoma (NHL)","Headline","Females",40,2034,"Projected",49467.7476115376,47641.4423907406,51792.3931280996,"people living after diagnosis","output/prevalence_projections.csv"
"Prevalence (people)","nhl","Non-Hodgkin lymphoma (NHL)","Headline","Females",40,2035,"Projected",51158.4652785854,49259.1773523681,53485.7982203134,"people living after diagnosis","output/prevalence_projections.csv"
"Prevalence (people)","nhl","Non-Hodgkin lymphoma (NHL)","Headline","Females",40,2036,"Projected",52846.5916251139,50877.0207006482,55264.6895463755,"people living after diagnosis","output/prevalence_projections.csv"
"Prevalence (people)","nhl","Non-Hodgkin lymphoma (NHL)","Headline","Females",40,2037,"Projected",54584.2127089623,52442.8754407787,57152.8488279103,"people living after diagnosis","output/prevalence_projections.csv"
"Prevalence (people)","nhl","Non-Hodgkin lymphoma (NHL)","Headline","Females",40,2038,"Projected",56333.0584820529,53953.7366823542,58978.4369090398,"people living after diagnosis","output/prevalence_projections.csv"
"Prevalence (people)","nhl","Non-Hodgkin lymphoma (NHL)","Headline","Females",40,2039,"Projected",58061.983121509,55535.179137669,60973.5649159985,"people living after diagnosis","output/prevalence_projections.csv"
"Prevalence (people)","nhl","Non-Hodgkin lymphoma (NHL)","Headline","Females",40,2040,"Projected",59751.8710983713,56926.4891231353,62912.6759166148,"people living after diagnosis","output/prevalence_projections.csv"
"Prevalence (people)","nhl","Non-Hodgkin lymphoma (NHL)","Headline","Females",40,2041,"Projected",61433.6461189029,58232.7661294441,64854.0862469692,"people living after diagnosis","output/prevalence_projections.csv"
"Prevalence (people)","nhl","Non-Hodgkin lymphoma (NHL)","Headline","Females",40,2042,"Projected",63081.8859168589,59453.814260966,66940.558177019,"people living after diagnosis","output/prevalence_projections.csv"
"Prevalence (people)","nhl","Non-Hodgkin lymphoma (NHL)","Headline","Females",40,2043,"Projected",64752.0947273644,60702.3406704962,69025.0912863734,"people living after diagnosis","output/prevalence_projections.csv"
"Prevalence (people)","nhl","Non-Hodgkin lymphoma (NHL)","Headline","Females",40,2044,"Projected",66376.0396217763,61967.3981686546,71174.2038433145,"people living after diagnosis","output/prevalence_projections.csv"
"Prevalence (people)","nhl","Non-Hodgkin lymphoma (NHL)","Headline","Females",40,2045,"Projected",67940.1020355787,63134.2864331538,73269.1686037141,"people living after diagnosis","output/prevalence_projections.csv"
"Prevalence (people)","nhl","Non-Hodgkin lymphoma (NHL)","Headline","Males",2,2012,"Estimated",4644.87134994607,4627.07617822333,4663.45377513416,"people living after diagnosis","output/prevalence_projections.csv"
"Prevalence (people)","nhl","Non-Hodgkin lymphoma (NHL)","Headline","Males",2,2013,"Estimated",4802.4783435514,4776.4607832498,4830.25283780282,"people living after diagnosis","output/prevalence_projections.csv"
"Prevalence (people)","nhl","Non-Hodgkin lymphoma (NHL)","Headline","Males",2,2014,"Estimated",4917.64187395633,4891.90917912847,4945.00358771708,"people living after diagnosis","output/prevalence_projections.csv"
"Prevalence (people)","nhl","Non-Hodgkin lymphoma (NHL)","Headline","Males",2,2015,"Estimated",5016.85055974686,4990.92691663587,5044.05461334643,"people living after diagnosis","output/prevalence_projections.csv"
"Prevalence (people)","nhl","Non-Hodgkin lymphoma (NHL)","Headline","Males",2,2016,"Estimated",5170.14659463957,5142.26635258791,5198.16421653276,"people living after diagnosis","output/prevalence_projections.csv"
"Prevalence (people)","nhl","Non-Hodgkin lymphoma (NHL)","Headline","Males",2,2017,"Estimated",5505.27661986387,5483.21785089588,5526.82199759793,"people living after diagnosis","output/prevalence_projections.csv"
"Prevalence (people)","nhl","Non-Hodgkin lymphoma (NHL)","Headline","Males",2,2018,"Estimated",5695.8575135054,5671.62946167772,5719.1806734616,"people living after diagnosis","output/prevalence_projections.csv"
"Prevalence (people)","nhl","Non-Hodgkin lymphoma (NHL)","Headline","Males",2,2019,"Estimated",5819.33101408543,5793.06758264903,5845.29094065871,"people living after diagnosis","output/prevalence_projections.csv"
"Prevalence (people)","nhl","Non-Hodgkin lymphoma (NHL)","Headline","Males",2,2020,"Estimated",6083.69379905442,6053.98243949416,6112.00899009333,"people living after diagnosis","output/prevalence_projections.csv"
"Prevalence (people)","nhl","Non-Hodgkin lymphoma (NHL)","Headline","Males",2,2021,"Estimated",6086.62312006614,6051.94737530424,6117.9546746624,"people living after diagnosis","output/prevalence_projections.csv"
"Prevalence (people)","nhl","Non-Hodgkin lymphoma (NHL)","Headline","Males",2,2022,"Projected",6152.00950176303,6071.72148703536,6234.04887567669,"people living after diagnosis","output/prevalence_projections.csv"
"Prevalence (people)","nhl","Non-Hodgkin lymphoma (NHL)","Headline","Males",2,2023,"Projected",6456.70904533867,6312.92649011474,6608.46098819888,"people living after diagnosis","output/prevalence_projections.csv"
"Prevalence (people)","nhl","Non-Hodgkin lymphoma (NHL)","Headline","Males",2,2024,"Projected",6686.26204937579,6541.59077414019,6839.57912599185,"people living after diagnosis","output/prevalence_projections.csv"
"Prevalence (people)","nhl","Non-Hodgkin lymphoma (NHL)","Headline","Males",2,2025,"Projected",6915.57295496323,6767.87003151106,7069.28703530206,"people living after diagnosis","output/prevalence_projections.csv"
"Prevalence (people)","nhl","Non-Hodgkin lymphoma (NHL)","Headline","Males",2,2026,"Projected",7150.79191728078,6995.50481473838,7312.0671084077,"people living after diagnosis","output/prevalence_projections.csv"
"Prevalence (people)","nhl","Non-Hodgkin lymphoma (NHL)","Headline","Males",2,2027,"Projected",7388.34603046519,7221.99141080399,7555.21449858784,"people living after diagnosis","output/prevalence_projections.csv"
"Prevalence (people)","nhl","Non-Hodgkin lymphoma (NHL)","Headline","Males",2,2028,"Projected",7620.6928603325,7447.50284115088,7801.24272588896,"people living after diagnosis","output/prevalence_projections.csv"
"Prevalence (people)","nhl","Non-Hodgkin lymphoma (NHL)","Headline","Males",2,2029,"Projected",7846.28287353565,7663.4612932141,8036.71728402705,"people living after diagnosis","output/prevalence_projections.csv"
"Prevalence (people)","nhl","Non-Hodgkin lymphoma (NHL)","Headline","Males",2,2030,"Projected",8064.20493502283,7866.71113585164,8267.82448173887,"people living after diagnosis","output/prevalence_projections.csv"
"Prevalence (people)","nhl","Non-Hodgkin lymphoma (NHL)","Headline","Males",2,2031,"Projected",8273.56844698437,8062.6426640938,8486.18278212362,"people living after diagnosis","output/prevalence_projections.csv"
"Prevalence (people)","nhl","Non-Hodgkin lymphoma (NHL)","Headline","Males",2,2032,"Projected",8465.05783492437,8244.98779603201,8691.75934245826,"people living after diagnosis","output/prevalence_projections.csv"
"Prevalence (people)","nhl","Non-Hodgkin lymphoma (NHL)","Headline","Males",2,2033,"Projected",8623.66290779075,8398.37775144904,8862.18538355624,"people living after diagnosis","output/prevalence_projections.csv"
"Prevalence (people)","nhl","Non-Hodgkin lymphoma (NHL)","Headline","Males",2,2034,"Projected",8776.68714169531,8542.10318113381,9027.81847317942,"people living after diagnosis","output/prevalence_projections.csv"
"Prevalence (people)","nhl","Non-Hodgkin lymphoma (NHL)","Headline","Males",2,2035,"Projected",8929.44910034825,8678.16958889671,9191.04018457646,"people living after diagnosis","output/prevalence_projections.csv"
"Prevalence (people)","nhl","Non-Hodgkin lymphoma (NHL)","Headline","Males",2,2036,"Projected",9084.01828417587,8820.95359030372,9363.35413612463,"people living after diagnosis","output/prevalence_projections.csv"
"Prevalence (people)","nhl","Non-Hodgkin lymphoma (NHL)","Headline","Males",2,2037,"Projected",9236.05229008221,8958.30722814933,9524.7970852545,"people living after diagnosis","output/prevalence_projections.csv"
"Prevalence (people)","nhl","Non-Hodgkin lymphoma (NHL)","Headline","Males",2,2038,"Projected",9377.9460786394,9088.20415101745,9683.96756610714,"people living after diagnosis","output/prevalence_projections.csv"
"Prevalence (people)","nhl","Non-Hodgkin lymphoma (NHL)","Headline","Males",2,2039,"Projected",9504.40339165917,9205.82658971552,9825.19728734917,"people living after diagnosis","output/prevalence_projections.csv"
"Prevalence (people)","nhl","Non-Hodgkin lymphoma (NHL)","Headline","Males",2,2040,"Projected",9616.49687992687,9307.13727553333,9954.6288740887,"people living after diagnosis","output/prevalence_projections.csv"
"Prevalence (people)","nhl","Non-Hodgkin lymphoma (NHL)","Headline","Males",2,2041,"Projected",9714.86076643025,9395.26223976848,10071.6263116683,"people living after diagnosis","output/prevalence_projections.csv"
"Prevalence (people)","nhl","Non-Hodgkin lymphoma (NHL)","Headline","Males",2,2042,"Projected",9802.74064184804,9478.15371885904,10172.1781423214,"people living after diagnosis","output/prevalence_projections.csv"
"Prevalence (people)","nhl","Non-Hodgkin lymphoma (NHL)","Headline","Males",2,2043,"Projected",9884.44320707024,9549.14588030751,10262.3827708934,"people living after diagnosis","output/prevalence_projections.csv"
"Prevalence (people)","nhl","Non-Hodgkin lymphoma (NHL)","Headline","Males",2,2044,"Projected",9963.21408942896,9619.63951823352,10349.8866796675,"people living after diagnosis","output/prevalence_projections.csv"
"Prevalence (people)","nhl","Non-Hodgkin lymphoma (NHL)","Headline","Males",2,2045,"Projected",10043.6115476932,9689.62102434662,10447.0399143194,"people living after diagnosis","output/prevalence_projections.csv"
"Prevalence (people)","nhl","Non-Hodgkin lymphoma (NHL)","Headline","Males",3,2012,"Estimated",6505.84039470913,6482.40726183291,6531.56138011664,"people living after diagnosis","output/prevalence_projections.csv"
"Prevalence (people)","nhl","Non-Hodgkin lymphoma (NHL)","Headline","Males",3,2013,"Estimated",6764.9218976649,6733.81549931828,6796.02474327191,"people living after diagnosis","output/prevalence_projections.csv"
"Prevalence (people)","nhl","Non-Hodgkin lymphoma (NHL)","Headline","Males",3,2014,"Estimated",7012.490445965,6981.7726167684,7044.25845690359,"people living after diagnosis","output/prevalence_projections.csv"
"Prevalence (people)","nhl","Non-Hodgkin lymphoma (NHL)","Headline","Males",3,2015,"Estimated",7127.24248397761,7096.31001753309,7159.96632743827,"people living after diagnosis","output/prevalence_projections.csv"
"Prevalence (people)","nhl","Non-Hodgkin lymphoma (NHL)","Headline","Males",3,2016,"Estimated",7377.16214188378,7345.05569774642,7411.46120828936,"people living after diagnosis","output/prevalence_projections.csv"
"Prevalence (people)","nhl","Non-Hodgkin lymphoma (NHL)","Headline","Males",3,2017,"Estimated",7708.77307131601,7679.43994711178,7736.79796111181,"people living after diagnosis","output/prevalence_projections.csv"
"Prevalence (people)","nhl","Non-Hodgkin lymphoma (NHL)","Headline","Males",3,2018,"Estimated",8036.17340380605,8003.9928155405,8067.73690616544,"people living after diagnosis","output/prevalence_projections.csv"
"Prevalence (people)","nhl","Non-Hodgkin lymphoma (NHL)","Headline","Males",3,2019,"Estimated",8319.38687653558,8289.06175385882,8348.04102836492,"people living after diagnosis","output/prevalence_projections.csv"
"Prevalence (people)","nhl","Non-Hodgkin lymphoma (NHL)","Headline","Males",3,2020,"Estimated",8603.91219609271,8570.77646765987,8635.89007814257,"people living after diagnosis","output/prevalence_projections.csv"
"Prevalence (people)","nhl","Non-Hodgkin lymphoma (NHL)","Headline","Males",3,2021,"Estimated",8713.9952668768,8676.50538079871,8750.01978104873,"people living after diagnosis","output/prevalence_projections.csv"
"Prevalence (people)","nhl","Non-Hodgkin lymphoma (NHL)","Headline","Males",3,2022,"Projected",8925.66529170787,8842.18694155356,9003.72899787683,"people living after diagnosis","output/prevalence_projections.csv"
"Prevalence (people)","nhl","Non-Hodgkin lymphoma (NHL)","Headline","Males",3,2023,"Projected",9106.31577613432,8960.70588417419,9249.40128249482,"people living after diagnosis","output/prevalence_projections.csv"
"Prevalence (people)","nhl","Non-Hodgkin lymphoma (NHL)","Headline","Males",3,2024,"Projected",9510.66047747577,9304.26035152051,9718.76646614428,"people living after diagnosis","output/prevalence_projections.csv"
"Prevalence (people)","nhl","Non-Hodgkin lymphoma (NHL)","Headline","Males",3,2025,"Projected",9851.25136217146,9639.2858469214,10058.3781975869,"people living after diagnosis","output/prevalence_projections.csv"
"Prevalence (people)","nhl","Non-Hodgkin lymphoma (NHL)","Headline","Males",3,2026,"Projected",10191.4461450357,9981.09928444783,10407.0961751844,"people living after diagnosis","output/prevalence_projections.csv"
"Prevalence (people)","nhl","Non-Hodgkin lymphoma (NHL)","Headline","Males",3,2027,"Projected",10536.8914848403,10320.790485077,10761.6013919792,"people living after diagnosis","output/prevalence_projections.csv"
"Prevalence (people)","nhl","Non-Hodgkin lymphoma (NHL)","Headline","Males",3,2028,"Projected",10881.9444136897,10654.6681855204,11122.2038420808,"people living after diagnosis","output/prevalence_projections.csv"
"Prevalence (people)","nhl","Non-Hodgkin lymphoma (NHL)","Headline","Males",3,2029,"Projected",11221.1210656355,10982.2451257497,11468.5797634324,"people living after diagnosis","output/prevalence_projections.csv"
"Prevalence (people)","nhl","Non-Hodgkin lymphoma (NHL)","Headline","Males",3,2030,"Projected",11548.011888302,11302.9321024305,11811.0910245258,"people living after diagnosis","output/prevalence_projections.csv"
"Prevalence (people)","nhl","Non-Hodgkin lymphoma (NHL)","Headline","Males",3,2031,"Projected",11865.151239964,11598.2815281869,12144.0035689157,"people living after diagnosis","output/prevalence_projections.csv"
"Prevalence (people)","nhl","Non-Hodgkin lymphoma (NHL)","Headline","Males",3,2032,"Projected",12160.3468176016,11872.733680862,12461.3426438858,"people living after diagnosis","output/prevalence_projections.csv"
"Prevalence (people)","nhl","Non-Hodgkin lymphoma (NHL)","Headline","Males",3,2033,"Projected",12420.7625356918,12113.4420342525,12737.8916840203,"people living after diagnosis","output/prevalence_projections.csv"
"Prevalence (people)","nhl","Non-Hodgkin lymphoma (NHL)","Headline","Males",3,2034,"Projected",12640.6692783797,12318.3041861028,12971.6808315452,"people living after diagnosis","output/prevalence_projections.csv"
"Prevalence (people)","nhl","Non-Hodgkin lymphoma (NHL)","Headline","Males",3,2035,"Projected",12856.0802263961,12519.8778415668,13205.8988772357,"people living after diagnosis","output/prevalence_projections.csv"
"Prevalence (people)","nhl","Non-Hodgkin lymphoma (NHL)","Headline","Males",3,2036,"Projected",13071.6631642755,12722.6642968794,13434.9994172585,"people living after diagnosis","output/prevalence_projections.csv"
"Prevalence (people)","nhl","Non-Hodgkin lymphoma (NHL)","Headline","Males",3,2037,"Projected",13283.5652464751,12918.7151614935,13668.8320089943,"people living after diagnosis","output/prevalence_projections.csv"
"Prevalence (people)","nhl","Non-Hodgkin lymphoma (NHL)","Headline","Males",3,2038,"Projected",13490.4951749145,13116.5843796644,13894.5697522572,"people living after diagnosis","output/prevalence_projections.csv"
"Prevalence (people)","nhl","Non-Hodgkin lymphoma (NHL)","Headline","Males",3,2039,"Projected",13676.7776328479,13289.655393319,14101.6623126628,"people living after diagnosis","output/prevalence_projections.csv"
"Prevalence (people)","nhl","Non-Hodgkin lymphoma (NHL)","Headline","Males",3,2040,"Projected",13843.640511547,13440.2189535447,14288.677558044,"people living after diagnosis","output/prevalence_projections.csv"
"Prevalence (people)","nhl","Non-Hodgkin lymphoma (NHL)","Headline","Males",3,2041,"Projected",13987.815490312,13572.0126535105,14452.02602766,"people living after diagnosis","output/prevalence_projections.csv"
"Prevalence (people)","nhl","Non-Hodgkin lymphoma (NHL)","Headline","Males",3,2042,"Projected",14118.1128684458,13694.2397249169,14603.2498668352,"people living after diagnosis","output/prevalence_projections.csv"
"Prevalence (people)","nhl","Non-Hodgkin lymphoma (NHL)","Headline","Males",3,2043,"Projected",14237.6938903773,13794.6602530572,14742.9457772218,"people living after diagnosis","output/prevalence_projections.csv"
"Prevalence (people)","nhl","Non-Hodgkin lymphoma (NHL)","Headline","Males",3,2044,"Projected",14351.6519847995,13892.498383782,14876.1639450946,"people living after diagnosis","output/prevalence_projections.csv"
"Prevalence (people)","nhl","Non-Hodgkin lymphoma (NHL)","Headline","Males",3,2045,"Projected",14462.8770577459,13985.4674944723,15013.2587013433,"people living after diagnosis","output/prevalence_projections.csv"
"Prevalence (people)","nhl","Non-Hodgkin lymphoma (NHL)","Headline","Males",5,2012,"Estimated",9619.51949746853,9581.44550404355,9656.12993295647,"people living after diagnosis","output/prevalence_projections.csv"
"Prevalence (people)","nhl","Non-Hodgkin lymphoma (NHL)","Headline","Males",5,2013,"Estimated",10067.1960151781,10026.1781152776,10109.6610832669,"people living after diagnosis","output/prevalence_projections.csv"
"Prevalence (people)","nhl","Non-Hodgkin lymphoma (NHL)","Headline","Males",5,2014,"Estimated",10516.7250627079,10477.5523647134,10555.7490395152,"people living after diagnosis","output/prevalence_projections.csv"
"Prevalence (people)","nhl","Non-Hodgkin lymphoma (NHL)","Headline","Males",5,2015,"Estimated",10834.1709293062,10793.3102892049,10877.4340257687,"people living after diagnosis","output/prevalence_projections.csv"
"Prevalence (people)","nhl","Non-Hodgkin lymphoma (NHL)","Headline","Males",5,2016,"Estimated",11210.1061448425,11165.669653544,11251.6246854186,"people living after diagnosis","output/prevalence_projections.csv"
"Prevalence (people)","nhl","Non-Hodgkin lymphoma (NHL)","Headline","Males",5,2017,"Estimated",11645.021785258,11603.7879280634,11683.0758683318,"people living after diagnosis","output/prevalence_projections.csv"
"Prevalence (people)","nhl","Non-Hodgkin lymphoma (NHL)","Headline","Males",5,2018,"Estimated",12057.6953534061,12013.9988680484,12099.9474340527,"people living after diagnosis","output/prevalence_projections.csv"
"Prevalence (people)","nhl","Non-Hodgkin lymphoma (NHL)","Headline","Males",5,2019,"Estimated",12460.9356537811,12419.9020102788,12503.9026452783,"people living after diagnosis","output/prevalence_projections.csv"
"Prevalence (people)","nhl","Non-Hodgkin lymphoma (NHL)","Headline","Males",5,2020,"Estimated",13031.9378311782,12987.6519443612,13077.5473237367,"people living after diagnosis","output/prevalence_projections.csv"
"Prevalence (people)","nhl","Non-Hodgkin lymphoma (NHL)","Headline","Males",5,2021,"Estimated",13311.3281003595,13268.0885018998,13357.4761796116,"people living after diagnosis","output/prevalence_projections.csv"
"Prevalence (people)","nhl","Non-Hodgkin lymphoma (NHL)","Headline","Males",5,2022,"Projected",13646.1528427789,13558.9901616977,13731.4591981492,"people living after diagnosis","output/prevalence_projections.csv"
"Prevalence (people)","nhl","Non-Hodgkin lymphoma (NHL)","Headline","Males",5,2023,"Projected",14069.3936998593,13919.8467339334,14218.8493650956,"people living after diagnosis","output/prevalence_projections.csv"
"Prevalence (people)","nhl","Non-Hodgkin lymphoma (NHL)","Headline","Males",5,2024,"Projected",14486.0020287131,14271.6281128839,14692.9889127451,"people living after diagnosis","output/prevalence_projections.csv"
"Prevalence (people)","nhl","Non-Hodgkin lymphoma (NHL)","Headline","Males",5,2025,"Projected",14871.7964105603,14599.1097775003,15140.2535490755,"people living after diagnosis","output/prevalence_projections.csv"
"Prevalence (people)","nhl","Non-Hodgkin lymphoma (NHL)","Headline","Males",5,2026,"Projected",15473.0680207128,15141.0210034508,15802.8468327169,"people living after diagnosis","output/prevalence_projections.csv"
"Prevalence (people)","nhl","Non-Hodgkin lymphoma (NHL)","Headline","Males",5,2027,"Projected",16017.2545669105,15681.3931502541,16363.3546799711,"people living after diagnosis","output/prevalence_projections.csv"
"Prevalence (people)","nhl","Non-Hodgkin lymphoma (NHL)","Headline","Males",5,2028,"Projected",16562.5326841677,16222.3826291004,16920.6795502525,"people living after diagnosis","output/prevalence_projections.csv"
"Prevalence (people)","nhl","Non-Hodgkin lymphoma (NHL)","Headline","Males",5,2029,"Projected",17104.4364854106,16753.3803640561,17472.0488982043,"people living after diagnosis","output/prevalence_projections.csv"
"Prevalence (people)","nhl","Non-Hodgkin lymphoma (NHL)","Headline","Males",5,2030,"Projected",17639.4675767923,17274.528927031,18022.1618869138,"people living after diagnosis","output/prevalence_projections.csv"
"Prevalence (people)","nhl","Non-Hodgkin lymphoma (NHL)","Headline","Males",5,2031,"Projected",18158.2349697203,17771.0137180812,18564.5446309247,"people living after diagnosis","output/prevalence_projections.csv"
"Prevalence (people)","nhl","Non-Hodgkin lymphoma (NHL)","Headline","Males",5,2032,"Projected",18648.0328021197,18242.0406081978,19079.3724686279,"people living after diagnosis","output/prevalence_projections.csv"
"Prevalence (people)","nhl","Non-Hodgkin lymphoma (NHL)","Headline","Males",5,2033,"Projected",19095.0477619714,18663.0163819251,19554.8241847077,"people living after diagnosis","output/prevalence_projections.csv"
"Prevalence (people)","nhl","Non-Hodgkin lymphoma (NHL)","Headline","Males",5,2034,"Projected",19501.2101181141,19034.0704987546,19975.8680401899,"people living after diagnosis","output/prevalence_projections.csv"
"Prevalence (people)","nhl","Non-Hodgkin lymphoma (NHL)","Headline","Males",5,2035,"Projected",19857.9802236864,19372.3253075031,20357.7863896283,"people living after diagnosis","output/prevalence_projections.csv"
"Prevalence (people)","nhl","Non-Hodgkin lymphoma (NHL)","Headline","Males",5,2036,"Projected",20178.2517132845,19670.536870298,20702.7471930393,"people living after diagnosis","output/prevalence_projections.csv"
"Prevalence (people)","nhl","Non-Hodgkin lymphoma (NHL)","Headline","Males",5,2037,"Projected",20496.5044141382,19979.5927726309,21041.7146359203,"people living after diagnosis","output/prevalence_projections.csv"
"Prevalence (people)","nhl","Non-Hodgkin lymphoma (NHL)","Headline","Males",5,2038,"Projected",20805.0354697887,20267.1032519314,21373.2655352379,"people living after diagnosis","output/prevalence_projections.csv"
"Prevalence (people)","nhl","Non-Hodgkin lymphoma (NHL)","Headline","Males",5,2039,"Projected",21097.2592871614,20533.6313881299,21694.2957300391,"people living after diagnosis","output/prevalence_projections.csv"
"Prevalence (people)","nhl","Non-Hodgkin lymphoma (NHL)","Headline","Males",5,2040,"Projected",21370.3523751113,20769.4793189356,21995.5436886481,"people living after diagnosis","output/prevalence_projections.csv"
"Prevalence (people)","nhl","Non-Hodgkin lymphoma (NHL)","Headline","Males",5,2041,"Projected",21610.9219381366,20977.9843420182,22270.6139072476,"people living after diagnosis","output/prevalence_projections.csv"
"Prevalence (people)","nhl","Non-Hodgkin lymphoma (NHL)","Headline","Males",5,2042,"Projected",21824.4124060757,21171.5934372398,22515.7537486485,"people living after diagnosis","output/prevalence_projections.csv"
"Prevalence (people)","nhl","Non-Hodgkin lymphoma (NHL)","Headline","Males",5,2043,"Projected",22018.3128332436,21345.7459661202,22746.6046626278,"people living after diagnosis","output/prevalence_projections.csv"
"Prevalence (people)","nhl","Non-Hodgkin lymphoma (NHL)","Headline","Males",5,2044,"Projected",22193.3574858489,21507.7276905807,22967.3197961767,"people living after diagnosis","output/prevalence_projections.csv"
"Prevalence (people)","nhl","Non-Hodgkin lymphoma (NHL)","Headline","Males",5,2045,"Projected",22357.1747396914,21649.6153488071,23167.1731071247,"people living after diagnosis","output/prevalence_projections.csv"
"Prevalence (people)","nhl","Non-Hodgkin lymphoma (NHL)","Headline","Males",10,2012,"Estimated",15287.8750427142,15065.4640392114,15501.5666654036,"people living after diagnosis","output/prevalence_projections.csv"
"Prevalence (people)","nhl","Non-Hodgkin lymphoma (NHL)","Headline","Males",10,2013,"Estimated",15902.5771705622,15683.025678642,16111.3057898324,"people living after diagnosis","output/prevalence_projections.csv"
"Prevalence (people)","nhl","Non-Hodgkin lymphoma (NHL)","Headline","Males",10,2014,"Estimated",16570.8959402047,16365.6073426828,16762.7146194903,"people living after diagnosis","output/prevalence_projections.csv"
"Prevalence (people)","nhl","Non-Hodgkin lymphoma (NHL)","Headline","Males",10,2015,"Estimated",17186.1668986325,16991.0839142797,17377.4622975074,"people living after diagnosis","output/prevalence_projections.csv"
"Prevalence (people)","nhl","Non-Hodgkin lymphoma (NHL)","Headline","Males",10,2016,"Estimated",17888.7580296257,17713.4044362009,18067.4418057616,"people living after diagnosis","output/prevalence_projections.csv"
"Prevalence (people)","nhl","Non-Hodgkin lymphoma (NHL)","Headline","Males",10,2017,"Estimated",18739.8407232228,18575.9181563225,18911.6466048793,"people living after diagnosis","output/prevalence_projections.csv"
"Prevalence (people)","nhl","Non-Hodgkin lymphoma (NHL)","Headline","Males",10,2018,"Estimated",19497.0009683781,19347.5382785684,19655.5834844239,"people living after diagnosis","output/prevalence_projections.csv"
"Prevalence (people)","nhl","Non-Hodgkin lymphoma (NHL)","Headline","Males",10,2019,"Estimated",20267.0918014031,20134.5538209434,20408.2718868096,"people living after diagnosis","output/prevalence_projections.csv"
"Prevalence (people)","nhl","Non-Hodgkin lymphoma (NHL)","Headline","Males",10,2020,"Estimated",21088.899660113,20931.5888662156,21241.7380530657,"people living after diagnosis","output/prevalence_projections.csv"
"Prevalence (people)","nhl","Non-Hodgkin lymphoma (NHL)","Headline","Males",10,2021,"Estimated",21660.6324977898,21456.7972807134,21854.4491825405,"people living after diagnosis","output/prevalence_projections.csv"
"Prevalence (people)","nhl","Non-Hodgkin lymphoma (NHL)","Headline","Males",10,2022,"Projected",22337.8632064269,22128.159009175,22528.3735549701,"people living after diagnosis","output/prevalence_projections.csv"
"Prevalence (people)","nhl","Non-Hodgkin lymphoma (NHL)","Headline","Males",10,2023,"Projected",23100.702137838,22879.4613747551,23319.5812695949,"people living after diagnosis","output/prevalence_projections.csv"
"Prevalence (people)","nhl","Non-Hodgkin lymphoma (NHL)","Headline","Males",10,2024,"Projected",23868.2308011553,23607.2144570906,24135.7356046,"people living after diagnosis","output/prevalence_projections.csv"
"Prevalence (people)","nhl","Non-Hodgkin lymphoma (NHL)","Headline","Males",10,2025,"Projected",24730.7975789811,24432.7965852743,25050.6789092276,"people living after diagnosis","output/prevalence_projections.csv"
"Prevalence (people)","nhl","Non-Hodgkin lymphoma (NHL)","Headline","Males",10,2026,"Projected",25590.5369669422,25216.2721545983,25965.5719112091,"people living after diagnosis","output/prevalence_projections.csv"
"Prevalence (people)","nhl","Non-Hodgkin lymphoma (NHL)","Headline","Males",10,2027,"Projected",26411.7273953798,25977.8078579728,26849.4699394708,"people living after diagnosis","output/prevalence_projections.csv"
"Prevalence (people)","nhl","Non-Hodgkin lymphoma (NHL)","Headline","Males",10,2028,"Projected",27304.1740657727,26821.5156968667,27833.3450591913,"people living after diagnosis","output/prevalence_projections.csv"
"Prevalence (people)","nhl","Non-Hodgkin lymphoma (NHL)","Headline","Males",10,2029,"Projected",28170.1584700302,27620.0543820827,28755.4084374395,"people living after diagnosis","output/prevalence_projections.csv"
"Prevalence (people)","nhl","Non-Hodgkin lymphoma (NHL)","Headline","Males",10,2030,"Projected",29006.6301111177,28399.4523906851,29682.8569993297,"people living after diagnosis","output/prevalence_projections.csv"
"Prevalence (people)","nhl","Non-Hodgkin lymphoma (NHL)","Headline","Males",10,2031,"Projected",30012.7619731902,29313.5018736006,30761.2807667784,"people living after diagnosis","output/prevalence_projections.csv"
"Prevalence (people)","nhl","Non-Hodgkin lymphoma (NHL)","Headline","Males",10,2032,"Projected",30944.4193400901,30212.2158011524,31725.3070708354,"people living after diagnosis","output/prevalence_projections.csv"
"Prevalence (people)","nhl","Non-Hodgkin lymphoma (NHL)","Headline","Males",10,2033,"Projected",31829.1669131254,31034.492921549,32676.2532967436,"people living after diagnosis","output/prevalence_projections.csv"
"Prevalence (people)","nhl","Non-Hodgkin lymphoma (NHL)","Headline","Males",10,2034,"Projected",32662.3193945361,31805.9840147839,33554.9674919642,"people living after diagnosis","output/prevalence_projections.csv"
"Prevalence (people)","nhl","Non-Hodgkin lymphoma (NHL)","Headline","Males",10,2035,"Projected",33450.35943221,32550.3303471721,34409.0486066785,"people living after diagnosis","output/prevalence_projections.csv"
"Prevalence (people)","nhl","Non-Hodgkin lymphoma (NHL)","Headline","Males",10,2036,"Projected",34191.6493046817,33220.9067844525,35198.9688217239,"people living after diagnosis","output/prevalence_projections.csv"
"Prevalence (people)","nhl","Non-Hodgkin lymphoma (NHL)","Headline","Males",10,2037,"Projected",34866.3379137188,33867.8281513006,35957.6818855312,"people living after diagnosis","output/prevalence_projections.csv"
"Prevalence (people)","nhl","Non-Hodgkin lymphoma (NHL)","Headline","Males",10,2038,"Projected",35480.3989931098,34436.6691063791,36633.7624239307,"people living after diagnosis","output/prevalence_projections.csv"
"Prevalence (people)","nhl","Non-Hodgkin lymphoma (NHL)","Headline","Males",10,2039,"Projected",36028.2884600282,34944.0113626451,37257.4956652503,"people living after diagnosis","output/prevalence_projections.csv"
"Prevalence (people)","nhl","Non-Hodgkin lymphoma (NHL)","Headline","Males",10,2040,"Projected",36517.9314557945,35365.3068092049,37807.6795705018,"people living after diagnosis","output/prevalence_projections.csv"
"Prevalence (people)","nhl","Non-Hodgkin lymphoma (NHL)","Headline","Males",10,2041,"Projected",36934.6548408392,35748.3516814332,38254.7504202186,"people living after diagnosis","output/prevalence_projections.csv"
"Prevalence (people)","nhl","Non-Hodgkin lymphoma (NHL)","Headline","Males",10,2042,"Projected",37325.9855717664,36089.7653813421,38693.707273856,"people living after diagnosis","output/prevalence_projections.csv"
"Prevalence (people)","nhl","Non-Hodgkin lymphoma (NHL)","Headline","Males",10,2043,"Projected",37693.7755959724,36392.7240659635,39124.7159069192,"people living after diagnosis","output/prevalence_projections.csv"
"Prevalence (people)","nhl","Non-Hodgkin lymphoma (NHL)","Headline","Males",10,2044,"Projected",38029.2728208903,36668.271977643,39513.5735608997,"people living after diagnosis","output/prevalence_projections.csv"
"Prevalence (people)","nhl","Non-Hodgkin lymphoma (NHL)","Headline","Males",10,2045,"Projected",38342.7108252585,36941.7968895742,39870.1536539771,"people living after diagnosis","output/prevalence_projections.csv"
"Prevalence (people)","nhl","Non-Hodgkin lymphoma (NHL)","Headline","Males",40,2012,"Estimated",23425.3027347779,21163.8741811768,26050.4849795485,"people living after diagnosis","output/prevalence_projections.csv"
"Prevalence (people)","nhl","Non-Hodgkin lymphoma (NHL)","Headline","Males",40,2013,"Estimated",24627.4123617013,22269.7413721899,27380.2144927345,"people living after diagnosis","output/prevalence_projections.csv"
"Prevalence (people)","nhl","Non-Hodgkin lymphoma (NHL)","Headline","Males",40,2014,"Estimated",25890.3134777467,23429.7435115339,28757.6453014648,"people living after diagnosis","output/prevalence_projections.csv"
"Prevalence (people)","nhl","Non-Hodgkin lymphoma (NHL)","Headline","Males",40,2015,"Estimated",27088.4953654383,24527.6744460819,30100.5345289084,"people living after diagnosis","output/prevalence_projections.csv"
"Prevalence (people)","nhl","Non-Hodgkin lymphoma (NHL)","Headline","Males",40,2016,"Estimated",28406.3773248493,25748.6414038455,31513.938632979,"people living after diagnosis","output/prevalence_projections.csv"
"Prevalence (people)","nhl","Non-Hodgkin lymphoma (NHL)","Headline","Males",40,2017,"Estimated",29855.4258965346,27114.8457390042,33099.5498893224,"people living after diagnosis","output/prevalence_projections.csv"
"Prevalence (people)","nhl","Non-Hodgkin lymphoma (NHL)","Headline","Males",40,2018,"Estimated",31265.2987483329,28450.8955326282,34575.6345881181,"people living after diagnosis","output/prevalence_projections.csv"
"Prevalence (people)","nhl","Non-Hodgkin lymphoma (NHL)","Headline","Males",40,2019,"Estimated",32708.9520510516,29840.3992356115,36089.9665936538,"people living after diagnosis","output/prevalence_projections.csv"
"Prevalence (people)","nhl","Non-Hodgkin lymphoma (NHL)","Headline","Males",40,2020,"Estimated",34285.4684066458,31391.4607523415,37766.0595683486,"people living after diagnosis","output/prevalence_projections.csv"
"Prevalence (people)","nhl","Non-Hodgkin lymphoma (NHL)","Headline","Males",40,2021,"Estimated",35646.4498343007,32714.3529933361,39225.6299872109,"people living after diagnosis","output/prevalence_projections.csv"
"Prevalence (people)","nhl","Non-Hodgkin lymphoma (NHL)","Headline","Males",40,2022,"Projected",37094.1818016247,34199.5162398823,40591.7618091723,"people living after diagnosis","output/prevalence_projections.csv"
"Prevalence (people)","nhl","Non-Hodgkin lymphoma (NHL)","Headline","Males",40,2023,"Projected",38593.3866941308,35693.4762425131,42033.2181858346,"people living after diagnosis","output/prevalence_projections.csv"
"Prevalence (people)","nhl","Non-Hodgkin lymphoma (NHL)","Headline","Males",40,2024,"Projected",40155.9576737061,37257.9448956869,43514.9392741397,"people living after diagnosis","output/prevalence_projections.csv"
"Prevalence (people)","nhl","Non-Hodgkin lymphoma (NHL)","Headline","Males",40,2025,"Projected",41772.1233883407,38913.1026876741,45077.602891539,"people living after diagnosis","output/prevalence_projections.csv"
"Prevalence (people)","nhl","Non-Hodgkin lymphoma (NHL)","Headline","Males",40,2026,"Projected",43438.514058393,40679.0357383413,46682.8415410594,"people living after diagnosis","output/prevalence_projections.csv"
"Prevalence (people)","nhl","Non-Hodgkin lymphoma (NHL)","Headline","Males",40,2027,"Projected",45152.0681662543,42445.6296611043,48315.0949833799,"people living after diagnosis","output/prevalence_projections.csv"
"Prevalence (people)","nhl","Non-Hodgkin lymphoma (NHL)","Headline","Males",40,2028,"Projected",46916.8357195948,44254.303666175,50066.489269636,"people living after diagnosis","output/prevalence_projections.csv"
"Prevalence (people)","nhl","Non-Hodgkin lymphoma (NHL)","Headline","Males",40,2029,"Projected",48719.1145275708,46121.0482938573,51703.7316116118,"people living after diagnosis","output/prevalence_projections.csv"
"Prevalence (people)","nhl","Non-Hodgkin lymphoma (NHL)","Headline","Males",40,2030,"Projected",50557.0751232301,48034.0316784137,53371.7970137291,"people living after diagnosis","output/prevalence_projections.csv"
"Prevalence (people)","nhl","Non-Hodgkin lymphoma (NHL)","Headline","Males",40,2031,"Projected",52431.9282676169,49983.3201206948,55097.5112372387,"people living after diagnosis","output/prevalence_projections.csv"
"Prevalence (people)","nhl","Non-Hodgkin lymphoma (NHL)","Headline","Males",40,2032,"Projected",54333.3076944294,51952.0702588985,56908.9024220593,"people living after diagnosis","output/prevalence_projections.csv"
"Prevalence (people)","nhl","Non-Hodgkin lymphoma (NHL)","Headline","Males",40,2033,"Projected",56204.6448388821,53868.9185103352,58778.3183440623,"people living after diagnosis","output/prevalence_projections.csv"
"Prevalence (people)","nhl","Non-Hodgkin lymphoma (NHL)","Headline","Males",40,2034,"Projected",58075.9894518604,55836.4254884492,60487.1270324938,"people living after diagnosis","output/prevalence_projections.csv"
"Prevalence (people)","nhl","Non-Hodgkin lymphoma (NHL)","Headline","Males",40,2035,"Projected",59958.0005482661,57731.8283571658,62296.7690763301,"people living after diagnosis","output/prevalence_projections.csv"
"Prevalence (people)","nhl","Non-Hodgkin lymphoma (NHL)","Headline","Males",40,2036,"Projected",61813.5543284927,59542.7997596258,64269.0536412984,"people living after diagnosis","output/prevalence_projections.csv"
"Prevalence (people)","nhl","Non-Hodgkin lymphoma (NHL)","Headline","Males",40,2037,"Projected",63652.9605174197,61243.2768779426,66320.1002592104,"people living after diagnosis","output/prevalence_projections.csv"
"Prevalence (people)","nhl","Non-Hodgkin lymphoma (NHL)","Headline","Males",40,2038,"Projected",65487.7968584175,62875.8406757103,68351.8683200664,"people living after diagnosis","output/prevalence_projections.csv"
"Prevalence (people)","nhl","Non-Hodgkin lymphoma (NHL)","Headline","Males",40,2039,"Projected",67311.648686747,64510.5179830471,70484.066275431,"people living after diagnosis","output/prevalence_projections.csv"
"Prevalence (people)","nhl","Non-Hodgkin lymphoma (NHL)","Headline","Males",40,2040,"Projected",69029.0317961919,65947.3095896951,72528.7053329078,"people living after diagnosis","output/prevalence_projections.csv"
"Prevalence (people)","nhl","Non-Hodgkin lymphoma (NHL)","Headline","Males",40,2041,"Projected",70735.9134520501,67330.2879915345,74622.0986080801,"people living after diagnosis","output/prevalence_projections.csv"
"Prevalence (people)","nhl","Non-Hodgkin lymphoma (NHL)","Headline","Males",40,2042,"Projected",72424.5343065505,68755.3776123691,76686.1934478727,"people living after diagnosis","output/prevalence_projections.csv"
"Prevalence (people)","nhl","Non-Hodgkin lymphoma (NHL)","Headline","Males",40,2043,"Projected",74108.6724374944,70071.4927566168,78732.9220969913,"people living after diagnosis","output/prevalence_projections.csv"
"Prevalence (people)","nhl","Non-Hodgkin lymphoma (NHL)","Headline","Males",40,2044,"Projected",75730.6199090443,71244.1700782074,80717.4655459745,"people living after diagnosis","output/prevalence_projections.csv"
"Prevalence (people)","nhl","Non-Hodgkin lymphoma (NHL)","Headline","Males",40,2045,"Projected",77294.0543495181,72446.0089649401,82832.1828197057,"people living after diagnosis","output/prevalence_projections.csv"
"Prevalence (people)","dlbcl","Diffuse large B-cell lymphoma (DLBCL)","NHL subtype","Persons",2,2012,"Estimated",2803.63994000722,2787.61649665126,2819.78793984407,"people living after diagnosis","output/prevalence_projections.csv"
"Prevalence (people)","dlbcl","Diffuse large B-cell lymphoma (DLBCL)","NHL subtype","Persons",2,2013,"Estimated",2870.23937214407,2847.54836409239,2895.13783949084,"people living after diagnosis","output/prevalence_projections.csv"
"Prevalence (people)","dlbcl","Diffuse large B-cell lymphoma (DLBCL)","NHL subtype","Persons",2,2014,"Estimated",2937.15233702927,2914.92339479503,2961.54897861275,"people living after diagnosis","output/prevalence_projections.csv"
"Prevalence (people)","dlbcl","Diffuse large B-cell lymphoma (DLBCL)","NHL subtype","Persons",2,2015,"Estimated",2994.78684874315,2971.94176681522,3018.65916221323,"people living after diagnosis","output/prevalence_projections.csv"
"Prevalence (people)","dlbcl","Diffuse large B-cell lymphoma (DLBCL)","NHL subtype","Persons",2,2016,"Estimated",3026.47929296973,3002.42466485528,3051.82198915084,"people living after diagnosis","output/prevalence_projections.csv"
"Prevalence (people)","dlbcl","Diffuse large B-cell lymphoma (DLBCL)","NHL subtype","Persons",2,2017,"Estimated",3092.86559671567,3076.003889106,3112.15947448276,"people living after diagnosis","output/prevalence_projections.csv"
"Prevalence (people)","dlbcl","Diffuse large B-cell lymphoma (DLBCL)","NHL subtype","Persons",2,2018,"Estimated",3171.29410071957,3151.50754270538,3190.08314087029,"people living after diagnosis","output/prevalence_projections.csv"
"Prevalence (people)","dlbcl","Diffuse large B-cell lymphoma (DLBCL)","NHL subtype","Persons",2,2019,"Estimated",3299.81916161141,3276.3401814448,3321.41449975706,"people living after diagnosis","output/prevalence_projections.csv"
"Prevalence (people)","dlbcl","Diffuse large B-cell lymphoma (DLBCL)","NHL subtype","Persons",2,2020,"Estimated",3464.31324815636,3436.94499494087,3488.41400245415,"people living after diagnosis","output/prevalence_projections.csv"
"Prevalence (people)","dlbcl","Diffuse large B-cell lymphoma (DLBCL)","NHL subtype","Persons",2,2021,"Estimated",3572.2964832367,3540.71878963366,3600.79475613417,"people living after diagnosis","output/prevalence_projections.csv"
"Prevalence (people)","dlbcl","Diffuse large B-cell lymphoma (DLBCL)","NHL subtype","Persons",2,2022,"Projected",3641.01094484478,3569.95663340061,3710.80948045474,"people living after diagnosis","output/prevalence_projections.csv"
"Prevalence (people)","dlbcl","Diffuse large B-cell lymphoma (DLBCL)","NHL subtype","Persons",2,2023,"Projected",3749.04086479343,3623.78891612478,3870.83281243002,"people living after diagnosis","output/prevalence_projections.csv"
"Prevalence (people)","dlbcl","Diffuse large B-cell lymphoma (DLBCL)","NHL subtype","Persons",2,2024,"Projected",3852.2183205913,3722.29573728079,3981.48518075348,"people living after diagnosis","output/prevalence_projections.csv"
"Prevalence (people)","dlbcl","Diffuse large B-cell lymphoma (DLBCL)","NHL subtype","Persons",2,2025,"Projected",3954.29258606764,3817.42702374975,4091.3196470984,"people living after diagnosis","output/prevalence_projections.csv"
"Prevalence (people)","dlbcl","Diffuse large B-cell lymphoma (DLBCL)","NHL subtype","Persons",2,2026,"Projected",4059.85882387936,3913.45629992819,4207.71607285018,"people living after diagnosis","output/prevalence_projections.csv"
"Prevalence (people)","dlbcl","Diffuse large B-cell lymphoma (DLBCL)","NHL subtype","Persons",2,2027,"Projected",4166.80551060205,4010.53869438542,4329.97873783149,"people living after diagnosis","output/prevalence_projections.csv"
"Prevalence (people)","dlbcl","Diffuse large B-cell lymphoma (DLBCL)","NHL subtype","Persons",2,2028,"Projected",4270.59873824913,4104.24936963887,4448.11829264244,"people living after diagnosis","output/prevalence_projections.csv"
"Prevalence (people)","dlbcl","Diffuse large B-cell lymphoma (DLBCL)","NHL subtype","Persons",2,2029,"Projected",4371.9412624799,4193.4999462798,4565.72597548169,"people living after diagnosis","output/prevalence_projections.csv"
"Prevalence (people)","dlbcl","Diffuse large B-cell lymphoma (DLBCL)","NHL subtype","Persons",2,2030,"Projected",4466.50988238801,4274.64637052513,4675.44990227367,"people living after diagnosis","output/prevalence_projections.csv"
"Prevalence (people)","dlbcl","Diffuse large B-cell lymphoma (DLBCL)","NHL subtype","Persons",2,2031,"Projected",4558.24002636513,4354.10973185832,4781.51976340869,"people living after diagnosis","output/prevalence_projections.csv"
"Prevalence (people)","dlbcl","Diffuse large B-cell lymphoma (DLBCL)","NHL subtype","Persons",2,2032,"Projected",4641.72080341759,4423.71477088862,4878.35269637003,"people living after diagnosis","output/prevalence_projections.csv"
"Prevalence (people)","dlbcl","Diffuse large B-cell lymphoma (DLBCL)","NHL subtype","Persons",2,2033,"Projected",4705.35025890985,4472.45550053656,4960.91095628609,"people living after diagnosis","output/prevalence_projections.csv"
"Prevalence (people)","dlbcl","Diffuse large B-cell lymphoma (DLBCL)","NHL subtype","Persons",2,2034,"Projected",4767.48788507648,4520.34891608966,5038.41070703436,"people living after diagnosis","output/prevalence_projections.csv"
"Prevalence (people)","dlbcl","Diffuse large B-cell lymphoma (DLBCL)","NHL subtype","Persons",2,2035,"Projected",4828.27418619454,4566.0162457581,5115.45975664915,"people living after diagnosis","output/prevalence_projections.csv"
"Prevalence (people)","dlbcl","Diffuse large B-cell lymphoma (DLBCL)","NHL subtype","Persons",2,2036,"Projected",4890.38977159352,4613.34914765897,5193.42495552326,"people living after diagnosis","output/prevalence_projections.csv"
"Prevalence (people)","dlbcl","Diffuse large B-cell lymphoma (DLBCL)","NHL subtype","Persons",2,2037,"Projected",4953.21147588135,4657.36481066433,5274.41175175715,"people living after diagnosis","output/prevalence_projections.csv"
"Prevalence (people)","dlbcl","Diffuse large B-cell lymphoma (DLBCL)","NHL subtype","Persons",2,2038,"Projected",5011.31705637999,4699.0980309982,5348.75706356338,"people living after diagnosis","output/prevalence_projections.csv"
"Prevalence (people)","dlbcl","Diffuse large B-cell lymphoma (DLBCL)","NHL subtype","Persons",2,2039,"Projected",5064.18913144645,4733.5922058288,5417.56254664932,"people living after diagnosis","output/prevalence_projections.csv"
"Prevalence (people)","dlbcl","Diffuse large B-cell lymphoma (DLBCL)","NHL subtype","Persons",2,2040,"Projected",5110.79323615282,4761.77521873498,5484.59266489937,"people living after diagnosis","output/prevalence_projections.csv"
"Prevalence (people)","dlbcl","Diffuse large B-cell lymphoma (DLBCL)","NHL subtype","Persons",2,2041,"Projected",5152.10004085411,4786.64742194813,5544.08164482195,"people living after diagnosis","output/prevalence_projections.csv"
"Prevalence (people)","dlbcl","Diffuse large B-cell lymphoma (DLBCL)","NHL subtype","Persons",2,2042,"Projected",5187.94254223337,4806.97883049031,5599.82681282309,"people living after diagnosis","output/prevalence_projections.csv"
"Prevalence (people)","dlbcl","Diffuse large B-cell lymphoma (DLBCL)","NHL subtype","Persons",2,2043,"Projected",5225.03706554773,4828.5111733792,5653.05343615859,"people living after diagnosis","output/prevalence_projections.csv"
"Prevalence (people)","dlbcl","Diffuse large B-cell lymphoma (DLBCL)","NHL subtype","Persons",2,2044,"Projected",5259.21473746868,4848.72808059317,5706.15199987161,"people living after diagnosis","output/prevalence_projections.csv"
"Prevalence (people)","dlbcl","Diffuse large B-cell lymphoma (DLBCL)","NHL subtype","Persons",2,2045,"Projected",5292.50334333617,4866.47484562281,5759.36913193898,"people living after diagnosis","output/prevalence_projections.csv"
"Prevalence (people)","dlbcl","Diffuse large B-cell lymphoma (DLBCL)","NHL subtype","Persons",3,2012,"Estimated",3887.71628624961,3866.14521079491,3909.09608697428,"people living after diagnosis","output/prevalence_projections.csv"
"Prevalence (people)","dlbcl","Diffuse large B-cell lymphoma (DLBCL)","NHL subtype","Persons",3,2013,"Estimated",4018.947961502,3990.67877938476,4048.02750595161,"people living after diagnosis","output/prevalence_projections.csv"
"Prevalence (people)","dlbcl","Diffuse large B-cell lymphoma (DLBCL)","NHL subtype","Persons",3,2014,"Estimated",4148.86300358184,4120.82944241453,4177.05291615355,"people living after diagnosis","output/prevalence_projections.csv"
"Prevalence (people)","dlbcl","Diffuse large B-cell lymphoma (DLBCL)","NHL subtype","Persons",3,2015,"Estimated",4200.87917709358,4172.85595743396,4229.40807411433,"people living after diagnosis","output/prevalence_projections.csv"
"Prevalence (people)","dlbcl","Diffuse large B-cell lymphoma (DLBCL)","NHL subtype","Persons",3,2016,"Estimated",4307.11171069259,4279.02432464372,4336.02140889725,"people living after diagnosis","output/prevalence_projections.csv"
"Prevalence (people)","dlbcl","Diffuse large B-cell lymphoma (DLBCL)","NHL subtype","Persons",3,2017,"Estimated",4353.29189520609,4329.56785871421,4377.95915130919,"people living after diagnosis","output/prevalence_projections.csv"
"Prevalence (people)","dlbcl","Diffuse large B-cell lymphoma (DLBCL)","NHL subtype","Persons",3,2018,"Estimated",4471.4941878999,4446.24336066864,4497.10608195217,"people living after diagnosis","output/prevalence_projections.csv"
"Prevalence (people)","dlbcl","Diffuse large B-cell lymphoma (DLBCL)","NHL subtype","Persons",3,2019,"Estimated",4622.75750049772,4595.89597468383,4647.83390121215,"people living after diagnosis","output/prevalence_projections.csv"
"Prevalence (people)","dlbcl","Diffuse large B-cell lymphoma (DLBCL)","NHL subtype","Persons",3,2020,"Estimated",4838.73519825927,4806.90401439946,4867.4128632297,"people living after diagnosis","output/prevalence_projections.csv"
"Prevalence (people)","dlbcl","Diffuse large B-cell lymphoma (DLBCL)","NHL subtype","Persons",3,2021,"Estimated",5011.91044980545,4976.54376207095,5044.8970715315,"people living after diagnosis","output/prevalence_projections.csv"
"Prevalence (people)","dlbcl","Diffuse large B-cell lymphoma (DLBCL)","NHL subtype","Persons",3,2022,"Projected",5172.10391092396,5097.84618336557,5247.20337168982,"people living after diagnosis","output/prevalence_projections.csv"
"Prevalence (people)","dlbcl","Diffuse large B-cell lymphoma (DLBCL)","NHL subtype","Persons",3,2023,"Projected",5287.57786072608,5158.01073899146,5410.08208043687,"people living after diagnosis","output/prevalence_projections.csv"
"Prevalence (people)","dlbcl","Diffuse large B-cell lymphoma (DLBCL)","NHL subtype","Persons",3,2024,"Projected",5440.05910723116,5257.0828737287,5612.33719740724,"people living after diagnosis","output/prevalence_projections.csv"
"Prevalence (people)","dlbcl","Diffuse large B-cell lymphoma (DLBCL)","NHL subtype","Persons",3,2025,"Projected",5590.99744544329,5406.34361281776,5774.3468671699,"people living after diagnosis","output/prevalence_projections.csv"
"Prevalence (people)","dlbcl","Diffuse large B-cell lymphoma (DLBCL)","NHL subtype","Persons",3,2026,"Projected",5744.44830932,5554.57099750284,5939.63579571166,"people living after diagnosis","output/prevalence_projections.csv"
"Prevalence (people)","dlbcl","Diffuse large B-cell lymphoma (DLBCL)","NHL subtype","Persons",3,2027,"Projected",5898.91204339027,5695.91877587419,6110.4077028553,"people living after diagnosis","output/prevalence_projections.csv"
"Prevalence (people)","dlbcl","Diffuse large B-cell lymphoma (DLBCL)","NHL subtype","Persons",3,2028,"Projected",6055.19639176276,5836.00507773322,6285.85614187723,"people living after diagnosis","output/prevalence_projections.csv"
"Prevalence (people)","dlbcl","Diffuse large B-cell lymphoma (DLBCL)","NHL subtype","Persons",3,2029,"Projected",6206.31161054945,5971.66030278534,6458.47819119944,"people living after diagnosis","output/prevalence_projections.csv"
"Prevalence (people)","dlbcl","Diffuse large B-cell lymphoma (DLBCL)","NHL subtype","Persons",3,2030,"Projected",6352.56596506408,6101.11469051614,6625.25980696615,"people living after diagnosis","output/prevalence_projections.csv"
"Prevalence (people)","dlbcl","Diffuse large B-cell lymphoma (DLBCL)","NHL subtype","Persons",3,2031,"Projected",6489.49278017055,6221.78726554605,6780.87158343708,"people living after diagnosis","output/prevalence_projections.csv"
"Prevalence (people)","dlbcl","Diffuse large B-cell lymphoma (DLBCL)","NHL subtype","Persons",3,2032,"Projected",6617.54036869426,6329.62793157915,6922.71144088042,"people living after diagnosis","output/prevalence_projections.csv"
"Prevalence (people)","dlbcl","Diffuse large B-cell lymphoma (DLBCL)","NHL subtype","Persons",3,2033,"Projected",6728.05666237422,6422.46150108288,7049.28414469781,"people living after diagnosis","output/prevalence_projections.csv"
"Prevalence (people)","dlbcl","Diffuse large B-cell lymphoma (DLBCL)","NHL subtype","Persons",3,2034,"Projected",6819.69136202537,6494.5764742817,7161.07104916463,"people living after diagnosis","output/prevalence_projections.csv"
"Prevalence (people)","dlbcl","Diffuse large B-cell lymphoma (DLBCL)","NHL subtype","Persons",3,2035,"Projected",6906.63427502508,6562.39122170435,7280.49200169672,"people living after diagnosis","output/prevalence_projections.csv"
"Prevalence (people)","dlbcl","Diffuse large B-cell lymphoma (DLBCL)","NHL subtype","Persons",3,2036,"Projected",6997.12650538469,6630.65794339647,7402.1336779224,"people living after diagnosis","output/prevalence_projections.csv"
"Prevalence (people)","dlbcl","Diffuse large B-cell lymphoma (DLBCL)","NHL subtype","Persons",3,2037,"Projected",7086.10406638696,6697.06222312031,7511.16068210182,"people living after diagnosis","output/prevalence_projections.csv"
"Prevalence (people)","dlbcl","Diffuse large B-cell lymphoma (DLBCL)","NHL subtype","Persons",3,2038,"Projected",7168.38029417818,6761.06972001138,7623.87966378604,"people living after diagnosis","output/prevalence_projections.csv"
"Prevalence (people)","dlbcl","Diffuse large B-cell lymphoma (DLBCL)","NHL subtype","Persons",3,2039,"Projected",7241.26449015242,6819.75753190046,7727.51351259922,"people living after diagnosis","output/prevalence_projections.csv"
"Prevalence (people)","dlbcl","Diffuse large B-cell lymphoma (DLBCL)","NHL subtype","Persons",3,2040,"Projected",7313.6656023585,6865.21941659604,7826.28486424918,"people living after diagnosis","output/prevalence_projections.csv"
"Prevalence (people)","dlbcl","Diffuse large B-cell lymphoma (DLBCL)","NHL subtype","Persons",3,2041,"Projected",7372.41952541517,6899.22699604014,7908.84791279917,"people living after diagnosis","output/prevalence_projections.csv"
"Prevalence (people)","dlbcl","Diffuse large B-cell lymphoma (DLBCL)","NHL subtype","Persons",3,2042,"Projected",7427.92155811264,6927.24648456111,7988.48769207577,"people living after diagnosis","output/prevalence_projections.csv"
"Prevalence (people)","dlbcl","Diffuse large B-cell lymphoma (DLBCL)","NHL subtype","Persons",3,2043,"Projected",7479.19615473304,6949.06825739885,8070.6199323148,"people living after diagnosis","output/prevalence_projections.csv"
"Prevalence (people)","dlbcl","Diffuse large B-cell lymphoma (DLBCL)","NHL subtype","Persons",3,2044,"Projected",7524.28091546054,6973.42275877439,8146.02421543675,"people living after diagnosis","output/prevalence_projections.csv"
"Prevalence (people)","dlbcl","Diffuse large B-cell lymphoma (DLBCL)","NHL subtype","Persons",3,2045,"Projected",7569.90691720591,6996.10037314135,8221.25640136436,"people living after diagnosis","output/prevalence_projections.csv"
"Prevalence (people)","dlbcl","Diffuse large B-cell lymphoma (DLBCL)","NHL subtype","Persons",5,2012,"Estimated",5776.59021291481,5744.86376496706,5806.42218849894,"people living after diagnosis","output/prevalence_projections.csv"
"Prevalence (people)","dlbcl","Diffuse large B-cell lymphoma (DLBCL)","NHL subtype","Persons",5,2013,"Estimated",5981.47274490853,5949.09426096804,6015.41918659556,"people living after diagnosis","output/prevalence_projections.csv"
"Prevalence (people)","dlbcl","Diffuse large B-cell lymphoma (DLBCL)","NHL subtype","Persons",5,2014,"Estimated",6204.53385270916,6171.11362321313,6237.70172813919,"people living after diagnosis","output/prevalence_projections.csv"
"Prevalence (people)","dlbcl","Diffuse large B-cell lymphoma (DLBCL)","NHL subtype","Persons",5,2015,"Estimated",6371.12516546983,6336.14510366144,6409.12594344755,"people living after diagnosis","output/prevalence_projections.csv"
"Prevalence (people)","dlbcl","Diffuse large B-cell lymphoma (DLBCL)","NHL subtype","Persons",5,2016,"Estimated",6535.50070788463,6499.40694870696,6574.84444979769,"people living after diagnosis","output/prevalence_projections.csv"
"Prevalence (people)","dlbcl","Diffuse large B-cell lymphoma (DLBCL)","NHL subtype","Persons",5,2017,"Estimated",6650.76104956578,6616.56039865917,6684.58068588953,"people living after diagnosis","output/prevalence_projections.csv"
"Prevalence (people)","dlbcl","Diffuse large B-cell lymphoma (DLBCL)","NHL subtype","Persons",5,2018,"Estimated",6818.98287525486,6781.89930053597,6853.30918546422,"people living after diagnosis","output/prevalence_projections.csv"
"Prevalence (people)","dlbcl","Diffuse large B-cell lymphoma (DLBCL)","NHL subtype","Persons",5,2019,"Estimated",6982.82475806618,6946.53391860235,7018.27799850552,"people living after diagnosis","output/prevalence_projections.csv"
"Prevalence (people)","dlbcl","Diffuse large B-cell lymphoma (DLBCL)","NHL subtype","Persons",5,2020,"Estimated",7250.85409005932,7210.90068854809,7287.66758433205,"people living after diagnosis","output/prevalence_projections.csv"
"Prevalence (people)","dlbcl","Diffuse large B-cell lymphoma (DLBCL)","NHL subtype","Persons",5,2021,"Estimated",7482.52949209886,7439.75998960908,7521.10255711823,"people living after diagnosis","output/prevalence_projections.csv"
"Prevalence (people)","dlbcl","Diffuse large B-cell lymphoma (DLBCL)","NHL subtype","Persons",5,2022,"Projected",7748.58191307049,7670.67341503638,7829.69049050245,"people living after diagnosis","output/prevalence_projections.csv"
"Prevalence (people)","dlbcl","Diffuse large B-cell lymphoma (DLBCL)","NHL subtype","Persons",5,2023,"Projected",8009.11642373653,7875.61977759098,8138.15140352385,"people living after diagnosis","output/prevalence_projections.csv"
"Prevalence (people)","dlbcl","Diffuse large B-cell lymphoma (DLBCL)","NHL subtype","Persons",5,2024,"Projected",8251.51212913608,8068.20420477617,8436.4323924703,"people living after diagnosis","output/prevalence_projections.csv"
"Prevalence (people)","dlbcl","Diffuse large B-cell lymphoma (DLBCL)","NHL subtype","Persons",5,2025,"Projected",8450.76540935744,8217.60850120345,8689.30260417323,"people living after diagnosis","output/prevalence_projections.csv"
"Prevalence (people)","dlbcl","Diffuse large B-cell lymphoma (DLBCL)","NHL subtype","Persons",5,2026,"Projected",8694.22998933739,8411.6899597788,8986.46869562212,"people living after diagnosis","output/prevalence_projections.csv"
"Prevalence (people)","dlbcl","Diffuse large B-cell lymphoma (DLBCL)","NHL subtype","Persons",5,2027,"Projected",8936.16912644515,8642.92570653084,9248.60316685317,"people living after diagnosis","output/prevalence_projections.csv"
"Prevalence (people)","dlbcl","Diffuse large B-cell lymphoma (DLBCL)","NHL subtype","Persons",5,2028,"Projected",9179.22818629797,8866.78180360455,9503.17312954194,"people living after diagnosis","output/prevalence_projections.csv"
"Prevalence (people)","dlbcl","Diffuse large B-cell lymphoma (DLBCL)","NHL subtype","Persons",5,2029,"Projected",9416.54622766731,9085.97606048221,9774.12209774186,"people living after diagnosis","output/prevalence_projections.csv"
"Prevalence (people)","dlbcl","Diffuse large B-cell lymphoma (DLBCL)","NHL subtype","Persons",5,2030,"Projected",9653.21443393362,9299.6673407863,10037.6904921373,"people living after diagnosis","output/prevalence_projections.csv"
"Prevalence (people)","dlbcl","Diffuse large B-cell lymphoma (DLBCL)","NHL subtype","Persons",5,2031,"Projected",9881.25393016379,9497.23284621576,10293.6572889428,"people living after diagnosis","output/prevalence_projections.csv"
"Prevalence (people)","dlbcl","Diffuse large B-cell lymphoma (DLBCL)","NHL subtype","Persons",5,2032,"Projected",10096.0794225969,9694.54801413981,10535.5240604957,"people living after diagnosis","output/prevalence_projections.csv"
"Prevalence (people)","dlbcl","Diffuse large B-cell lymphoma (DLBCL)","NHL subtype","Persons",5,2033,"Projected",10287.8923404186,9860.03850825768,10760.8901926496,"people living after diagnosis","output/prevalence_projections.csv"
"Prevalence (people)","dlbcl","Diffuse large B-cell lymphoma (DLBCL)","NHL subtype","Persons",5,2034,"Projected",10458.4526046945,10001.4243178648,10958.4513000678,"people living after diagnosis","output/prevalence_projections.csv"
"Prevalence (people)","dlbcl","Diffuse large B-cell lymphoma (DLBCL)","NHL subtype","Persons",5,2035,"Projected",10605.9637231646,10122.8117942387,11140.9780013121,"people living after diagnosis","output/prevalence_projections.csv"
"Prevalence (people)","dlbcl","Diffuse large B-cell lymphoma (DLBCL)","NHL subtype","Persons",5,2036,"Projected",10737.7913830227,10221.1485408528,11316.1843432905,"people living after diagnosis","output/prevalence_projections.csv"
"Prevalence (people)","dlbcl","Diffuse large B-cell lymphoma (DLBCL)","NHL subtype","Persons",5,2037,"Projected",10867.4435229082,10315.8862177855,11493.9442914872,"people living after diagnosis","output/prevalence_projections.csv"
"Prevalence (people)","dlbcl","Diffuse large B-cell lymphoma (DLBCL)","NHL subtype","Persons",5,2038,"Projected",10995.8021802179,10404.7917204866,11649.4921554966,"people living after diagnosis","output/prevalence_projections.csv"
"Prevalence (people)","dlbcl","Diffuse large B-cell lymphoma (DLBCL)","NHL subtype","Persons",5,2039,"Projected",11119.6359317822,10490.3330610333,11806.9404285256,"people living after diagnosis","output/prevalence_projections.csv"
"Prevalence (people)","dlbcl","Diffuse large B-cell lymphoma (DLBCL)","NHL subtype","Persons",5,2040,"Projected",11230.7843660181,10563.0984474121,11968.8282292455,"people living after diagnosis","output/prevalence_projections.csv"
"Prevalence (people)","dlbcl","Diffuse large B-cell lymphoma (DLBCL)","NHL subtype","Persons",5,2041,"Projected",11326.9692238433,10622.2137778219,12100.5383426667,"people living after diagnosis","output/prevalence_projections.csv"
"Prevalence (people)","dlbcl","Diffuse large B-cell lymphoma (DLBCL)","NHL subtype","Persons",5,2042,"Projected",11413.8695455634,10670.8531880917,12231.8456324878,"people living after diagnosis","output/prevalence_projections.csv"
"Prevalence (people)","dlbcl","Diffuse large B-cell lymphoma (DLBCL)","NHL subtype","Persons",5,2043,"Projected",11494.003342169,10719.2127729067,12362.2452864385,"people living after diagnosis","output/prevalence_projections.csv"
"Prevalence (people)","dlbcl","Diffuse large B-cell lymphoma (DLBCL)","NHL subtype","Persons",5,2044,"Projected",11569.2735671777,10758.1834364431,12487.5982535767,"people living after diagnosis","output/prevalence_projections.csv"
"Prevalence (people)","dlbcl","Diffuse large B-cell lymphoma (DLBCL)","NHL subtype","Persons",5,2045,"Projected",11638.7342136558,10788.9337464953,12609.81997963,"people living after diagnosis","output/prevalence_projections.csv"
"Prevalence (people)","dlbcl","Diffuse large B-cell lymphoma (DLBCL)","NHL subtype","Persons",10,2012,"Estimated",9284.26700772916,9088.47405780665,9466.03912084011,"people living after diagnosis","output/prevalence_projections.csv"
"Prevalence (people)","dlbcl","Diffuse large B-cell lymphoma (DLBCL)","NHL subtype","Persons",10,2013,"Estimated",9626.67561492752,9431.70714057441,9800.33837633293,"people living after diagnosis","output/prevalence_projections.csv"
"Prevalence (people)","dlbcl","Diffuse large B-cell lymphoma (DLBCL)","NHL subtype","Persons",10,2014,"Estimated",9993.74939427832,9809.79727504984,10169.0368064168,"people living after diagnosis","output/prevalence_projections.csv"
"Prevalence (people)","dlbcl","Diffuse large B-cell lymphoma (DLBCL)","NHL subtype","Persons",10,2015,"Estimated",10263.5227366235,10091.5222329718,10428.4542505222,"people living after diagnosis","output/prevalence_projections.csv"
"Prevalence (people)","dlbcl","Diffuse large B-cell lymphoma (DLBCL)","NHL subtype","Persons",10,2016,"Estimated",10589.5254654112,10435.7830579786,10740.0336193157,"people living after diagnosis","output/prevalence_projections.csv"
"Prevalence (people)","dlbcl","Diffuse large B-cell lymphoma (DLBCL)","NHL subtype","Persons",10,2017,"Estimated",10923.693917519,10782.0603896226,11063.7462842425,"people living after diagnosis","output/prevalence_projections.csv"
"Prevalence (people)","dlbcl","Diffuse large B-cell lymphoma (DLBCL)","NHL subtype","Persons",10,2018,"Estimated",11255.6402710688,11135.944342397,11380.2905941491,"people living after diagnosis","output/prevalence_projections.csv"
"Prevalence (people)","dlbcl","Diffuse large B-cell lymphoma (DLBCL)","NHL subtype","Persons",10,2019,"Estimated",11616.7416210035,11504.6795766174,11732.6859929099,"people living after diagnosis","output/prevalence_projections.csv"
"Prevalence (people)","dlbcl","Diffuse large B-cell lymphoma (DLBCL)","NHL subtype","Persons",10,2020,"Estimated",12018.0020533129,11900.4395233282,12140.0547167815,"people living after diagnosis","output/prevalence_projections.csv"
"Prevalence (people)","dlbcl","Diffuse large B-cell lymphoma (DLBCL)","NHL subtype","Persons",10,2021,"Estimated",12374.3740505581,12227.9850137587,12533.5954365279,"people living after diagnosis","output/prevalence_projections.csv"
"Prevalence (people)","dlbcl","Diffuse large B-cell lymphoma (DLBCL)","NHL subtype","Persons",10,2022,"Projected",12722.4124319163,12565.9651579325,12889.3679106442,"people living after diagnosis","output/prevalence_projections.csv"
"Prevalence (people)","dlbcl","Diffuse large B-cell lymphoma (DLBCL)","NHL subtype","Persons",10,2023,"Projected",13102.5871298486,12924.9439305425,13287.7500693336,"people living after diagnosis","output/prevalence_projections.csv"
"Prevalence (people)","dlbcl","Diffuse large B-cell lymphoma (DLBCL)","NHL subtype","Persons",10,2024,"Projected",13447.3421020783,13225.1860224956,13664.7334852502,"people living after diagnosis","output/prevalence_projections.csv"
"Prevalence (people)","dlbcl","Diffuse large B-cell lymphoma (DLBCL)","NHL subtype","Persons",10,2025,"Projected",13841.8840380262,13581.5414682778,14107.0857889197,"people living after diagnosis","output/prevalence_projections.csv"
"Prevalence (people)","dlbcl","Diffuse large B-cell lymphoma (DLBCL)","NHL subtype","Persons",10,2026,"Projected",14249.1658409741,13922.8986760286,14577.6892440998,"people living after diagnosis","output/prevalence_projections.csv"
"Prevalence (people)","dlbcl","Diffuse large B-cell lymphoma (DLBCL)","NHL subtype","Persons",10,2027,"Projected",14689.5275112108,14308.4828322464,15080.7928774117,"people living after diagnosis","output/prevalence_projections.csv"
"Prevalence (people)","dlbcl","Diffuse large B-cell lymphoma (DLBCL)","NHL subtype","Persons",10,2028,"Projected",15128.074847671,14695.104834336,15589.8896100812,"people living after diagnosis","output/prevalence_projections.csv"
"Prevalence (people)","dlbcl","Diffuse large B-cell lymphoma (DLBCL)","NHL subtype","Persons",10,2029,"Projected",15553.2545251952,15058.2216506311,16083.2134095799,"people living after diagnosis","output/prevalence_projections.csv"
"Prevalence (people)","dlbcl","Diffuse large B-cell lymphoma (DLBCL)","NHL subtype","Persons",10,2030,"Projected",15935.6070217696,15364.7265776081,16540.3228805403,"people living after diagnosis","output/prevalence_projections.csv"
"Prevalence (people)","dlbcl","Diffuse large B-cell lymphoma (DLBCL)","NHL subtype","Persons",10,2031,"Projected",16353.5823793348,15713.2768157414,17037.7348724335,"people living after diagnosis","output/prevalence_projections.csv"
"Prevalence (people)","dlbcl","Diffuse large B-cell lymphoma (DLBCL)","NHL subtype","Persons",10,2032,"Projected",16758.888780365,16023.1669467411,17490.8232933346,"people living after diagnosis","output/prevalence_projections.csv"
"Prevalence (people)","dlbcl","Diffuse large B-cell lymphoma (DLBCL)","NHL subtype","Persons",10,2033,"Projected",17138.4579386409,16366.1002973974,17916.8747901972,"people living after diagnosis","output/prevalence_projections.csv"
"Prevalence (people)","dlbcl","Diffuse large B-cell lymphoma (DLBCL)","NHL subtype","Persons",10,2034,"Projected",17493.9111195886,16677.5760273318,18320.6953203851,"people living after diagnosis","output/prevalence_projections.csv"
"Prevalence (people)","dlbcl","Diffuse large B-cell lymphoma (DLBCL)","NHL subtype","Persons",10,2035,"Projected",17825.1382721952,16941.851274285,18698.617506807,"people living after diagnosis","output/prevalence_projections.csv"
"Prevalence (people)","dlbcl","Diffuse large B-cell lymphoma (DLBCL)","NHL subtype","Persons",10,2036,"Projected",18129.1494288163,17161.7029638919,19038.2921114147,"people living after diagnosis","output/prevalence_projections.csv"
"Prevalence (people)","dlbcl","Diffuse large B-cell lymphoma (DLBCL)","NHL subtype","Persons",10,2037,"Projected",18406.139066828,17387.5193357486,19396.7610141457,"people living after diagnosis","output/prevalence_projections.csv"
"Prevalence (people)","dlbcl","Diffuse large B-cell lymphoma (DLBCL)","NHL subtype","Persons",10,2038,"Projected",18661.6221059139,17571.0694784812,19725.6165866749,"people living after diagnosis","output/prevalence_projections.csv"
"Prevalence (people)","dlbcl","Diffuse large B-cell lymphoma (DLBCL)","NHL subtype","Persons",10,2039,"Projected",18891.1363966821,17729.5443751107,20026.0728231643,"people living after diagnosis","output/prevalence_projections.csv"
"Prevalence (people)","dlbcl","Diffuse large B-cell lymphoma (DLBCL)","NHL subtype","Persons",10,2040,"Projected",19095.405058288,17873.578040857,20293.0785069567,"people living after diagnosis","output/prevalence_projections.csv"
"Prevalence (people)","dlbcl","Diffuse large B-cell lymphoma (DLBCL)","NHL subtype","Persons",10,2041,"Projected",19262.8524993952,18005.326317366,20532.1597722837,"people living after diagnosis","output/prevalence_projections.csv"
"Prevalence (people)","dlbcl","Diffuse large B-cell lymphoma (DLBCL)","NHL subtype","Persons",10,2042,"Projected",19423.9921620148,18126.3334336104,20750.4385782259,"people living after diagnosis","output/prevalence_projections.csv"
"Prevalence (people)","dlbcl","Diffuse large B-cell lymphoma (DLBCL)","NHL subtype","Persons",10,2043,"Projected",19578.9038743455,18233.9227661258,20978.8542633891,"people living after diagnosis","output/prevalence_projections.csv"
"Prevalence (people)","dlbcl","Diffuse large B-cell lymphoma (DLBCL)","NHL subtype","Persons",10,2044,"Projected",19720.6541805005,18315.4226853246,21216.9172113173,"people living after diagnosis","output/prevalence_projections.csv"
"Prevalence (people)","dlbcl","Diffuse large B-cell lymphoma (DLBCL)","NHL subtype","Persons",10,2045,"Projected",19857.5696128391,18394.3319107964,21410.5408027234,"people living after diagnosis","output/prevalence_projections.csv"
"Prevalence (people)","dlbcl","Diffuse large B-cell lymphoma (DLBCL)","NHL subtype","Persons",40,2012,"Estimated",15299.7741023644,13321.5824797783,17391.740142743,"people living after diagnosis","output/prevalence_projections.csv"
"Prevalence (people)","dlbcl","Diffuse large B-cell lymphoma (DLBCL)","NHL subtype","Persons",40,2013,"Estimated",16007.4216485709,13941.1472203217,18223.9413795519,"people living after diagnosis","output/prevalence_projections.csv"
"Prevalence (people)","dlbcl","Diffuse large B-cell lymphoma (DLBCL)","NHL subtype","Persons",40,2014,"Estimated",16762.3805949519,14589.3697250186,19090.1643568336,"people living after diagnosis","output/prevalence_projections.csv"
"Prevalence (people)","dlbcl","Diffuse large B-cell lymphoma (DLBCL)","NHL subtype","Persons",40,2015,"Estimated",17454.0229145531,15213.6832443309,19912.1906872891,"people living after diagnosis","output/prevalence_projections.csv"
"Prevalence (people)","dlbcl","Diffuse large B-cell lymphoma (DLBCL)","NHL subtype","Persons",40,2016,"Estimated",18205.6049545039,15893.7022864122,20758.4762805484,"people living after diagnosis","output/prevalence_projections.csv"
"Prevalence (people)","dlbcl","Diffuse large B-cell lymphoma (DLBCL)","NHL subtype","Persons",40,2017,"Estimated",18938.2912491565,16575.3332983978,21596.370072825,"people living after diagnosis","output/prevalence_projections.csv"
"Prevalence (people)","dlbcl","Diffuse large B-cell lymphoma (DLBCL)","NHL subtype","Persons",40,2018,"Estimated",19713.0869338397,17295.1348817268,22452.4132515533,"people living after diagnosis","output/prevalence_projections.csv"
"Prevalence (people)","dlbcl","Diffuse large B-cell lymphoma (DLBCL)","NHL subtype","Persons",40,2019,"Estimated",20521.049633877,18077.9269721144,23350.7688659173,"people living after diagnosis","output/prevalence_projections.csv"
"Prevalence (people)","dlbcl","Diffuse large B-cell lymphoma (DLBCL)","NHL subtype","Persons",40,2020,"Estimated",21384.619589751,18912.7834318933,24301.3854865791,"people living after diagnosis","output/prevalence_projections.csv"
"Prevalence (people)","dlbcl","Diffuse large B-cell lymphoma (DLBCL)","NHL subtype","Persons",40,2021,"Estimated",22235.2847699863,19723.2345875668,25217.4137342431,"people living after diagnosis","output/prevalence_projections.csv"
"Prevalence (people)","dlbcl","Diffuse large B-cell lymphoma (DLBCL)","NHL subtype","Persons",40,2022,"Projected",22995.4117010557,20554.9020018485,25983.1883474944,"people living after diagnosis","output/prevalence_projections.csv"
"Prevalence (people)","dlbcl","Diffuse large B-cell lymphoma (DLBCL)","NHL subtype","Persons",40,2023,"Projected",23766.051403947,21351.3052286881,26760.3807298138,"people living after diagnosis","output/prevalence_projections.csv"
"Prevalence (people)","dlbcl","Diffuse large B-cell lymphoma (DLBCL)","NHL subtype","Persons",40,2024,"Projected",24577.1620719786,22170.4269117943,27528.4446863133,"people living after diagnosis","output/prevalence_projections.csv"
"Prevalence (people)","dlbcl","Diffuse large B-cell lymphoma (DLBCL)","NHL subtype","Persons",40,2025,"Projected",25371.4514741806,22992.7785578495,28374.3146177749,"people living after diagnosis","output/prevalence_projections.csv"
"Prevalence (people)","dlbcl","Diffuse large B-cell lymphoma (DLBCL)","NHL subtype","Persons",40,2026,"Projected",26188.6921318729,23840.6208011759,29129.9592861474,"people living after diagnosis","output/prevalence_projections.csv"
"Prevalence (people)","dlbcl","Diffuse large B-cell lymphoma (DLBCL)","NHL subtype","Persons",40,2027,"Projected",27019.2243889588,24706.7002728223,29861.5163113949,"people living after diagnosis","output/prevalence_projections.csv"
"Prevalence (people)","dlbcl","Diffuse large B-cell lymphoma (DLBCL)","NHL subtype","Persons",40,2028,"Projected",27862.060501137,25672.6526379335,30582.8741448977,"people living after diagnosis","output/prevalence_projections.csv"
"Prevalence (people)","dlbcl","Diffuse large B-cell lymphoma (DLBCL)","NHL subtype","Persons",40,2029,"Projected",28714.1109359309,26569.8337903724,31315.4636329205,"people living after diagnosis","output/prevalence_projections.csv"
"Prevalence (people)","dlbcl","Diffuse large B-cell lymphoma (DLBCL)","NHL subtype","Persons",40,2030,"Projected",29565.8138786929,27450.6127555073,31995.1061447158,"people living after diagnosis","output/prevalence_projections.csv"
"Prevalence (people)","dlbcl","Diffuse large B-cell lymphoma (DLBCL)","NHL subtype","Persons",40,2031,"Projected",30409.4824768013,28353.4484388966,32694.7578596199,"people living after diagnosis","output/prevalence_projections.csv"
"Prevalence (people)","dlbcl","Diffuse large B-cell lymphoma (DLBCL)","NHL subtype","Persons",40,2032,"Projected",31244.7736823852,29324.761181503,33423.7679451927,"people living after diagnosis","output/prevalence_projections.csv"
"Prevalence (people)","dlbcl","Diffuse large B-cell lymphoma (DLBCL)","NHL subtype","Persons",40,2033,"Projected",32091.799828163,30190.6324459347,34135.9837172996,"people living after diagnosis","output/prevalence_projections.csv"
"Prevalence (people)","dlbcl","Diffuse large B-cell lymphoma (DLBCL)","NHL subtype","Persons",40,2034,"Projected",32895.6014755522,30985.6554216777,34929.5802590563,"people living after diagnosis","output/prevalence_projections.csv"
"Prevalence (people)","dlbcl","Diffuse large B-cell lymphoma (DLBCL)","NHL subtype","Persons",40,2035,"Projected",33705.766077063,31774.9998808381,35653.6999566237,"people living after diagnosis","output/prevalence_projections.csv"
"Prevalence (people)","dlbcl","Diffuse large B-cell lymphoma (DLBCL)","NHL subtype","Persons",40,2036,"Projected",34509.7052799953,32520.9076093001,36362.1116494842,"people living after diagnosis","output/prevalence_projections.csv"
"Prevalence (people)","dlbcl","Diffuse large B-cell lymphoma (DLBCL)","NHL subtype","Persons",40,2037,"Projected",35239.2488896048,33267.289634964,37301.2755265635,"people living after diagnosis","output/prevalence_projections.csv"
"Prevalence (people)","dlbcl","Diffuse large B-cell lymphoma (DLBCL)","NHL subtype","Persons",40,2038,"Projected",36009.8988325738,33865.5844955541,38259.7772922015,"people living after diagnosis","output/prevalence_projections.csv"
"Prevalence (people)","dlbcl","Diffuse large B-cell lymphoma (DLBCL)","NHL subtype","Persons",40,2039,"Projected",36768.2476421669,34420.3924380471,39083.4794355733,"people living after diagnosis","output/prevalence_projections.csv"
"Prevalence (people)","dlbcl","Diffuse large B-cell lymphoma (DLBCL)","NHL subtype","Persons",40,2040,"Projected",37490.9367366562,34944.8260574218,40035.4121956726,"people living after diagnosis","output/prevalence_projections.csv"
"Prevalence (people)","dlbcl","Diffuse large B-cell lymphoma (DLBCL)","NHL subtype","Persons",40,2041,"Projected",38173.098012944,35410.9483595945,40843.6255556007,"people living after diagnosis","output/prevalence_projections.csv"
"Prevalence (people)","dlbcl","Diffuse large B-cell lymphoma (DLBCL)","NHL subtype","Persons",40,2042,"Projected",38836.5282845911,35816.7693647738,41916.4952600912,"people living after diagnosis","output/prevalence_projections.csv"
"Prevalence (people)","dlbcl","Diffuse large B-cell lymphoma (DLBCL)","NHL subtype","Persons",40,2043,"Projected",39481.999646648,36220.5278152691,42852.2341320725,"people living after diagnosis","output/prevalence_projections.csv"
"Prevalence (people)","dlbcl","Diffuse large B-cell lymphoma (DLBCL)","NHL subtype","Persons",40,2044,"Projected",40117.5208014596,36584.1765682375,43890.1450073419,"people living after diagnosis","output/prevalence_projections.csv"
"Prevalence (people)","dlbcl","Diffuse large B-cell lymphoma (DLBCL)","NHL subtype","Persons",40,2045,"Projected",40700.6487777507,36826.1994240007,44812.2469656512,"people living after diagnosis","output/prevalence_projections.csv"
"Prevalence (people)","dlbcl","Diffuse large B-cell lymphoma (DLBCL)","NHL subtype","Females",2,2012,"Estimated",1200.04649643574,1188.27139456024,1210.31522642351,"people living after diagnosis","output/prevalence_projections.csv"
"Prevalence (people)","dlbcl","Diffuse large B-cell lymphoma (DLBCL)","NHL subtype","Females",2,2013,"Estimated",1212.52809040667,1196.62839261054,1227.27630435183,"people living after diagnosis","output/prevalence_projections.csv"
"Prevalence (people)","dlbcl","Diffuse large B-cell lymphoma (DLBCL)","NHL subtype","Females",2,2014,"Estimated",1275.12558299463,1259.15072330246,1289.4400117095,"people living after diagnosis","output/prevalence_projections.csv"
"Prevalence (people)","dlbcl","Diffuse large B-cell lymphoma (DLBCL)","NHL subtype","Females",2,2015,"Estimated",1311.97757549085,1295.20405741643,1327.40642590349,"people living after diagnosis","output/prevalence_projections.csv"
"Prevalence (people)","dlbcl","Diffuse large B-cell lymphoma (DLBCL)","NHL subtype","Females",2,2016,"Estimated",1297.10082858705,1280.60315211747,1312.54257214108,"people living after diagnosis","output/prevalence_projections.csv"
"Prevalence (people)","dlbcl","Diffuse large B-cell lymphoma (DLBCL)","NHL subtype","Females",2,2017,"Estimated",1318.14714783122,1305.53904935533,1329.12656047607,"people living after diagnosis","output/prevalence_projections.csv"
"Prevalence (people)","dlbcl","Diffuse large B-cell lymphoma (DLBCL)","NHL subtype","Females",2,2018,"Estimated",1313.37858991826,1299.00057925965,1325.85966370137,"people living after diagnosis","output/prevalence_projections.csv"
"Prevalence (people)","dlbcl","Diffuse large B-cell lymphoma (DLBCL)","NHL subtype","Females",2,2019,"Estimated",1380.79300920218,1363.94766855547,1395.12045440675,"people living after diagnosis","output/prevalence_projections.csv"
"Prevalence (people)","dlbcl","Diffuse large B-cell lymphoma (DLBCL)","NHL subtype","Females",2,2020,"Estimated",1478.85740333827,1460.06931788801,1495.57794543887,"people living after diagnosis","output/prevalence_projections.csv"
"Prevalence (people)","dlbcl","Diffuse large B-cell lymphoma (DLBCL)","NHL subtype","Females",2,2021,"Estimated",1539.28587622741,1518.64740785455,1557.96905284047,"people living after diagnosis","output/prevalence_projections.csv"
"Prevalence (people)","dlbcl","Diffuse large B-cell lymphoma (DLBCL)","NHL subtype","Females",2,2022,"Projected",1577.04294199547,1529.95009389735,1625.30337705129,"people living after diagnosis","output/prevalence_projections.csv"
"Prevalence (people)","dlbcl","Diffuse large B-cell lymphoma (DLBCL)","NHL subtype","Females",2,2023,"Projected",1607.95045877438,1527.6471872209,1693.33267126894,"people living after diagnosis","output/prevalence_projections.csv"
"Prevalence (people)","dlbcl","Diffuse large B-cell lymphoma (DLBCL)","NHL subtype","Females",2,2024,"Projected",1649.71527858796,1566.23033172866,1736.9154082909,"people living after diagnosis","output/prevalence_projections.csv"
"Prevalence (people)","dlbcl","Diffuse large B-cell lymphoma (DLBCL)","NHL subtype","Females",2,2025,"Projected",1690.35128557365,1603.18551976443,1780.42269868925,"people living after diagnosis","output/prevalence_projections.csv"
"Prevalence (people)","dlbcl","Diffuse large B-cell lymphoma (DLBCL)","NHL subtype","Females",2,2026,"Projected",1731.69326813155,1638.26340879601,1825.89398544863,"people living after diagnosis","output/prevalence_projections.csv"
"Prevalence (people)","dlbcl","Diffuse large B-cell lymphoma (DLBCL)","NHL subtype","Females",2,2027,"Projected",1773.94587584292,1675.29440663267,1875.65149548541,"people living after diagnosis","output/prevalence_projections.csv"
"Prevalence (people)","dlbcl","Diffuse large B-cell lymphoma (DLBCL)","NHL subtype","Females",2,2028,"Projected",1815.35626659126,1708.99608036378,1924.21286715725,"people living after diagnosis","output/prevalence_projections.csv"
"Prevalence (people)","dlbcl","Diffuse large B-cell lymphoma (DLBCL)","NHL subtype","Females",2,2029,"Projected",1855.31885847212,1743.82669939917,1974.50390646551,"people living after diagnosis","output/prevalence_projections.csv"
"Prevalence (people)","dlbcl","Diffuse large B-cell lymphoma (DLBCL)","NHL subtype","Females",2,2030,"Projected",1893.79142770404,1773.91850538535,2023.39835869162,"people living after diagnosis","output/prevalence_projections.csv"
"Prevalence (people)","dlbcl","Diffuse large B-cell lymphoma (DLBCL)","NHL subtype","Females",2,2031,"Projected",1931.70200850272,1804.61179459634,2069.97107176771,"people living after diagnosis","output/prevalence_projections.csv"
"Prevalence (people)","dlbcl","Diffuse large B-cell lymphoma (DLBCL)","NHL subtype","Females",2,2032,"Projected",1967.76299576925,1832.58771755529,2114.45743003829,"people living after diagnosis","output/prevalence_projections.csv"
"Prevalence (people)","dlbcl","Diffuse large B-cell lymphoma (DLBCL)","NHL subtype","Females",2,2033,"Projected",1998.76430987248,1855.97869139337,2154.89125063103,"people living after diagnosis","output/prevalence_projections.csv"
"Prevalence (people)","dlbcl","Diffuse large B-cell lymphoma (DLBCL)","NHL subtype","Females",2,2034,"Projected",2028.0387731207,1878.04955055115,2195.15786169523,"people living after diagnosis","output/prevalence_projections.csv"
"Prevalence (people)","dlbcl","Diffuse large B-cell lymphoma (DLBCL)","NHL subtype","Females",2,2035,"Projected",2058.09737569724,1900.24316501931,2237.94411312111,"people living after diagnosis","output/prevalence_projections.csv"
"Prevalence (people)","dlbcl","Diffuse large B-cell lymphoma (DLBCL)","NHL subtype","Females",2,2036,"Projected",2089.97452410094,1923.19671751313,2281.03433536697,"people living after diagnosis","output/prevalence_projections.csv"
"Prevalence (people)","dlbcl","Diffuse large B-cell lymphoma (DLBCL)","NHL subtype","Females",2,2037,"Projected",2121.06763243744,1945.61610112461,2325.64711036443,"people living after diagnosis","output/prevalence_projections.csv"
"Prevalence (people)","dlbcl","Diffuse large B-cell lymphoma (DLBCL)","NHL subtype","Females",2,2038,"Projected",2150.47111228484,1967.15220166928,2364.69508058472,"people living after diagnosis","output/prevalence_projections.csv"
"Prevalence (people)","dlbcl","Diffuse large B-cell lymphoma (DLBCL)","NHL subtype","Females",2,2039,"Projected",2178.42278764918,1986.27851050299,2404.71428497478,"people living after diagnosis","output/prevalence_projections.csv"
"Prevalence (people)","dlbcl","Diffuse large B-cell lymphoma (DLBCL)","NHL subtype","Females",2,2040,"Projected",2204.13375146226,1999.41920281277,2443.62262357961,"people living after diagnosis","output/prevalence_projections.csv"
"Prevalence (people)","dlbcl","Diffuse large B-cell lymphoma (DLBCL)","NHL subtype","Females",2,2041,"Projected",2228.92907870929,2013.17169524778,2483.05536822133,"people living after diagnosis","output/prevalence_projections.csv"
"Prevalence (people)","dlbcl","Diffuse large B-cell lymphoma (DLBCL)","NHL subtype","Females",2,2042,"Projected",2252.05696504077,2025.30441356019,2520.26348370267,"people living after diagnosis","output/prevalence_projections.csv"
"Prevalence (people)","dlbcl","Diffuse large B-cell lymphoma (DLBCL)","NHL subtype","Females",2,2043,"Projected",2275.67906904961,2037.65987162787,2556.97331354947,"people living after diagnosis","output/prevalence_projections.csv"
"Prevalence (people)","dlbcl","Diffuse large B-cell lymphoma (DLBCL)","NHL subtype","Females",2,2044,"Projected",2299.65814419421,2048.44482641874,2595.39263565476,"people living after diagnosis","output/prevalence_projections.csv"
"Prevalence (people)","dlbcl","Diffuse large B-cell lymphoma (DLBCL)","NHL subtype","Females",2,2045,"Projected",2323.40623903618,2059.84821888922,2634.57361021301,"people living after diagnosis","output/prevalence_projections.csv"
"Prevalence (people)","dlbcl","Diffuse large B-cell lymphoma (DLBCL)","NHL subtype","Females",3,2012,"Estimated",1675.20281251655,1661.02231476206,1689.14244832428,"people living after diagnosis","output/prevalence_projections.csv"
"Prevalence (people)","dlbcl","Diffuse large B-cell lymphoma (DLBCL)","NHL subtype","Females",3,2013,"Estimated",1714.32146806265,1696.53809722836,1731.11930154091,"people living after diagnosis","output/prevalence_projections.csv"
"Prevalence (people)","dlbcl","Diffuse large B-cell lymphoma (DLBCL)","NHL subtype","Females",3,2014,"Estimated",1788.19809805425,1768.66833861757,1804.87939324955,"people living after diagnosis","output/prevalence_projections.csv"
"Prevalence (people)","dlbcl","Diffuse large B-cell lymphoma (DLBCL)","NHL subtype","Females",3,2015,"Estimated",1821.45707282368,1801.69314040382,1838.83370510794,"people living after diagnosis","output/prevalence_projections.csv"
"Prevalence (people)","dlbcl","Diffuse large B-cell lymphoma (DLBCL)","NHL subtype","Females",3,2016,"Estimated",1863.00952987702,1842.53339217172,1880.88946452408,"people living after diagnosis","output/prevalence_projections.csv"
"Prevalence (people)","dlbcl","Diffuse large B-cell lymphoma (DLBCL)","NHL subtype","Females",3,2017,"Estimated",1866.27416117428,1849.40689889473,1881.39320257919,"people living after diagnosis","output/prevalence_projections.csv"
"Prevalence (people)","dlbcl","Diffuse large B-cell lymphoma (DLBCL)","NHL subtype","Females",3,2018,"Estimated",1868.47011742219,1850.97677130801,1885.66408338215,"people living after diagnosis","output/prevalence_projections.csv"
"Prevalence (people)","dlbcl","Diffuse large B-cell lymphoma (DLBCL)","NHL subtype","Females",3,2019,"Estimated",1949.5837483314,1932.16986942984,1966.69903376767,"people living after diagnosis","output/prevalence_projections.csv"
"Prevalence (people)","dlbcl","Diffuse large B-cell lymphoma (DLBCL)","NHL subtype","Females",3,2020,"Estimated",2034.02256600506,2014.08977486838,2053.21013972002,"people living after diagnosis","output/prevalence_projections.csv"
"Prevalence (people)","dlbcl","Diffuse large B-cell lymphoma (DLBCL)","NHL subtype","Females",3,2021,"Estimated",2165.42382115244,2143.04733294058,2188.0820571406,"people living after diagnosis","output/prevalence_projections.csv"
"Prevalence (people)","dlbcl","Diffuse large B-cell lymphoma (DLBCL)","NHL subtype","Females",3,2022,"Projected",2232.70955524053,2183.03914392135,2282.03959394475,"people living after diagnosis","output/prevalence_projections.csv"
"Prevalence (people)","dlbcl","Diffuse large B-cell lymphoma (DLBCL)","NHL subtype","Females",3,2023,"Projected",2287.25431384731,2206.46610688672,2374.42579887034,"people living after diagnosis","output/prevalence_projections.csv"
"Prevalence (people)","dlbcl","Diffuse large B-cell lymphoma (DLBCL)","NHL subtype","Females",3,2024,"Projected",2338.19308226308,2221.21719450798,2461.01727141955,"people living after diagnosis","output/prevalence_projections.csv"
"Prevalence (people)","dlbcl","Diffuse large B-cell lymphoma (DLBCL)","NHL subtype","Females",3,2025,"Projected",2398.82829328265,2278.93503920378,2527.16453165865,"people living after diagnosis","output/prevalence_projections.csv"
"Prevalence (people)","dlbcl","Diffuse large B-cell lymphoma (DLBCL)","NHL subtype","Females",3,2026,"Projected",2461.3338370067,2332.37048794612,2594.57455787403,"people living after diagnosis","output/prevalence_projections.csv"
"Prevalence (people)","dlbcl","Diffuse large B-cell lymphoma (DLBCL)","NHL subtype","Females",3,2027,"Projected",2522.9959742062,2388.69562191547,2661.65758607084,"people living after diagnosis","output/prevalence_projections.csv"
"Prevalence (people)","dlbcl","Diffuse large B-cell lymphoma (DLBCL)","NHL subtype","Females",3,2028,"Projected",2584.65032092542,2442.74280887258,2733.43430783532,"people living after diagnosis","output/prevalence_projections.csv"
"Prevalence (people)","dlbcl","Diffuse large B-cell lymphoma (DLBCL)","NHL subtype","Females",3,2029,"Projected",2646.57512774605,2492.51471240023,2810.00497516705,"people living after diagnosis","output/prevalence_projections.csv"
"Prevalence (people)","dlbcl","Diffuse large B-cell lymphoma (DLBCL)","NHL subtype","Females",3,2030,"Projected",2704.22873794863,2540.67170775562,2879.99470330443,"people living after diagnosis","output/prevalence_projections.csv"
"Prevalence (people)","dlbcl","Diffuse large B-cell lymphoma (DLBCL)","NHL subtype","Females",3,2031,"Projected",2761.65105895095,2587.52354995354,2951.16133467501,"people living after diagnosis","output/prevalence_projections.csv"
"Prevalence (people)","dlbcl","Diffuse large B-cell lymphoma (DLBCL)","NHL subtype","Females",3,2032,"Projected",2816.72250116838,2629.70731996987,3018.79020513678,"people living after diagnosis","output/prevalence_projections.csv"
"Prevalence (people)","dlbcl","Diffuse large B-cell lymphoma (DLBCL)","NHL subtype","Females",3,2033,"Projected",2865.92840111924,2665.70532293071,3084.43694433612,"people living after diagnosis","output/prevalence_projections.csv"
"Prevalence (people)","dlbcl","Diffuse large B-cell lymphoma (DLBCL)","NHL subtype","Females",3,2034,"Projected",2909.0791469087,2699.93125801545,3142.21591492618,"people living after diagnosis","output/prevalence_projections.csv"
"Prevalence (people)","dlbcl","Diffuse large B-cell lymphoma (DLBCL)","NHL subtype","Females",3,2035,"Projected",2950.9743225709,2733.2109707856,3198.65024554271,"people living after diagnosis","output/prevalence_projections.csv"
"Prevalence (people)","dlbcl","Diffuse large B-cell lymphoma (DLBCL)","NHL subtype","Females",3,2036,"Projected",2995.47386058734,2766.29586892512,3253.56877525862,"people living after diagnosis","output/prevalence_projections.csv"
"Prevalence (people)","dlbcl","Diffuse large B-cell lymphoma (DLBCL)","NHL subtype","Females",3,2037,"Projected",3038.84354338222,2797.5693460591,3314.4407249685,"people living after diagnosis","output/prevalence_projections.csv"
"Prevalence (people)","dlbcl","Diffuse large B-cell lymphoma (DLBCL)","NHL subtype","Females",3,2038,"Projected",3080.63409094737,2825.4662701451,3377.5915610162,"people living after diagnosis","output/prevalence_projections.csv"
"Prevalence (people)","dlbcl","Diffuse large B-cell lymphoma (DLBCL)","NHL subtype","Females",3,2039,"Projected",3121.70840764287,2848.01351145869,3432.86818126429,"people living after diagnosis","output/prevalence_projections.csv"
"Prevalence (people)","dlbcl","Diffuse large B-cell lymphoma (DLBCL)","NHL subtype","Females",3,2040,"Projected",3158.84910008529,2872.20986329254,3488.17669041156,"people living after diagnosis","output/prevalence_projections.csv"
"Prevalence (people)","dlbcl","Diffuse large B-cell lymphoma (DLBCL)","NHL subtype","Females",3,2041,"Projected",3193.19839343738,2892.30485703293,3549.73012845062,"people living after diagnosis","output/prevalence_projections.csv"
"Prevalence (people)","dlbcl","Diffuse large B-cell lymphoma (DLBCL)","NHL subtype","Females",3,2042,"Projected",3228.52888717786,2910.15384499573,3600.41489969341,"people living after diagnosis","output/prevalence_projections.csv"
"Prevalence (people)","dlbcl","Diffuse large B-cell lymphoma (DLBCL)","NHL subtype","Females",3,2043,"Projected",3260.23799052122,2928.19151900055,3660.64577432887,"people living after diagnosis","output/prevalence_projections.csv"
"Prevalence (people)","dlbcl","Diffuse large B-cell lymphoma (DLBCL)","NHL subtype","Females",3,2044,"Projected",3294.34339778691,2943.06395065124,3717.49155529516,"people living after diagnosis","output/prevalence_projections.csv"
"Prevalence (people)","dlbcl","Diffuse large B-cell lymphoma (DLBCL)","NHL subtype","Females",3,2045,"Projected",3328.90768123754,2960.39284693247,3774.32686739555,"people living after diagnosis","output/prevalence_projections.csv"
"Prevalence (people)","dlbcl","Diffuse large B-cell lymphoma (DLBCL)","NHL subtype","Females",5,2012,"Estimated",2530.11109928099,2509.46773169467,2550.45120154066,"people living after diagnosis","output/prevalence_projections.csv"
"Prevalence (people)","dlbcl","Diffuse large B-cell lymphoma (DLBCL)","NHL subtype","Females",5,2013,"Estimated",2603.81566707533,2582.5774238917,2624.42029006281,"people living after diagnosis","output/prevalence_projections.csv"
"Prevalence (people)","dlbcl","Diffuse large B-cell lymphoma (DLBCL)","NHL subtype","Females",5,2014,"Estimated",2692.27257987916,2669.67153879523,2713.08826992952,"people living after diagnosis","output/prevalence_projections.csv"
"Prevalence (people)","dlbcl","Diffuse large B-cell lymphoma (DLBCL)","NHL subtype","Females",5,2015,"Estimated",2760.45359404947,2736.26745405674,2782.06615316377,"people living after diagnosis","output/prevalence_projections.csv"
"Prevalence (people)","dlbcl","Diffuse large B-cell lymphoma (DLBCL)","NHL subtype","Females",5,2016,"Estimated",2809.48484383276,2785.41776684835,2832.41286781134,"people living after diagnosis","output/prevalence_projections.csv"
"Prevalence (people)","dlbcl","Diffuse large B-cell lymphoma (DLBCL)","NHL subtype","Females",5,2017,"Estimated",2863.34256669201,2841.21667749077,2883.72500833638,"people living after diagnosis","output/prevalence_projections.csv"
"Prevalence (people)","dlbcl","Diffuse large B-cell lymphoma (DLBCL)","NHL subtype","Females",5,2018,"Estimated",2899.77624241748,2876.2214444988,2923.15955834043,"people living after diagnosis","output/prevalence_projections.csv"
"Prevalence (people)","dlbcl","Diffuse large B-cell lymphoma (DLBCL)","NHL subtype","Females",5,2019,"Estimated",2972.48542145395,2948.91797974279,2995.59709157907,"people living after diagnosis","output/prevalence_projections.csv"
"Prevalence (people)","dlbcl","Diffuse large B-cell lymphoma (DLBCL)","NHL subtype","Females",5,2020,"Estimated",3073.73306521852,3048.5032314981,3099.00008588781,"people living after diagnosis","output/prevalence_projections.csv"
"Prevalence (people)","dlbcl","Diffuse large B-cell lymphoma (DLBCL)","NHL subtype","Females",5,2021,"Estimated",3198.8529071036,3171.96086231485,3226.80245260831,"people living after diagnosis","output/prevalence_projections.csv"
"Prevalence (people)","dlbcl","Diffuse large B-cell lymphoma (DLBCL)","NHL subtype","Females",5,2022,"Projected",3318.9010408536,3264.84373411396,3369.61735986488,"people living after diagnosis","output/prevalence_projections.csv"
"Prevalence (people)","dlbcl","Diffuse large B-cell lymphoma (DLBCL)","NHL subtype","Females",5,2023,"Projected",3466.63372834086,3382.16211047732,3550.69375975722,"people living after diagnosis","output/prevalence_projections.csv"
"Prevalence (people)","dlbcl","Diffuse large B-cell lymphoma (DLBCL)","NHL subtype","Females",5,2024,"Projected",3567.6669638062,3449.5044555946,3690.72165454801,"people living after diagnosis","output/prevalence_projections.csv"
"Prevalence (people)","dlbcl","Diffuse large B-cell lymphoma (DLBCL)","NHL subtype","Females",5,2025,"Projected",3657.28693254308,3501.16599155617,3814.01847804139,"people living after diagnosis","output/prevalence_projections.csv"
"Prevalence (people)","dlbcl","Diffuse large B-cell lymphoma (DLBCL)","NHL subtype","Females",5,2026,"Projected",3746.36685674725,3551.27851357915,3939.3004812909,"people living after diagnosis","output/prevalence_projections.csv"
"Prevalence (people)","dlbcl","Diffuse large B-cell lymphoma (DLBCL)","NHL subtype","Females",5,2027,"Projected",3844.24296475066,3648.61145637397,4047.22398258469,"people living after diagnosis","output/prevalence_projections.csv"
"Prevalence (people)","dlbcl","Diffuse large B-cell lymphoma (DLBCL)","NHL subtype","Females",5,2028,"Projected",3942.13675780769,3733.9861082214,4161.29625476613,"people living after diagnosis","output/prevalence_projections.csv"
"Prevalence (people)","dlbcl","Diffuse large B-cell lymphoma (DLBCL)","NHL subtype","Females",5,2029,"Projected",4039.5416374481,3824.17026470975,4273.81146297152,"people living after diagnosis","output/prevalence_projections.csv"
"Prevalence (people)","dlbcl","Diffuse large B-cell lymphoma (DLBCL)","NHL subtype","Females",5,2030,"Projected",4135.50553959754,3905.33251737367,4387.70426095566,"people living after diagnosis","output/prevalence_projections.csv"
"Prevalence (people)","dlbcl","Diffuse large B-cell lymphoma (DLBCL)","NHL subtype","Females",5,2031,"Projected",4229.07566352188,3981.60543377669,4505.35290884524,"people living after diagnosis","output/prevalence_projections.csv"
"Prevalence (people)","dlbcl","Diffuse large B-cell lymphoma (DLBCL)","NHL subtype","Females",5,2032,"Projected",4317.587509294,4052.79543693748,4623.56862205016,"people living after diagnosis","output/prevalence_projections.csv"
"Prevalence (people)","dlbcl","Diffuse large B-cell lymphoma (DLBCL)","NHL subtype","Females",5,2033,"Projected",4401.99225227086,4119.26735991863,4732.64118346922,"people living after diagnosis","output/prevalence_projections.csv"
"Prevalence (people)","dlbcl","Diffuse large B-cell lymphoma (DLBCL)","NHL subtype","Females",5,2034,"Projected",4478.20817365306,4178.83500173735,4821.74517038337,"people living after diagnosis","output/prevalence_projections.csv"
"Prevalence (people)","dlbcl","Diffuse large B-cell lymphoma (DLBCL)","NHL subtype","Females",5,2035,"Projected",4552.01288882215,4229.23649112626,4914.5097208119,"people living after diagnosis","output/prevalence_projections.csv"
"Prevalence (people)","dlbcl","Diffuse large B-cell lymphoma (DLBCL)","NHL subtype","Females",5,2036,"Projected",4616.01154975738,4276.23499575633,5004.0322269911,"people living after diagnosis","output/prevalence_projections.csv"
"Prevalence (people)","dlbcl","Diffuse large B-cell lymphoma (DLBCL)","NHL subtype","Females",5,2037,"Projected",4680.80515615364,4320.14268906041,5096.12420398067,"people living after diagnosis","output/prevalence_projections.csv"
"Prevalence (people)","dlbcl","Diffuse large B-cell lymphoma (DLBCL)","NHL subtype","Females",5,2038,"Projected",4745.44785280491,4354.99909762476,5184.46237260241,"people living after diagnosis","output/prevalence_projections.csv"
"Prevalence (people)","dlbcl","Diffuse large B-cell lymphoma (DLBCL)","NHL subtype","Females",5,2039,"Projected",4810.72186169772,4403.61108597538,5274.97946475208,"people living after diagnosis","output/prevalence_projections.csv"
"Prevalence (people)","dlbcl","Diffuse large B-cell lymphoma (DLBCL)","NHL subtype","Females",5,2040,"Projected",4872.82819050988,4445.31782856534,5364.18213114584,"people living after diagnosis","output/prevalence_projections.csv"
"Prevalence (people)","dlbcl","Diffuse large B-cell lymphoma (DLBCL)","NHL subtype","Females",5,2041,"Projected",4929.97869058113,4492.31914425471,5450.88323291689,"people living after diagnosis","output/prevalence_projections.csv"
"Prevalence (people)","dlbcl","Diffuse large B-cell lymphoma (DLBCL)","NHL subtype","Females",5,2042,"Projected",4985.25561024592,4522.09759910482,5551.30932897419,"people living after diagnosis","output/prevalence_projections.csv"
"Prevalence (people)","dlbcl","Diffuse large B-cell lymphoma (DLBCL)","NHL subtype","Females",5,2043,"Projected",5041.45971216047,4548.32927492305,5651.5494844225,"people living after diagnosis","output/prevalence_projections.csv"
"Prevalence (people)","dlbcl","Diffuse large B-cell lymphoma (DLBCL)","NHL subtype","Females",5,2044,"Projected",5092.36947414957,4574.41256330289,5749.19076061847,"people living after diagnosis","output/prevalence_projections.csv"
"Prevalence (people)","dlbcl","Diffuse large B-cell lymphoma (DLBCL)","NHL subtype","Females",5,2045,"Projected",5142.11205712225,4594.73270218473,5845.90764881751,"people living after diagnosis","output/prevalence_projections.csv"
"Prevalence (people)","dlbcl","Diffuse large B-cell lymphoma (DLBCL)","NHL subtype","Females",10,2012,"Estimated",4108.35774030647,3997.08558662976,4220.86363738615,"people living after diagnosis","output/prevalence_projections.csv"
"Prevalence (people)","dlbcl","Diffuse large B-cell lymphoma (DLBCL)","NHL subtype","Females",10,2013,"Estimated",4249.02200335406,4137.71688393228,4358.97429230319,"people living after diagnosis","output/prevalence_projections.csv"
"Prevalence (people)","dlbcl","Diffuse large B-cell lymphoma (DLBCL)","NHL subtype","Females",10,2014,"Estimated",4426.6409730799,4318.64346443517,4536.82280682435,"people living after diagnosis","output/prevalence_projections.csv"
"Prevalence (people)","dlbcl","Diffuse large B-cell lymphoma (DLBCL)","NHL subtype","Females",10,2015,"Estimated",4512.91941055771,4414.77111428253,4612.27382736735,"people living after diagnosis","output/prevalence_projections.csv"
"Prevalence (people)","dlbcl","Diffuse large B-cell lymphoma (DLBCL)","NHL subtype","Females",10,2016,"Estimated",4621.08353789301,4526.07501006927,4719.22288041032,"people living after diagnosis","output/prevalence_projections.csv"
"Prevalence (people)","dlbcl","Diffuse large B-cell lymphoma (DLBCL)","NHL subtype","Females",10,2017,"Estimated",4760.4900732995,4673.38440172922,4851.04468745561,"people living after diagnosis","output/prevalence_projections.csv"
"Prevalence (people)","dlbcl","Diffuse large B-cell lymphoma (DLBCL)","NHL subtype","Females",10,2018,"Estimated",4855.32994213564,4775.93554853899,4930.57570433236,"people living after diagnosis","output/prevalence_projections.csv"
"Prevalence (people)","dlbcl","Diffuse large B-cell lymphoma (DLBCL)","NHL subtype","Females",10,2019,"Estimated",4993.9087476022,4922.38292458068,5066.19191773328,"people living after diagnosis","output/prevalence_projections.csv"
"Prevalence (people)","dlbcl","Diffuse large B-cell lymphoma (DLBCL)","NHL subtype","Females",10,2020,"Estimated",5149.1668057979,5074.9827867179,5232.11407827953,"people living after diagnosis","output/prevalence_projections.csv"
"Prevalence (people)","dlbcl","Diffuse large B-cell lymphoma (DLBCL)","NHL subtype","Females",10,2021,"Estimated",5320.70985651105,5224.35791290485,5432.39198728952,"people living after diagnosis","output/prevalence_projections.csv"
"Prevalence (people)","dlbcl","Diffuse large B-cell lymphoma (DLBCL)","NHL subtype","Females",10,2022,"Projected",5486.10319907163,5380.29231952292,5599.38731102646,"people living after diagnosis","output/prevalence_projections.csv"
"Prevalence (people)","dlbcl","Diffuse large B-cell lymphoma (DLBCL)","NHL subtype","Females",10,2023,"Projected",5659.86046464298,5538.2766642333,5784.4720821523,"people living after diagnosis","output/prevalence_projections.csv"
"Prevalence (people)","dlbcl","Diffuse large B-cell lymphoma (DLBCL)","NHL subtype","Females",10,2024,"Projected",5812.40877009016,5669.95298613234,5959.71232309343,"people living after diagnosis","output/prevalence_projections.csv"
"Prevalence (people)","dlbcl","Diffuse large B-cell lymphoma (DLBCL)","NHL subtype","Females",10,2025,"Projected",5985.5999364373,5812.15010953851,6166.44126580427,"people living after diagnosis","output/prevalence_projections.csv"
"Prevalence (people)","dlbcl","Diffuse large B-cell lymphoma (DLBCL)","NHL subtype","Females",10,2026,"Projected",6165.67783846738,5967.57385174968,6385.95039222405,"people living after diagnosis","output/prevalence_projections.csv"
"Prevalence (people)","dlbcl","Diffuse large B-cell lymphoma (DLBCL)","NHL subtype","Females",10,2027,"Projected",6361.20680854634,6121.55510373912,6624.50290884754,"people living after diagnosis","output/prevalence_projections.csv"
"Prevalence (people)","dlbcl","Diffuse large B-cell lymphoma (DLBCL)","NHL subtype","Females",10,2028,"Projected",6580.7622227412,6297.92990060955,6894.90766860916,"people living after diagnosis","output/prevalence_projections.csv"
"Prevalence (people)","dlbcl","Diffuse large B-cell lymphoma (DLBCL)","NHL subtype","Females",10,2029,"Projected",6767.08337761143,6441.87384073321,7127.27070109903,"people living after diagnosis","output/prevalence_projections.csv"
"Prevalence (people)","dlbcl","Diffuse large B-cell lymphoma (DLBCL)","NHL subtype","Females",10,2030,"Projected",6936.74077215475,6559.21003408771,7348.104661753,"people living after diagnosis","output/prevalence_projections.csv"
"Prevalence (people)","dlbcl","Diffuse large B-cell lymphoma (DLBCL)","NHL subtype","Females",10,2031,"Projected",7103.85526881097,6676.28868130592,7573.11784905876,"people living after diagnosis","output/prevalence_projections.csv"
"Prevalence (people)","dlbcl","Diffuse large B-cell lymphoma (DLBCL)","NHL subtype","Females",10,2032,"Projected",7276.12253907171,6823.89466540868,7781.53831201187,"people living after diagnosis","output/prevalence_projections.csv"
"Prevalence (people)","dlbcl","Diffuse large B-cell lymphoma (DLBCL)","NHL subtype","Females",10,2033,"Projected",7441.90195574364,6963.97636135254,7991.60325664695,"people living after diagnosis","output/prevalence_projections.csv"
"Prevalence (people)","dlbcl","Diffuse large B-cell lymphoma (DLBCL)","NHL subtype","Females",10,2034,"Projected",7603.59139868244,7086.24628483002,8200.77087622621,"people living after diagnosis","output/prevalence_projections.csv"
"Prevalence (people)","dlbcl","Diffuse large B-cell lymphoma (DLBCL)","NHL subtype","Females",10,2035,"Projected",7752.51812991478,7198.57527301165,8393.59959731495,"people living after diagnosis","output/prevalence_projections.csv"
"Prevalence (people)","dlbcl","Diffuse large B-cell lymphoma (DLBCL)","NHL subtype","Females",10,2036,"Projected",7899.24769909599,7302.93383135653,8575.24250552462,"people living after diagnosis","output/prevalence_projections.csv"
"Prevalence (people)","dlbcl","Diffuse large B-cell lymphoma (DLBCL)","NHL subtype","Females",10,2037,"Projected",8039.56321802947,7400.60580809725,8769.52183445199,"people living after diagnosis","output/prevalence_projections.csv"
"Prevalence (people)","dlbcl","Diffuse large B-cell lymphoma (DLBCL)","NHL subtype","Females",10,2038,"Projected",8173.09324659039,7491.02650983943,8956.51232592108,"people living after diagnosis","output/prevalence_projections.csv"
"Prevalence (people)","dlbcl","Diffuse large B-cell lymphoma (DLBCL)","NHL subtype","Females",10,2039,"Projected",8294.43959539654,7570.86670939317,9113.90026311422,"people living after diagnosis","output/prevalence_projections.csv"
"Prevalence (people)","dlbcl","Diffuse large B-cell lymphoma (DLBCL)","NHL subtype","Females",10,2040,"Projected",8409.71808543338,7641.59712386142,9267.45629540886,"people living after diagnosis","output/prevalence_projections.csv"
"Prevalence (people)","dlbcl","Diffuse large B-cell lymphoma (DLBCL)","NHL subtype","Females",10,2041,"Projected",8514.72099864568,7709.8693919444,9423.06379642715,"people living after diagnosis","output/prevalence_projections.csv"
"Prevalence (people)","dlbcl","Diffuse large B-cell lymphoma (DLBCL)","NHL subtype","Females",10,2042,"Projected",8614.94478076739,7783.54135596499,9566.26409309756,"people living after diagnosis","output/prevalence_projections.csv"
"Prevalence (people)","dlbcl","Diffuse large B-cell lymphoma (DLBCL)","NHL subtype","Females",10,2043,"Projected",8715.1726147505,7836.64195338811,9717.3908736221,"people living after diagnosis","output/prevalence_projections.csv"
"Prevalence (people)","dlbcl","Diffuse large B-cell lymphoma (DLBCL)","NHL subtype","Females",10,2044,"Projected",8813.82472293332,7892.54953694036,9883.25759200792,"people living after diagnosis","output/prevalence_projections.csv"
"Prevalence (people)","dlbcl","Diffuse large B-cell lymphoma (DLBCL)","NHL subtype","Females",10,2045,"Projected",8907.9332167115,7944.05987087836,10052.2069939036,"people living after diagnosis","output/prevalence_projections.csv"
"Prevalence (people)","dlbcl","Diffuse large B-cell lymphoma (DLBCL)","NHL subtype","Females",40,2012,"Estimated",6917.51408614122,5591.33363412275,8359.46391770488,"people living after diagnosis","output/prevalence_projections.csv"
"Prevalence (people)","dlbcl","Diffuse large B-cell lymphoma (DLBCL)","NHL subtype","Females",40,2013,"Estimated",7214.04352284056,5838.17400698145,8731.09871053432,"people living after diagnosis","output/prevalence_projections.csv"
"Prevalence (people)","dlbcl","Diffuse large B-cell lymphoma (DLBCL)","NHL subtype","Females",40,2014,"Estimated",7553.59328137913,6134.1459958767,9156.7623834488,"people living after diagnosis","output/prevalence_projections.csv"
"Prevalence (people)","dlbcl","Diffuse large B-cell lymphoma (DLBCL)","NHL subtype","Females",40,2015,"Estimated",7862.31416019384,6394.99526157723,9527.71270285887,"people living after diagnosis","output/prevalence_projections.csv"
"Prevalence (people)","dlbcl","Diffuse large B-cell lymphoma (DLBCL)","NHL subtype","Females",40,2016,"Estimated",8159.50778259127,6661.20913589336,9900.00190948117,"people living after diagnosis","output/prevalence_projections.csv"
"Prevalence (people)","dlbcl","Diffuse large B-cell lymphoma (DLBCL)","NHL subtype","Females",40,2017,"Estimated",8473.96493792293,6962.15067445261,10268.032947429,"people living after diagnosis","output/prevalence_projections.csv"
"Prevalence (people)","dlbcl","Diffuse large B-cell lymphoma (DLBCL)","NHL subtype","Females",40,2018,"Estimated",8754.21546776595,7229.01100011469,10628.0201246353,"people living after diagnosis","output/prevalence_projections.csv"
"Prevalence (people)","dlbcl","Diffuse large B-cell lymphoma (DLBCL)","NHL subtype","Females",40,2019,"Estimated",9112.9749308713,7566.23640261873,11067.2416799618,"people living after diagnosis","output/prevalence_projections.csv"
"Prevalence (people)","dlbcl","Diffuse large B-cell lymphoma (DLBCL)","NHL subtype","Females",40,2020,"Estimated",9485.67111314297,7896.68365842748,11500.0778235528,"people living after diagnosis","output/prevalence_projections.csv"
"Prevalence (people)","dlbcl","Diffuse large B-cell lymphoma (DLBCL)","NHL subtype","Females",40,2021,"Estimated",9867.09661481895,8249.88618157055,11935.9352850978,"people living after diagnosis","output/prevalence_projections.csv"
"Prevalence (people)","dlbcl","Diffuse large B-cell lymphoma (DLBCL)","NHL subtype","Females",40,2022,"Projected",10207.9002804345,8612.75611677414,12265.3309713585,"people living after diagnosis","output/prevalence_projections.csv"
"Prevalence (people)","dlbcl","Diffuse large B-cell lymphoma (DLBCL)","NHL subtype","Females",40,2023,"Projected",10552.1811003054,8992.6548934648,12591.255497754,"people living after diagnosis","output/prevalence_projections.csv"
"Prevalence (people)","dlbcl","Diffuse large B-cell lymphoma (DLBCL)","NHL subtype","Females",40,2024,"Projected",10897.4182940346,9382.03542539134,12911.3727073825,"people living after diagnosis","output/prevalence_projections.csv"
"Prevalence (people)","dlbcl","Diffuse large B-cell lymphoma (DLBCL)","NHL subtype","Females",40,2025,"Projected",11248.80712989,9763.36315650188,13214.122788091,"people living after diagnosis","output/prevalence_projections.csv"
"Prevalence (people)","dlbcl","Diffuse large B-cell lymphoma (DLBCL)","NHL subtype","Females",40,2026,"Projected",11619.3326127329,10204.782016702,13532.5732828517,"people living after diagnosis","output/prevalence_projections.csv"
"Prevalence (people)","dlbcl","Diffuse large B-cell lymphoma (DLBCL)","NHL subtype","Females",40,2027,"Projected",11988.2343698562,10595.4137003814,13806.291034603,"people living after diagnosis","output/prevalence_projections.csv"
"Prevalence (people)","dlbcl","Diffuse large B-cell lymphoma (DLBCL)","NHL subtype","Females",40,2028,"Projected",12357.5809408042,10989.9905640952,14121.709018361,"people living after diagnosis","output/prevalence_projections.csv"
"Prevalence (people)","dlbcl","Diffuse large B-cell lymphoma (DLBCL)","NHL subtype","Females",40,2029,"Projected",12747.5708242954,11415.9113794931,14457.8780958342,"people living after diagnosis","output/prevalence_projections.csv"
"Prevalence (people)","dlbcl","Diffuse large B-cell lymphoma (DLBCL)","NHL subtype","Females",40,2030,"Projected",13136.1597623167,11868.9574671895,14763.8372545466,"people living after diagnosis","output/prevalence_projections.csv"
"Prevalence (people)","dlbcl","Diffuse large B-cell lymphoma (DLBCL)","NHL subtype","Females",40,2031,"Projected",13514.2595536418,12290.477840462,15144.7258962424,"people living after diagnosis","output/prevalence_projections.csv"
"Prevalence (people)","dlbcl","Diffuse large B-cell lymphoma (DLBCL)","NHL subtype","Females",40,2032,"Projected",13891.8173416293,12695.9560001791,15455.4941106963,"people living after diagnosis","output/prevalence_projections.csv"
"Prevalence (people)","dlbcl","Diffuse large B-cell lymphoma (DLBCL)","NHL subtype","Females",40,2033,"Projected",14292.1728628781,13103.7015883717,15744.3854515652,"people living after diagnosis","output/prevalence_projections.csv"
"Prevalence (people)","dlbcl","Diffuse large B-cell lymphoma (DLBCL)","NHL subtype","Females",40,2034,"Projected",14665.3500570201,13476.3955243943,16020.9157006893,"people living after diagnosis","output/prevalence_projections.csv"
"Prevalence (people)","dlbcl","Diffuse large B-cell lymphoma (DLBCL)","NHL subtype","Females",40,2035,"Projected",15028.3489448898,13853.9612799196,16418.2259505321,"people living after diagnosis","output/prevalence_projections.csv"
"Prevalence (people)","dlbcl","Diffuse large B-cell lymphoma (DLBCL)","NHL subtype","Females",40,2036,"Projected",15401.4968762851,14237.5027052222,16792.6742477563,"people living after diagnosis","output/prevalence_projections.csv"
"Prevalence (people)","dlbcl","Diffuse large B-cell lymphoma (DLBCL)","NHL subtype","Females",40,2037,"Projected",15746.7565898757,14581.9047020066,17215.8828196557,"people living after diagnosis","output/prevalence_projections.csv"
"Prevalence (people)","dlbcl","Diffuse large B-cell lymphoma (DLBCL)","NHL subtype","Females",40,2038,"Projected",16123.0993462026,14856.0319553285,17702.1233748421,"people living after diagnosis","output/prevalence_projections.csv"
"Prevalence (people)","dlbcl","Diffuse large B-cell lymphoma (DLBCL)","NHL subtype","Females",40,2039,"Projected",16497.1315765491,15108.008967343,18184.5685976685,"people living after diagnosis","output/prevalence_projections.csv"
"Prevalence (people)","dlbcl","Diffuse large B-cell lymphoma (DLBCL)","NHL subtype","Females",40,2040,"Projected",16852.717253206,15329.8952862317,18745.5325893011,"people living after diagnosis","output/prevalence_projections.csv"
"Prevalence (people)","dlbcl","Diffuse large B-cell lymphoma (DLBCL)","NHL subtype","Females",40,2041,"Projected",17207.4517205107,15493.2554064038,19316.353394276,"people living after diagnosis","output/prevalence_projections.csv"
"Prevalence (people)","dlbcl","Diffuse large B-cell lymphoma (DLBCL)","NHL subtype","Females",40,2042,"Projected",17566.404348117,15701.0778820748,19869.539313866,"people living after diagnosis","output/prevalence_projections.csv"
"Prevalence (people)","dlbcl","Diffuse large B-cell lymphoma (DLBCL)","NHL subtype","Females",40,2043,"Projected",17936.3173854766,15863.3601766065,20449.9877590065,"people living after diagnosis","output/prevalence_projections.csv"
"Prevalence (people)","dlbcl","Diffuse large B-cell lymphoma (DLBCL)","NHL subtype","Females",40,2044,"Projected",18286.9627557218,15971.2767162931,21010.6922440092,"people living after diagnosis","output/prevalence_projections.csv"
"Prevalence (people)","dlbcl","Diffuse large B-cell lymphoma (DLBCL)","NHL subtype","Females",40,2045,"Projected",18615.5599526802,16069.7755415617,21614.8016598674,"people living after diagnosis","output/prevalence_projections.csv"
"Prevalence (people)","dlbcl","Diffuse large B-cell lymphoma (DLBCL)","NHL subtype","Males",2,2012,"Estimated",1604.05099602149,1591.89113459871,1615.76782671326,"people living after diagnosis","output/prevalence_projections.csv"
"Prevalence (people)","dlbcl","Diffuse large B-cell lymphoma (DLBCL)","NHL subtype","Males",2,2013,"Estimated",1658.03626939797,1640.38571172649,1675.92623013556,"people living after diagnosis","output/prevalence_projections.csv"
"Prevalence (people)","dlbcl","Diffuse large B-cell lymphoma (DLBCL)","NHL subtype","Males",2,2014,"Estimated",1661.96003022117,1645.91722227289,1679.78536270208,"people living after diagnosis","output/prevalence_projections.csv"
"Prevalence (people)","dlbcl","Diffuse large B-cell lymphoma (DLBCL)","NHL subtype","Males",2,2015,"Estimated",1682.75725721015,1666.05326327723,1700.30912018421,"people living after diagnosis","output/prevalence_projections.csv"
"Prevalence (people)","dlbcl","Diffuse large B-cell lymphoma (DLBCL)","NHL subtype","Males",2,2016,"Estimated",1729.52861522611,1710.39177225398,1749.11459361228,"people living after diagnosis","output/prevalence_projections.csv"
"Prevalence (people)","dlbcl","Diffuse large B-cell lymphoma (DLBCL)","NHL subtype","Males",2,2017,"Estimated",1775.5702325107,1761.71578002137,1789.20254917404,"people living after diagnosis","output/prevalence_projections.csv"
"Prevalence (people)","dlbcl","Diffuse large B-cell lymphoma (DLBCL)","NHL subtype","Males",2,2018,"Estimated",1858.76944594555,1843.3173447349,1872.55243045088,"people living after diagnosis","output/prevalence_projections.csv"
"Prevalence (people)","dlbcl","Diffuse large B-cell lymphoma (DLBCL)","NHL subtype","Males",2,2019,"Estimated",1919.89530494692,1902.42579150894,1936.26836560551,"people living after diagnosis","output/prevalence_projections.csv"
"Prevalence (people)","dlbcl","Diffuse large B-cell lymphoma (DLBCL)","NHL subtype","Males",2,2020,"Estimated",1985.97785087293,1965.61540389804,2004.64322388044,"people living after diagnosis","output/prevalence_projections.csv"
"Prevalence (people)","dlbcl","Diffuse large B-cell lymphoma (DLBCL)","NHL subtype","Males",2,2021,"Estimated",2033.47800074624,2009.84897897639,2055.80527133005,"people living after diagnosis","output/prevalence_projections.csv"
"Prevalence (people)","dlbcl","Diffuse large B-cell lymphoma (DLBCL)","NHL subtype","Males",2,2022,"Projected",2062.82351259748,2009.13949981585,2116.37132994286,"people living after diagnosis","output/prevalence_projections.csv"
"Prevalence (people)","dlbcl","Diffuse large B-cell lymphoma (DLBCL)","NHL subtype","Males",2,2023,"Projected",2139.89055497835,2044.68866942387,2236.93833271418,"people living after diagnosis","output/prevalence_projections.csv"
"Prevalence (people)","dlbcl","Diffuse large B-cell lymphoma (DLBCL)","NHL subtype","Males",2,2024,"Projected",2200.81425118044,2105.07999320655,2302.49306361102,"people living after diagnosis","output/prevalence_projections.csv"
"Prevalence (people)","dlbcl","Diffuse large B-cell lymphoma (DLBCL)","NHL subtype","Males",2,2025,"Projected",2262.41119291552,2165.1864398004,2369.34383967067,"people living after diagnosis","output/prevalence_projections.csv"
"Prevalence (people)","dlbcl","Diffuse large B-cell lymphoma (DLBCL)","NHL subtype","Males",2,2026,"Projected",2324.91485732962,2218.57744521647,2439.83019588096,"people living after diagnosis","output/prevalence_projections.csv"
"Prevalence (people)","dlbcl","Diffuse large B-cell lymphoma (DLBCL)","NHL subtype","Males",2,2027,"Projected",2389.33156847654,2272.27298053302,2512.26048641798,"people living after diagnosis","output/prevalence_projections.csv"
"Prevalence (people)","dlbcl","Diffuse large B-cell lymphoma (DLBCL)","NHL subtype","Males",2,2028,"Projected",2452.28200571371,2328.47577433178,2589.42248786816,"people living after diagnosis","output/prevalence_projections.csv"
"Prevalence (people)","dlbcl","Diffuse large B-cell lymphoma (DLBCL)","NHL subtype","Males",2,2029,"Projected",2511.95976138567,2380.30862121428,2662.17391906618,"people living after diagnosis","output/prevalence_projections.csv"
"Prevalence (people)","dlbcl","Diffuse large B-cell lymphoma (DLBCL)","NHL subtype","Males",2,2030,"Projected",2567.58106999135,2425.62685465212,2727.56344114489,"people living after diagnosis","output/prevalence_projections.csv"
"Prevalence (people)","dlbcl","Diffuse large B-cell lymphoma (DLBCL)","NHL subtype","Males",2,2031,"Projected",2621.42244603878,2466.72589015856,2789.04040329893,"people living after diagnosis","output/prevalence_projections.csv"
"Prevalence (people)","dlbcl","Diffuse large B-cell lymphoma (DLBCL)","NHL subtype","Males",2,2032,"Projected",2668.89374898791,2501.81074317692,2848.41735746377,"people living after diagnosis","output/prevalence_projections.csv"
"Prevalence (people)","dlbcl","Diffuse large B-cell lymphoma (DLBCL)","NHL subtype","Males",2,2033,"Projected",2705.39226383313,2529.95346499283,2897.8165910612,"people living after diagnosis","output/prevalence_projections.csv"
"Prevalence (people)","dlbcl","Diffuse large B-cell lymphoma (DLBCL)","NHL subtype","Males",2,2034,"Projected",2738.10756380713,2554.4934388552,2944.47548522957,"people living after diagnosis","output/prevalence_projections.csv"
"Prevalence (people)","dlbcl","Diffuse large B-cell lymphoma (DLBCL)","NHL subtype","Males",2,2035,"Projected",2768.85256752571,2577.62249915356,2989.31763243559,"people living after diagnosis","output/prevalence_projections.csv"
"Prevalence (people)","dlbcl","Diffuse large B-cell lymphoma (DLBCL)","NHL subtype","Males",2,2036,"Projected",2799.38695049475,2600.16116336839,3034.19630134894,"people living after diagnosis","output/prevalence_projections.csv"
"Prevalence (people)","dlbcl","Diffuse large B-cell lymphoma (DLBCL)","NHL subtype","Males",2,2037,"Projected",2829.0961023125,2619.98080255123,3074.94940319674,"people living after diagnosis","output/prevalence_projections.csv"
"Prevalence (people)","dlbcl","Diffuse large B-cell lymphoma (DLBCL)","NHL subtype","Males",2,2038,"Projected",2856.4224404596,2636.13570427434,3115.36408392451,"people living after diagnosis","output/prevalence_projections.csv"
"Prevalence (people)","dlbcl","Diffuse large B-cell lymphoma (DLBCL)","NHL subtype","Males",2,2039,"Projected",2880.10820763985,2652.31110803179,3147.64043595458,"people living after diagnosis","output/prevalence_projections.csv"
"Prevalence (people)","dlbcl","Diffuse large B-cell lymphoma (DLBCL)","NHL subtype","Males",2,2040,"Projected",2898.28061026203,2661.70524024851,3181.19271975989,"people living after diagnosis","output/prevalence_projections.csv"
"Prevalence (people)","dlbcl","Diffuse large B-cell lymphoma (DLBCL)","NHL subtype","Males",2,2041,"Projected",2913.97188504874,2666.17673743982,3209.70629015443,"people living after diagnosis","output/prevalence_projections.csv"
"Prevalence (people)","dlbcl","Diffuse large B-cell lymphoma (DLBCL)","NHL subtype","Males",2,2042,"Projected",2925.35753700291,2668.35827699544,3234.24990317828,"people living after diagnosis","output/prevalence_projections.csv"
"Prevalence (people)","dlbcl","Diffuse large B-cell lymphoma (DLBCL)","NHL subtype","Males",2,2043,"Projected",2937.947949164,2673.92502547594,3255.5404153195,"people living after diagnosis","output/prevalence_projections.csv"
"Prevalence (people)","dlbcl","Diffuse large B-cell lymphoma (DLBCL)","NHL subtype","Males",2,2044,"Projected",2947.3290279169,2676.77372906032,3281.07747751902,"people living after diagnosis","output/prevalence_projections.csv"
"Prevalence (people)","dlbcl","Diffuse large B-cell lymphoma (DLBCL)","NHL subtype","Males",2,2045,"Projected",2956.88799349875,2673.52845358052,3302.52102448087,"people living after diagnosis","output/prevalence_projections.csv"
"Prevalence (people)","dlbcl","Diffuse large B-cell lymphoma (DLBCL)","NHL subtype","Males",3,2012,"Estimated",2213.23858768141,2196.72397711869,2229.18422336911,"people living after diagnosis","output/prevalence_projections.csv"
"Prevalence (people)","dlbcl","Diffuse large B-cell lymphoma (DLBCL)","NHL subtype","Males",3,2013,"Estimated",2304.28284805206,2283.31198571637,2325.61896036794,"people living after diagnosis","output/prevalence_projections.csv"
"Prevalence (people)","dlbcl","Diffuse large B-cell lymphoma (DLBCL)","NHL subtype","Males",3,2014,"Estimated",2360.51291079799,2340.58171861643,2381.61831431824,"people living after diagnosis","output/prevalence_projections.csv"
"Prevalence (people)","dlbcl","Diffuse large B-cell lymphoma (DLBCL)","NHL subtype","Males",3,2015,"Estimated",2379.09643708496,2359.1944811442,2400.19336298871,"people living after diagnosis","output/prevalence_projections.csv"
"Prevalence (people)","dlbcl","Diffuse large B-cell lymphoma (DLBCL)","NHL subtype","Males",3,2016,"Estimated",2444.29667843056,2423.73809581356,2465.53970801362,"people living after diagnosis","output/prevalence_projections.csv"
"Prevalence (people)","dlbcl","Diffuse large B-cell lymphoma (DLBCL)","NHL subtype","Males",3,2017,"Estimated",2487.42739372828,2469.06709910917,2505.75407079246,"people living after diagnosis","output/prevalence_projections.csv"
"Prevalence (people)","dlbcl","Diffuse large B-cell lymphoma (DLBCL)","NHL subtype","Males",3,2018,"Estimated",2603.50511963713,2584.69356912845,2623.59457990993,"people living after diagnosis","output/prevalence_projections.csv"
"Prevalence (people)","dlbcl","Diffuse large B-cell lymphoma (DLBCL)","NHL subtype","Males",3,2019,"Estimated",2673.49593983733,2652.70393453588,2692.52315929751,"people living after diagnosis","output/prevalence_projections.csv"
"Prevalence (people)","dlbcl","Diffuse large B-cell lymphoma (DLBCL)","NHL subtype","Males",3,2020,"Estimated",2804.83440026808,2780.06335125487,2826.41538719198,"people living after diagnosis","output/prevalence_projections.csv"
"Prevalence (people)","dlbcl","Diffuse large B-cell lymphoma (DLBCL)","NHL subtype","Males",3,2021,"Estimated",2846.61135165061,2818.75217188711,2870.97018881093,"people living after diagnosis","output/prevalence_projections.csv"
"Prevalence (people)","dlbcl","Diffuse large B-cell lymphoma (DLBCL)","NHL subtype","Males",3,2022,"Projected",2940.31609332911,2881.82224233394,2995.8472886601,"people living after diagnosis","output/prevalence_projections.csv"
"Prevalence (people)","dlbcl","Diffuse large B-cell lymphoma (DLBCL)","NHL subtype","Males",3,2023,"Projected",2999.87410242993,2904.78899863047,3096.48998864638,"people living after diagnosis","output/prevalence_projections.csv"
"Prevalence (people)","dlbcl","Diffuse large B-cell lymphoma (DLBCL)","NHL subtype","Males",3,2024,"Projected",3101.79960183106,2966.63121318751,3240.23994952232,"people living after diagnosis","output/prevalence_projections.csv"
"Prevalence (people)","dlbcl","Diffuse large B-cell lymphoma (DLBCL)","NHL subtype","Males",3,2025,"Projected",3191.53330098733,3052.47269715434,3337.33723497594,"people living after diagnosis","output/prevalence_projections.csv"
"Prevalence (people)","dlbcl","Diffuse large B-cell lymphoma (DLBCL)","NHL subtype","Males",3,2026,"Projected",3281.04644864515,3137.39225100503,3437.10765870241,"people living after diagnosis","output/prevalence_projections.csv"
"Prevalence (people)","dlbcl","Diffuse large B-cell lymphoma (DLBCL)","NHL subtype","Males",3,2027,"Projected",3372.59135226087,3218.43808782627,3541.32517273236,"people living after diagnosis","output/prevalence_projections.csv"
"Prevalence (people)","dlbcl","Diffuse large B-cell lymphoma (DLBCL)","NHL subtype","Males",3,2028,"Projected",3465.67417966497,3304.0874093169,3645.80921334521,"people living after diagnosis","output/prevalence_projections.csv"
"Prevalence (people)","dlbcl","Diffuse large B-cell lymphoma (DLBCL)","NHL subtype","Males",3,2029,"Projected",3556.12443597232,3383.85310923425,3752.13794274676,"people living after diagnosis","output/prevalence_projections.csv"
"Prevalence (people)","dlbcl","Diffuse large B-cell lymphoma (DLBCL)","NHL subtype","Males",3,2030,"Projected",3642.47731139019,3454.69254064859,3851.01870032468,"people living after diagnosis","output/prevalence_projections.csv"
"Prevalence (people)","dlbcl","Diffuse large B-cell lymphoma (DLBCL)","NHL subtype","Males",3,2031,"Projected",3723.21923138311,3523.73462796818,3952.07117556125,"people living after diagnosis","output/prevalence_projections.csv"
"Prevalence (people)","dlbcl","Diffuse large B-cell lymphoma (DLBCL)","NHL subtype","Males",3,2032,"Projected",3795.07604118197,3582.46741656482,4046.22147172556,"people living after diagnosis","output/prevalence_projections.csv"
"Prevalence (people)","dlbcl","Diffuse large B-cell lymphoma (DLBCL)","NHL subtype","Males",3,2033,"Projected",3857.98458371494,3622.7557999359,4124.66650463911,"people living after diagnosis","output/prevalence_projections.csv"
"Prevalence (people)","dlbcl","Diffuse large B-cell lymphoma (DLBCL)","NHL subtype","Males",3,2034,"Projected",3906.49698834286,3660.1776858549,4191.04080209162,"people living after diagnosis","output/prevalence_projections.csv"
"Prevalence (people)","dlbcl","Diffuse large B-cell lymphoma (DLBCL)","NHL subtype","Males",3,2035,"Projected",3951.74126022007,3696.91541057364,4253.39675694241,"people living after diagnosis","output/prevalence_projections.csv"
"Prevalence (people)","dlbcl","Diffuse large B-cell lymphoma (DLBCL)","NHL subtype","Males",3,2036,"Projected",3994.98571158122,3730.91845489738,4309.64338613344,"people living after diagnosis","output/prevalence_projections.csv"
"Prevalence (people)","dlbcl","Diffuse large B-cell lymphoma (DLBCL)","NHL subtype","Males",3,2037,"Projected",4039.85841869734,3759.96632917059,4368.96786474221,"people living after diagnosis","output/prevalence_projections.csv"
"Prevalence (people)","dlbcl","Diffuse large B-cell lymphoma (DLBCL)","NHL subtype","Males",3,2038,"Projected",4078.16040039865,3783.50245158742,4426.16790439406,"people living after diagnosis","output/prevalence_projections.csv"
"Prevalence (people)","dlbcl","Diffuse large B-cell lymphoma (DLBCL)","NHL subtype","Males",3,2039,"Projected",4113.28846628294,3803.72057552604,4474.88899736327,"people living after diagnosis","output/prevalence_projections.csv"
"Prevalence (people)","dlbcl","Diffuse large B-cell lymphoma (DLBCL)","NHL subtype","Males",3,2040,"Projected",4141.35313269381,3820.96869535263,4518.48984404289,"people living after diagnosis","output/prevalence_projections.csv"
"Prevalence (people)","dlbcl","Diffuse large B-cell lymphoma (DLBCL)","NHL subtype","Males",3,2041,"Projected",4164.27684609753,3828.75743847597,4554.18236033447,"people living after diagnosis","output/prevalence_projections.csv"
"Prevalence (people)","dlbcl","Diffuse large B-cell lymphoma (DLBCL)","NHL subtype","Males",3,2042,"Projected",4182.41439663548,3838.07359397222,4589.07642786563,"people living after diagnosis","output/prevalence_projections.csv"
"Prevalence (people)","dlbcl","Diffuse large B-cell lymphoma (DLBCL)","NHL subtype","Males",3,2043,"Projected",4197.9268884289,3842.69773821891,4627.03952267604,"people living after diagnosis","output/prevalence_projections.csv"
"Prevalence (people)","dlbcl","Diffuse large B-cell lymphoma (DLBCL)","NHL subtype","Males",3,2044,"Projected",4211.07594110845,3843.32990344431,4654.9280779281,"people living after diagnosis","output/prevalence_projections.csv"
"Prevalence (people)","dlbcl","Diffuse large B-cell lymphoma (DLBCL)","NHL subtype","Males",3,2045,"Projected",4224.26303875959,3845.96741625069,4684.78417082713,"people living after diagnosis","output/prevalence_projections.csv"
"Prevalence (people)","dlbcl","Diffuse large B-cell lymphoma (DLBCL)","NHL subtype","Males",5,2012,"Estimated",3246.07422734714,3223.16321735504,3269.45703271149,"people living after diagnosis","output/prevalence_projections.csv"
"Prevalence (people)","dlbcl","Diffuse large B-cell lymphoma (DLBCL)","NHL subtype","Males",5,2013,"Estimated",3377.96379220771,3351.23366543805,3403.14398685135,"people living after diagnosis","output/prevalence_projections.csv"
"Prevalence (people)","dlbcl","Diffuse large B-cell lymphoma (DLBCL)","NHL subtype","Males",5,2014,"Estimated",3512.31343477754,3486.2387758013,3537.05889417646,"people living after diagnosis","output/prevalence_projections.csv"
"Prevalence (people)","dlbcl","Diffuse large B-cell lymphoma (DLBCL)","NHL subtype","Males",5,2015,"Estimated",3610.8496299998,3584.59677481599,3637.18989727261,"people living after diagnosis","output/prevalence_projections.csv"
"Prevalence (people)","dlbcl","Diffuse large B-cell lymphoma (DLBCL)","NHL subtype","Males",5,2016,"Estimated",3726.07701952316,3699.45301639138,3755.48008138448,"people living after diagnosis","output/prevalence_projections.csv"
"Prevalence (people)","dlbcl","Diffuse large B-cell lymphoma (DLBCL)","NHL subtype","Males",5,2017,"Estimated",3787.84262517511,3761.7920482782,3813.44549073982,"people living after diagnosis","output/prevalence_projections.csv"
"Prevalence (people)","dlbcl","Diffuse large B-cell lymphoma (DLBCL)","NHL subtype","Males",5,2018,"Estimated",3920.0291387068,3891.92570405839,3944.92938268511,"people living after diagnosis","output/prevalence_projections.csv"
"Prevalence (people)","dlbcl","Diffuse large B-cell lymphoma (DLBCL)","NHL subtype","Males",5,2019,"Estimated",4010.88874371959,3981.9178723183,4037.35416071618,"people living after diagnosis","output/prevalence_projections.csv"
"Prevalence (people)","dlbcl","Diffuse large B-cell lymphoma (DLBCL)","NHL subtype","Males",5,2020,"Estimated",4177.14706935248,4146.13528811852,4206.31974351735,"people living after diagnosis","output/prevalence_projections.csv"
"Prevalence (people)","dlbcl","Diffuse large B-cell lymphoma (DLBCL)","NHL subtype","Males",5,2021,"Estimated",4284.04825727816,4251.35594813119,4313.53563659263,"people living after diagnosis","output/prevalence_projections.csv"
"Prevalence (people)","dlbcl","Diffuse large B-cell lymphoma (DLBCL)","NHL subtype","Males",5,2022,"Projected",4429.30153892933,4367.33319387937,4489.56051374609,"people living after diagnosis","output/prevalence_projections.csv"
"Prevalence (people)","dlbcl","Diffuse large B-cell lymphoma (DLBCL)","NHL subtype","Males",5,2023,"Projected",4541.61015903157,4441.39785846048,4644.49189781982,"people living after diagnosis","output/prevalence_projections.csv"
"Prevalence (people)","dlbcl","Diffuse large B-cell lymphoma (DLBCL)","NHL subtype","Males",5,2024,"Projected",4685.01112733462,4549.02927776064,4825.50431578255,"people living after diagnosis","output/prevalence_projections.csv"
"Prevalence (people)","dlbcl","Diffuse large B-cell lymphoma (DLBCL)","NHL subtype","Males",5,2025,"Projected",4795.05374011157,4622.36300984565,4978.49635334861,"people living after diagnosis","output/prevalence_projections.csv"
"Prevalence (people)","dlbcl","Diffuse large B-cell lymphoma (DLBCL)","NHL subtype","Males",5,2026,"Projected",4947.41858589896,4738.00277962021,5171.18098904518,"people living after diagnosis","output/prevalence_projections.csv"
"Prevalence (people)","dlbcl","Diffuse large B-cell lymphoma (DLBCL)","NHL subtype","Males",5,2027,"Projected",5089.8897808352,4875.82206431185,5332.70013432678,"people living after diagnosis","output/prevalence_projections.csv"
"Prevalence (people)","dlbcl","Diffuse large B-cell lymphoma (DLBCL)","NHL subtype","Males",5,2028,"Projected",5229.83165860131,4993.34533009848,5494.76946557887,"people living after diagnosis","output/prevalence_projections.csv"
"Prevalence (people)","dlbcl","Diffuse large B-cell lymphoma (DLBCL)","NHL subtype","Males",5,2029,"Projected",5372.92357145281,5125.87638002478,5648.99226164843,"people living after diagnosis","output/prevalence_projections.csv"
"Prevalence (people)","dlbcl","Diffuse large B-cell lymphoma (DLBCL)","NHL subtype","Males",5,2030,"Projected",5512.74489304355,5244.69113654981,5811.86465114436,"people living after diagnosis","output/prevalence_projections.csv"
"Prevalence (people)","dlbcl","Diffuse large B-cell lymphoma (DLBCL)","NHL subtype","Males",5,2031,"Projected",5643.56770318806,5364.38664130957,5976.79877575855,"people living after diagnosis","output/prevalence_projections.csv"
"Prevalence (people)","dlbcl","Diffuse large B-cell lymphoma (DLBCL)","NHL subtype","Males",5,2032,"Projected",5765.09337886546,5466.9917831579,6125.84319124984,"people living after diagnosis","output/prevalence_projections.csv"
"Prevalence (people)","dlbcl","Diffuse large B-cell lymphoma (DLBCL)","NHL subtype","Males",5,2033,"Projected",5875.29351292155,5558.93450421478,6256.32742916705,"people living after diagnosis","output/prevalence_projections.csv"
"Prevalence (people)","dlbcl","Diffuse large B-cell lymphoma (DLBCL)","NHL subtype","Males",5,2034,"Projected",5969.97588247844,5633.24003946646,6374.30119588358,"people living after diagnosis","output/prevalence_projections.csv"
"Prevalence (people)","dlbcl","Diffuse large B-cell lymphoma (DLBCL)","NHL subtype","Males",5,2035,"Projected",6048.23937251704,5694.91183727016,6487.13483137492,"people living after diagnosis","output/prevalence_projections.csv"
"Prevalence (people)","dlbcl","Diffuse large B-cell lymphoma (DLBCL)","NHL subtype","Males",5,2036,"Projected",6111.54024498278,5741.8977436959,6568.89682989177,"people living after diagnosis","output/prevalence_projections.csv"
"Prevalence (people)","dlbcl","Diffuse large B-cell lymphoma (DLBCL)","NHL subtype","Males",5,2037,"Projected",6175.32921216105,5781.53430564303,6646.4345979694,"people living after diagnosis","output/prevalence_projections.csv"
"Prevalence (people)","dlbcl","Diffuse large B-cell lymphoma (DLBCL)","NHL subtype","Males",5,2038,"Projected",6235.70145410011,5819.93711938405,6729.87998584066,"people living after diagnosis","output/prevalence_projections.csv"
"Prevalence (people)","dlbcl","Diffuse large B-cell lymphoma (DLBCL)","NHL subtype","Males",5,2039,"Projected",6286.62806722704,5857.06989214089,6809.24848935393,"people living after diagnosis","output/prevalence_projections.csv"
"Prevalence (people)","dlbcl","Diffuse large B-cell lymphoma (DLBCL)","NHL subtype","Males",5,2040,"Projected",6330.86022447444,5885.46003039636,6871.95043003549,"people living after diagnosis","output/prevalence_projections.csv"
"Prevalence (people)","dlbcl","Diffuse large B-cell lymphoma (DLBCL)","NHL subtype","Males",5,2041,"Projected",6370.04676619422,5899.43852688476,6928.9095610352,"people living after diagnosis","output/prevalence_projections.csv"
"Prevalence (people)","dlbcl","Diffuse large B-cell lymphoma (DLBCL)","NHL subtype","Males",5,2042,"Projected",6399.7155746932,5908.42024533483,6977.40038699709,"people living after diagnosis","output/prevalence_projections.csv"
"Prevalence (people)","dlbcl","Diffuse large B-cell lymphoma (DLBCL)","NHL subtype","Males",5,2043,"Projected",6421.80546524046,5912.71101699646,7027.54025711599,"people living after diagnosis","output/prevalence_projections.csv"
"Prevalence (people)","dlbcl","Diffuse large B-cell lymphoma (DLBCL)","NHL subtype","Males",5,2044,"Projected",6444.07705553273,5906.4304899617,7061.19014250385,"people living after diagnosis","output/prevalence_projections.csv"
"Prevalence (people)","dlbcl","Diffuse large B-cell lymphoma (DLBCL)","NHL subtype","Males",5,2045,"Projected",6462.42800832255,5903.02582762504,7104.97935587629,"people living after diagnosis","output/prevalence_projections.csv"
"Prevalence (people)","dlbcl","Diffuse large B-cell lymphoma (DLBCL)","NHL subtype","Males",10,2012,"Estimated",5174.50186744491,5031.84553335035,5312.11646166932,"people living after diagnosis","output/prevalence_projections.csv"
"Prevalence (people)","dlbcl","Diffuse large B-cell lymphoma (DLBCL)","NHL subtype","Males",10,2013,"Estimated",5371.72685916541,5236.5965390749,5509.95861356956,"people living after diagnosis","output/prevalence_projections.csv"
"Prevalence (people)","dlbcl","Diffuse large B-cell lymphoma (DLBCL)","NHL subtype","Males",10,2014,"Estimated",5564.31993099222,5437.92190280719,5692.30252440664,"people living after diagnosis","output/prevalence_projections.csv"
"Prevalence (people)","dlbcl","Diffuse large B-cell lymphoma (DLBCL)","NHL subtype","Males",10,2015,"Estimated",5750.29480879569,5625.75829206101,5876.43472598892,"people living after diagnosis","output/prevalence_projections.csv"
"Prevalence (people)","dlbcl","Diffuse large B-cell lymphoma (DLBCL)","NHL subtype","Males",10,2016,"Estimated",5967.07739148358,5852.53675439909,6085.01906438411,"people living after diagnosis","output/prevalence_projections.csv"
"Prevalence (people)","dlbcl","Diffuse large B-cell lymphoma (DLBCL)","NHL subtype","Males",10,2017,"Estimated",6162.946341754,6061.16947376349,6268.49748794058,"people living after diagnosis","output/prevalence_projections.csv"
"Prevalence (people)","dlbcl","Diffuse large B-cell lymphoma (DLBCL)","NHL subtype","Males",10,2018,"Estimated",6402.34037022918,6311.02500508977,6493.85907490379,"people living after diagnosis","output/prevalence_projections.csv"
"Prevalence (people)","dlbcl","Diffuse large B-cell lymphoma (DLBCL)","NHL subtype","Males",10,2019,"Estimated",6623.71003258852,6539.38070303014,6712.80424912235,"people living after diagnosis","output/prevalence_projections.csv"
"Prevalence (people)","dlbcl","Diffuse large B-cell lymphoma (DLBCL)","NHL subtype","Males",10,2020,"Estimated",6866.53999874513,6771.91200494142,6966.37839888447,"people living after diagnosis","output/prevalence_projections.csv"
"Prevalence (people)","dlbcl","Diffuse large B-cell lymphoma (DLBCL)","NHL subtype","Males",10,2021,"Estimated",7053.37578291416,6932.52559255619,7190.96099785907,"people living after diagnosis","output/prevalence_projections.csv"
"Prevalence (people)","dlbcl","Diffuse large B-cell lymphoma (DLBCL)","NHL subtype","Males",10,2022,"Projected",7237.69472623114,7117.43186259723,7363.34078545789,"people living after diagnosis","output/prevalence_projections.csv"
"Prevalence (people)","dlbcl","Diffuse large B-cell lymphoma (DLBCL)","NHL subtype","Males",10,2023,"Projected",7440.1519410023,7301.10181204301,7580.64866029327,"people living after diagnosis","output/prevalence_projections.csv"
"Prevalence (people)","dlbcl","Diffuse large B-cell lymphoma (DLBCL)","NHL subtype","Males",10,2024,"Projected",7634.71093808879,7452.0441000719,7797.67905738615,"people living after diagnosis","output/prevalence_projections.csv"
"Prevalence (people)","dlbcl","Diffuse large B-cell lymphoma (DLBCL)","NHL subtype","Males",10,2025,"Projected",7854.82334930801,7651.03051100944,8061.17354125298,"people living after diagnosis","output/prevalence_projections.csv"
"Prevalence (people)","dlbcl","Diffuse large B-cell lymphoma (DLBCL)","NHL subtype","Males",10,2026,"Projected",8082.9685587991,7841.2304759544,8329.88966081881,"people living after diagnosis","output/prevalence_projections.csv"
"Prevalence (people)","dlbcl","Diffuse large B-cell lymphoma (DLBCL)","NHL subtype","Males",10,2027,"Projected",8328.30909706443,8044.50714513006,8625.9028161487,"people living after diagnosis","output/prevalence_projections.csv"
"Prevalence (people)","dlbcl","Diffuse large B-cell lymphoma (DLBCL)","NHL subtype","Males",10,2028,"Projected",8544.85460173431,8219.87712419538,8893.41153910745,"people living after diagnosis","output/prevalence_projections.csv"
"Prevalence (people)","dlbcl","Diffuse large B-cell lymphoma (DLBCL)","NHL subtype","Males",10,2029,"Projected",8787.00881894848,8418.69911555826,9189.00252893355,"people living after diagnosis","output/prevalence_projections.csv"
"Prevalence (people)","dlbcl","Diffuse large B-cell lymphoma (DLBCL)","NHL subtype","Males",10,2030,"Projected",8998.80402244267,8592.21585288525,9458.2950672738,"people living after diagnosis","output/prevalence_projections.csv"
"Prevalence (people)","dlbcl","Diffuse large B-cell lymphoma (DLBCL)","NHL subtype","Males",10,2031,"Projected",9243.19127853826,8788.74585512372,9755.55411511625,"people living after diagnosis","output/prevalence_projections.csv"
"Prevalence (people)","dlbcl","Diffuse large B-cell lymphoma (DLBCL)","NHL subtype","Males",10,2032,"Projected",9469.79219992011,8987.97690511361,10021.2206229347,"people living after diagnosis","output/prevalence_projections.csv"
"Prevalence (people)","dlbcl","Diffuse large B-cell lymphoma (DLBCL)","NHL subtype","Males",10,2033,"Projected",9675.97830818944,9161.57121650146,10269.0373125984,"people living after diagnosis","output/prevalence_projections.csv"
"Prevalence (people)","dlbcl","Diffuse large B-cell lymphoma (DLBCL)","NHL subtype","Males",10,2034,"Projected",9868.29806397182,9313.14733759653,10499.3656536813,"people living after diagnosis","output/prevalence_projections.csv"
"Prevalence (people)","dlbcl","Diffuse large B-cell lymphoma (DLBCL)","NHL subtype","Males",10,2035,"Projected",10046.9090839795,9444.21147578085,10719.9339454351,"people living after diagnosis","output/prevalence_projections.csv"
"Prevalence (people)","dlbcl","Diffuse large B-cell lymphoma (DLBCL)","NHL subtype","Males",10,2036,"Projected",10207.5131299835,9551.9641538955,10926.9814544743,"people living after diagnosis","output/prevalence_projections.csv"
"Prevalence (people)","dlbcl","Diffuse large B-cell lymphoma (DLBCL)","NHL subtype","Males",10,2037,"Projected",10348.1728711105,9635.56542470775,11117.7227122712,"people living after diagnosis","output/prevalence_projections.csv"
"Prevalence (people)","dlbcl","Diffuse large B-cell lymphoma (DLBCL)","NHL subtype","Males",10,2038,"Projected",10472.8703582953,9729.51759497025,11280.8680176655,"people living after diagnosis","output/prevalence_projections.csv"
"Prevalence (people)","dlbcl","Diffuse large B-cell lymphoma (DLBCL)","NHL subtype","Males",10,2039,"Projected",10572.5652919591,9787.62214532005,11440.7933767487,"people living after diagnosis","output/prevalence_projections.csv"
"Prevalence (people)","dlbcl","Diffuse large B-cell lymphoma (DLBCL)","NHL subtype","Males",10,2040,"Projected",10648.9998577789,9832.35302532259,11578.9997878604,"people living after diagnosis","output/prevalence_projections.csv"
"Prevalence (people)","dlbcl","Diffuse large B-cell lymphoma (DLBCL)","NHL subtype","Males",10,2041,"Projected",10715.9078666834,9867.07414050119,11692.4428530851,"people living after diagnosis","output/prevalence_projections.csv"
"Prevalence (people)","dlbcl","Diffuse large B-cell lymphoma (DLBCL)","NHL subtype","Males",10,2042,"Projected",10769.8854999075,9892.56893540794,11799.781666832,"people living after diagnosis","output/prevalence_projections.csv"
"Prevalence (people)","dlbcl","Diffuse large B-cell lymphoma (DLBCL)","NHL subtype","Males",10,2043,"Projected",10813.4646152442,9901.69349273852,11888.9070234617,"people living after diagnosis","output/prevalence_projections.csv"
"Prevalence (people)","dlbcl","Diffuse large B-cell lymphoma (DLBCL)","NHL subtype","Males",10,2044,"Projected",10852.3113102267,9921.22208783036,11975.4618399003,"people living after diagnosis","output/prevalence_projections.csv"
"Prevalence (people)","dlbcl","Diffuse large B-cell lymphoma (DLBCL)","NHL subtype","Males",10,2045,"Projected",10891.0376714339,9925.31792703258,12064.3458051075,"people living after diagnosis","output/prevalence_projections.csv"
"Prevalence (people)","dlbcl","Diffuse large B-cell lymphoma (DLBCL)","NHL subtype","Males",40,2012,"Estimated",8328.06384315036,6981.04294456393,10033.1208808727,"people living after diagnosis","output/prevalence_projections.csv"
"Prevalence (people)","dlbcl","Diffuse large B-cell lymphoma (DLBCL)","NHL subtype","Males",40,2013,"Estimated",8743.10032197535,7341.11116486673,10555.2434066753,"people living after diagnosis","output/prevalence_projections.csv"
"Prevalence (people)","dlbcl","Diffuse large B-cell lymphoma (DLBCL)","NHL subtype","Males",40,2014,"Estimated",9147.07048649925,7684.47936154659,11045.2275363548,"people living after diagnosis","output/prevalence_projections.csv"
"Prevalence (people)","dlbcl","Diffuse large B-cell lymphoma (DLBCL)","NHL subtype","Males",40,2015,"Estimated",9551.47338465161,8033.12720322238,11534.9102635411,"people living after diagnosis","output/prevalence_projections.csv"
"Prevalence (people)","dlbcl","Diffuse large B-cell lymphoma (DLBCL)","NHL subtype","Males",40,2016,"Estimated",9991.13037417844,8413.95278116648,12053.2320956935,"people living after diagnosis","output/prevalence_projections.csv"
"Prevalence (people)","dlbcl","Diffuse large B-cell lymphoma (DLBCL)","NHL subtype","Males",40,2017,"Estimated",10416.6184988382,8787.66517312868,12536.4382665604,"people living after diagnosis","output/prevalence_projections.csv"
"Prevalence (people)","dlbcl","Diffuse large B-cell lymphoma (DLBCL)","NHL subtype","Males",40,2018,"Estimated",10891.5330189363,9213.34257978975,13068.4558357907,"people living after diagnosis","output/prevalence_projections.csv"
"Prevalence (people)","dlbcl","Diffuse large B-cell lymphoma (DLBCL)","NHL subtype","Males",40,2019,"Estimated",11333.3824122765,9625.65757485476,13582.3906492031,"people living after diagnosis","output/prevalence_projections.csv"
"Prevalence (people)","dlbcl","Diffuse large B-cell lymphoma (DLBCL)","NHL subtype","Males",40,2020,"Estimated",11834.3463089954,10091.0339072261,14125.8915264405,"people living after diagnosis","output/prevalence_projections.csv"
"Prevalence (people)","dlbcl","Diffuse large B-cell lymphoma (DLBCL)","NHL subtype","Males",40,2021,"Estimated",12287.7821235742,10532.5371395023,14631.307521066,"people living after diagnosis","output/prevalence_projections.csv"
"Prevalence (people)","dlbcl","Diffuse large B-cell lymphoma (DLBCL)","NHL subtype","Males",40,2022,"Projected",12719.6809671574,10990.0383312853,15058.7395624882,"people living after diagnosis","output/prevalence_projections.csv"
"Prevalence (people)","dlbcl","Diffuse large B-cell lymphoma (DLBCL)","NHL subtype","Males",40,2023,"Projected",13171.9412339105,11458.7782344758,15500.392637333,"people living after diagnosis","output/prevalence_projections.csv"
"Prevalence (people)","dlbcl","Diffuse large B-cell lymphoma (DLBCL)","NHL subtype","Males",40,2024,"Projected",13607.9232795649,11922.7229036194,15941.6076056979,"people living after diagnosis","output/prevalence_projections.csv"
"Prevalence (people)","dlbcl","Diffuse large B-cell lymphoma (DLBCL)","NHL subtype","Males",40,2025,"Projected",14056.3310707379,12417.9597082591,16361.6686107015,"people living after diagnosis","output/prevalence_projections.csv"
"Prevalence (people)","dlbcl","Diffuse large B-cell lymphoma (DLBCL)","NHL subtype","Males",40,2026,"Projected",14514.3730854524,12926.5317908611,16740.8722988457,"people living after diagnosis","output/prevalence_projections.csv"
"Prevalence (people)","dlbcl","Diffuse large B-cell lymphoma (DLBCL)","NHL subtype","Males",40,2027,"Projected",14986.2386279274,13440.7731394434,17135.8488930393,"people living after diagnosis","output/prevalence_projections.csv"
"Prevalence (people)","dlbcl","Diffuse large B-cell lymphoma (DLBCL)","NHL subtype","Males",40,2028,"Projected",15451.5222677632,13949.1128211349,17522.7977492101,"people living after diagnosis","output/prevalence_projections.csv"
"Prevalence (people)","dlbcl","Diffuse large B-cell lymphoma (DLBCL)","NHL subtype","Males",40,2029,"Projected",15916.5714406126,14454.6689446267,17903.7838062789,"people living after diagnosis","output/prevalence_projections.csv"
"Prevalence (people)","dlbcl","Diffuse large B-cell lymphoma (DLBCL)","NHL subtype","Males",40,2030,"Projected",16373.1666488641,14942.8131255416,18314.90711902,"people living after diagnosis","output/prevalence_projections.csv"
"Prevalence (people)","dlbcl","Diffuse large B-cell lymphoma (DLBCL)","NHL subtype","Males",40,2031,"Projected",16842.5288233647,15433.0133775805,18679.583016468,"people living after diagnosis","output/prevalence_projections.csv"
"Prevalence (people)","dlbcl","Diffuse large B-cell lymphoma (DLBCL)","NHL subtype","Males",40,2032,"Projected",17330.0895807493,15925.8150062672,19044.1942364252,"people living after diagnosis","output/prevalence_projections.csv"
"Prevalence (people)","dlbcl","Diffuse large B-cell lymphoma (DLBCL)","NHL subtype","Males",40,2033,"Projected",17777.7536031631,16383.333623159,19405.4877252539,"people living after diagnosis","output/prevalence_projections.csv"
"Prevalence (people)","dlbcl","Diffuse large B-cell lymphoma (DLBCL)","NHL subtype","Males",40,2034,"Projected",18223.7879599923,16819.1210029914,19785.4640507495,"people living after diagnosis","output/prevalence_projections.csv"
"Prevalence (people)","dlbcl","Diffuse large B-cell lymphoma (DLBCL)","NHL subtype","Males",40,2035,"Projected",18644.4332312154,17259.722680902,20073.2895780969,"people living after diagnosis","output/prevalence_projections.csv"
"Prevalence (people)","dlbcl","Diffuse large B-cell lymphoma (DLBCL)","NHL subtype","Males",40,2036,"Projected",19032.2509061781,17653.5769287832,20496.8096781212,"people living after diagnosis","output/prevalence_projections.csv"
"Prevalence (people)","dlbcl","Diffuse large B-cell lymphoma (DLBCL)","NHL subtype","Males",40,2037,"Projected",19441.072303947,17990.4539572746,20954.4216213266,"people living after diagnosis","output/prevalence_projections.csv"
"Prevalence (people)","dlbcl","Diffuse large B-cell lymphoma (DLBCL)","NHL subtype","Males",40,2038,"Projected",19829.3716150916,18301.9957432439,21408.1059806448,"people living after diagnosis","output/prevalence_projections.csv"
"Prevalence (people)","dlbcl","Diffuse large B-cell lymphoma (DLBCL)","NHL subtype","Males",40,2039,"Projected",20196.0706288991,18595.7809139884,21848.5627965796,"people living after diagnosis","output/prevalence_projections.csv"
"Prevalence (people)","dlbcl","Diffuse large B-cell lymphoma (DLBCL)","NHL subtype","Males",40,2040,"Projected",20546.8205876906,18831.6321513378,22365.2787442544,"people living after diagnosis","output/prevalence_projections.csv"
"Prevalence (people)","dlbcl","Diffuse large B-cell lymphoma (DLBCL)","NHL subtype","Males",40,2041,"Projected",20859.1190142773,18969.6396757031,22835.2815207012,"people living after diagnosis","output/prevalence_projections.csv"
"Prevalence (people)","dlbcl","Diffuse large B-cell lymphoma (DLBCL)","NHL subtype","Males",40,2042,"Projected",21164.1988876784,19106.6595256893,23348.7188672031,"people living after diagnosis","output/prevalence_projections.csv"
"Prevalence (people)","dlbcl","Diffuse large B-cell lymphoma (DLBCL)","NHL subtype","Males",40,2043,"Projected",21462.6253999627,19166.6058146976,23817.4901497753,"people living after diagnosis","output/prevalence_projections.csv"
"Prevalence (people)","dlbcl","Diffuse large B-cell lymphoma (DLBCL)","NHL subtype","Males",40,2044,"Projected",21750.4177439463,19271.8614454584,24380.870146026,"people living after diagnosis","output/prevalence_projections.csv"
"Prevalence (people)","dlbcl","Diffuse large B-cell lymphoma (DLBCL)","NHL subtype","Males",40,2045,"Projected",22006.4087831846,19433.6567668569,24935.4271103132,"people living after diagnosis","output/prevalence_projections.csv"
"Prevalence (people)","follicular","Follicular lymphoma (FL)","NHL subtype","Persons",2,2012,"Estimated",2048.80591127174,2041.7980141536,2055.0897163453,"people living after diagnosis","output/prevalence_projections.csv"
"Prevalence (people)","follicular","Follicular lymphoma (FL)","NHL subtype","Persons",2,2013,"Estimated",2112.24484471164,2102.87255274148,2119.90425179836,"people living after diagnosis","output/prevalence_projections.csv"
"Prevalence (people)","follicular","Follicular lymphoma (FL)","NHL subtype","Persons",2,2014,"Estimated",2160.85383715801,2151.28974403517,2168.67914108984,"people living after diagnosis","output/prevalence_projections.csv"
"Prevalence (people)","follicular","Follicular lymphoma (FL)","NHL subtype","Persons",2,2015,"Estimated",2222.05150070186,2212.42273485793,2230.19219898577,"people living after diagnosis","output/prevalence_projections.csv"
"Prevalence (people)","follicular","Follicular lymphoma (FL)","NHL subtype","Persons",2,2016,"Estimated",2283.01724143064,2272.88334157775,2291.34903071956,"people living after diagnosis","output/prevalence_projections.csv"
"Prevalence (people)","follicular","Follicular lymphoma (FL)","NHL subtype","Persons",2,2017,"Estimated",2492.05836669109,2484.65022820659,2498.80002381292,"people living after diagnosis","output/prevalence_projections.csv"
"Prevalence (people)","follicular","Follicular lymphoma (FL)","NHL subtype","Persons",2,2018,"Estimated",2557.1948956536,2549.25812186198,2564.39480618429,"people living after diagnosis","output/prevalence_projections.csv"
"Prevalence (people)","follicular","Follicular lymphoma (FL)","NHL subtype","Persons",2,2019,"Estimated",2543.62852469198,2535.01482658905,2551.02284496253,"people living after diagnosis","output/prevalence_projections.csv"
"Prevalence (people)","follicular","Follicular lymphoma (FL)","NHL subtype","Persons",2,2020,"Estimated",2782.54024524529,2772.85932738073,2791.20376090212,"people living after diagnosis","output/prevalence_projections.csv"
"Prevalence (people)","follicular","Follicular lymphoma (FL)","NHL subtype","Persons",2,2021,"Estimated",2806.61211970685,2795.19869819841,2817.10569574797,"people living after diagnosis","output/prevalence_projections.csv"
"Prevalence (people)","follicular","Follicular lymphoma (FL)","NHL subtype","Persons",2,2022,"Projected",2740.92726710946,2688.8788079989,2797.86333055207,"people living after diagnosis","output/prevalence_projections.csv"
"Prevalence (people)","follicular","Follicular lymphoma (FL)","NHL subtype","Persons",2,2023,"Projected",2865.23404430829,2756.88822612449,2980.33666857088,"people living after diagnosis","output/prevalence_projections.csv"
"Prevalence (people)","follicular","Follicular lymphoma (FL)","NHL subtype","Persons",2,2024,"Projected",2932.46422689609,2820.66055654492,3049.34723870825,"people living after diagnosis","output/prevalence_projections.csv"
"Prevalence (people)","follicular","Follicular lymphoma (FL)","NHL subtype","Persons",2,2025,"Projected",2997.47108552012,2881.26337917506,3120.9473424648,"people living after diagnosis","output/prevalence_projections.csv"
"Prevalence (people)","follicular","Follicular lymphoma (FL)","NHL subtype","Persons",2,2026,"Projected",3060.59510509126,2941.73187077749,3188.17230657753,"people living after diagnosis","output/prevalence_projections.csv"
"Prevalence (people)","follicular","Follicular lymphoma (FL)","NHL subtype","Persons",2,2027,"Projected",3122.42595424665,2997.79118322493,3258.53627653863,"people living after diagnosis","output/prevalence_projections.csv"
"Prevalence (people)","follicular","Follicular lymphoma (FL)","NHL subtype","Persons",2,2028,"Projected",3177.03948029823,3045.13444415084,3321.05424750462,"people living after diagnosis","output/prevalence_projections.csv"
"Prevalence (people)","follicular","Follicular lymphoma (FL)","NHL subtype","Persons",2,2029,"Projected",3225.42355578269,3089.32019751145,3370.61299777377,"people living after diagnosis","output/prevalence_projections.csv"
"Prevalence (people)","follicular","Follicular lymphoma (FL)","NHL subtype","Persons",2,2030,"Projected",3265.96211365723,3121.79372534147,3419.58503951149,"people living after diagnosis","output/prevalence_projections.csv"
"Prevalence (people)","follicular","Follicular lymphoma (FL)","NHL subtype","Persons",2,2031,"Projected",3300.67531283284,3149.27706504453,3465.04120654943,"people living after diagnosis","output/prevalence_projections.csv"
"Prevalence (people)","follicular","Follicular lymphoma (FL)","NHL subtype","Persons",2,2032,"Projected",3331.24724204326,3172.90657300686,3504.10849024655,"people living after diagnosis","output/prevalence_projections.csv"
"Prevalence (people)","follicular","Follicular lymphoma (FL)","NHL subtype","Persons",2,2033,"Projected",3357.3316017341,3192.36772817097,3540.34520816018,"people living after diagnosis","output/prevalence_projections.csv"
"Prevalence (people)","follicular","Follicular lymphoma (FL)","NHL subtype","Persons",2,2034,"Projected",3378.40958819388,3209.02906320504,3575.75906051005,"people living after diagnosis","output/prevalence_projections.csv"
"Prevalence (people)","follicular","Follicular lymphoma (FL)","NHL subtype","Persons",2,2035,"Projected",3399.17199787174,3219.7766144213,3602.61987430522,"people living after diagnosis","output/prevalence_projections.csv"
"Prevalence (people)","follicular","Follicular lymphoma (FL)","NHL subtype","Persons",2,2036,"Projected",3418.04722638417,3229.90024563637,3630.48631417502,"people living after diagnosis","output/prevalence_projections.csv"
"Prevalence (people)","follicular","Follicular lymphoma (FL)","NHL subtype","Persons",2,2037,"Projected",3431.9205046348,3232.70987202033,3654.89284782946,"people living after diagnosis","output/prevalence_projections.csv"
"Prevalence (people)","follicular","Follicular lymphoma (FL)","NHL subtype","Persons",2,2038,"Projected",3438.40551856871,3228.45526475481,3667.82434317614,"people living after diagnosis","output/prevalence_projections.csv"
"Prevalence (people)","follicular","Follicular lymphoma (FL)","NHL subtype","Persons",2,2039,"Projected",3436.21931689514,3220.08808571827,3676.01010409585,"people living after diagnosis","output/prevalence_projections.csv"
"Prevalence (people)","follicular","Follicular lymphoma (FL)","NHL subtype","Persons",2,2040,"Projected",3427.11054433834,3203.34388681286,3673.44711074672,"people living after diagnosis","output/prevalence_projections.csv"
"Prevalence (people)","follicular","Follicular lymphoma (FL)","NHL subtype","Persons",2,2041,"Projected",3412.06171319934,3179.69010708389,3670.71607619669,"people living after diagnosis","output/prevalence_projections.csv"
"Prevalence (people)","follicular","Follicular lymphoma (FL)","NHL subtype","Persons",2,2042,"Projected",3396.22685833914,3159.42437072484,3666.75965529537,"people living after diagnosis","output/prevalence_projections.csv"
"Prevalence (people)","follicular","Follicular lymphoma (FL)","NHL subtype","Persons",2,2043,"Projected",3381.3815076967,3137.50691357127,3656.89638809342,"people living after diagnosis","output/prevalence_projections.csv"
"Prevalence (people)","follicular","Follicular lymphoma (FL)","NHL subtype","Persons",2,2044,"Projected",3363.59317917344,3110.91016165662,3644.83414937756,"people living after diagnosis","output/prevalence_projections.csv"
"Prevalence (people)","follicular","Follicular lymphoma (FL)","NHL subtype","Persons",2,2045,"Projected",3345.16199005432,3086.66336638112,3632.64670648984,"people living after diagnosis","output/prevalence_projections.csv"
"Prevalence (people)","follicular","Follicular lymphoma (FL)","NHL subtype","Persons",3,2012,"Estimated",3029.95250270247,3019.70557877377,3039.21951187797,"people living after diagnosis","output/prevalence_projections.csv"
"Prevalence (people)","follicular","Follicular lymphoma (FL)","NHL subtype","Persons",3,2013,"Estimated",3041.86323905785,3030.31376048309,3051.64185616464,"people living after diagnosis","output/prevalence_projections.csv"
"Prevalence (people)","follicular","Follicular lymphoma (FL)","NHL subtype","Persons",3,2014,"Estimated",3187.56151105421,3176.19830946493,3198.85764535957,"people living after diagnosis","output/prevalence_projections.csv"
"Prevalence (people)","follicular","Follicular lymphoma (FL)","NHL subtype","Persons",3,2015,"Estimated",3217.15649394771,3205.69250218154,3228.26807766688,"people living after diagnosis","output/prevalence_projections.csv"
"Prevalence (people)","follicular","Follicular lymphoma (FL)","NHL subtype","Persons",3,2016,"Estimated",3354.1352820512,3341.54819703224,3365.33253636999,"people living after diagnosis","output/prevalence_projections.csv"
"Prevalence (people)","follicular","Follicular lymphoma (FL)","NHL subtype","Persons",3,2017,"Estimated",3550.2323009101,3539.38585738366,3560.26688078305,"people living after diagnosis","output/prevalence_projections.csv"
"Prevalence (people)","follicular","Follicular lymphoma (FL)","NHL subtype","Persons",3,2018,"Estimated",3688.82174612917,3677.66986558059,3699.66467932038,"people living after diagnosis","output/prevalence_projections.csv"
"Prevalence (people)","follicular","Follicular lymphoma (FL)","NHL subtype","Persons",3,2019,"Estimated",3799.3388780926,3788.76984381382,3809.76244899354,"people living after diagnosis","output/prevalence_projections.csv"
"Prevalence (people)","follicular","Follicular lymphoma (FL)","NHL subtype","Persons",3,2020,"Estimated",3972.70301583291,3960.79291071801,3983.85041523332,"people living after diagnosis","output/prevalence_projections.csv"
"Prevalence (people)","follicular","Follicular lymphoma (FL)","NHL subtype","Persons",3,2021,"Estimated",4053.68535990284,4039.84448167821,4066.83353595928,"people living after diagnosis","output/prevalence_projections.csv"
"Prevalence (people)","follicular","Follicular lymphoma (FL)","NHL subtype","Persons",3,2022,"Projected",4164.38623103271,4110.51399281101,4225.88973191008,"people living after diagnosis","output/prevalence_projections.csv"
"Prevalence (people)","follicular","Follicular lymphoma (FL)","NHL subtype","Persons",3,2023,"Projected",4138.20807994702,4031.0294858884,4252.1004596175,"people living after diagnosis","output/prevalence_projections.csv"
"Prevalence (people)","follicular","Follicular lymphoma (FL)","NHL subtype","Persons",3,2024,"Projected",4291.06230316635,4127.16283663776,4462.91371632598,"people living after diagnosis","output/prevalence_projections.csv"
"Prevalence (people)","follicular","Follicular lymphoma (FL)","NHL subtype","Persons",3,2025,"Projected",4387.38858468973,4221.5510397104,4562.97431093198,"people living after diagnosis","output/prevalence_projections.csv"
"Prevalence (people)","follicular","Follicular lymphoma (FL)","NHL subtype","Persons",3,2026,"Projected",4484.16663771998,4312.59031764877,4670.58259122166,"people living after diagnosis","output/prevalence_projections.csv"
"Prevalence (people)","follicular","Follicular lymphoma (FL)","NHL subtype","Persons",3,2027,"Projected",4576.00054973757,4398.73871344754,4771.04818141348,"people living after diagnosis","output/prevalence_projections.csv"
"Prevalence (people)","follicular","Follicular lymphoma (FL)","NHL subtype","Persons",3,2028,"Projected",4662.95784687891,4475.94234038079,4865.47535917369,"people living after diagnosis","output/prevalence_projections.csv"
"Prevalence (people)","follicular","Follicular lymphoma (FL)","NHL subtype","Persons",3,2029,"Projected",4738.76192940347,4540.36264261312,4949.7253327394,"people living after diagnosis","output/prevalence_projections.csv"
"Prevalence (people)","follicular","Follicular lymphoma (FL)","NHL subtype","Persons",3,2030,"Projected",4803.35884507849,4594.60380449998,5031.1170729585,"people living after diagnosis","output/prevalence_projections.csv"
"Prevalence (people)","follicular","Follicular lymphoma (FL)","NHL subtype","Persons",3,2031,"Projected",4861.2684976605,4639.04087685372,5105.02846828408,"people living after diagnosis","output/prevalence_projections.csv"
"Prevalence (people)","follicular","Follicular lymphoma (FL)","NHL subtype","Persons",3,2032,"Projected",4911.82482021766,4675.99047315042,5170.9868509521,"people living after diagnosis","output/prevalence_projections.csv"
"Prevalence (people)","follicular","Follicular lymphoma (FL)","NHL subtype","Persons",3,2033,"Projected",4955.93282244722,4710.36134352857,5224.42163915106,"people living after diagnosis","output/prevalence_projections.csv"
"Prevalence (people)","follicular","Follicular lymphoma (FL)","NHL subtype","Persons",3,2034,"Projected",4989.39657275497,4734.25653163517,5272.65459003652,"people living after diagnosis","output/prevalence_projections.csv"
"Prevalence (people)","follicular","Follicular lymphoma (FL)","NHL subtype","Persons",3,2035,"Projected",5018.20304449714,4755.51285575117,5311.50388844629,"people living after diagnosis","output/prevalence_projections.csv"
"Prevalence (people)","follicular","Follicular lymphoma (FL)","NHL subtype","Persons",3,2036,"Projected",5044.05048636239,4775.6744647984,5354.71249761822,"people living after diagnosis","output/prevalence_projections.csv"
"Prevalence (people)","follicular","Follicular lymphoma (FL)","NHL subtype","Persons",3,2037,"Projected",5065.54673961144,4785.56418992596,5386.84478941817,"people living after diagnosis","output/prevalence_projections.csv"
"Prevalence (people)","follicular","Follicular lymphoma (FL)","NHL subtype","Persons",3,2038,"Projected",5079.35856377133,4785.3439904536,5417.27043377647,"people living after diagnosis","output/prevalence_projections.csv"
"Prevalence (people)","follicular","Follicular lymphoma (FL)","NHL subtype","Persons",3,2039,"Projected",5078.05539978969,4770.20634412426,5424.22911372359,"people living after diagnosis","output/prevalence_projections.csv"
"Prevalence (people)","follicular","Follicular lymphoma (FL)","NHL subtype","Persons",3,2040,"Projected",5072.01482491442,4749.04970034056,5430.43920752147,"people living after diagnosis","output/prevalence_projections.csv"
"Prevalence (people)","follicular","Follicular lymphoma (FL)","NHL subtype","Persons",3,2041,"Projected",5050.67792132077,4718.76900550003,5428.72420774142,"people living after diagnosis","output/prevalence_projections.csv"
"Prevalence (people)","follicular","Follicular lymphoma (FL)","NHL subtype","Persons",3,2042,"Projected",5026.70857552002,4683.97952748977,5414.70239854894,"people living after diagnosis","output/prevalence_projections.csv"
"Prevalence (people)","follicular","Follicular lymphoma (FL)","NHL subtype","Persons",3,2043,"Projected",4999.73360655527,4649.71925368448,5400.39035088993,"people living after diagnosis","output/prevalence_projections.csv"
"Prevalence (people)","follicular","Follicular lymphoma (FL)","NHL subtype","Persons",3,2044,"Projected",4974.10299568297,4614.99774754075,5385.94704519589,"people living after diagnosis","output/prevalence_projections.csv"
"Prevalence (people)","follicular","Follicular lymphoma (FL)","NHL subtype","Persons",3,2045,"Projected",4946.5186344372,4571.84633405848,5376.20685402226,"people living after diagnosis","output/prevalence_projections.csv"
"Prevalence (people)","follicular","Follicular lymphoma (FL)","NHL subtype","Persons",5,2012,"Estimated",4771.2367065409,4754.20714241707,4787.94628570492,"people living after diagnosis","output/prevalence_projections.csv"
"Prevalence (people)","follicular","Follicular lymphoma (FL)","NHL subtype","Persons",5,2013,"Estimated",4878.16434815662,4860.68236295629,4894.86027032384,"people living after diagnosis","output/prevalence_projections.csv"
"Prevalence (people)","follicular","Follicular lymphoma (FL)","NHL subtype","Persons",5,2014,"Estimated",4988.51098760211,4972.24204856974,5004.38460993708,"people living after diagnosis","output/prevalence_projections.csv"
"Prevalence (people)","follicular","Follicular lymphoma (FL)","NHL subtype","Persons",5,2015,"Estimated",5066.45574291086,5049.82776161788,5082.43802760158,"people living after diagnosis","output/prevalence_projections.csv"
"Prevalence (people)","follicular","Follicular lymphoma (FL)","NHL subtype","Persons",5,2016,"Estimated",5270.35391009771,5252.5298253157,5287.75523687928,"people living after diagnosis","output/prevalence_projections.csv"
"Prevalence (people)","follicular","Follicular lymphoma (FL)","NHL subtype","Persons",5,2017,"Estimated",5509.08636139508,5492.77353883246,5524.4176321191,"people living after diagnosis","output/prevalence_projections.csv"
"Prevalence (people)","follicular","Follicular lymphoma (FL)","NHL subtype","Persons",5,2018,"Estimated",5707.44147076198,5690.67248605849,5724.70390413106,"people living after diagnosis","output/prevalence_projections.csv"
"Prevalence (people)","follicular","Follicular lymphoma (FL)","NHL subtype","Persons",5,2019,"Estimated",5879.94542700311,5862.52615211847,5898.25240896817,"people living after diagnosis","output/prevalence_projections.csv"
"Prevalence (people)","follicular","Follicular lymphoma (FL)","NHL subtype","Persons",5,2020,"Estimated",6244.56198746268,6227.00804997572,6262.00238275873,"people living after diagnosis","output/prevalence_projections.csv"
"Prevalence (people)","follicular","Follicular lymphoma (FL)","NHL subtype","Persons",5,2021,"Estimated",6368.91223963693,6349.69864797797,6387.32947339922,"people living after diagnosis","output/prevalence_projections.csv"
"Prevalence (people)","follicular","Follicular lymphoma (FL)","NHL subtype","Persons",5,2022,"Projected",6473.83530022595,6417.91758614108,6537.37939718012,"people living after diagnosis","output/prevalence_projections.csv"
"Prevalence (people)","follicular","Follicular lymphoma (FL)","NHL subtype","Persons",5,2023,"Projected",6678.76156203993,6569.18846190195,6798.92727763603,"people living after diagnosis","output/prevalence_projections.csv"
"Prevalence (people)","follicular","Follicular lymphoma (FL)","NHL subtype","Persons",5,2024,"Projected",6851.49349068323,6688.08404412697,7026.21048354157,"people living after diagnosis","output/prevalence_projections.csv"
"Prevalence (people)","follicular","Follicular lymphoma (FL)","NHL subtype","Persons",5,2025,"Projected",6885.48444795339,6665.00217807789,7120.42084327282,"people living after diagnosis","output/prevalence_projections.csv"
"Prevalence (people)","follicular","Follicular lymphoma (FL)","NHL subtype","Persons",5,2026,"Projected",7089.16111800169,6813.06319672107,7389.66783039833,"people living after diagnosis","output/prevalence_projections.csv"
"Prevalence (people)","follicular","Follicular lymphoma (FL)","NHL subtype","Persons",5,2027,"Projected",7246.31135109014,6957.63656544313,7556.45435335856,"people living after diagnosis","output/prevalence_projections.csv"
"Prevalence (people)","follicular","Follicular lymphoma (FL)","NHL subtype","Persons",5,2028,"Projected",7392.28696398628,7095.55975804915,7719.75682604406,"people living after diagnosis","output/prevalence_projections.csv"
"Prevalence (people)","follicular","Follicular lymphoma (FL)","NHL subtype","Persons",5,2029,"Projected",7531.81001358352,7222.20958544193,7869.65173679733,"people living after diagnosis","output/prevalence_projections.csv"
"Prevalence (people)","follicular","Follicular lymphoma (FL)","NHL subtype","Persons",5,2030,"Projected",7656.54428715178,7328.00470925564,8021.22398530326,"people living after diagnosis","output/prevalence_projections.csv"
"Prevalence (people)","follicular","Follicular lymphoma (FL)","NHL subtype","Persons",5,2031,"Projected",7766.14434225571,7425.49669408153,8134.05670066437,"people living after diagnosis","output/prevalence_projections.csv"
"Prevalence (people)","follicular","Follicular lymphoma (FL)","NHL subtype","Persons",5,2032,"Projected",7861.78569021013,7500.07212485592,8248.81827358534,"people living after diagnosis","output/prevalence_projections.csv"
"Prevalence (people)","follicular","Follicular lymphoma (FL)","NHL subtype","Persons",5,2033,"Projected",7944.98830672387,7557.3537607656,8346.55337615973,"people living after diagnosis","output/prevalence_projections.csv"
"Prevalence (people)","follicular","Follicular lymphoma (FL)","NHL subtype","Persons",5,2034,"Projected",8013.49840855728,7607.68452476454,8433.05495300267,"people living after diagnosis","output/prevalence_projections.csv"
"Prevalence (people)","follicular","Follicular lymphoma (FL)","NHL subtype","Persons",5,2035,"Projected",8068.57679441791,7642.47976531452,8522.84228076358,"people living after diagnosis","output/prevalence_projections.csv"
"Prevalence (people)","follicular","Follicular lymphoma (FL)","NHL subtype","Persons",5,2036,"Projected",8109.01914700553,7664.991348506,8585.73275262885,"people living after diagnosis","output/prevalence_projections.csv"
"Prevalence (people)","follicular","Follicular lymphoma (FL)","NHL subtype","Persons",5,2037,"Projected",8141.75350962036,7684.11891533562,8642.56978323124,"people living after diagnosis","output/prevalence_projections.csv"
"Prevalence (people)","follicular","Follicular lymphoma (FL)","NHL subtype","Persons",5,2038,"Projected",8163.82779883793,7685.48362450785,8686.3423939083,"people living after diagnosis","output/prevalence_projections.csv"
"Prevalence (people)","follicular","Follicular lymphoma (FL)","NHL subtype","Persons",5,2039,"Projected",8174.71781010162,7683.08981386992,8720.48878469193,"people living after diagnosis","output/prevalence_projections.csv"
"Prevalence (people)","follicular","Follicular lymphoma (FL)","NHL subtype","Persons",5,2040,"Projected",8171.04114522718,7658.57626681432,8732.84087481945,"people living after diagnosis","output/prevalence_projections.csv"
"Prevalence (people)","follicular","Follicular lymphoma (FL)","NHL subtype","Persons",5,2041,"Projected",8148.42244539549,7617.15010988948,8746.6818008495,"people living after diagnosis","output/prevalence_projections.csv"
"Prevalence (people)","follicular","Follicular lymphoma (FL)","NHL subtype","Persons",5,2042,"Projected",8115.43944527605,7560.50120612875,8733.90237553062,"people living after diagnosis","output/prevalence_projections.csv"
"Prevalence (people)","follicular","Follicular lymphoma (FL)","NHL subtype","Persons",5,2043,"Projected",8071.18014173022,7484.8685263735,8711.5699307653,"people living after diagnosis","output/prevalence_projections.csv"
"Prevalence (people)","follicular","Follicular lymphoma (FL)","NHL subtype","Persons",5,2044,"Projected",8023.62159086249,7422.20403419083,8686.14856278741,"people living after diagnosis","output/prevalence_projections.csv"
"Prevalence (people)","follicular","Follicular lymphoma (FL)","NHL subtype","Persons",5,2045,"Projected",7972.44387505262,7351.05164647643,8644.34573833303,"people living after diagnosis","output/prevalence_projections.csv"
"Prevalence (people)","follicular","Follicular lymphoma (FL)","NHL subtype","Persons",10,2012,"Estimated",8117.69703639105,7994.09015558005,8234.45686481614,"people living after diagnosis","output/prevalence_projections.csv"
"Prevalence (people)","follicular","Follicular lymphoma (FL)","NHL subtype","Persons",10,2013,"Estimated",8334.84230855569,8213.82675870986,8443.71551933807,"people living after diagnosis","output/prevalence_projections.csv"
"Prevalence (people)","follicular","Follicular lymphoma (FL)","NHL subtype","Persons",10,2014,"Estimated",8599.57020936127,8482.72368500633,8706.39822140066,"people living after diagnosis","output/prevalence_projections.csv"
"Prevalence (people)","follicular","Follicular lymphoma (FL)","NHL subtype","Persons",10,2015,"Estimated",8812.88754223547,8701.04548112989,8916.79161065949,"people living after diagnosis","output/prevalence_projections.csv"
"Prevalence (people)","follicular","Follicular lymphoma (FL)","NHL subtype","Persons",10,2016,"Estimated",9081.94377448929,8977.17408557151,9178.08496988808,"people living after diagnosis","output/prevalence_projections.csv"
"Prevalence (people)","follicular","Follicular lymphoma (FL)","NHL subtype","Persons",10,2017,"Estimated",9480.73654488138,9392.08819634842,9572.97639455833,"people living after diagnosis","output/prevalence_projections.csv"
"Prevalence (people)","follicular","Follicular lymphoma (FL)","NHL subtype","Persons",10,2018,"Estimated",9790.32826958052,9707.76992960784,9871.32214767668,"people living after diagnosis","output/prevalence_projections.csv"
"Prevalence (people)","follicular","Follicular lymphoma (FL)","NHL subtype","Persons",10,2019,"Estimated",10081.9665112819,10009.1325882836,10154.6275452793,"people living after diagnosis","output/prevalence_projections.csv"
"Prevalence (people)","follicular","Follicular lymphoma (FL)","NHL subtype","Persons",10,2020,"Estimated",10541.0456844911,10461.6933186134,10612.9867538074,"people living after diagnosis","output/prevalence_projections.csv"
"Prevalence (people)","follicular","Follicular lymphoma (FL)","NHL subtype","Persons",10,2021,"Estimated",10863.9404678368,10763.8359105936,10954.4744806815,"people living after diagnosis","output/prevalence_projections.csv"
"Prevalence (people)","follicular","Follicular lymphoma (FL)","NHL subtype","Persons",10,2022,"Projected",11177.0275107295,11069.9653138776,11281.4050550643,"people living after diagnosis","output/prevalence_projections.csv"
"Prevalence (people)","follicular","Follicular lymphoma (FL)","NHL subtype","Persons",10,2023,"Projected",11540.12918632,11403.2034014702,11682.0944790441,"people living after diagnosis","output/prevalence_projections.csv"
"Prevalence (people)","follicular","Follicular lymphoma (FL)","NHL subtype","Persons",10,2024,"Projected",11870.9179228655,11684.0592387333,12060.3382140509,"people living after diagnosis","output/prevalence_projections.csv"
"Prevalence (people)","follicular","Follicular lymphoma (FL)","NHL subtype","Persons",10,2025,"Projected",12218.16407032,11988.9345093472,12455.4199776289,"people living after diagnosis","output/prevalence_projections.csv"
"Prevalence (people)","follicular","Follicular lymphoma (FL)","NHL subtype","Persons",10,2026,"Projected",12529.5261375102,12239.5240831727,12827.1875016528,"people living after diagnosis","output/prevalence_projections.csv"
"Prevalence (people)","follicular","Follicular lymphoma (FL)","NHL subtype","Persons",10,2027,"Projected",12783.7744900779,12439.9546754744,13147.8192057039,"people living after diagnosis","output/prevalence_projections.csv"
"Prevalence (people)","follicular","Follicular lymphoma (FL)","NHL subtype","Persons",10,2028,"Projected",13127.308093675,12723.6765003505,13561.136515615,"people living after diagnosis","output/prevalence_projections.csv"
"Prevalence (people)","follicular","Follicular lymphoma (FL)","NHL subtype","Persons",10,2029,"Projected",13424.6373343178,12958.0332376634,13930.3339875637,"people living after diagnosis","output/prevalence_projections.csv"
"Prevalence (people)","follicular","Follicular lymphoma (FL)","NHL subtype","Persons",10,2030,"Projected",13594.7065076769,13061.1334393725,14172.3345504225,"people living after diagnosis","output/prevalence_projections.csv"
"Prevalence (people)","follicular","Follicular lymphoma (FL)","NHL subtype","Persons",10,2031,"Projected",13899.4818269136,13299.2624223042,14551.0029522737,"people living after diagnosis","output/prevalence_projections.csv"
"Prevalence (people)","follicular","Follicular lymphoma (FL)","NHL subtype","Persons",10,2032,"Projected",14145.2024684269,13523.4905989163,14837.0160983073,"people living after diagnosis","output/prevalence_projections.csv"
"Prevalence (people)","follicular","Follicular lymphoma (FL)","NHL subtype","Persons",10,2033,"Projected",14367.5210631122,13695.3774271851,15106.2105000908,"people living after diagnosis","output/prevalence_projections.csv"
"Prevalence (people)","follicular","Follicular lymphoma (FL)","NHL subtype","Persons",10,2034,"Projected",14574.1517605876,13877.9553965096,15348.8520314778,"people living after diagnosis","output/prevalence_projections.csv"
"Prevalence (people)","follicular","Follicular lymphoma (FL)","NHL subtype","Persons",10,2035,"Projected",14755.8136844275,14017.2476248619,15580.9991986048,"people living after diagnosis","output/prevalence_projections.csv"
"Prevalence (people)","follicular","Follicular lymphoma (FL)","NHL subtype","Persons",10,2036,"Projected",14905.508879257,14112.0858221219,15788.5902218647,"people living after diagnosis","output/prevalence_projections.csv"
"Prevalence (people)","follicular","Follicular lymphoma (FL)","NHL subtype","Persons",10,2037,"Projected",15028.0484077207,14194.9003135663,15969.1093525622,"people living after diagnosis","output/prevalence_projections.csv"
"Prevalence (people)","follicular","Follicular lymphoma (FL)","NHL subtype","Persons",10,2038,"Projected",15111.4646226371,14241.4449895146,16108.6827571879,"people living after diagnosis","output/prevalence_projections.csv"
"Prevalence (people)","follicular","Follicular lymphoma (FL)","NHL subtype","Persons",10,2039,"Projected",15168.2353193885,14254.9206185224,16231.8911485767,"people living after diagnosis","output/prevalence_projections.csv"
"Prevalence (people)","follicular","Follicular lymphoma (FL)","NHL subtype","Persons",10,2040,"Projected",15191.1122066415,14213.844678046,16300.6884158097,"people living after diagnosis","output/prevalence_projections.csv"
"Prevalence (people)","follicular","Follicular lymphoma (FL)","NHL subtype","Persons",10,2041,"Projected",15180.3287744695,14152.432459954,16325.7547206619,"people living after diagnosis","output/prevalence_projections.csv"
"Prevalence (people)","follicular","Follicular lymphoma (FL)","NHL subtype","Persons",10,2042,"Projected",15144.7736584062,14086.349646276,16336.1820337165,"people living after diagnosis","output/prevalence_projections.csv"
"Prevalence (people)","follicular","Follicular lymphoma (FL)","NHL subtype","Persons",10,2043,"Projected",15090.3957618983,14013.2937596288,16336.5658267267,"people living after diagnosis","output/prevalence_projections.csv"
"Prevalence (people)","follicular","Follicular lymphoma (FL)","NHL subtype","Persons",10,2044,"Projected",15016.5233795283,13892.6159301071,16315.076625048,"people living after diagnosis","output/prevalence_projections.csv"
"Prevalence (people)","follicular","Follicular lymphoma (FL)","NHL subtype","Persons",10,2045,"Projected",14928.6620375301,13776.1426629049,16269.2526416246,"people living after diagnosis","output/prevalence_projections.csv"
"Prevalence (people)","follicular","Follicular lymphoma (FL)","NHL subtype","Persons",40,2012,"Estimated",13943.2986554077,12680.2305796397,15377.4340613141,"people living after diagnosis","output/prevalence_projections.csv"
"Prevalence (people)","follicular","Follicular lymphoma (FL)","NHL subtype","Persons",40,2013,"Estimated",14532.1180436027,13207.1794809457,16036.2816086116,"people living after diagnosis","output/prevalence_projections.csv"
"Prevalence (people)","follicular","Follicular lymphoma (FL)","NHL subtype","Persons",40,2014,"Estimated",15192.8279874646,13800.4783977549,16768.5677650796,"people living after diagnosis","output/prevalence_projections.csv"
"Prevalence (people)","follicular","Follicular lymphoma (FL)","NHL subtype","Persons",40,2015,"Estimated",15830.1535533287,14368.6631447996,17479.8645425279,"people living after diagnosis","output/prevalence_projections.csv"
"Prevalence (people)","follicular","Follicular lymphoma (FL)","NHL subtype","Persons",40,2016,"Estimated",16541.5226905834,15001.135023987,18262.0116667629,"people living after diagnosis","output/prevalence_projections.csv"
"Prevalence (people)","follicular","Follicular lymphoma (FL)","NHL subtype","Persons",40,2017,"Estimated",17371.2381475767,15758.5424022768,19163.9543745051,"people living after diagnosis","output/prevalence_projections.csv"
"Prevalence (people)","follicular","Follicular lymphoma (FL)","NHL subtype","Persons",40,2018,"Estimated",18130.7284353417,16467.208632434,19983.9764188224,"people living after diagnosis","output/prevalence_projections.csv"
"Prevalence (people)","follicular","Follicular lymphoma (FL)","NHL subtype","Persons",40,2019,"Estimated",18913.0301038102,17224.0077661185,20833.2191245861,"people living after diagnosis","output/prevalence_projections.csv"
"Prevalence (people)","follicular","Follicular lymphoma (FL)","NHL subtype","Persons",40,2020,"Estimated",19882.114478184,18157.0186479604,21842.5397995706,"people living after diagnosis","output/prevalence_projections.csv"
"Prevalence (people)","follicular","Follicular lymphoma (FL)","NHL subtype","Persons",40,2021,"Estimated",20666.1510553207,18916.2906889307,22668.6571758672,"people living after diagnosis","output/prevalence_projections.csv"
"Prevalence (people)","follicular","Follicular lymphoma (FL)","NHL subtype","Persons",40,2022,"Projected",21424.7101650297,19666.4596202599,23447.5886890263,"people living after diagnosis","output/prevalence_projections.csv"
"Prevalence (people)","follicular","Follicular lymphoma (FL)","NHL subtype","Persons",40,2023,"Projected",22204.2885012998,20477.0681507676,24246.1464906779,"people living after diagnosis","output/prevalence_projections.csv"
"Prevalence (people)","follicular","Follicular lymphoma (FL)","NHL subtype","Persons",40,2024,"Projected",23002.2244608866,21292.7485945118,25012.1140273605,"people living after diagnosis","output/prevalence_projections.csv"
"Prevalence (people)","follicular","Follicular lymphoma (FL)","NHL subtype","Persons",40,2025,"Projected",23808.7028620066,22109.1477567408,25771.8834415706,"people living after diagnosis","output/prevalence_projections.csv"
"Prevalence (people)","follicular","Follicular lymphoma (FL)","NHL subtype","Persons",40,2026,"Projected",24633.957895989,22955.5019333811,26545.7973620453,"people living after diagnosis","output/prevalence_projections.csv"
"Prevalence (people)","follicular","Follicular lymphoma (FL)","NHL subtype","Persons",40,2027,"Projected",25449.0613578918,23809.9259693477,27292.435835493,"people living after diagnosis","output/prevalence_projections.csv"
"Prevalence (people)","follicular","Follicular lymphoma (FL)","NHL subtype","Persons",40,2028,"Projected",26287.3454812136,24677.7286733428,28082.7355075559,"people living after diagnosis","output/prevalence_projections.csv"
"Prevalence (people)","follicular","Follicular lymphoma (FL)","NHL subtype","Persons",40,2029,"Projected",27137.4733772592,25528.8125051382,28870.1023337712,"people living after diagnosis","output/prevalence_projections.csv"
"Prevalence (people)","follicular","Follicular lymphoma (FL)","NHL subtype","Persons",40,2030,"Projected",27964.3624122279,26406.8777739807,29709.3893820398,"people living after diagnosis","output/prevalence_projections.csv"
"Prevalence (people)","follicular","Follicular lymphoma (FL)","NHL subtype","Persons",40,2031,"Projected",28794.313428235,27280.8230286866,30458.4520741978,"people living after diagnosis","output/prevalence_projections.csv"
"Prevalence (people)","follicular","Follicular lymphoma (FL)","NHL subtype","Persons",40,2032,"Projected",29598.595696644,28116.2793480449,31268.2920108506,"people living after diagnosis","output/prevalence_projections.csv"
"Prevalence (people)","follicular","Follicular lymphoma (FL)","NHL subtype","Persons",40,2033,"Projected",30424.9276097648,28938.9088911434,32023.7383231628,"people living after diagnosis","output/prevalence_projections.csv"
"Prevalence (people)","follicular","Follicular lymphoma (FL)","NHL subtype","Persons",40,2034,"Projected",31254.3666355417,29696.1510790941,32831.0397597528,"people living after diagnosis","output/prevalence_projections.csv"
"Prevalence (people)","follicular","Follicular lymphoma (FL)","NHL subtype","Persons",40,2035,"Projected",32057.5125667202,30497.5453528601,33669.4690979043,"people living after diagnosis","output/prevalence_projections.csv"
"Prevalence (people)","follicular","Follicular lymphoma (FL)","NHL subtype","Persons",40,2036,"Projected",32840.0316727002,31192.0888623181,34513.4548403715,"people living after diagnosis","output/prevalence_projections.csv"
"Prevalence (people)","follicular","Follicular lymphoma (FL)","NHL subtype","Persons",40,2037,"Projected",33588.0494063079,31962.7990270927,35304.8106521885,"people living after diagnosis","output/prevalence_projections.csv"
"Prevalence (people)","follicular","Follicular lymphoma (FL)","NHL subtype","Persons",40,2038,"Projected",34342.9249981157,32611.6204249322,36168.8622503654,"people living after diagnosis","output/prevalence_projections.csv"
"Prevalence (people)","follicular","Follicular lymphoma (FL)","NHL subtype","Persons",40,2039,"Projected",35065.0237219465,33225.6278379979,37051.6952813673,"people living after diagnosis","output/prevalence_projections.csv"
"Prevalence (people)","follicular","Follicular lymphoma (FL)","NHL subtype","Persons",40,2040,"Projected",35751.338662776,33786.4436445434,37874.5263913599,"people living after diagnosis","output/prevalence_projections.csv"
"Prevalence (people)","follicular","Follicular lymphoma (FL)","NHL subtype","Persons",40,2041,"Projected",36401.946565377,34271.85246742,38725.8240354249,"people living after diagnosis","output/prevalence_projections.csv"
"Prevalence (people)","follicular","Follicular lymphoma (FL)","NHL subtype","Persons",40,2042,"Projected",37018.4211431641,34677.4724209061,39588.2829042435,"people living after diagnosis","output/prevalence_projections.csv"
"Prevalence (people)","follicular","Follicular lymphoma (FL)","NHL subtype","Persons",40,2043,"Projected",37625.0443279488,34990.7102215429,40432.48810717,"people living after diagnosis","output/prevalence_projections.csv"
"Prevalence (people)","follicular","Follicular lymphoma (FL)","NHL subtype","Persons",40,2044,"Projected",38198.6239444794,35274.4589449638,41227.7364615551,"people living after diagnosis","output/prevalence_projections.csv"
"Prevalence (people)","follicular","Follicular lymphoma (FL)","NHL subtype","Persons",40,2045,"Projected",38712.5100578493,35520.1984533466,41991.2829939846,"people living after diagnosis","output/prevalence_projections.csv"
"Prevalence (people)","follicular","Follicular lymphoma (FL)","NHL subtype","Females",2,2012,"Estimated",913.232996471404,908.863110194674,916.808149129564,"people living after diagnosis","output/prevalence_projections.csv"
"Prevalence (people)","follicular","Follicular lymphoma (FL)","NHL subtype","Females",2,2013,"Estimated",991.921678064613,985.594866335521,997.042141774214,"people living after diagnosis","output/prevalence_projections.csv"
"Prevalence (people)","follicular","Follicular lymphoma (FL)","NHL subtype","Females",2,2014,"Estimated",1029.49409460139,1022.72422962893,1034.97780197178,"people living after diagnosis","output/prevalence_projections.csv"
"Prevalence (people)","follicular","Follicular lymphoma (FL)","NHL subtype","Females",2,2015,"Estimated",1031.66177680953,1024.8133106671,1037.24521836699,"people living after diagnosis","output/prevalence_projections.csv"
"Prevalence (people)","follicular","Follicular lymphoma (FL)","NHL subtype","Females",2,2016,"Estimated",1051.6630240819,1045.31971813585,1057.27027538615,"people living after diagnosis","output/prevalence_projections.csv"
"Prevalence (people)","follicular","Follicular lymphoma (FL)","NHL subtype","Females",2,2017,"Estimated",1158.81147796924,1153.60009137416,1163.2822754913,"people living after diagnosis","output/prevalence_projections.csv"
"Prevalence (people)","follicular","Follicular lymphoma (FL)","NHL subtype","Females",2,2018,"Estimated",1165.96858032685,1160.48319278138,1170.61274290564,"people living after diagnosis","output/prevalence_projections.csv"
"Prevalence (people)","follicular","Follicular lymphoma (FL)","NHL subtype","Females",2,2019,"Estimated",1120.22127451331,1114.34718082316,1124.9755957449,"people living after diagnosis","output/prevalence_projections.csv"
"Prevalence (people)","follicular","Follicular lymphoma (FL)","NHL subtype","Females",2,2020,"Estimated",1239.29478508443,1232.66991180668,1244.64995101809,"people living after diagnosis","output/prevalence_projections.csv"
"Prevalence (people)","follicular","Follicular lymphoma (FL)","NHL subtype","Females",2,2021,"Estimated",1263.44779273252,1255.39674196769,1269.69983236829,"people living after diagnosis","output/prevalence_projections.csv"
"Prevalence (people)","follicular","Follicular lymphoma (FL)","NHL subtype","Females",2,2022,"Projected",1213.13301881431,1177.28604627886,1254.17104121653,"people living after diagnosis","output/prevalence_projections.csv"
"Prevalence (people)","follicular","Follicular lymphoma (FL)","NHL subtype","Females",2,2023,"Projected",1261.98194146748,1191.56753331399,1341.81150251472,"people living after diagnosis","output/prevalence_projections.csv"
"Prevalence (people)","follicular","Follicular lymphoma (FL)","NHL subtype","Females",2,2024,"Projected",1288.55419477871,1217.78758538694,1369.19932271945,"people living after diagnosis","output/prevalence_projections.csv"
"Prevalence (people)","follicular","Follicular lymphoma (FL)","NHL subtype","Females",2,2025,"Projected",1313.13755524809,1238.44092574137,1393.44306344067,"people living after diagnosis","output/prevalence_projections.csv"
"Prevalence (people)","follicular","Follicular lymphoma (FL)","NHL subtype","Females",2,2026,"Projected",1336.87202763615,1258.79574268539,1417.5959676184,"people living after diagnosis","output/prevalence_projections.csv"
"Prevalence (people)","follicular","Follicular lymphoma (FL)","NHL subtype","Females",2,2027,"Projected",1357.49690801707,1276.38930777758,1441.77982402922,"people living after diagnosis","output/prevalence_projections.csv"
"Prevalence (people)","follicular","Follicular lymphoma (FL)","NHL subtype","Females",2,2028,"Projected",1376.46090398813,1289.04755615019,1465.19110099524,"people living after diagnosis","output/prevalence_projections.csv"
"Prevalence (people)","follicular","Follicular lymphoma (FL)","NHL subtype","Females",2,2029,"Projected",1392.33262282128,1298.09926505655,1484.46782541742,"people living after diagnosis","output/prevalence_projections.csv"
"Prevalence (people)","follicular","Follicular lymphoma (FL)","NHL subtype","Females",2,2030,"Projected",1405.22599796892,1308.28886502303,1500.40614907909,"people living after diagnosis","output/prevalence_projections.csv"
"Prevalence (people)","follicular","Follicular lymphoma (FL)","NHL subtype","Females",2,2031,"Projected",1414.41251008516,1314.04631385189,1513.165378429,"people living after diagnosis","output/prevalence_projections.csv"
"Prevalence (people)","follicular","Follicular lymphoma (FL)","NHL subtype","Females",2,2032,"Projected",1421.8843793999,1316.09286695814,1523.7084435312,"people living after diagnosis","output/prevalence_projections.csv"
"Prevalence (people)","follicular","Follicular lymphoma (FL)","NHL subtype","Females",2,2033,"Projected",1426.5968753834,1317.12619847556,1532.68721088837,"people living after diagnosis","output/prevalence_projections.csv"
"Prevalence (people)","follicular","Follicular lymphoma (FL)","NHL subtype","Females",2,2034,"Projected",1430.31004993528,1316.32709444775,1542.86898505305,"people living after diagnosis","output/prevalence_projections.csv"
"Prevalence (people)","follicular","Follicular lymphoma (FL)","NHL subtype","Females",2,2035,"Projected",1432.58387677783,1314.3993710855,1552.55532036364,"people living after diagnosis","output/prevalence_projections.csv"
"Prevalence (people)","follicular","Follicular lymphoma (FL)","NHL subtype","Females",2,2036,"Projected",1433.66024023053,1311.33355204423,1559.09812079982,"people living after diagnosis","output/prevalence_projections.csv"
"Prevalence (people)","follicular","Follicular lymphoma (FL)","NHL subtype","Females",2,2037,"Projected",1433.09342709912,1306.51685019078,1563.51588737305,"people living after diagnosis","output/prevalence_projections.csv"
"Prevalence (people)","follicular","Follicular lymphoma (FL)","NHL subtype","Females",2,2038,"Projected",1428.93169496541,1298.39986038911,1563.79044084923,"people living after diagnosis","output/prevalence_projections.csv"
"Prevalence (people)","follicular","Follicular lymphoma (FL)","NHL subtype","Females",2,2039,"Projected",1420.95534997785,1287.2413532614,1559.41075382816,"people living after diagnosis","output/prevalence_projections.csv"
"Prevalence (people)","follicular","Follicular lymphoma (FL)","NHL subtype","Females",2,2040,"Projected",1410.6484080484,1271.5132267493,1552.11388078468,"people living after diagnosis","output/prevalence_projections.csv"
"Prevalence (people)","follicular","Follicular lymphoma (FL)","NHL subtype","Females",2,2041,"Projected",1396.97967579043,1252.92835414069,1544.17111997661,"people living after diagnosis","output/prevalence_projections.csv"
"Prevalence (people)","follicular","Follicular lymphoma (FL)","NHL subtype","Females",2,2042,"Projected",1383.78013951587,1236.5229838695,1537.26293258896,"people living after diagnosis","output/prevalence_projections.csv"
"Prevalence (people)","follicular","Follicular lymphoma (FL)","NHL subtype","Females",2,2043,"Projected",1371.83293187706,1221.16634218913,1526.8034425452,"people living after diagnosis","output/prevalence_projections.csv"
"Prevalence (people)","follicular","Follicular lymphoma (FL)","NHL subtype","Females",2,2044,"Projected",1358.52705266967,1205.11800103376,1516.22151698763,"people living after diagnosis","output/prevalence_projections.csv"
"Prevalence (people)","follicular","Follicular lymphoma (FL)","NHL subtype","Females",2,2045,"Projected",1344.45303761735,1188.55074699667,1504.89440436443,"people living after diagnosis","output/prevalence_projections.csv"
"Prevalence (people)","follicular","Follicular lymphoma (FL)","NHL subtype","Females",3,2012,"Estimated",1370.36192740563,1364.36413698045,1375.7843526594,"people living after diagnosis","output/prevalence_projections.csv"
"Prevalence (people)","follicular","Follicular lymphoma (FL)","NHL subtype","Females",3,2013,"Estimated",1393.89473016559,1386.48881948654,1400.01275564157,"people living after diagnosis","output/prevalence_projections.csv"
"Prevalence (people)","follicular","Follicular lymphoma (FL)","NHL subtype","Females",3,2014,"Estimated",1504.4885174423,1496.62157884314,1511.44237197404,"people living after diagnosis","output/prevalence_projections.csv"
"Prevalence (people)","follicular","Follicular lymphoma (FL)","NHL subtype","Females",3,2015,"Estimated",1510.1805549348,1502.51874261898,1517.0369333712,"people living after diagnosis","output/prevalence_projections.csv"
"Prevalence (people)","follicular","Follicular lymphoma (FL)","NHL subtype","Females",3,2016,"Estimated",1560.74701768244,1553.28170625674,1567.85260991893,"people living after diagnosis","output/prevalence_projections.csv"
"Prevalence (people)","follicular","Follicular lymphoma (FL)","NHL subtype","Females",3,2017,"Estimated",1643.21446544375,1636.77913387666,1648.89591558341,"people living after diagnosis","output/prevalence_projections.csv"
"Prevalence (people)","follicular","Follicular lymphoma (FL)","NHL subtype","Females",3,2018,"Estimated",1694.09877839791,1686.55213242487,1700.95468673665,"people living after diagnosis","output/prevalence_projections.csv"
"Prevalence (people)","follicular","Follicular lymphoma (FL)","NHL subtype","Females",3,2019,"Estimated",1704.80154271905,1697.92158218466,1711.17392252104,"people living after diagnosis","output/prevalence_projections.csv"
"Prevalence (people)","follicular","Follicular lymphoma (FL)","NHL subtype","Females",3,2020,"Estimated",1773.13410897828,1765.52275344479,1780.25480920525,"people living after diagnosis","output/prevalence_projections.csv"
"Prevalence (people)","follicular","Follicular lymphoma (FL)","NHL subtype","Females",3,2021,"Estimated",1805.4548309949,1796.71689033653,1813.64327044994,"people living after diagnosis","output/prevalence_projections.csv"
"Prevalence (people)","follicular","Follicular lymphoma (FL)","NHL subtype","Females",3,2022,"Projected",1863.07235199024,1826.36443478711,1902.86409748,"people living after diagnosis","output/prevalence_projections.csv"
"Prevalence (people)","follicular","Follicular lymphoma (FL)","NHL subtype","Females",3,2023,"Projected",1828.38483329607,1758.11975811582,1908.19724267257,"people living after diagnosis","output/prevalence_projections.csv"
"Prevalence (people)","follicular","Follicular lymphoma (FL)","NHL subtype","Females",3,2024,"Projected",1887.15685024835,1783.02202215545,2004.97014198322,"people living after diagnosis","output/prevalence_projections.csv"
"Prevalence (people)","follicular","Follicular lymphoma (FL)","NHL subtype","Females",3,2025,"Projected",1925.84657287847,1816.27806129318,2045.23018870137,"people living after diagnosis","output/prevalence_projections.csv"
"Prevalence (people)","follicular","Follicular lymphoma (FL)","NHL subtype","Females",3,2026,"Projected",1961.9186517679,1849.58905486619,2082.96261484502,"people living after diagnosis","output/prevalence_projections.csv"
"Prevalence (people)","follicular","Follicular lymphoma (FL)","NHL subtype","Females",3,2027,"Projected",1995.32817723056,1878.46695862611,2119.87850051836,"people living after diagnosis","output/prevalence_projections.csv"
"Prevalence (people)","follicular","Follicular lymphoma (FL)","NHL subtype","Females",3,2028,"Projected",2026.68293385939,1902.1609646179,2154.09002115808,"people living after diagnosis","output/prevalence_projections.csv"
"Prevalence (people)","follicular","Follicular lymphoma (FL)","NHL subtype","Females",3,2029,"Projected",2052.66668988135,1918.25494527503,2182.96853950803,"people living after diagnosis","output/prevalence_projections.csv"
"Prevalence (people)","follicular","Follicular lymphoma (FL)","NHL subtype","Females",3,2030,"Projected",2072.34524794038,1930.63796892353,2207.97098262061,"people living after diagnosis","output/prevalence_projections.csv"
"Prevalence (people)","follicular","Follicular lymphoma (FL)","NHL subtype","Females",3,2031,"Projected",2089.74327928541,1944.47816242619,2228.08161796317,"people living after diagnosis","output/prevalence_projections.csv"
"Prevalence (people)","follicular","Follicular lymphoma (FL)","NHL subtype","Females",3,2032,"Projected",2102.82603103421,1949.7941149865,2245.91835600064,"people living after diagnosis","output/prevalence_projections.csv"
"Prevalence (people)","follicular","Follicular lymphoma (FL)","NHL subtype","Females",3,2033,"Projected",2112.137194915,1953.33962522218,2261.60123668145,"people living after diagnosis","output/prevalence_projections.csv"
"Prevalence (people)","follicular","Follicular lymphoma (FL)","NHL subtype","Females",3,2034,"Projected",2117.72871146312,1952.15953988021,2275.01638546306,"people living after diagnosis","output/prevalence_projections.csv"
"Prevalence (people)","follicular","Follicular lymphoma (FL)","NHL subtype","Females",3,2035,"Projected",2122.14557383183,1949.14700015409,2287.7911282288,"people living after diagnosis","output/prevalence_projections.csv"
"Prevalence (people)","follicular","Follicular lymphoma (FL)","NHL subtype","Females",3,2036,"Projected",2124.37509113502,1946.51750806956,2297.52654514237,"people living after diagnosis","output/prevalence_projections.csv"
"Prevalence (people)","follicular","Follicular lymphoma (FL)","NHL subtype","Females",3,2037,"Projected",2122.65050142422,1940.29958306352,2303.12876365062,"people living after diagnosis","output/prevalence_projections.csv"
"Prevalence (people)","follicular","Follicular lymphoma (FL)","NHL subtype","Females",3,2038,"Projected",2117.71380573052,1926.86328431858,2305.81486578907,"people living after diagnosis","output/prevalence_projections.csv"
"Prevalence (people)","follicular","Follicular lymphoma (FL)","NHL subtype","Females",3,2039,"Projected",2107.38987985373,1910.03236241099,2302.78152842396,"people living after diagnosis","output/prevalence_projections.csv"
"Prevalence (people)","follicular","Follicular lymphoma (FL)","NHL subtype","Females",3,2040,"Projected",2094.47035551381,1889.25627765186,2294.30515557227,"people living after diagnosis","output/prevalence_projections.csv"
"Prevalence (people)","follicular","Follicular lymphoma (FL)","NHL subtype","Females",3,2041,"Projected",2075.76347920721,1864.61718723883,2282.28801401545,"people living after diagnosis","output/prevalence_projections.csv"
"Prevalence (people)","follicular","Follicular lymphoma (FL)","NHL subtype","Females",3,2042,"Projected",2055.18978949847,1839.78597597255,2270.53294389031,"people living after diagnosis","output/prevalence_projections.csv"
"Prevalence (people)","follicular","Follicular lymphoma (FL)","NHL subtype","Females",3,2043,"Projected",2034.0108538834,1816.49703404615,2254.96295376516,"people living after diagnosis","output/prevalence_projections.csv"
"Prevalence (people)","follicular","Follicular lymphoma (FL)","NHL subtype","Females",3,2044,"Projected",2013.50805719073,1794.00372635973,2239.31803677327,"people living after diagnosis","output/prevalence_projections.csv"
"Prevalence (people)","follicular","Follicular lymphoma (FL)","NHL subtype","Females",3,2045,"Projected",1990.66493741888,1769.09867584701,2221.31084925263,"people living after diagnosis","output/prevalence_projections.csv"
"Prevalence (people)","follicular","Follicular lymphoma (FL)","NHL subtype","Females",5,2012,"Estimated",2219.83100284354,2208.47669879567,2230.9896482798,"people living after diagnosis","output/prevalence_projections.csv"
"Prevalence (people)","follicular","Follicular lymphoma (FL)","NHL subtype","Females",5,2013,"Estimated",2259.05873027286,2248.07322163562,2269.96535701219,"people living after diagnosis","output/prevalence_projections.csv"
"Prevalence (people)","follicular","Follicular lymphoma (FL)","NHL subtype","Females",5,2014,"Estimated",2315.13040171477,2304.30856023545,2325.33138266368,"people living after diagnosis","output/prevalence_projections.csv"
"Prevalence (people)","follicular","Follicular lymphoma (FL)","NHL subtype","Females",5,2015,"Estimated",2341.25978603886,2330.2377394146,2351.01161467601,"people living after diagnosis","output/prevalence_projections.csv"
"Prevalence (people)","follicular","Follicular lymphoma (FL)","NHL subtype","Females",5,2016,"Estimated",2466.74109060131,2454.83366133655,2477.59777592816,"people living after diagnosis","output/prevalence_projections.csv"
"Prevalence (people)","follicular","Follicular lymphoma (FL)","NHL subtype","Females",5,2017,"Estimated",2581.30832913365,2570.75352641923,2591.63959959743,"people living after diagnosis","output/prevalence_projections.csv"
"Prevalence (people)","follicular","Follicular lymphoma (FL)","NHL subtype","Females",5,2018,"Estimated",2639.24302114711,2628.2950792489,2650.00048539201,"people living after diagnosis","output/prevalence_projections.csv"
"Prevalence (people)","follicular","Follicular lymphoma (FL)","NHL subtype","Females",5,2019,"Estimated",2671.36905997462,2661.28145253636,2683.09360396579,"people living after diagnosis","output/prevalence_projections.csv"
"Prevalence (people)","follicular","Follicular lymphoma (FL)","NHL subtype","Females",5,2020,"Estimated",2838.28436768922,2826.39701616549,2849.38683538829,"people living after diagnosis","output/prevalence_projections.csv"
"Prevalence (people)","follicular","Follicular lymphoma (FL)","NHL subtype","Females",5,2021,"Estimated",2871.51451508584,2860.36749938891,2882.60205472408,"people living after diagnosis","output/prevalence_projections.csv"
"Prevalence (people)","follicular","Follicular lymphoma (FL)","NHL subtype","Females",5,2022,"Projected",2890.16955111311,2852.11843077,2931.23390508594,"people living after diagnosis","output/prevalence_projections.csv"
"Prevalence (people)","follicular","Follicular lymphoma (FL)","NHL subtype","Females",5,2023,"Projected",2971.18568218839,2900.23586421785,3050.64372423918,"people living after diagnosis","output/prevalence_projections.csv"
"Prevalence (people)","follicular","Follicular lymphoma (FL)","NHL subtype","Females",5,2024,"Projected",3052.65933956557,2949.90886831484,3172.16023951504,"people living after diagnosis","output/prevalence_projections.csv"
"Prevalence (people)","follicular","Follicular lymphoma (FL)","NHL subtype","Females",5,2025,"Projected",3045.37333899408,2908.16176484734,3199.61664950965,"people living after diagnosis","output/prevalence_projections.csv"
"Prevalence (people)","follicular","Follicular lymphoma (FL)","NHL subtype","Females",5,2026,"Projected",3127.79531413001,2952.46872293922,3318.77072073518,"people living after diagnosis","output/prevalence_projections.csv"
"Prevalence (people)","follicular","Follicular lymphoma (FL)","NHL subtype","Females",5,2027,"Projected",3188.92607594301,3007.13371301572,3382.56308537954,"people living after diagnosis","output/prevalence_projections.csv"
"Prevalence (people)","follicular","Follicular lymphoma (FL)","NHL subtype","Females",5,2028,"Projected",3244.4430379901,3050.51312843328,3443.19776279171,"people living after diagnosis","output/prevalence_projections.csv"
"Prevalence (people)","follicular","Follicular lymphoma (FL)","NHL subtype","Females",5,2029,"Projected",3293.22740944487,3089.18984568827,3501.51622353756,"people living after diagnosis","output/prevalence_projections.csv"
"Prevalence (people)","follicular","Follicular lymphoma (FL)","NHL subtype","Females",5,2030,"Projected",3336.32170559039,3122.56025045064,3559.58714592387,"people living after diagnosis","output/prevalence_projections.csv"
"Prevalence (people)","follicular","Follicular lymphoma (FL)","NHL subtype","Females",5,2031,"Projected",3374.52948199741,3146.46814326425,3599.18140247476,"people living after diagnosis","output/prevalence_projections.csv"
"Prevalence (people)","follicular","Follicular lymphoma (FL)","NHL subtype","Females",5,2032,"Projected",3404.54754755794,3168.11350372048,3640.5391381691,"people living after diagnosis","output/prevalence_projections.csv"
"Prevalence (people)","follicular","Follicular lymphoma (FL)","NHL subtype","Females",5,2033,"Projected",3429.1114960238,3183.74626523797,3670.46043790177,"people living after diagnosis","output/prevalence_projections.csv"
"Prevalence (people)","follicular","Follicular lymphoma (FL)","NHL subtype","Females",5,2034,"Projected",3447.205173678,3190.03917134137,3701.81000200419,"people living after diagnosis","output/prevalence_projections.csv"
"Prevalence (people)","follicular","Follicular lymphoma (FL)","NHL subtype","Females",5,2035,"Projected",3457.00258252161,3197.38201141221,3725.37811840302,"people living after diagnosis","output/prevalence_projections.csv"
"Prevalence (people)","follicular","Follicular lymphoma (FL)","NHL subtype","Females",5,2036,"Projected",3461.44869145972,3190.20593803888,3735.4029919063,"people living after diagnosis","output/prevalence_projections.csv"
"Prevalence (people)","follicular","Follicular lymphoma (FL)","NHL subtype","Females",5,2037,"Projected",3461.83448788045,3180.56623860125,3749.78917091659,"people living after diagnosis","output/prevalence_projections.csv"
"Prevalence (people)","follicular","Follicular lymphoma (FL)","NHL subtype","Females",5,2038,"Projected",3457.2676524126,3166.31236001306,3758.05392915591,"people living after diagnosis","output/prevalence_projections.csv"
"Prevalence (people)","follicular","Follicular lymphoma (FL)","NHL subtype","Females",5,2039,"Projected",3447.4292234117,3146.2246761506,3757.9062772884,"people living after diagnosis","output/prevalence_projections.csv"
"Prevalence (people)","follicular","Follicular lymphoma (FL)","NHL subtype","Females",5,2040,"Projected",3430.63807346917,3118.83593658211,3750.18483585411,"people living after diagnosis","output/prevalence_projections.csv"
"Prevalence (people)","follicular","Follicular lymphoma (FL)","NHL subtype","Females",5,2041,"Projected",3401.64097089839,3084.13268130954,3734.72771980228,"people living after diagnosis","output/prevalence_projections.csv"
"Prevalence (people)","follicular","Follicular lymphoma (FL)","NHL subtype","Females",5,2042,"Projected",3374.11702852889,3045.07740203152,3716.76789791927,"people living after diagnosis","output/prevalence_projections.csv"
"Prevalence (people)","follicular","Follicular lymphoma (FL)","NHL subtype","Females",5,2043,"Projected",3339.8605292518,3004.24075212901,3694.68295574939,"people living after diagnosis","output/prevalence_projections.csv"
"Prevalence (people)","follicular","Follicular lymphoma (FL)","NHL subtype","Females",5,2044,"Projected",3299.80892078238,2960.39856336065,3668.70600023158,"people living after diagnosis","output/prevalence_projections.csv"
"Prevalence (people)","follicular","Follicular lymphoma (FL)","NHL subtype","Females",5,2045,"Projected",3261.61665232101,2915.99415366187,3638.59558209625,"people living after diagnosis","output/prevalence_projections.csv"
"Prevalence (people)","follicular","Follicular lymphoma (FL)","NHL subtype","Females",10,2012,"Estimated",3787.55533756167,3704.65212400931,3866.45189846572,"people living after diagnosis","output/prevalence_projections.csv"
"Prevalence (people)","follicular","Follicular lymphoma (FL)","NHL subtype","Females",10,2013,"Estimated",3903.99064129153,3820.99564272493,3977.4554497531,"people living after diagnosis","output/prevalence_projections.csv"
"Prevalence (people)","follicular","Follicular lymphoma (FL)","NHL subtype","Females",10,2014,"Estimated",4033.19595147715,3951.40256528083,4101.55122478962,"people living after diagnosis","output/prevalence_projections.csv"
"Prevalence (people)","follicular","Follicular lymphoma (FL)","NHL subtype","Females",10,2015,"Estimated",4124.65529382547,4048.50411375813,4187.09969798694,"people living after diagnosis","output/prevalence_projections.csv"
"Prevalence (people)","follicular","Follicular lymphoma (FL)","NHL subtype","Females",10,2016,"Estimated",4269.47971904668,4197.70460409308,4331.03050356868,"people living after diagnosis","output/prevalence_projections.csv"
"Prevalence (people)","follicular","Follicular lymphoma (FL)","NHL subtype","Females",10,2017,"Estimated",4443.68066230991,4379.13067167794,4496.65294939715,"people living after diagnosis","output/prevalence_projections.csv"
"Prevalence (people)","follicular","Follicular lymphoma (FL)","NHL subtype","Females",10,2018,"Estimated",4549.92350478252,4494.01657627151,4597.64942763034,"people living after diagnosis","output/prevalence_projections.csv"
"Prevalence (people)","follicular","Follicular lymphoma (FL)","NHL subtype","Females",10,2019,"Estimated",4646.75625929483,4598.80275163636,4691.00876215927,"people living after diagnosis","output/prevalence_projections.csv"
"Prevalence (people)","follicular","Follicular lymphoma (FL)","NHL subtype","Females",10,2020,"Estimated",4858.05736400833,4807.38456850455,4904.26406411458,"people living after diagnosis","output/prevalence_projections.csv"
"Prevalence (people)","follicular","Follicular lymphoma (FL)","NHL subtype","Females",10,2021,"Estimated",5012.68788477318,4947.25437776665,5076.35418310296,"people living after diagnosis","output/prevalence_projections.csv"
"Prevalence (people)","follicular","Follicular lymphoma (FL)","NHL subtype","Females",10,2022,"Projected",5137.75261267705,5071.14539847765,5209.94864201643,"people living after diagnosis","output/prevalence_projections.csv"
"Prevalence (people)","follicular","Follicular lymphoma (FL)","NHL subtype","Females",10,2023,"Projected",5269.952119258,5184.66287128152,5366.75026412423,"people living after diagnosis","output/prevalence_projections.csv"
"Prevalence (people)","follicular","Follicular lymphoma (FL)","NHL subtype","Females",10,2024,"Projected",5386.73922671267,5273.3681501631,5515.28621985547,"people living after diagnosis","output/prevalence_projections.csv"
"Prevalence (people)","follicular","Follicular lymphoma (FL)","NHL subtype","Females",10,2025,"Projected",5527.44822624761,5376.01916073494,5694.59204547668,"people living after diagnosis","output/prevalence_projections.csv"
"Prevalence (people)","follicular","Follicular lymphoma (FL)","NHL subtype","Females",10,2026,"Projected",5643.12862788701,5455.44819648152,5838.4599525755,"people living after diagnosis","output/prevalence_projections.csv"
"Prevalence (people)","follicular","Follicular lymphoma (FL)","NHL subtype","Females",10,2027,"Projected",5732.03525526456,5506.01979172697,5971.62665465434,"people living after diagnosis","output/prevalence_projections.csv"
"Prevalence (people)","follicular","Follicular lymphoma (FL)","NHL subtype","Females",10,2028,"Projected",5877.11828984841,5608.05586554842,6160.60554832161,"people living after diagnosis","output/prevalence_projections.csv"
"Prevalence (people)","follicular","Follicular lymphoma (FL)","NHL subtype","Females",10,2029,"Projected",6012.64144586443,5698.28385808937,6331.35358167256,"people living after diagnosis","output/prevalence_projections.csv"
"Prevalence (people)","follicular","Follicular lymphoma (FL)","NHL subtype","Females",10,2030,"Projected",6065.11366225765,5705.97640289894,6419.92633483028,"people living after diagnosis","output/prevalence_projections.csv"
"Prevalence (people)","follicular","Follicular lymphoma (FL)","NHL subtype","Females",10,2031,"Projected",6188.56469849336,5784.36111966022,6596.45276813944,"people living after diagnosis","output/prevalence_projections.csv"
"Prevalence (people)","follicular","Follicular lymphoma (FL)","NHL subtype","Females",10,2032,"Projected",6288.26041718205,5863.43303222725,6703.90372831942,"people living after diagnosis","output/prevalence_projections.csv"
"Prevalence (people)","follicular","Follicular lymphoma (FL)","NHL subtype","Females",10,2033,"Projected",6377.68454405676,5926.28778015054,6826.70764569444,"people living after diagnosis","output/prevalence_projections.csv"
"Prevalence (people)","follicular","Follicular lymphoma (FL)","NHL subtype","Females",10,2034,"Projected",6457.86898106961,5974.79606761641,6921.08934320509,"people living after diagnosis","output/prevalence_projections.csv"
"Prevalence (people)","follicular","Follicular lymphoma (FL)","NHL subtype","Females",10,2035,"Projected",6525.89952441753,6022.86180653913,7016.92332979218,"people living after diagnosis","output/prevalence_projections.csv"
"Prevalence (people)","follicular","Follicular lymphoma (FL)","NHL subtype","Females",10,2036,"Projected",6574.7213131657,6043.66810986699,7095.1440311717,"people living after diagnosis","output/prevalence_projections.csv"
"Prevalence (people)","follicular","Follicular lymphoma (FL)","NHL subtype","Females",10,2037,"Projected",6610.79929062659,6060.68501264437,7150.86747497297,"people living after diagnosis","output/prevalence_projections.csv"
"Prevalence (people)","follicular","Follicular lymphoma (FL)","NHL subtype","Females",10,2038,"Projected",6630.51075569641,6058.66167337842,7198.08693446899,"people living after diagnosis","output/prevalence_projections.csv"
"Prevalence (people)","follicular","Follicular lymphoma (FL)","NHL subtype","Females",10,2039,"Projected",6634.15044055023,6040.65877825703,7228.74324408867,"people living after diagnosis","output/prevalence_projections.csv"
"Prevalence (people)","follicular","Follicular lymphoma (FL)","NHL subtype","Females",10,2040,"Projected",6617.85746991028,6007.14619579676,7238.82302903393,"people living after diagnosis","output/prevalence_projections.csv"
"Prevalence (people)","follicular","Follicular lymphoma (FL)","NHL subtype","Females",10,2041,"Projected",6591.35077873586,5947.5568831297,7232.64850905235,"people living after diagnosis","output/prevalence_projections.csv"
"Prevalence (people)","follicular","Follicular lymphoma (FL)","NHL subtype","Females",10,2042,"Projected",6553.10204189861,5871.17023628359,7212.89214811255,"people living after diagnosis","output/prevalence_projections.csv"
"Prevalence (people)","follicular","Follicular lymphoma (FL)","NHL subtype","Females",10,2043,"Projected",6505.5022579269,5810.23095932611,7185.92580505314,"people living after diagnosis","output/prevalence_projections.csv"
"Prevalence (people)","follicular","Follicular lymphoma (FL)","NHL subtype","Females",10,2044,"Projected",6446.3115829325,5733.20873110962,7140.99984993903,"people living after diagnosis","output/prevalence_projections.csv"
"Prevalence (people)","follicular","Follicular lymphoma (FL)","NHL subtype","Females",10,2045,"Projected",6379.41319845736,5659.44777268116,7089.71477479177,"people living after diagnosis","output/prevalence_projections.csv"
"Prevalence (people)","follicular","Follicular lymphoma (FL)","NHL subtype","Females",40,2012,"Estimated",6384.59010662911,5569.06885587821,7305.85428623567,"people living after diagnosis","output/prevalence_projections.csv"
"Prevalence (people)","follicular","Follicular lymphoma (FL)","NHL subtype","Females",40,2013,"Estimated",6661.45711391967,5813.82808934506,7630.98103914034,"people living after diagnosis","output/prevalence_projections.csv"
"Prevalence (people)","follicular","Follicular lymphoma (FL)","NHL subtype","Females",40,2014,"Estimated",6971.42991202528,6091.29403100541,7989.78833494289,"people living after diagnosis","output/prevalence_projections.csv"
"Prevalence (people)","follicular","Follicular lymphoma (FL)","NHL subtype","Females",40,2015,"Estimated",7245.70814445527,6332.35442300212,8305.79636546071,"people living after diagnosis","output/prevalence_projections.csv"
"Prevalence (people)","follicular","Follicular lymphoma (FL)","NHL subtype","Females",40,2016,"Estimated",7569.56873129178,6621.05827239571,8669.87749604588,"people living after diagnosis","output/prevalence_projections.csv"
"Prevalence (people)","follicular","Follicular lymphoma (FL)","NHL subtype","Females",40,2017,"Estimated",7947.48352992532,6962.39051298674,9095.0444511259,"people living after diagnosis","output/prevalence_projections.csv"
"Prevalence (people)","follicular","Follicular lymphoma (FL)","NHL subtype","Females",40,2018,"Estimated",8268.80811787922,7257.70978069107,9462.9204609814,"people living after diagnosis","output/prevalence_projections.csv"
"Prevalence (people)","follicular","Follicular lymphoma (FL)","NHL subtype","Females",40,2019,"Estimated",8592.25834117835,7568.29096162304,9820.88528760533,"people living after diagnosis","output/prevalence_projections.csv"
"Prevalence (people)","follicular","Follicular lymphoma (FL)","NHL subtype","Females",40,2020,"Estimated",9031.300453576,7990.00529967827,10290.7582463376,"people living after diagnosis","output/prevalence_projections.csv"
"Prevalence (people)","follicular","Follicular lymphoma (FL)","NHL subtype","Females",40,2021,"Estimated",9373.48785985437,8314.82814804219,10672.068985897,"people living after diagnosis","output/prevalence_projections.csv"
"Prevalence (people)","follicular","Follicular lymphoma (FL)","NHL subtype","Females",40,2022,"Projected",9719.37780833176,8665.22800550916,11008.5315029813,"people living after diagnosis","output/prevalence_projections.csv"
"Prevalence (people)","follicular","Follicular lymphoma (FL)","NHL subtype","Females",40,2023,"Projected",10076.4757103897,9028.86683178548,11352.4082021069,"people living after diagnosis","output/prevalence_projections.csv"
"Prevalence (people)","follicular","Follicular lymphoma (FL)","NHL subtype","Females",40,2024,"Projected",10444.4882902005,9401.71004359045,11687.2477153274,"people living after diagnosis","output/prevalence_projections.csv"
"Prevalence (people)","follicular","Follicular lymphoma (FL)","NHL subtype","Females",40,2025,"Projected",10819.3704748403,9793.11554276821,12033.2731847476,"people living after diagnosis","output/prevalence_projections.csv"
"Prevalence (people)","follicular","Follicular lymphoma (FL)","NHL subtype","Females",40,2026,"Projected",11203.7585405833,10192.217170878,12379.5980217724,"people living after diagnosis","output/prevalence_projections.csv"
"Prevalence (people)","follicular","Follicular lymphoma (FL)","NHL subtype","Females",40,2027,"Projected",11579.0193838413,10576.0969663755,12723.8823818283,"people living after diagnosis","output/prevalence_projections.csv"
"Prevalence (people)","follicular","Follicular lymphoma (FL)","NHL subtype","Females",40,2028,"Projected",11978.2047648307,10972.6910583596,13121.1366913283,"people living after diagnosis","output/prevalence_projections.csv"
"Prevalence (people)","follicular","Follicular lymphoma (FL)","NHL subtype","Females",40,2029,"Projected",12370.2658021748,11394.6987534324,13475.189164548,"people living after diagnosis","output/prevalence_projections.csv"
"Prevalence (people)","follicular","Follicular lymphoma (FL)","NHL subtype","Females",40,2030,"Projected",12777.8595100178,11817.6057424974,13834.3076371688,"people living after diagnosis","output/prevalence_projections.csv"
"Prevalence (people)","follicular","Follicular lymphoma (FL)","NHL subtype","Females",40,2031,"Projected",13177.9054386946,12225.3547447903,14198.6618021301,"people living after diagnosis","output/prevalence_projections.csv"
"Prevalence (people)","follicular","Follicular lymphoma (FL)","NHL subtype","Females",40,2032,"Projected",13568.0761060683,12604.5860625089,14535.6511830825,"people living after diagnosis","output/prevalence_projections.csv"
"Prevalence (people)","follicular","Follicular lymphoma (FL)","NHL subtype","Females",40,2033,"Projected",13957.5339266547,12999.3304993617,14954.4966936558,"people living after diagnosis","output/prevalence_projections.csv"
"Prevalence (people)","follicular","Follicular lymphoma (FL)","NHL subtype","Females",40,2034,"Projected",14345.0791904688,13369.0296972448,15334.2970688273,"people living after diagnosis","output/prevalence_projections.csv"
"Prevalence (people)","follicular","Follicular lymphoma (FL)","NHL subtype","Females",40,2035,"Projected",14728.1840451165,13742.448663643,15728.0442760246,"people living after diagnosis","output/prevalence_projections.csv"
"Prevalence (people)","follicular","Follicular lymphoma (FL)","NHL subtype","Females",40,2036,"Projected",15115.5844195618,14098.3115854992,16156.5594380933,"people living after diagnosis","output/prevalence_projections.csv"
"Prevalence (people)","follicular","Follicular lymphoma (FL)","NHL subtype","Females",40,2037,"Projected",15491.3947066868,14421.3661226878,16602.2254828586,"people living after diagnosis","output/prevalence_projections.csv"
"Prevalence (people)","follicular","Follicular lymphoma (FL)","NHL subtype","Females",40,2038,"Projected",15870.8890483303,14724.4437921678,17004.1896779867,"people living after diagnosis","output/prevalence_projections.csv"
"Prevalence (people)","follicular","Follicular lymphoma (FL)","NHL subtype","Females",40,2039,"Projected",16238.7828568296,15015.8583618584,17447.0256006758,"people living after diagnosis","output/prevalence_projections.csv"
"Prevalence (people)","follicular","Follicular lymphoma (FL)","NHL subtype","Females",40,2040,"Projected",16571.420182439,15255.7966454201,17877.2148404594,"people living after diagnosis","output/prevalence_projections.csv"
"Prevalence (people)","follicular","Follicular lymphoma (FL)","NHL subtype","Females",40,2041,"Projected",16910.7830707346,15452.2473647508,18338.1262523321,"people living after diagnosis","output/prevalence_projections.csv"
"Prevalence (people)","follicular","Follicular lymphoma (FL)","NHL subtype","Females",40,2042,"Projected",17216.0002813027,15608.1988491417,18766.1030200011,"people living after diagnosis","output/prevalence_projections.csv"
"Prevalence (people)","follicular","Follicular lymphoma (FL)","NHL subtype","Females",40,2043,"Projected",17512.1472796562,15786.8623223732,19195.077760419,"people living after diagnosis","output/prevalence_projections.csv"
"Prevalence (people)","follicular","Follicular lymphoma (FL)","NHL subtype","Females",40,2044,"Projected",17789.0493630062,15938.6764748976,19586.3208686249,"people living after diagnosis","output/prevalence_projections.csv"
"Prevalence (people)","follicular","Follicular lymphoma (FL)","NHL subtype","Females",40,2045,"Projected",18049.4905102465,16065.3874788889,19992.5631498198,"people living after diagnosis","output/prevalence_projections.csv"
"Prevalence (people)","follicular","Follicular lymphoma (FL)","NHL subtype","Males",2,2012,"Estimated",1135.53078247164,1129.86360792189,1140.41182962214,"people living after diagnosis","output/prevalence_projections.csv"
"Prevalence (people)","follicular","Follicular lymphoma (FL)","NHL subtype","Males",2,2013,"Estimated",1120.32609002962,1113.03708943223,1125.99981225323,"people living after diagnosis","output/prevalence_projections.csv"
"Prevalence (people)","follicular","Follicular lymphoma (FL)","NHL subtype","Males",2,2014,"Estimated",1131.50175124094,1124.06165943239,1137.12519091677,"people living after diagnosis","output/prevalence_projections.csv"
"Prevalence (people)","follicular","Follicular lymphoma (FL)","NHL subtype","Males",2,2015,"Estimated",1190.51508677569,1182.47707308315,1196.67778333153,"people living after diagnosis","output/prevalence_projections.csv"
"Prevalence (people)","follicular","Follicular lymphoma (FL)","NHL subtype","Males",2,2016,"Estimated",1231.35492385025,1222.73546762953,1237.98401246153,"people living after diagnosis","output/prevalence_projections.csv"
"Prevalence (people)","follicular","Follicular lymphoma (FL)","NHL subtype","Males",2,2017,"Estimated",1333.3593625115,1327.10389105134,1338.30830863405,"people living after diagnosis","output/prevalence_projections.csv"
"Prevalence (people)","follicular","Follicular lymphoma (FL)","NHL subtype","Males",2,2018,"Estimated",1391.38105969272,1385.22581622972,1396.9301598621,"people living after diagnosis","output/prevalence_projections.csv"
"Prevalence (people)","follicular","Follicular lymphoma (FL)","NHL subtype","Males",2,2019,"Estimated",1423.47113540197,1416.76249510587,1429.30729339764,"people living after diagnosis","output/prevalence_projections.csv"
"Prevalence (people)","follicular","Follicular lymphoma (FL)","NHL subtype","Males",2,2020,"Estimated",1543.53182729353,1535.74634616957,1550.12162811625,"people living after diagnosis","output/prevalence_projections.csv"
"Prevalence (people)","follicular","Follicular lymphoma (FL)","NHL subtype","Males",2,2021,"Estimated",1543.56941404195,1534.39437659837,1551.41701824027,"people living after diagnosis","output/prevalence_projections.csv"
"Prevalence (people)","follicular","Follicular lymphoma (FL)","NHL subtype","Males",2,2022,"Projected",1528.34374268481,1485.08364382706,1573.09530170749,"people living after diagnosis","output/prevalence_projections.csv"
"Prevalence (people)","follicular","Follicular lymphoma (FL)","NHL subtype","Males",2,2023,"Projected",1602.35738363318,1519.37794827051,1694.93716976647,"people living after diagnosis","output/prevalence_projections.csv"
"Prevalence (people)","follicular","Follicular lymphoma (FL)","NHL subtype","Males",2,2024,"Projected",1643.22164389167,1559.12709409133,1737.1450862964,"people living after diagnosis","output/prevalence_projections.csv"
"Prevalence (people)","follicular","Follicular lymphoma (FL)","NHL subtype","Males",2,2025,"Projected",1683.07215272938,1594.5306703238,1778.01365935488,"people living after diagnosis","output/prevalence_projections.csv"
"Prevalence (people)","follicular","Follicular lymphoma (FL)","NHL subtype","Males",2,2026,"Projected",1722.82856896819,1628.98584194488,1821.38544659534,"people living after diagnosis","output/prevalence_projections.csv"
"Prevalence (people)","follicular","Follicular lymphoma (FL)","NHL subtype","Males",2,2027,"Projected",1761.9940039763,1664.11532347504,1864.60485451449,"people living after diagnosis","output/prevalence_projections.csv"
"Prevalence (people)","follicular","Follicular lymphoma (FL)","NHL subtype","Males",2,2028,"Projected",1798.09085188263,1695.04920850142,1907.73020836871,"people living after diagnosis","output/prevalence_projections.csv"
"Prevalence (people)","follicular","Follicular lymphoma (FL)","NHL subtype","Males",2,2029,"Projected",1830.00875901928,1720.24363721011,1949.0422431077,"people living after diagnosis","output/prevalence_projections.csv"
"Prevalence (people)","follicular","Follicular lymphoma (FL)","NHL subtype","Males",2,2030,"Projected",1857.69598451408,1743.27110053701,1984.34616614281,"people living after diagnosis","output/prevalence_projections.csv"
"Prevalence (people)","follicular","Follicular lymphoma (FL)","NHL subtype","Males",2,2031,"Projected",1884.53051096318,1764.02133647171,2017.83088617321,"people living after diagnosis","output/prevalence_projections.csv"
"Prevalence (people)","follicular","Follicular lymphoma (FL)","NHL subtype","Males",2,2032,"Projected",1908.74304266059,1781.37482346829,2047.96242535812,"people living after diagnosis","output/prevalence_projections.csv"
"Prevalence (people)","follicular","Follicular lymphoma (FL)","NHL subtype","Males",2,2033,"Projected",1929.24485595416,1794.12634263689,2074.26111641158,"people living after diagnosis","output/prevalence_projections.csv"
"Prevalence (people)","follicular","Follicular lymphoma (FL)","NHL subtype","Males",2,2034,"Projected",1947.84434759172,1806.20823906778,2104.17063570976,"people living after diagnosis","output/prevalence_projections.csv"
"Prevalence (people)","follicular","Follicular lymphoma (FL)","NHL subtype","Males",2,2035,"Projected",1965.11401107255,1818.70941337968,2128.15768496519,"people living after diagnosis","output/prevalence_projections.csv"
"Prevalence (people)","follicular","Follicular lymphoma (FL)","NHL subtype","Males",2,2036,"Projected",1981.38108288491,1828.10120414903,2155.48728002458,"people living after diagnosis","output/prevalence_projections.csv"
"Prevalence (people)","follicular","Follicular lymphoma (FL)","NHL subtype","Males",2,2037,"Projected",1995.06223785948,1834.11419899828,2178.76629411907,"people living after diagnosis","output/prevalence_projections.csv"
"Prevalence (people)","follicular","Follicular lymphoma (FL)","NHL subtype","Males",2,2038,"Projected",2005.70853887153,1836.69328547344,2197.90234933531,"people living after diagnosis","output/prevalence_projections.csv"
"Prevalence (people)","follicular","Follicular lymphoma (FL)","NHL subtype","Males",2,2039,"Projected",2011.63490501698,1836.28691286028,2209.65014904742,"people living after diagnosis","output/prevalence_projections.csv"
"Prevalence (people)","follicular","Follicular lymphoma (FL)","NHL subtype","Males",2,2040,"Projected",2012.84045096207,1830.18003113448,2218.78539737533,"people living after diagnosis","output/prevalence_projections.csv"
"Prevalence (people)","follicular","Follicular lymphoma (FL)","NHL subtype","Males",2,2041,"Projected",2012.53053808201,1822.84429437546,2222.69446763359,"people living after diagnosis","output/prevalence_projections.csv"
"Prevalence (people)","follicular","Follicular lymphoma (FL)","NHL subtype","Males",2,2042,"Projected",2008.99190885884,1813.59737671862,2225.88273622866,"people living after diagnosis","output/prevalence_projections.csv"
"Prevalence (people)","follicular","Follicular lymphoma (FL)","NHL subtype","Males",2,2043,"Projected",2006.6394962792,1801.71540294885,2231.53324660436,"people living after diagnosis","output/prevalence_projections.csv"
"Prevalence (people)","follicular","Follicular lymphoma (FL)","NHL subtype","Males",2,2044,"Projected",2001.7683550874,1792.35092794569,2237.52170348836,"people living after diagnosis","output/prevalence_projections.csv"
"Prevalence (people)","follicular","Follicular lymphoma (FL)","NHL subtype","Males",2,2045,"Projected",1996.90629825837,1783.24260262615,2242.30274683446,"people living after diagnosis","output/prevalence_projections.csv"
"Prevalence (people)","follicular","Follicular lymphoma (FL)","NHL subtype","Males",3,2012,"Estimated",1659.48116872144,1650.91242755071,1666.59363725549,"people living after diagnosis","output/prevalence_projections.csv"
"Prevalence (people)","follicular","Follicular lymphoma (FL)","NHL subtype","Males",3,2013,"Estimated",1648.06082315125,1639.87205994931,1656.21740117156,"people living after diagnosis","output/prevalence_projections.csv"
"Prevalence (people)","follicular","Follicular lymphoma (FL)","NHL subtype","Males",3,2014,"Estimated",1683.68860862702,1673.95921187397,1691.51664366677,"people living after diagnosis","output/prevalence_projections.csv"
"Prevalence (people)","follicular","Follicular lymphoma (FL)","NHL subtype","Males",3,2015,"Estimated",1707.55567643662,1697.76918007694,1715.4378989171,"people living after diagnosis","output/prevalence_projections.csv"
"Prevalence (people)","follicular","Follicular lymphoma (FL)","NHL subtype","Males",3,2016,"Estimated",1793.55907670424,1783.07876289372,1802.07542341414,"people living after diagnosis","output/prevalence_projections.csv"
"Prevalence (people)","follicular","Follicular lymphoma (FL)","NHL subtype","Males",3,2017,"Estimated",1906.88916142895,1898.33172196585,1914.63364663841,"people living after diagnosis","output/prevalence_projections.csv"
"Prevalence (people)","follicular","Follicular lymphoma (FL)","NHL subtype","Males",3,2018,"Estimated",1994.90473948018,1985.75853215043,2003.19667354067,"people living after diagnosis","output/prevalence_projections.csv"
"Prevalence (people)","follicular","Follicular lymphoma (FL)","NHL subtype","Males",3,2019,"Estimated",2094.54213292489,2085.99561471486,2102.54252312165,"people living after diagnosis","output/prevalence_projections.csv"
"Prevalence (people)","follicular","Follicular lymphoma (FL)","NHL subtype","Males",3,2020,"Estimated",2199.56152490432,2189.60203807347,2208.37857689702,"people living after diagnosis","output/prevalence_projections.csv"
"Prevalence (people)","follicular","Follicular lymphoma (FL)","NHL subtype","Males",3,2021,"Estimated",2248.10691620085,2236.63092984129,2258.35654730236,"people living after diagnosis","output/prevalence_projections.csv"
"Prevalence (people)","follicular","Follicular lymphoma (FL)","NHL subtype","Males",3,2022,"Projected",2302.09914510499,2257.92588072505,2349.35921053165,"people living after diagnosis","output/prevalence_projections.csv"
"Prevalence (people)","follicular","Follicular lymphoma (FL)","NHL subtype","Males",3,2023,"Projected",2309.27964886899,2224.865202213,2400.85702142514,"people living after diagnosis","output/prevalence_projections.csv"
"Prevalence (people)","follicular","Follicular lymphoma (FL)","NHL subtype","Males",3,2024,"Projected",2399.93166589189,2278.01200981605,2537.60174729165,"people living after diagnosis","output/prevalence_projections.csv"
"Prevalence (people)","follicular","Follicular lymphoma (FL)","NHL subtype","Males",3,2025,"Projected",2459.85365667725,2331.56619557471,2603.55849368451,"people living after diagnosis","output/prevalence_projections.csv"
"Prevalence (people)","follicular","Follicular lymphoma (FL)","NHL subtype","Males",3,2026,"Projected",2519.56144828049,2382.33962133554,2666.54939458389,"people living after diagnosis","output/prevalence_projections.csv"
"Prevalence (people)","follicular","Follicular lymphoma (FL)","NHL subtype","Males",3,2027,"Projected",2576.56100037901,2435.46088299478,2731.45862107217,"people living after diagnosis","output/prevalence_projections.csv"
"Prevalence (people)","follicular","Follicular lymphoma (FL)","NHL subtype","Males",3,2028,"Projected",2631.11199937002,2483.65891526662,2796.62370171836,"people living after diagnosis","output/prevalence_projections.csv"
"Prevalence (people)","follicular","Follicular lymphoma (FL)","NHL subtype","Males",3,2029,"Projected",2682.02560409866,2525.01161220308,2855.65929765222,"people living after diagnosis","output/prevalence_projections.csv"
"Prevalence (people)","follicular","Follicular lymphoma (FL)","NHL subtype","Males",3,2030,"Projected",2728.79126361353,2564.06206601567,2908.44694514325,"people living after diagnosis","output/prevalence_projections.csv"
"Prevalence (people)","follicular","Follicular lymphoma (FL)","NHL subtype","Males",3,2031,"Projected",2770.74899630277,2595.48398890515,2960.76833801812,"people living after diagnosis","output/prevalence_projections.csv"
"Prevalence (people)","follicular","Follicular lymphoma (FL)","NHL subtype","Males",3,2032,"Projected",2808.08019053664,2625.24666425487,3011.20042267487,"people living after diagnosis","output/prevalence_projections.csv"
"Prevalence (people)","follicular","Follicular lymphoma (FL)","NHL subtype","Males",3,2033,"Projected",2840.81785228269,2648.00363363564,3054.27927050192,"people living after diagnosis","output/prevalence_projections.csv"
"Prevalence (people)","follicular","Follicular lymphoma (FL)","NHL subtype","Males",3,2034,"Projected",2869.32682503313,2666.01711371607,3094.04952993397,"people living after diagnosis","output/prevalence_projections.csv"
"Prevalence (people)","follicular","Follicular lymphoma (FL)","NHL subtype","Males",3,2035,"Projected",2895.02433358314,2684.63801095534,3131.71589303876,"people living after diagnosis","output/prevalence_projections.csv"
"Prevalence (people)","follicular","Follicular lymphoma (FL)","NHL subtype","Males",3,2036,"Projected",2918.80169623555,2698.54245930656,3166.27501325094,"people living after diagnosis","output/prevalence_projections.csv"
"Prevalence (people)","follicular","Follicular lymphoma (FL)","NHL subtype","Males",3,2037,"Projected",2940.61342441699,2712.70914054472,3201.99870843339,"people living after diagnosis","output/prevalence_projections.csv"
"Prevalence (people)","follicular","Follicular lymphoma (FL)","NHL subtype","Males",3,2038,"Projected",2957.80606329461,2718.71593382784,3234.06237843374,"people living after diagnosis","output/prevalence_projections.csv"
"Prevalence (people)","follicular","Follicular lymphoma (FL)","NHL subtype","Males",3,2039,"Projected",2969.87879789918,2723.55529144819,3261.87422175083,"people living after diagnosis","output/prevalence_projections.csv"
"Prevalence (people)","follicular","Follicular lymphoma (FL)","NHL subtype","Males",3,2040,"Projected",2974.18150199411,2715.13376483412,3278.10553956086,"people living after diagnosis","output/prevalence_projections.csv"
"Prevalence (people)","follicular","Follicular lymphoma (FL)","NHL subtype","Males",3,2041,"Projected",2973.73708157385,2700.15530299805,3288.86184923383,"people living after diagnosis","output/prevalence_projections.csv"
"Prevalence (people)","follicular","Follicular lymphoma (FL)","NHL subtype","Males",3,2042,"Projected",2969.53054765399,2688.5392158023,3294.96228882441,"people living after diagnosis","output/prevalence_projections.csv"
"Prevalence (people)","follicular","Follicular lymphoma (FL)","NHL subtype","Males",3,2043,"Projected",2963.78853576724,2673.15761661054,3299.11936088445,"people living after diagnosis","output/prevalence_projections.csv"
"Prevalence (people)","follicular","Follicular lymphoma (FL)","NHL subtype","Males",3,2044,"Projected",2957.38439287148,2660.66519134948,3304.05076470838,"people living after diagnosis","output/prevalence_projections.csv"
"Prevalence (people)","follicular","Follicular lymphoma (FL)","NHL subtype","Males",3,2045,"Projected",2947.51298868079,2648.24802455297,3308.14991863188,"people living after diagnosis","output/prevalence_projections.csv"
"Prevalence (people)","follicular","Follicular lymphoma (FL)","NHL subtype","Males",5,2012,"Estimated",2551.63114767671,2538.89010287469,2564.18917188046,"people living after diagnosis","output/prevalence_projections.csv"
"Prevalence (people)","follicular","Follicular lymphoma (FL)","NHL subtype","Males",5,2013,"Estimated",2619.13991492735,2605.72714770055,2632.55086406291,"people living after diagnosis","output/prevalence_projections.csv"
"Prevalence (people)","follicular","Follicular lymphoma (FL)","NHL subtype","Males",5,2014,"Estimated",2673.42029757999,2660.96374930355,2685.82265055652,"people living after diagnosis","output/prevalence_projections.csv"
"Prevalence (people)","follicular","Follicular lymphoma (FL)","NHL subtype","Males",5,2015,"Estimated",2725.43249373705,2712.63627415247,2738.01507065008,"people living after diagnosis","output/prevalence_projections.csv"
"Prevalence (people)","follicular","Follicular lymphoma (FL)","NHL subtype","Males",5,2016,"Estimated",2803.74519740312,2789.04271548077,2816.15532045716,"people living after diagnosis","output/prevalence_projections.csv"
"Prevalence (people)","follicular","Follicular lymphoma (FL)","NHL subtype","Males",5,2017,"Estimated",2927.6731457884,2914.49573067099,2939.69220925161,"people living after diagnosis","output/prevalence_projections.csv"
"Prevalence (people)","follicular","Follicular lymphoma (FL)","NHL subtype","Males",5,2018,"Estimated",3068.62086202404,3055.15381159067,3081.94394289955,"people living after diagnosis","output/prevalence_projections.csv"
"Prevalence (people)","follicular","Follicular lymphoma (FL)","NHL subtype","Males",5,2019,"Estimated",3208.29655106233,3194.78694402768,3223.0805703769,"people living after diagnosis","output/prevalence_projections.csv"
"Prevalence (people)","follicular","Follicular lymphoma (FL)","NHL subtype","Males",5,2020,"Estimated",3406.56038613121,3392.20654629921,3419.91221339492,"people living after diagnosis","output/prevalence_projections.csv"
"Prevalence (people)","follicular","Follicular lymphoma (FL)","NHL subtype","Males",5,2021,"Estimated",3497.02241406448,3482.83956832259,3511.06992451103,"people living after diagnosis","output/prevalence_projections.csv"
"Prevalence (people)","follicular","Follicular lymphoma (FL)","NHL subtype","Males",5,2022,"Projected",3583.73899263048,3538.1295087342,3631.0199763631,"people living after diagnosis","output/prevalence_projections.csv"
"Prevalence (people)","follicular","Follicular lymphoma (FL)","NHL subtype","Males",5,2023,"Projected",3707.02236266557,3621.30467345388,3797.80470230153,"people living after diagnosis","output/prevalence_projections.csv"
"Prevalence (people)","follicular","Follicular lymphoma (FL)","NHL subtype","Males",5,2024,"Projected",3796.84686605913,3671.94070032337,3933.4256453394,"people living after diagnosis","output/prevalence_projections.csv"
"Prevalence (people)","follicular","Follicular lymphoma (FL)","NHL subtype","Males",5,2025,"Projected",3839.97080738621,3673.48643221354,4020.95315842076,"people living after diagnosis","output/prevalence_projections.csv"
"Prevalence (people)","follicular","Follicular lymphoma (FL)","NHL subtype","Males",5,2026,"Projected",3961.09074863839,3752.55467677405,4191.2740799771,"people living after diagnosis","output/prevalence_projections.csv"
"Prevalence (people)","follicular","Follicular lymphoma (FL)","NHL subtype","Males",5,2027,"Projected",4057.92604187443,3835.99772823498,4292.11216482666,"people living after diagnosis","output/prevalence_projections.csv"
"Prevalence (people)","follicular","Follicular lymphoma (FL)","NHL subtype","Males",5,2028,"Projected",4148.0060722053,3917.74979532347,4393.26093853907,"people living after diagnosis","output/prevalence_projections.csv"
"Prevalence (people)","follicular","Follicular lymphoma (FL)","NHL subtype","Males",5,2029,"Projected",4232.11367530057,3993.37575546946,4490.28962557305,"people living after diagnosis","output/prevalence_projections.csv"
"Prevalence (people)","follicular","Follicular lymphoma (FL)","NHL subtype","Males",5,2030,"Projected",4313.5850487107,4061.54189714982,4587.18549041774,"people living after diagnosis","output/prevalence_projections.csv"
"Prevalence (people)","follicular","Follicular lymphoma (FL)","NHL subtype","Males",5,2031,"Projected",4384.71026703872,4116.45044735452,4676.61053344632,"people living after diagnosis","output/prevalence_projections.csv"
"Prevalence (people)","follicular","Follicular lymphoma (FL)","NHL subtype","Males",5,2032,"Projected",4450.96822582186,4168.53546446899,4760.96485846636,"people living after diagnosis","output/prevalence_projections.csv"
"Prevalence (people)","follicular","Follicular lymphoma (FL)","NHL subtype","Males",5,2033,"Projected",4508.97079797583,4213.6618083643,4832.60349195007,"people living after diagnosis","output/prevalence_projections.csv"
"Prevalence (people)","follicular","Follicular lymphoma (FL)","NHL subtype","Males",5,2034,"Projected",4559.48582272195,4248.77890960187,4906.96113846074,"people living after diagnosis","output/prevalence_projections.csv"
"Prevalence (people)","follicular","Follicular lymphoma (FL)","NHL subtype","Males",5,2035,"Projected",4603.75752005544,4275.5178035632,4971.0006980426,"people living after diagnosis","output/prevalence_projections.csv"
"Prevalence (people)","follicular","Follicular lymphoma (FL)","NHL subtype","Males",5,2036,"Projected",4639.16371673183,4287.06561535893,5026.52939799543,"people living after diagnosis","output/prevalence_projections.csv"
"Prevalence (people)","follicular","Follicular lymphoma (FL)","NHL subtype","Males",5,2037,"Projected",4671.03284092396,4305.70646976609,5074.6787844227,"people living after diagnosis","output/prevalence_projections.csv"
"Prevalence (people)","follicular","Follicular lymphoma (FL)","NHL subtype","Males",5,2038,"Projected",4697.41859318105,4318.44108256104,5119.05980537223,"people living after diagnosis","output/prevalence_projections.csv"
"Prevalence (people)","follicular","Follicular lymphoma (FL)","NHL subtype","Males",5,2039,"Projected",4714.94987575953,4321.64211111361,5159.44944699197,"people living after diagnosis","output/prevalence_projections.csv"
"Prevalence (people)","follicular","Follicular lymphoma (FL)","NHL subtype","Males",5,2040,"Projected",4729.61255714174,4313.44564041738,5189.52503379154,"people living after diagnosis","output/prevalence_projections.csv"
"Prevalence (people)","follicular","Follicular lymphoma (FL)","NHL subtype","Males",5,2041,"Projected",4733.71199970023,4302.09037198524,5213.25675729766,"people living after diagnosis","output/prevalence_projections.csv"
"Prevalence (people)","follicular","Follicular lymphoma (FL)","NHL subtype","Males",5,2042,"Projected",4729.51126576519,4286.29447546874,5230.16122384581,"people living after diagnosis","output/prevalence_projections.csv"
"Prevalence (people)","follicular","Follicular lymphoma (FL)","NHL subtype","Males",5,2043,"Projected",4720.4270403432,4267.04876199527,5240.32310857983,"people living after diagnosis","output/prevalence_projections.csv"
"Prevalence (people)","follicular","Follicular lymphoma (FL)","NHL subtype","Males",5,2044,"Projected",4706.76263645987,4240.23981757485,5246.64606060681,"people living after diagnosis","output/prevalence_projections.csv"
"Prevalence (people)","follicular","Follicular lymphoma (FL)","NHL subtype","Males",5,2045,"Projected",4689.88159001046,4212.73160547553,5249.80974796935,"people living after diagnosis","output/prevalence_projections.csv"
"Prevalence (people)","follicular","Follicular lymphoma (FL)","NHL subtype","Males",10,2012,"Estimated",4330.94718938881,4235.34024725057,4428.2904210326,"people living after diagnosis","output/prevalence_projections.csv"
"Prevalence (people)","follicular","Follicular lymphoma (FL)","NHL subtype","Males",10,2013,"Estimated",4432.10644576238,4340.72089286717,4523.32177818234,"people living after diagnosis","output/prevalence_projections.csv"
"Prevalence (people)","follicular","Follicular lymphoma (FL)","NHL subtype","Males",10,2014,"Estimated",4568.91605336153,4480.31231457547,4656.34703683767,"people living after diagnosis","output/prevalence_projections.csv"
"Prevalence (people)","follicular","Follicular lymphoma (FL)","NHL subtype","Males",10,2015,"Estimated",4689.80282280625,4603.22894264824,4775.61974049821,"people living after diagnosis","output/prevalence_projections.csv"
"Prevalence (people)","follicular","Follicular lymphoma (FL)","NHL subtype","Males",10,2016,"Estimated",4813.31883551464,4730.93667149158,4891.82771183654,"people living after diagnosis","output/prevalence_projections.csv"
"Prevalence (people)","follicular","Follicular lymphoma (FL)","NHL subtype","Males",10,2017,"Estimated",5038.43115989875,4964.93453669991,5110.27984361559,"people living after diagnosis","output/prevalence_projections.csv"
"Prevalence (people)","follicular","Follicular lymphoma (FL)","NHL subtype","Males",10,2018,"Estimated",5240.38382027058,5175.05900422145,5304.32464484986,"people living after diagnosis","output/prevalence_projections.csv"
"Prevalence (people)","follicular","Follicular lymphoma (FL)","NHL subtype","Males",10,2019,"Estimated",5434.96588245222,5379.40222858376,5491.74094467379,"people living after diagnosis","output/prevalence_projections.csv"
"Prevalence (people)","follicular","Follicular lymphoma (FL)","NHL subtype","Males",10,2020,"Estimated",5682.22372137589,5618.82141041144,5737.77877180217,"people living after diagnosis","output/prevalence_projections.csv"
"Prevalence (people)","follicular","Follicular lymphoma (FL)","NHL subtype","Males",10,2021,"Estimated",5850.28624396121,5772.53473898419,5919.6100771595,"people living after diagnosis","output/prevalence_projections.csv"
"Prevalence (people)","follicular","Follicular lymphoma (FL)","NHL subtype","Males",10,2022,"Projected",6038.3479372641,5960.54891316405,6121.57674081683,"people living after diagnosis","output/prevalence_projections.csv"
"Prevalence (people)","follicular","Follicular lymphoma (FL)","NHL subtype","Males",10,2023,"Projected",6270.11968032554,6161.04315665916,6377.29039233925,"people living after diagnosis","output/prevalence_projections.csv"
"Prevalence (people)","follicular","Follicular lymphoma (FL)","NHL subtype","Males",10,2024,"Projected",6480.46445169517,6334.00040143924,6619.28836204375,"people living after diagnosis","output/prevalence_projections.csv"
"Prevalence (people)","follicular","Follicular lymphoma (FL)","NHL subtype","Males",10,2025,"Projected",6695.57902593587,6507.68593662867,6878.94156737167,"people living after diagnosis","output/prevalence_projections.csv"
"Prevalence (people)","follicular","Follicular lymphoma (FL)","NHL subtype","Males",10,2026,"Projected",6889.52402913085,6660.3818476131,7128.05474825585,"people living after diagnosis","output/prevalence_projections.csv"
"Prevalence (people)","follicular","Follicular lymphoma (FL)","NHL subtype","Males",10,2027,"Projected",7058.53161571037,6784.86835717975,7346.13349927434,"people living after diagnosis","output/prevalence_projections.csv"
"Prevalence (people)","follicular","Follicular lymphoma (FL)","NHL subtype","Males",10,2028,"Projected",7259.60414716787,6936.5433807825,7589.39239719827,"people living after diagnosis","output/prevalence_projections.csv"
"Prevalence (people)","follicular","Follicular lymphoma (FL)","NHL subtype","Males",10,2029,"Projected",7414.71652162577,7042.40841168208,7797.76091542019,"people living after diagnosis","output/prevalence_projections.csv"
"Prevalence (people)","follicular","Follicular lymphoma (FL)","NHL subtype","Males",10,2030,"Projected",7525.12861368536,7101.40389106474,7969.65795124381,"people living after diagnosis","output/prevalence_projections.csv"
"Prevalence (people)","follicular","Follicular lymphoma (FL)","NHL subtype","Males",10,2031,"Projected",7702.21883100405,7225.52593704201,8195.30399554072,"people living after diagnosis","output/prevalence_projections.csv"
"Prevalence (people)","follicular","Follicular lymphoma (FL)","NHL subtype","Males",10,2032,"Projected",7848.97499675439,7353.11889532976,8362.43609608733,"people living after diagnosis","output/prevalence_projections.csv"
"Prevalence (people)","follicular","Follicular lymphoma (FL)","NHL subtype","Males",10,2033,"Projected",7987.60475373414,7457.82111543709,8560.71291959089,"people living after diagnosis","output/prevalence_projections.csv"
"Prevalence (people)","follicular","Follicular lymphoma (FL)","NHL subtype","Males",10,2034,"Projected",8117.14647364883,7558.53238716698,8733.02112537311,"people living after diagnosis","output/prevalence_projections.csv"
"Prevalence (people)","follicular","Follicular lymphoma (FL)","NHL subtype","Males",10,2035,"Projected",8233.74020636575,7642.1169733735,8873.40589459047,"people living after diagnosis","output/prevalence_projections.csv"
"Prevalence (people)","follicular","Follicular lymphoma (FL)","NHL subtype","Males",10,2036,"Projected",8330.83432937907,7705.88564613418,9016.45361242682,"people living after diagnosis","output/prevalence_projections.csv"
"Prevalence (people)","follicular","Follicular lymphoma (FL)","NHL subtype","Males",10,2037,"Projected",8420.98628985975,7748.1537122852,9144.26032828036,"people living after diagnosis","output/prevalence_projections.csv"
"Prevalence (people)","follicular","Follicular lymphoma (FL)","NHL subtype","Males",10,2038,"Projected",8487.23344246452,7786.75127103258,9254.6320212785,"people living after diagnosis","output/prevalence_projections.csv"
"Prevalence (people)","follicular","Follicular lymphoma (FL)","NHL subtype","Males",10,2039,"Projected",8533.79312144154,7791.48814894263,9360.07158196601,"people living after diagnosis","output/prevalence_projections.csv"
"Prevalence (people)","follicular","Follicular lymphoma (FL)","NHL subtype","Males",10,2040,"Projected",8568.2743851252,7783.07903593892,9427.01500178679,"people living after diagnosis","output/prevalence_projections.csv"
"Prevalence (people)","follicular","Follicular lymphoma (FL)","NHL subtype","Males",10,2041,"Projected",8579.83065541954,7773.89618137593,9476.07231666436,"people living after diagnosis","output/prevalence_projections.csv"
"Prevalence (people)","follicular","Follicular lymphoma (FL)","NHL subtype","Males",10,2042,"Projected",8584.58266121954,7745.67573137668,9517.64077495963,"people living after diagnosis","output/prevalence_projections.csv"
"Prevalence (people)","follicular","Follicular lymphoma (FL)","NHL subtype","Males",10,2043,"Projected",8578.40149325599,7722.22701547398,9545.1973478763,"people living after diagnosis","output/prevalence_projections.csv"
"Prevalence (people)","follicular","Follicular lymphoma (FL)","NHL subtype","Males",10,2044,"Projected",8566.39041452617,7686.90534927682,9565.72795449762,"people living after diagnosis","output/prevalence_projections.csv"
"Prevalence (people)","follicular","Follicular lymphoma (FL)","NHL subtype","Males",10,2045,"Projected",8546.34250308754,7650.60180411867,9571.19214576571,"people living after diagnosis","output/prevalence_projections.csv"
"Prevalence (people)","follicular","Follicular lymphoma (FL)","NHL subtype","Males",40,2012,"Estimated",7562.4686292686,6559.909231363,8811.08357176906,"people living after diagnosis","output/prevalence_projections.csv"
"Prevalence (people)","follicular","Follicular lymphoma (FL)","NHL subtype","Males",40,2013,"Estimated",7865.55528237912,6819.91887695597,9177.37821809367,"people living after diagnosis","output/prevalence_projections.csv"
"Prevalence (people)","follicular","Follicular lymphoma (FL)","NHL subtype","Males",40,2014,"Estimated",8219.73744477448,7118.618485026,9590.72073931626,"people living after diagnosis","output/prevalence_projections.csv"
"Prevalence (people)","follicular","Follicular lymphoma (FL)","NHL subtype","Males",40,2015,"Estimated",8572.17591351616,7423.98705154611,10009.8920291108,"people living after diagnosis","output/prevalence_projections.csv"
"Prevalence (people)","follicular","Follicular lymphoma (FL)","NHL subtype","Males",40,2016,"Estimated",8944.73799798291,7754.20779596275,10459.4393196342,"people living after diagnosis","output/prevalence_projections.csv"
"Prevalence (people)","follicular","Follicular lymphoma (FL)","NHL subtype","Males",40,2017,"Estimated",9390.30049748242,8150.99952120484,10973.1629086572,"people living after diagnosis","output/prevalence_projections.csv"
"Prevalence (people)","follicular","Follicular lymphoma (FL)","NHL subtype","Males",40,2018,"Estimated",9816.50731130068,8535.5522642953,11448.8062416555,"people living after diagnosis","output/prevalence_projections.csv"
"Prevalence (people)","follicular","Follicular lymphoma (FL)","NHL subtype","Males",40,2019,"Estimated",10273.3524178969,8970.35290351889,11961.4796045937,"people living after diagnosis","output/prevalence_projections.csv"
"Prevalence (people)","follicular","Follicular lymphoma (FL)","NHL subtype","Males",40,2020,"Estimated",10792.8139905228,9474.8045440011,12537.1281486007,"people living after diagnosis","output/prevalence_projections.csv"
"Prevalence (people)","follicular","Follicular lymphoma (FL)","NHL subtype","Males",40,2021,"Estimated",11222.2021390344,9889.13367325453,13003.56999137,"people living after diagnosis","output/prevalence_projections.csv"
"Prevalence (people)","follicular","Follicular lymphoma (FL)","NHL subtype","Males",40,2022,"Projected",11649.9522177611,10326.9749741112,13426.6482749066,"people living after diagnosis","output/prevalence_projections.csv"
"Prevalence (people)","follicular","Follicular lymphoma (FL)","NHL subtype","Males",40,2023,"Projected",12082.4575994288,10767.362411108,13823.8835849706,"people living after diagnosis","output/prevalence_projections.csv"
"Prevalence (people)","follicular","Follicular lymphoma (FL)","NHL subtype","Males",40,2024,"Projected",12516.1158089828,11218.2742578722,14231.1229309407,"people living after diagnosis","output/prevalence_projections.csv"
"Prevalence (people)","follicular","Follicular lymphoma (FL)","NHL subtype","Males",40,2025,"Projected",12952.4942400389,11683.6980746055,14610.1745691004,"people living after diagnosis","output/prevalence_projections.csv"
"Prevalence (people)","follicular","Follicular lymphoma (FL)","NHL subtype","Males",40,2026,"Projected",13392.4216453114,12139.7494810301,15075.641537139,"people living after diagnosis","output/prevalence_projections.csv"
"Prevalence (people)","follicular","Follicular lymphoma (FL)","NHL subtype","Males",40,2027,"Projected",13833.349907463,12566.8961115178,15491.3840790909,"people living after diagnosis","output/prevalence_projections.csv"
"Prevalence (people)","follicular","Follicular lymphoma (FL)","NHL subtype","Males",40,2028,"Projected",14293.1456015218,13029.7569604206,15894.0893235078,"people living after diagnosis","output/prevalence_projections.csv"
"Prevalence (people)","follicular","Follicular lymphoma (FL)","NHL subtype","Males",40,2029,"Projected",14757.0917274103,13483.2901887502,16312.1743052563,"people living after diagnosis","output/prevalence_projections.csv"
"Prevalence (people)","follicular","Follicular lymphoma (FL)","NHL subtype","Males",40,2030,"Projected",15199.6209969666,13943.3213298493,16669.2035669406,"people living after diagnosis","output/prevalence_projections.csv"
"Prevalence (people)","follicular","Follicular lymphoma (FL)","NHL subtype","Males",40,2031,"Projected",15641.5983777352,14435.4506044777,17028.3614713885,"people living after diagnosis","output/prevalence_projections.csv"
"Prevalence (people)","follicular","Follicular lymphoma (FL)","NHL subtype","Males",40,2032,"Projected",16065.9845235881,14886.3826057415,17369.4878438974,"people living after diagnosis","output/prevalence_projections.csv"
"Prevalence (people)","follicular","Follicular lymphoma (FL)","NHL subtype","Males",40,2033,"Projected",16493.576621398,15326.6727988563,17743.1247209145,"people living after diagnosis","output/prevalence_projections.csv"
"Prevalence (people)","follicular","Follicular lymphoma (FL)","NHL subtype","Males",40,2034,"Projected",16904.8298179327,15752.4291189942,18115.566144016,"people living after diagnosis","output/prevalence_projections.csv"
"Prevalence (people)","follicular","Follicular lymphoma (FL)","NHL subtype","Males",40,2035,"Projected",17322.3427837632,16156.5619417325,18554.2475150965,"people living after diagnosis","output/prevalence_projections.csv"
"Prevalence (people)","follicular","Follicular lymphoma (FL)","NHL subtype","Males",40,2036,"Projected",17738.5208339985,16512.9511848631,18992.5199771704,"people living after diagnosis","output/prevalence_projections.csv"
"Prevalence (people)","follicular","Follicular lymphoma (FL)","NHL subtype","Males",40,2037,"Projected",18130.1728252096,16852.4064517279,19444.3440388016,"people living after diagnosis","output/prevalence_projections.csv"
"Prevalence (people)","follicular","Follicular lymphoma (FL)","NHL subtype","Males",40,2038,"Projected",18522.7115469834,17213.2298190528,19903.3847734867,"people living after diagnosis","output/prevalence_projections.csv"
"Prevalence (people)","follicular","Follicular lymphoma (FL)","NHL subtype","Males",40,2039,"Projected",18896.4954840324,17512.9705118346,20416.4484579193,"people living after diagnosis","output/prevalence_projections.csv"
"Prevalence (people)","follicular","Follicular lymphoma (FL)","NHL subtype","Males",40,2040,"Projected",19252.0375824865,17784.213076317,20855.4138505647,"people living after diagnosis","output/prevalence_projections.csv"
"Prevalence (people)","follicular","Follicular lymphoma (FL)","NHL subtype","Males",40,2041,"Projected",19586.4259567381,17937.6496288265,21396.5214522747,"people living after diagnosis","output/prevalence_projections.csv"
"Prevalence (people)","follicular","Follicular lymphoma (FL)","NHL subtype","Males",40,2042,"Projected",19896.3732497762,18106.3178891534,21902.1112276355,"people living after diagnosis","output/prevalence_projections.csv"
"Prevalence (people)","follicular","Follicular lymphoma (FL)","NHL subtype","Males",40,2043,"Projected",20206.4701420565,18217.0572827469,22385.9446297696,"people living after diagnosis","output/prevalence_projections.csv"
"Prevalence (people)","follicular","Follicular lymphoma (FL)","NHL subtype","Males",40,2044,"Projected",20494.826420711,18293.2775534784,22847.4012155425,"people living after diagnosis","output/prevalence_projections.csv"
"Prevalence (people)","follicular","Follicular lymphoma (FL)","NHL subtype","Males",40,2045,"Projected",20759.0427842706,18335.0977233745,23299.801688803,"people living after diagnosis","output/prevalence_projections.csv"
"Prevalence (people)","mantle_cell","Mantle cell lymphoma (MCL)","NHL subtype","Persons",2,2012,"Estimated",383.528928301124,377.730835922297,388.710679601521,"people living after diagnosis","output/prevalence_projections.csv"
"Prevalence (people)","mantle_cell","Mantle cell lymphoma (MCL)","NHL subtype","Persons",2,2013,"Estimated",410.007771459552,402.252928110495,417.170227777993,"people living after diagnosis","output/prevalence_projections.csv"
"Prevalence (people)","mantle_cell","Mantle cell lymphoma (MCL)","NHL subtype","Persons",2,2014,"Estimated",446.746156246663,438.245347918928,454.515110174642,"people living after diagnosis","output/prevalence_projections.csv"
"Prevalence (people)","mantle_cell","Mantle cell lymphoma (MCL)","NHL subtype","Persons",2,2015,"Estimated",457.275654111816,448.736777578806,465.061841933471,"people living after diagnosis","output/prevalence_projections.csv"
"Prevalence (people)","mantle_cell","Mantle cell lymphoma (MCL)","NHL subtype","Persons",2,2016,"Estimated",454.23720759752,445.903208632617,462.567009147772,"people living after diagnosis","output/prevalence_projections.csv"
"Prevalence (people)","mantle_cell","Mantle cell lymphoma (MCL)","NHL subtype","Persons",2,2017,"Estimated",508.152316237235,501.656856429547,514.086443960361,"people living after diagnosis","output/prevalence_projections.csv"
"Prevalence (people)","mantle_cell","Mantle cell lymphoma (MCL)","NHL subtype","Persons",2,2018,"Estimated",521.890745424764,514.19147301174,528.998320127027,"people living after diagnosis","output/prevalence_projections.csv"
"Prevalence (people)","mantle_cell","Mantle cell lymphoma (MCL)","NHL subtype","Persons",2,2019,"Estimated",520.537919710911,512.725562343494,527.870809735831,"people living after diagnosis","output/prevalence_projections.csv"
"Prevalence (people)","mantle_cell","Mantle cell lymphoma (MCL)","NHL subtype","Persons",2,2020,"Estimated",572.887753773803,563.580001507363,581.714045666079,"people living after diagnosis","output/prevalence_projections.csv"
"Prevalence (people)","mantle_cell","Mantle cell lymphoma (MCL)","NHL subtype","Persons",2,2021,"Estimated",527.792544848763,517.479124927112,537.031289526581,"people living after diagnosis","output/prevalence_projections.csv"
"Prevalence (people)","mantle_cell","Mantle cell lymphoma (MCL)","NHL subtype","Persons",2,2022,"Projected",505.402428600843,480.867246178436,534.273812489808,"people living after diagnosis","output/prevalence_projections.csv"
"Prevalence (people)","mantle_cell","Mantle cell lymphoma (MCL)","NHL subtype","Persons",2,2023,"Projected",555.000509795891,507.17776118452,607.45181356486,"people living after diagnosis","output/prevalence_projections.csv"
"Prevalence (people)","mantle_cell","Mantle cell lymphoma (MCL)","NHL subtype","Persons",2,2024,"Projected",583.746204081534,532.65750807277,637.725746372393,"people living after diagnosis","output/prevalence_projections.csv"
"Prevalence (people)","mantle_cell","Mantle cell lymphoma (MCL)","NHL subtype","Persons",2,2025,"Projected",613.145921973717,558.329583886201,672.211886600339,"people living after diagnosis","output/prevalence_projections.csv"
"Prevalence (people)","mantle_cell","Mantle cell lymphoma (MCL)","NHL subtype","Persons",2,2026,"Projected",644.663918974222,584.449372092722,710.384653948511,"people living after diagnosis","output/prevalence_projections.csv"
"Prevalence (people)","mantle_cell","Mantle cell lymphoma (MCL)","NHL subtype","Persons",2,2027,"Projected",677.288274191177,611.832992979185,751.373947372488,"people living after diagnosis","output/prevalence_projections.csv"
"Prevalence (people)","mantle_cell","Mantle cell lymphoma (MCL)","NHL subtype","Persons",2,2028,"Projected",709.813146359395,639.915190414005,789.67844057946,"people living after diagnosis","output/prevalence_projections.csv"
"Prevalence (people)","mantle_cell","Mantle cell lymphoma (MCL)","NHL subtype","Persons",2,2029,"Projected",741.84210010045,667.582618371943,831.00669105459,"people living after diagnosis","output/prevalence_projections.csv"
"Prevalence (people)","mantle_cell","Mantle cell lymphoma (MCL)","NHL subtype","Persons",2,2030,"Projected",772.506388848679,691.515518016921,871.624464097032,"people living after diagnosis","output/prevalence_projections.csv"
"Prevalence (people)","mantle_cell","Mantle cell lymphoma (MCL)","NHL subtype","Persons",2,2031,"Projected",801.105298929199,711.07367856671,911.861383439422,"people living after diagnosis","output/prevalence_projections.csv"
"Prevalence (people)","mantle_cell","Mantle cell lymphoma (MCL)","NHL subtype","Persons",2,2032,"Projected",826.645915003889,729.872198252338,944.174631190431,"people living after diagnosis","output/prevalence_projections.csv"
"Prevalence (people)","mantle_cell","Mantle cell lymphoma (MCL)","NHL subtype","Persons",2,2033,"Projected",848.03214796669,742.987802563471,973.445405886872,"people living after diagnosis","output/prevalence_projections.csv"
"Prevalence (people)","mantle_cell","Mantle cell lymphoma (MCL)","NHL subtype","Persons",2,2034,"Projected",869.651185065663,756.370589097467,1003.76319780782,"people living after diagnosis","output/prevalence_projections.csv"
"Prevalence (people)","mantle_cell","Mantle cell lymphoma (MCL)","NHL subtype","Persons",2,2035,"Projected",890.238049162608,768.091892386705,1033.78561716671,"people living after diagnosis","output/prevalence_projections.csv"
"Prevalence (people)","mantle_cell","Mantle cell lymphoma (MCL)","NHL subtype","Persons",2,2036,"Projected",911.143454242362,779.826579665582,1067.35359657895,"people living after diagnosis","output/prevalence_projections.csv"
"Prevalence (people)","mantle_cell","Mantle cell lymphoma (MCL)","NHL subtype","Persons",2,2037,"Projected",931.990879111693,791.662949037405,1101.4897033333,"people living after diagnosis","output/prevalence_projections.csv"
"Prevalence (people)","mantle_cell","Mantle cell lymphoma (MCL)","NHL subtype","Persons",2,2038,"Projected",951.814567532051,804.170905842707,1134.41731479928,"people living after diagnosis","output/prevalence_projections.csv"
"Prevalence (people)","mantle_cell","Mantle cell lymphoma (MCL)","NHL subtype","Persons",2,2039,"Projected",969.635940341468,813.384004090318,1166.1500532373,"people living after diagnosis","output/prevalence_projections.csv"
"Prevalence (people)","mantle_cell","Mantle cell lymphoma (MCL)","NHL subtype","Persons",2,2040,"Projected",986.35070198599,820.444685793678,1199.27790274826,"people living after diagnosis","output/prevalence_projections.csv"
"Prevalence (people)","mantle_cell","Mantle cell lymphoma (MCL)","NHL subtype","Persons",2,2041,"Projected",1001.81347796052,826.922307889038,1229.2381835295,"people living after diagnosis","output/prevalence_projections.csv"
"Prevalence (people)","mantle_cell","Mantle cell lymphoma (MCL)","NHL subtype","Persons",2,2042,"Projected",1014.50711402186,829.995468664709,1259.67240445069,"people living after diagnosis","output/prevalence_projections.csv"
"Prevalence (people)","mantle_cell","Mantle cell lymphoma (MCL)","NHL subtype","Persons",2,2043,"Projected",1025.08734222057,831.64341956278,1282.94412463839,"people living after diagnosis","output/prevalence_projections.csv"
"Prevalence (people)","mantle_cell","Mantle cell lymphoma (MCL)","NHL subtype","Persons",2,2044,"Projected",1035.19980378592,832.057616099526,1305.51624322746,"people living after diagnosis","output/prevalence_projections.csv"
"Prevalence (people)","mantle_cell","Mantle cell lymphoma (MCL)","NHL subtype","Persons",2,2045,"Projected",1043.72288594707,832.425925406541,1329.6342061265,"people living after diagnosis","output/prevalence_projections.csv"
"Prevalence (people)","mantle_cell","Mantle cell lymphoma (MCL)","NHL subtype","Persons",3,2012,"Estimated",541.146842335477,532.972721959148,548.837960063159,"people living after diagnosis","output/prevalence_projections.csv"
"Prevalence (people)","mantle_cell","Mantle cell lymphoma (MCL)","NHL subtype","Persons",3,2013,"Estimated",572.640425194722,562.889522785083,581.650436181763,"people living after diagnosis","output/prevalence_projections.csv"
"Prevalence (people)","mantle_cell","Mantle cell lymphoma (MCL)","NHL subtype","Persons",3,2014,"Estimated",607.131599714457,596.515537387878,616.117587620742,"people living after diagnosis","output/prevalence_projections.csv"
"Prevalence (people)","mantle_cell","Mantle cell lymphoma (MCL)","NHL subtype","Persons",3,2015,"Estimated",640.051778027341,629.289889609982,649.17922751013,"people living after diagnosis","output/prevalence_projections.csv"
"Prevalence (people)","mantle_cell","Mantle cell lymphoma (MCL)","NHL subtype","Persons",3,2016,"Estimated",649.275087772109,637.955184067936,658.612915602991,"people living after diagnosis","output/prevalence_projections.csv"
"Prevalence (people)","mantle_cell","Mantle cell lymphoma (MCL)","NHL subtype","Persons",3,2017,"Estimated",702.409282416676,693.792980842647,710.652889169845,"people living after diagnosis","output/prevalence_projections.csv"
"Prevalence (people)","mantle_cell","Mantle cell lymphoma (MCL)","NHL subtype","Persons",3,2018,"Estimated",716.272139179911,706.685206853057,726.159696747804,"people living after diagnosis","output/prevalence_projections.csv"
"Prevalence (people)","mantle_cell","Mantle cell lymphoma (MCL)","NHL subtype","Persons",3,2019,"Estimated",761.379588236056,752.19427082306,770.980390341418,"people living after diagnosis","output/prevalence_projections.csv"
"Prevalence (people)","mantle_cell","Mantle cell lymphoma (MCL)","NHL subtype","Persons",3,2020,"Estimated",783.113626212773,772.833548757033,793.875864603364,"people living after diagnosis","output/prevalence_projections.csv"
"Prevalence (people)","mantle_cell","Mantle cell lymphoma (MCL)","NHL subtype","Persons",3,2021,"Estimated",767.61750393811,755.812081257907,779.869308537801,"people living after diagnosis","output/prevalence_projections.csv"
"Prevalence (people)","mantle_cell","Mantle cell lymphoma (MCL)","NHL subtype","Persons",3,2022,"Projected",764.726663934235,738.390485622565,794.463650486441,"people living after diagnosis","output/prevalence_projections.csv"
"Prevalence (people)","mantle_cell","Mantle cell lymphoma (MCL)","NHL subtype","Persons",3,2023,"Projected",760.78043237998,713.687569230933,815.799552388629,"people living after diagnosis","output/prevalence_projections.csv"
"Prevalence (people)","mantle_cell","Mantle cell lymphoma (MCL)","NHL subtype","Persons",3,2024,"Projected",821.472284230981,751.678994222338,900.659554036666,"people living after diagnosis","output/prevalence_projections.csv"
"Prevalence (people)","mantle_cell","Mantle cell lymphoma (MCL)","NHL subtype","Persons",3,2025,"Projected",864.745316240804,788.861596577381,947.988746780355,"people living after diagnosis","output/prevalence_projections.csv"
"Prevalence (people)","mantle_cell","Mantle cell lymphoma (MCL)","NHL subtype","Persons",3,2026,"Projected",910.312691798314,828.828764025723,999.3039892511,"people living after diagnosis","output/prevalence_projections.csv"
"Prevalence (people)","mantle_cell","Mantle cell lymphoma (MCL)","NHL subtype","Persons",3,2027,"Projected",958.115462250501,869.469801151658,1059.3993158123,"people living after diagnosis","output/prevalence_projections.csv"
"Prevalence (people)","mantle_cell","Mantle cell lymphoma (MCL)","NHL subtype","Persons",3,2028,"Projected",1007.25871910734,909.428732263133,1116.01022590755,"people living after diagnosis","output/prevalence_projections.csv"
"Prevalence (people)","mantle_cell","Mantle cell lymphoma (MCL)","NHL subtype","Persons",3,2029,"Projected",1056.13247306711,948.22433454374,1175.46279556438,"people living after diagnosis","output/prevalence_projections.csv"
"Prevalence (people)","mantle_cell","Mantle cell lymphoma (MCL)","NHL subtype","Persons",3,2030,"Projected",1103.04973257041,985.894944800991,1235.83377579248,"people living after diagnosis","output/prevalence_projections.csv"
"Prevalence (people)","mantle_cell","Mantle cell lymphoma (MCL)","NHL subtype","Persons",3,2031,"Projected",1147.93093796758,1020.22201627833,1294.32533457203,"people living after diagnosis","output/prevalence_projections.csv"
"Prevalence (people)","mantle_cell","Mantle cell lymphoma (MCL)","NHL subtype","Persons",3,2032,"Projected",1188.61687763873,1050.5640622948,1347.8696195384,"people living after diagnosis","output/prevalence_projections.csv"
"Prevalence (people)","mantle_cell","Mantle cell lymphoma (MCL)","NHL subtype","Persons",3,2033,"Projected",1225.53494027087,1076.11108025759,1396.83492423816,"people living after diagnosis","output/prevalence_projections.csv"
"Prevalence (people)","mantle_cell","Mantle cell lymphoma (MCL)","NHL subtype","Persons",3,2034,"Projected",1255.27593178642,1097.33073158067,1438.45946010596,"people living after diagnosis","output/prevalence_projections.csv"
"Prevalence (people)","mantle_cell","Mantle cell lymphoma (MCL)","NHL subtype","Persons",3,2035,"Projected",1285.13326732138,1117.75312727145,1484.40879003743,"people living after diagnosis","output/prevalence_projections.csv"
"Prevalence (people)","mantle_cell","Mantle cell lymphoma (MCL)","NHL subtype","Persons",3,2036,"Projected",1315.21706318273,1134.14695619267,1533.04191914587,"people living after diagnosis","output/prevalence_projections.csv"
"Prevalence (people)","mantle_cell","Mantle cell lymphoma (MCL)","NHL subtype","Persons",3,2037,"Projected",1343.8042673242,1150.39669285797,1578.22880554979,"people living after diagnosis","output/prevalence_projections.csv"
"Prevalence (people)","mantle_cell","Mantle cell lymphoma (MCL)","NHL subtype","Persons",3,2038,"Projected",1372.90602760572,1166.3716779444,1629.42487960434,"people living after diagnosis","output/prevalence_projections.csv"
"Prevalence (people)","mantle_cell","Mantle cell lymphoma (MCL)","NHL subtype","Persons",3,2039,"Projected",1399.58887857595,1180.15687016856,1674.33190570413,"people living after diagnosis","output/prevalence_projections.csv"
"Prevalence (people)","mantle_cell","Mantle cell lymphoma (MCL)","NHL subtype","Persons",3,2040,"Projected",1423.73553799189,1193.1013413831,1723.25785680908,"people living after diagnosis","output/prevalence_projections.csv"
"Prevalence (people)","mantle_cell","Mantle cell lymphoma (MCL)","NHL subtype","Persons",3,2041,"Projected",1445.63301085602,1201.91536138639,1765.747818864,"people living after diagnosis","output/prevalence_projections.csv"
"Prevalence (people)","mantle_cell","Mantle cell lymphoma (MCL)","NHL subtype","Persons",3,2042,"Projected",1466.16659673339,1208.69982187144,1802.81965901292,"people living after diagnosis","output/prevalence_projections.csv"
"Prevalence (people)","mantle_cell","Mantle cell lymphoma (MCL)","NHL subtype","Persons",3,2043,"Projected",1482.98812961202,1213.02618481641,1838.06534239318,"people living after diagnosis","output/prevalence_projections.csv"
"Prevalence (people)","mantle_cell","Mantle cell lymphoma (MCL)","NHL subtype","Persons",3,2044,"Projected",1498.2968677647,1214.95781204539,1882.1591705864,"people living after diagnosis","output/prevalence_projections.csv"
"Prevalence (people)","mantle_cell","Mantle cell lymphoma (MCL)","NHL subtype","Persons",3,2045,"Projected",1510.30577481804,1211.90407320584,1924.66591880289,"people living after diagnosis","output/prevalence_projections.csv"
"Prevalence (people)","mantle_cell","Mantle cell lymphoma (MCL)","NHL subtype","Persons",5,2012,"Estimated",778.96156802108,766.403934297421,790.821621510331,"people living after diagnosis","output/prevalence_projections.csv"
"Prevalence (people)","mantle_cell","Mantle cell lymphoma (MCL)","NHL subtype","Persons",5,2013,"Estimated",820.241389993735,807.15161275932,832.340071053317,"people living after diagnosis","output/prevalence_projections.csv"
"Prevalence (people)","mantle_cell","Mantle cell lymphoma (MCL)","NHL subtype","Persons",5,2014,"Estimated",877.940686251375,865.000369393517,889.858369108965,"people living after diagnosis","output/prevalence_projections.csv"
"Prevalence (people)","mantle_cell","Mantle cell lymphoma (MCL)","NHL subtype","Persons",5,2015,"Estimated",913.202150104739,900.46027097467,926.108662214859,"people living after diagnosis","output/prevalence_projections.csv"
"Prevalence (people)","mantle_cell","Mantle cell lymphoma (MCL)","NHL subtype","Persons",5,2016,"Estimated",935.211616710271,920.972699093376,948.208893844677,"people living after diagnosis","output/prevalence_projections.csv"
"Prevalence (people)","mantle_cell","Mantle cell lymphoma (MCL)","NHL subtype","Persons",5,2017,"Estimated",1018.21060868769,1004.67464805698,1030.38671107477,"people living after diagnosis","output/prevalence_projections.csv"
"Prevalence (people)","mantle_cell","Mantle cell lymphoma (MCL)","NHL subtype","Persons",5,2018,"Estimated",1047.08189434733,1032.52864631455,1060.82165259408,"people living after diagnosis","output/prevalence_projections.csv"
"Prevalence (people)","mantle_cell","Mantle cell lymphoma (MCL)","NHL subtype","Persons",5,2019,"Estimated",1093.82533158794,1078.91297082129,1108.19280774491,"people living after diagnosis","output/prevalence_projections.csv"
"Prevalence (people)","mantle_cell","Mantle cell lymphoma (MCL)","NHL subtype","Persons",5,2020,"Estimated",1161.65712667855,1146.95341818317,1176.04670938385,"people living after diagnosis","output/prevalence_projections.csv"
"Prevalence (people)","mantle_cell","Mantle cell lymphoma (MCL)","NHL subtype","Persons",5,2021,"Estimated",1161.35473940443,1145.87171077512,1174.65738984315,"people living after diagnosis","output/prevalence_projections.csv"
"Prevalence (people)","mantle_cell","Mantle cell lymphoma (MCL)","NHL subtype","Persons",5,2022,"Projected",1161.46932627445,1134.37551692616,1192.77629317554,"people living after diagnosis","output/prevalence_projections.csv"
"Prevalence (people)","mantle_cell","Mantle cell lymphoma (MCL)","NHL subtype","Persons",5,2023,"Projected",1204.90512593612,1156.61016091234,1260.93536115186,"people living after diagnosis","output/prevalence_projections.csv"
"Prevalence (people)","mantle_cell","Mantle cell lymphoma (MCL)","NHL subtype","Persons",5,2024,"Projected",1236.86570766781,1165.24368755474,1317.00049665326,"people living after diagnosis","output/prevalence_projections.csv"
"Prevalence (people)","mantle_cell","Mantle cell lymphoma (MCL)","NHL subtype","Persons",5,2025,"Projected",1266.61119144499,1170.24771194013,1374.43627302812,"people living after diagnosis","output/prevalence_projections.csv"
"Prevalence (people)","mantle_cell","Mantle cell lymphoma (MCL)","NHL subtype","Persons",5,2026,"Projected",1354.00654273167,1233.82089849346,1488.15593366775,"people living after diagnosis","output/prevalence_projections.csv"
"Prevalence (people)","mantle_cell","Mantle cell lymphoma (MCL)","NHL subtype","Persons",5,2027,"Projected",1430.05412393363,1300.8567788508,1573.74778228101,"people living after diagnosis","output/prevalence_projections.csv"
"Prevalence (people)","mantle_cell","Mantle cell lymphoma (MCL)","NHL subtype","Persons",5,2028,"Projected",1507.96797084816,1367.40761726786,1666.93210693887,"people living after diagnosis","output/prevalence_projections.csv"
"Prevalence (people)","mantle_cell","Mantle cell lymphoma (MCL)","NHL subtype","Persons",5,2029,"Projected",1588.33872243075,1432.5142967291,1757.09565314428,"people living after diagnosis","output/prevalence_projections.csv"
"Prevalence (people)","mantle_cell","Mantle cell lymphoma (MCL)","NHL subtype","Persons",5,2030,"Projected",1669.4367509105,1497.15447221627,1853.63649090369,"people living after diagnosis","output/prevalence_projections.csv"
"Prevalence (people)","mantle_cell","Mantle cell lymphoma (MCL)","NHL subtype","Persons",5,2031,"Projected",1750.34313797777,1560.70241536671,1955.83994567906,"people living after diagnosis","output/prevalence_projections.csv"
"Prevalence (people)","mantle_cell","Mantle cell lymphoma (MCL)","NHL subtype","Persons",5,2032,"Projected",1823.6826093845,1619.00630341556,2051.48326324853,"people living after diagnosis","output/prevalence_projections.csv"
"Prevalence (people)","mantle_cell","Mantle cell lymphoma (MCL)","NHL subtype","Persons",5,2033,"Projected",1892.45724526072,1671.26362228067,2144.07649698915,"people living after diagnosis","output/prevalence_projections.csv"
"Prevalence (people)","mantle_cell","Mantle cell lymphoma (MCL)","NHL subtype","Persons",5,2034,"Projected",1954.04745834254,1716.99533266656,2231.31989243586,"people living after diagnosis","output/prevalence_projections.csv"
"Prevalence (people)","mantle_cell","Mantle cell lymphoma (MCL)","NHL subtype","Persons",5,2035,"Projected",2008.8731107446,1758.17965210307,2311.52250865344,"people living after diagnosis","output/prevalence_projections.csv"
"Prevalence (people)","mantle_cell","Mantle cell lymphoma (MCL)","NHL subtype","Persons",5,2036,"Projected",2057.16619593913,1789.10060897524,2384.03711991917,"people living after diagnosis","output/prevalence_projections.csv"
"Prevalence (people)","mantle_cell","Mantle cell lymphoma (MCL)","NHL subtype","Persons",5,2037,"Projected",2102.98160949214,1817.4379285592,2457.60367385066,"people living after diagnosis","output/prevalence_projections.csv"
"Prevalence (people)","mantle_cell","Mantle cell lymphoma (MCL)","NHL subtype","Persons",5,2038,"Projected",2148.15934612376,1846.43182346239,2524.12626119881,"people living after diagnosis","output/prevalence_projections.csv"
"Prevalence (people)","mantle_cell","Mantle cell lymphoma (MCL)","NHL subtype","Persons",5,2039,"Projected",2192.23024382018,1870.1641957018,2603.607307309,"people living after diagnosis","output/prevalence_projections.csv"
"Prevalence (people)","mantle_cell","Mantle cell lymphoma (MCL)","NHL subtype","Persons",5,2040,"Projected",2233.53272582252,1887.35898544266,2680.1598915487,"people living after diagnosis","output/prevalence_projections.csv"
"Prevalence (people)","mantle_cell","Mantle cell lymphoma (MCL)","NHL subtype","Persons",5,2041,"Projected",2270.6083955625,1907.94223981287,2749.12718758465,"people living after diagnosis","output/prevalence_projections.csv"
"Prevalence (people)","mantle_cell","Mantle cell lymphoma (MCL)","NHL subtype","Persons",5,2042,"Projected",2302.3133877163,1920.85289676947,2811.86805543294,"people living after diagnosis","output/prevalence_projections.csv"
"Prevalence (people)","mantle_cell","Mantle cell lymphoma (MCL)","NHL subtype","Persons",5,2043,"Projected",2332.37769660358,1929.49088492473,2876.5353849843,"people living after diagnosis","output/prevalence_projections.csv"
"Prevalence (people)","mantle_cell","Mantle cell lymphoma (MCL)","NHL subtype","Persons",5,2044,"Projected",2356.39870721265,1934.57925345887,2944.89643657322,"people living after diagnosis","output/prevalence_projections.csv"
"Prevalence (people)","mantle_cell","Mantle cell lymphoma (MCL)","NHL subtype","Persons",5,2045,"Projected",2378.79525405884,1936.67989700163,3000.81199558439,"people living after diagnosis","output/prevalence_projections.csv"
"Prevalence (people)","mantle_cell","Mantle cell lymphoma (MCL)","NHL subtype","Persons",10,2012,"Estimated",1075.40873816159,1020.53320989092,1132.51955731767,"people living after diagnosis","output/prevalence_projections.csv"
"Prevalence (people)","mantle_cell","Mantle cell lymphoma (MCL)","NHL subtype","Persons",10,2013,"Estimated",1155.11049675241,1100.8527339056,1212.71685523745,"people living after diagnosis","output/prevalence_projections.csv"
"Prevalence (people)","mantle_cell","Mantle cell lymphoma (MCL)","NHL subtype","Persons",10,2014,"Estimated",1233.14584249434,1180.62614381077,1289.91669947883,"people living after diagnosis","output/prevalence_projections.csv"
"Prevalence (people)","mantle_cell","Mantle cell lymphoma (MCL)","NHL subtype","Persons",10,2015,"Estimated",1303.8620479701,1249.49290757121,1361.59880359837,"people living after diagnosis","output/prevalence_projections.csv"
"Prevalence (people)","mantle_cell","Mantle cell lymphoma (MCL)","NHL subtype","Persons",10,2016,"Estimated",1359.29901221049,1303.02870511647,1414.82061604736,"people living after diagnosis","output/prevalence_projections.csv"
"Prevalence (people)","mantle_cell","Mantle cell lymphoma (MCL)","NHL subtype","Persons",10,2017,"Estimated",1457.33074930528,1406.48451715519,1506.70567793295,"people living after diagnosis","output/prevalence_projections.csv"
"Prevalence (people)","mantle_cell","Mantle cell lymphoma (MCL)","NHL subtype","Persons",10,2018,"Estimated",1504.37574460238,1462.41690510847,1545.66737406431,"people living after diagnosis","output/prevalence_projections.csv"
"Prevalence (people)","mantle_cell","Mantle cell lymphoma (MCL)","NHL subtype","Persons",10,2019,"Estimated",1585.53375832541,1545.69112609287,1623.92233124031,"people living after diagnosis","output/prevalence_projections.csv"
"Prevalence (people)","mantle_cell","Mantle cell lymphoma (MCL)","NHL subtype","Persons",10,2020,"Estimated",1674.78897284998,1631.66569210634,1717.6708924096,"people living after diagnosis","output/prevalence_projections.csv"
"Prevalence (people)","mantle_cell","Mantle cell lymphoma (MCL)","NHL subtype","Persons",10,2021,"Estimated",1690.3146523591,1635.43439629213,1743.62940799664,"people living after diagnosis","output/prevalence_projections.csv"
"Prevalence (people)","mantle_cell","Mantle cell lymphoma (MCL)","NHL subtype","Persons",10,2022,"Projected",1761.8469270058,1703.21403044894,1817.71046131048,"people living after diagnosis","output/prevalence_projections.csv"
"Prevalence (people)","mantle_cell","Mantle cell lymphoma (MCL)","NHL subtype","Persons",10,2023,"Projected",1845.27249393128,1777.17429283709,1916.67856658046,"people living after diagnosis","output/prevalence_projections.csv"
"Prevalence (people)","mantle_cell","Mantle cell lymphoma (MCL)","NHL subtype","Persons",10,2024,"Projected",1929.34301720493,1846.31674829479,2014.44550679905,"people living after diagnosis","output/prevalence_projections.csv"
"Prevalence (people)","mantle_cell","Mantle cell lymphoma (MCL)","NHL subtype","Persons",10,2025,"Projected",2029.0403177007,1925.10630894309,2138.81524040357,"people living after diagnosis","output/prevalence_projections.csv"
"Prevalence (people)","mantle_cell","Mantle cell lymphoma (MCL)","NHL subtype","Persons",10,2026,"Projected",2140.05379140771,2008.78682458043,2279.92748189833,"people living after diagnosis","output/prevalence_projections.csv"
"Prevalence (people)","mantle_cell","Mantle cell lymphoma (MCL)","NHL subtype","Persons",10,2027,"Projected",2228.81948306595,2071.97089372508,2397.48784393097,"people living after diagnosis","output/prevalence_projections.csv"
"Prevalence (people)","mantle_cell","Mantle cell lymphoma (MCL)","NHL subtype","Persons",10,2028,"Projected",2349.07500981704,2163.21922199124,2545.61595015602,"people living after diagnosis","output/prevalence_projections.csv"
"Prevalence (people)","mantle_cell","Mantle cell lymphoma (MCL)","NHL subtype","Persons",10,2029,"Projected",2463.00353055983,2241.43137046691,2695.08128717504,"people living after diagnosis","output/prevalence_projections.csv"
"Prevalence (people)","mantle_cell","Mantle cell lymphoma (MCL)","NHL subtype","Persons",10,2030,"Projected",2575.74702583783,2324.51151441539,2847.63459726169,"people living after diagnosis","output/prevalence_projections.csv"
"Prevalence (people)","mantle_cell","Mantle cell lymphoma (MCL)","NHL subtype","Persons",10,2031,"Projected",2728.73264064015,2441.86172661108,3046.79082697951,"people living after diagnosis","output/prevalence_projections.csv"
"Prevalence (people)","mantle_cell","Mantle cell lymphoma (MCL)","NHL subtype","Persons",10,2032,"Projected",2872.71761667287,2557.02346493879,3222.44650134284,"people living after diagnosis","output/prevalence_projections.csv"
"Prevalence (people)","mantle_cell","Mantle cell lymphoma (MCL)","NHL subtype","Persons",10,2033,"Projected",3013.16629320543,2667.99896932789,3407.86337874491,"people living after diagnosis","output/prevalence_projections.csv"
"Prevalence (people)","mantle_cell","Mantle cell lymphoma (MCL)","NHL subtype","Persons",10,2034,"Projected",3148.7012435109,2774.21337529845,3580.79741163527,"people living after diagnosis","output/prevalence_projections.csv"
"Prevalence (people)","mantle_cell","Mantle cell lymphoma (MCL)","NHL subtype","Persons",10,2035,"Projected",3275.23561045082,2866.20663101486,3753.41090118313,"people living after diagnosis","output/prevalence_projections.csv"
"Prevalence (people)","mantle_cell","Mantle cell lymphoma (MCL)","NHL subtype","Persons",10,2036,"Projected",3397.87378118274,2949.72105070126,3921.81738888958,"people living after diagnosis","output/prevalence_projections.csv"
"Prevalence (people)","mantle_cell","Mantle cell lymphoma (MCL)","NHL subtype","Persons",10,2037,"Projected",3511.29912940513,3015.01182371674,4083.26081559738,"people living after diagnosis","output/prevalence_projections.csv"
"Prevalence (people)","mantle_cell","Mantle cell lymphoma (MCL)","NHL subtype","Persons",10,2038,"Projected",3617.99941155771,3079.73919099968,4239.10120788755,"people living after diagnosis","output/prevalence_projections.csv"
"Prevalence (people)","mantle_cell","Mantle cell lymphoma (MCL)","NHL subtype","Persons",10,2039,"Projected",3710.573971931,3138.4309492939,4401.46354187564,"people living after diagnosis","output/prevalence_projections.csv"
"Prevalence (people)","mantle_cell","Mantle cell lymphoma (MCL)","NHL subtype","Persons",10,2040,"Projected",3789.47947866335,3182.45478412674,4545.73974603132,"people living after diagnosis","output/prevalence_projections.csv"
"Prevalence (people)","mantle_cell","Mantle cell lymphoma (MCL)","NHL subtype","Persons",10,2041,"Projected",3858.52110412246,3221.94553852601,4674.12038166307,"people living after diagnosis","output/prevalence_projections.csv"
"Prevalence (people)","mantle_cell","Mantle cell lymphoma (MCL)","NHL subtype","Persons",10,2042,"Projected",3927.96274255336,3242.40458238796,4786.11712970389,"people living after diagnosis","output/prevalence_projections.csv"
"Prevalence (people)","mantle_cell","Mantle cell lymphoma (MCL)","NHL subtype","Persons",10,2043,"Projected",3989.60792996559,3264.36135079086,4900.1011990692,"people living after diagnosis","output/prevalence_projections.csv"
"Prevalence (people)","mantle_cell","Mantle cell lymphoma (MCL)","NHL subtype","Persons",10,2044,"Projected",4044.26927113225,3278.96086038018,5009.8547935326,"people living after diagnosis","output/prevalence_projections.csv"
"Prevalence (people)","mantle_cell","Mantle cell lymphoma (MCL)","NHL subtype","Persons",10,2045,"Projected",4094.06638353223,3293.03048093152,5116.09357545504,"people living after diagnosis","output/prevalence_projections.csv"
"Prevalence (people)","mantle_cell","Mantle cell lymphoma (MCL)","NHL subtype","Persons",40,2012,"Estimated",1361.14328685588,1119.69525559108,1703.56888025238,"people living after diagnosis","output/prevalence_projections.csv"
"Prevalence (people)","mantle_cell","Mantle cell lymphoma (MCL)","NHL subtype","Persons",40,2013,"Estimated",1460.35266839057,1208.02497633836,1820.21467713269,"people living after diagnosis","output/prevalence_projections.csv"
"Prevalence (people)","mantle_cell","Mantle cell lymphoma (MCL)","NHL subtype","Persons",40,2014,"Estimated",1563.81220197392,1302.94946128139,1945.42505624939,"people living after diagnosis","output/prevalence_projections.csv"
"Prevalence (people)","mantle_cell","Mantle cell lymphoma (MCL)","NHL subtype","Persons",40,2015,"Estimated",1659.12088394715,1384.09037997485,2062.83867047622,"people living after diagnosis","output/prevalence_projections.csv"
"Prevalence (people)","mantle_cell","Mantle cell lymphoma (MCL)","NHL subtype","Persons",40,2016,"Estimated",1743.62115924681,1458.55740256816,2155.51554693527,"people living after diagnosis","output/prevalence_projections.csv"
"Prevalence (people)","mantle_cell","Mantle cell lymphoma (MCL)","NHL subtype","Persons",40,2017,"Estimated",1871.81954744022,1580.09328770876,2299.99592434347,"people living after diagnosis","output/prevalence_projections.csv"
"Prevalence (people)","mantle_cell","Mantle cell lymphoma (MCL)","NHL subtype","Persons",40,2018,"Estimated",1957.16860423503,1664.11925879063,2393.85780570773,"people living after diagnosis","output/prevalence_projections.csv"
"Prevalence (people)","mantle_cell","Mantle cell lymphoma (MCL)","NHL subtype","Persons",40,2019,"Estimated",2069.68331906019,1770.64871805868,2519.08877127928,"people living after diagnosis","output/prevalence_projections.csv"
"Prevalence (people)","mantle_cell","Mantle cell lymphoma (MCL)","NHL subtype","Persons",40,2020,"Estimated",2199.27513158057,1903.15116843612,2652.65799539016,"people living after diagnosis","output/prevalence_projections.csv"
"Prevalence (people)","mantle_cell","Mantle cell lymphoma (MCL)","NHL subtype","Persons",40,2021,"Estimated",2260.41786725472,1958.39093228235,2726.92943458346,"people living after diagnosis","output/prevalence_projections.csv"
"Prevalence (people)","mantle_cell","Mantle cell lymphoma (MCL)","NHL subtype","Persons",40,2022,"Projected",2358.16555108014,2059.67793130889,2812.93417214315,"people living after diagnosis","output/prevalence_projections.csv"
"Prevalence (people)","mantle_cell","Mantle cell lymphoma (MCL)","NHL subtype","Persons",40,2023,"Projected",2469.98982832753,2169.03255809257,2911.33764844802,"people living after diagnosis","output/prevalence_projections.csv"
"Prevalence (people)","mantle_cell","Mantle cell lymphoma (MCL)","NHL subtype","Persons",40,2024,"Projected",2598.95093898308,2297.08810057162,3050.35156618395,"people living after diagnosis","output/prevalence_projections.csv"
"Prevalence (people)","mantle_cell","Mantle cell lymphoma (MCL)","NHL subtype","Persons",40,2025,"Projected",2739.53807691617,2428.50457844929,3190.09819800332,"people living after diagnosis","output/prevalence_projections.csv"
"Prevalence (people)","mantle_cell","Mantle cell lymphoma (MCL)","NHL subtype","Persons",40,2026,"Projected",2890.52361368864,2577.79859358998,3329.14430139225,"people living after diagnosis","output/prevalence_projections.csv"
"Prevalence (people)","mantle_cell","Mantle cell lymphoma (MCL)","NHL subtype","Persons",40,2027,"Projected",3054.86554301042,2735.40399711343,3493.24336516006,"people living after diagnosis","output/prevalence_projections.csv"
"Prevalence (people)","mantle_cell","Mantle cell lymphoma (MCL)","NHL subtype","Persons",40,2028,"Projected",3232.0440764554,2907.25016956125,3683.52865359161,"people living after diagnosis","output/prevalence_projections.csv"
"Prevalence (people)","mantle_cell","Mantle cell lymphoma (MCL)","NHL subtype","Persons",40,2029,"Projected",3424.22589228814,3079.52796624769,3849.99671214878,"people living after diagnosis","output/prevalence_projections.csv"
"Prevalence (people)","mantle_cell","Mantle cell lymphoma (MCL)","NHL subtype","Persons",40,2030,"Projected",3625.88817665314,3266.1618060119,4046.11031720829,"people living after diagnosis","output/prevalence_projections.csv"
"Prevalence (people)","mantle_cell","Mantle cell lymphoma (MCL)","NHL subtype","Persons",40,2031,"Projected",3843.70996426893,3455.89383938556,4283.19484694885,"people living after diagnosis","output/prevalence_projections.csv"
"Prevalence (people)","mantle_cell","Mantle cell lymphoma (MCL)","NHL subtype","Persons",40,2032,"Projected",4063.35858891344,3650.36168747476,4573.24894854456,"people living after diagnosis","output/prevalence_projections.csv"
"Prevalence (people)","mantle_cell","Mantle cell lymphoma (MCL)","NHL subtype","Persons",40,2033,"Projected",4292.40871792908,3838.57564064674,4828.04187920874,"people living after diagnosis","output/prevalence_projections.csv"
"Prevalence (people)","mantle_cell","Mantle cell lymphoma (MCL)","NHL subtype","Persons",40,2034,"Projected",4512.62867878938,4023.46971187099,5111.68878993936,"people living after diagnosis","output/prevalence_projections.csv"
"Prevalence (people)","mantle_cell","Mantle cell lymphoma (MCL)","NHL subtype","Persons",40,2035,"Projected",4743.15038354481,4205.51170679882,5382.90325589898,"people living after diagnosis","output/prevalence_projections.csv"
"Prevalence (people)","mantle_cell","Mantle cell lymphoma (MCL)","NHL subtype","Persons",40,2036,"Projected",4970.60404597898,4363.03660988468,5682.84306756156,"people living after diagnosis","output/prevalence_projections.csv"
"Prevalence (people)","mantle_cell","Mantle cell lymphoma (MCL)","NHL subtype","Persons",40,2037,"Projected",5200.53402384851,4514.93094361305,6001.9502527197,"people living after diagnosis","output/prevalence_projections.csv"
"Prevalence (people)","mantle_cell","Mantle cell lymphoma (MCL)","NHL subtype","Persons",40,2038,"Projected",5443.78356344052,4659.98777589569,6355.08257900726,"people living after diagnosis","output/prevalence_projections.csv"
"Prevalence (people)","mantle_cell","Mantle cell lymphoma (MCL)","NHL subtype","Persons",40,2039,"Projected",5681.35651105202,4798.82102413447,6718.89423653632,"people living after diagnosis","output/prevalence_projections.csv"
"Prevalence (people)","mantle_cell","Mantle cell lymphoma (MCL)","NHL subtype","Persons",40,2040,"Projected",5928.43228341514,4931.17414328911,7089.27228975025,"people living after diagnosis","output/prevalence_projections.csv"
"Prevalence (people)","mantle_cell","Mantle cell lymphoma (MCL)","NHL subtype","Persons",40,2041,"Projected",6169.23142231761,5020.87633888632,7450.32397720958,"people living after diagnosis","output/prevalence_projections.csv"
"Prevalence (people)","mantle_cell","Mantle cell lymphoma (MCL)","NHL subtype","Persons",40,2042,"Projected",6400.05932912737,5125.40835407638,7825.06313131007,"people living after diagnosis","output/prevalence_projections.csv"
"Prevalence (people)","mantle_cell","Mantle cell lymphoma (MCL)","NHL subtype","Persons",40,2043,"Projected",6625.51950572864,5214.75289473428,8214.67465345808,"people living after diagnosis","output/prevalence_projections.csv"
"Prevalence (people)","mantle_cell","Mantle cell lymphoma (MCL)","NHL subtype","Persons",40,2044,"Projected",6861.2219104932,5309.3957894633,8626.37519384039,"people living after diagnosis","output/prevalence_projections.csv"
"Prevalence (people)","mantle_cell","Mantle cell lymphoma (MCL)","NHL subtype","Persons",40,2045,"Projected",7079.10862095303,5397.90567551114,9031.27156809769,"people living after diagnosis","output/prevalence_projections.csv"
"Prevalence (people)","mantle_cell","Mantle cell lymphoma (MCL)","NHL subtype","Females",2,2012,"Estimated",116.201332472063,112.430689923756,119.55369176298,"people living after diagnosis","output/prevalence_projections.csv"
"Prevalence (people)","mantle_cell","Mantle cell lymphoma (MCL)","NHL subtype","Females",2,2013,"Estimated",122.312334567089,117.540263096004,126.596760197713,"people living after diagnosis","output/prevalence_projections.csv"
"Prevalence (people)","mantle_cell","Mantle cell lymphoma (MCL)","NHL subtype","Females",2,2014,"Estimated",134.3580883659,129.585057195362,138.345632858395,"people living after diagnosis","output/prevalence_projections.csv"
"Prevalence (people)","mantle_cell","Mantle cell lymphoma (MCL)","NHL subtype","Females",2,2015,"Estimated",147.97531642753,142.748018997136,152.071916687788,"people living after diagnosis","output/prevalence_projections.csv"
"Prevalence (people)","mantle_cell","Mantle cell lymphoma (MCL)","NHL subtype","Females",2,2016,"Estimated",137.222513606006,132.148964628253,141.408947720613,"people living after diagnosis","output/prevalence_projections.csv"
"Prevalence (people)","mantle_cell","Mantle cell lymphoma (MCL)","NHL subtype","Females",2,2017,"Estimated",136.258537367161,132.89052000596,139.159010575131,"people living after diagnosis","output/prevalence_projections.csv"
"Prevalence (people)","mantle_cell","Mantle cell lymphoma (MCL)","NHL subtype","Females",2,2018,"Estimated",139.00260797686,134.548480159279,142.607343426315,"people living after diagnosis","output/prevalence_projections.csv"
"Prevalence (people)","mantle_cell","Mantle cell lymphoma (MCL)","NHL subtype","Females",2,2019,"Estimated",125.59472115644,121.510284519492,129.052249091178,"people living after diagnosis","output/prevalence_projections.csv"
"Prevalence (people)","mantle_cell","Mantle cell lymphoma (MCL)","NHL subtype","Females",2,2020,"Estimated",136.350571914428,131.545954010147,140.238944785023,"people living after diagnosis","output/prevalence_projections.csv"
"Prevalence (people)","mantle_cell","Mantle cell lymphoma (MCL)","NHL subtype","Females",2,2021,"Estimated",141.089691954287,134.850804445685,146.478909110245,"people living after diagnosis","output/prevalence_projections.csv"
"Prevalence (people)","mantle_cell","Mantle cell lymphoma (MCL)","NHL subtype","Females",2,2022,"Projected",138.823506919706,124.892584370366,155.813270251375,"people living after diagnosis","output/prevalence_projections.csv"
"Prevalence (people)","mantle_cell","Mantle cell lymphoma (MCL)","NHL subtype","Females",2,2023,"Projected",150.880384784021,125.276287648131,182.427659017103,"people living after diagnosis","output/prevalence_projections.csv"
"Prevalence (people)","mantle_cell","Mantle cell lymphoma (MCL)","NHL subtype","Females",2,2024,"Projected",161.062537622727,133.1020840291,195.171283203622,"people living after diagnosis","output/prevalence_projections.csv"
"Prevalence (people)","mantle_cell","Mantle cell lymphoma (MCL)","NHL subtype","Females",2,2025,"Projected",171.478189560056,142.15505825192,208.943530126161,"people living after diagnosis","output/prevalence_projections.csv"
"Prevalence (people)","mantle_cell","Mantle cell lymphoma (MCL)","NHL subtype","Females",2,2026,"Projected",182.357467314113,149.981185306652,223.130043704791,"people living after diagnosis","output/prevalence_projections.csv"
"Prevalence (people)","mantle_cell","Mantle cell lymphoma (MCL)","NHL subtype","Females",2,2027,"Projected",193.84254657069,158.229983427569,237.968189818968,"people living after diagnosis","output/prevalence_projections.csv"
"Prevalence (people)","mantle_cell","Mantle cell lymphoma (MCL)","NHL subtype","Females",2,2028,"Projected",204.986087228448,166.191282636705,253.682670842755,"people living after diagnosis","output/prevalence_projections.csv"
"Prevalence (people)","mantle_cell","Mantle cell lymphoma (MCL)","NHL subtype","Females",2,2029,"Projected",216.270609036201,173.586499041458,269.369588636175,"people living after diagnosis","output/prevalence_projections.csv"
"Prevalence (people)","mantle_cell","Mantle cell lymphoma (MCL)","NHL subtype","Females",2,2030,"Projected",227.056241190612,179.592218098429,285.850234649882,"people living after diagnosis","output/prevalence_projections.csv"
"Prevalence (people)","mantle_cell","Mantle cell lymphoma (MCL)","NHL subtype","Females",2,2031,"Projected",237.525662642584,185.183569152589,303.674263742595,"people living after diagnosis","output/prevalence_projections.csv"
"Prevalence (people)","mantle_cell","Mantle cell lymphoma (MCL)","NHL subtype","Females",2,2032,"Projected",247.028658323573,189.831968929652,320.194180628854,"people living after diagnosis","output/prevalence_projections.csv"
"Prevalence (people)","mantle_cell","Mantle cell lymphoma (MCL)","NHL subtype","Females",2,2033,"Projected",255.52367930219,194.303564802787,336.102402009652,"people living after diagnosis","output/prevalence_projections.csv"
"Prevalence (people)","mantle_cell","Mantle cell lymphoma (MCL)","NHL subtype","Females",2,2034,"Projected",264.697368887145,200.039727586532,352.982340578341,"people living after diagnosis","output/prevalence_projections.csv"
"Prevalence (people)","mantle_cell","Mantle cell lymphoma (MCL)","NHL subtype","Females",2,2035,"Projected",273.890446680787,204.394172388421,370.592270909504,"people living after diagnosis","output/prevalence_projections.csv"
"Prevalence (people)","mantle_cell","Mantle cell lymphoma (MCL)","NHL subtype","Females",2,2036,"Projected",283.629561407021,208.687928985237,387.945337028286,"people living after diagnosis","output/prevalence_projections.csv"
"Prevalence (people)","mantle_cell","Mantle cell lymphoma (MCL)","NHL subtype","Females",2,2037,"Projected",293.433053941129,212.208956723193,407.301495409711,"people living after diagnosis","output/prevalence_projections.csv"
"Prevalence (people)","mantle_cell","Mantle cell lymphoma (MCL)","NHL subtype","Females",2,2038,"Projected",302.625979362225,215.257659765058,424.053560881513,"people living after diagnosis","output/prevalence_projections.csv"
"Prevalence (people)","mantle_cell","Mantle cell lymphoma (MCL)","NHL subtype","Females",2,2039,"Projected",311.151023184383,217.878080606554,442.130349078123,"people living after diagnosis","output/prevalence_projections.csv"
"Prevalence (people)","mantle_cell","Mantle cell lymphoma (MCL)","NHL subtype","Females",2,2040,"Projected",319.022666631872,220.24053326039,459.97558326169,"people living after diagnosis","output/prevalence_projections.csv"
"Prevalence (people)","mantle_cell","Mantle cell lymphoma (MCL)","NHL subtype","Females",2,2041,"Projected",326.845813464064,222.534330982982,481.061395973314,"people living after diagnosis","output/prevalence_projections.csv"
"Prevalence (people)","mantle_cell","Mantle cell lymphoma (MCL)","NHL subtype","Females",2,2042,"Projected",333.549348741339,224.126055690439,501.425449430056,"people living after diagnosis","output/prevalence_projections.csv"
"Prevalence (people)","mantle_cell","Mantle cell lymphoma (MCL)","NHL subtype","Females",2,2043,"Projected",340.219591033516,223.896065349808,522.031599537341,"people living after diagnosis","output/prevalence_projections.csv"
"Prevalence (people)","mantle_cell","Mantle cell lymphoma (MCL)","NHL subtype","Females",2,2044,"Projected",346.807064636867,224.441910120578,541.900651558102,"people living after diagnosis","output/prevalence_projections.csv"
"Prevalence (people)","mantle_cell","Mantle cell lymphoma (MCL)","NHL subtype","Females",2,2045,"Projected",352.493457991818,224.624954894629,561.482137784204,"people living after diagnosis","output/prevalence_projections.csv"
"Prevalence (people)","mantle_cell","Mantle cell lymphoma (MCL)","NHL subtype","Females",3,2012,"Estimated",153.207934581315,148.683807961409,157.453252493609,"people living after diagnosis","output/prevalence_projections.csv"
"Prevalence (people)","mantle_cell","Mantle cell lymphoma (MCL)","NHL subtype","Females",3,2013,"Estimated",171.163702450767,165.331588348043,176.102727451106,"people living after diagnosis","output/prevalence_projections.csv"
"Prevalence (people)","mantle_cell","Mantle cell lymphoma (MCL)","NHL subtype","Females",3,2014,"Estimated",185.320329012639,179.920115058697,190.498064548076,"people living after diagnosis","output/prevalence_projections.csv"
"Prevalence (people)","mantle_cell","Mantle cell lymphoma (MCL)","NHL subtype","Females",3,2015,"Estimated",202.203742365304,196.645961560522,207.587497037076,"people living after diagnosis","output/prevalence_projections.csv"
"Prevalence (people)","mantle_cell","Mantle cell lymphoma (MCL)","NHL subtype","Females",3,2016,"Estimated",199.851180264328,194.129070708535,205.28021314024,"people living after diagnosis","output/prevalence_projections.csv"
"Prevalence (people)","mantle_cell","Mantle cell lymphoma (MCL)","NHL subtype","Females",3,2017,"Estimated",202.917756312417,198.086962053919,207.500412113874,"people living after diagnosis","output/prevalence_projections.csv"
"Prevalence (people)","mantle_cell","Mantle cell lymphoma (MCL)","NHL subtype","Females",3,2018,"Estimated",193.826054571945,188.244358036467,198.805876533287,"people living after diagnosis","output/prevalence_projections.csv"
"Prevalence (people)","mantle_cell","Mantle cell lymphoma (MCL)","NHL subtype","Females",3,2019,"Estimated",190.108138112382,185.349010360466,194.606938137171,"people living after diagnosis","output/prevalence_projections.csv"
"Prevalence (people)","mantle_cell","Mantle cell lymphoma (MCL)","NHL subtype","Females",3,2020,"Estimated",194.734306088597,189.440810078581,199.549688627917,"people living after diagnosis","output/prevalence_projections.csv"
"Prevalence (people)","mantle_cell","Mantle cell lymphoma (MCL)","NHL subtype","Females",3,2021,"Estimated",194.258346891688,187.846550353168,200.105764639576,"people living after diagnosis","output/prevalence_projections.csv"
"Prevalence (people)","mantle_cell","Mantle cell lymphoma (MCL)","NHL subtype","Females",3,2022,"Projected",205.646210452086,190.924533657358,223.40591101427,"people living after diagnosis","output/prevalence_projections.csv"
"Prevalence (people)","mantle_cell","Mantle cell lymphoma (MCL)","NHL subtype","Females",3,2023,"Projected",209.035900526898,182.140190350532,241.677995037636,"people living after diagnosis","output/prevalence_projections.csv"
"Prevalence (people)","mantle_cell","Mantle cell lymphoma (MCL)","NHL subtype","Females",3,2024,"Projected",225.753057397072,187.114396341254,273.104756359101,"people living after diagnosis","output/prevalence_projections.csv"
"Prevalence (people)","mantle_cell","Mantle cell lymphoma (MCL)","NHL subtype","Females",3,2025,"Projected",241.17849193189,198.914974896778,292.139480218272,"people living after diagnosis","output/prevalence_projections.csv"
"Prevalence (people)","mantle_cell","Mantle cell lymphoma (MCL)","NHL subtype","Females",3,2026,"Projected",256.597766566794,210.462495105317,311.072551229876,"people living after diagnosis","output/prevalence_projections.csv"
"Prevalence (people)","mantle_cell","Mantle cell lymphoma (MCL)","NHL subtype","Females",3,2027,"Projected",272.500426821786,222.290495507796,333.86633475244,"people living after diagnosis","output/prevalence_projections.csv"
"Prevalence (people)","mantle_cell","Mantle cell lymphoma (MCL)","NHL subtype","Females",3,2028,"Projected",288.937955581402,234.3974848084,357.626696553149,"people living after diagnosis","output/prevalence_projections.csv"
"Prevalence (people)","mantle_cell","Mantle cell lymphoma (MCL)","NHL subtype","Females",3,2029,"Projected",305.017214317903,246.082075376155,380.15154085793,"people living after diagnosis","output/prevalence_projections.csv"
"Prevalence (people)","mantle_cell","Mantle cell lymphoma (MCL)","NHL subtype","Females",3,2030,"Projected",321.065884742597,256.636906128746,404.154456925751,"people living after diagnosis","output/prevalence_projections.csv"
"Prevalence (people)","mantle_cell","Mantle cell lymphoma (MCL)","NHL subtype","Females",3,2031,"Projected",336.62446260876,265.972038019127,429.207105489479,"people living after diagnosis","output/prevalence_projections.csv"
"Prevalence (people)","mantle_cell","Mantle cell lymphoma (MCL)","NHL subtype","Females",3,2032,"Projected",351.216529452507,274.793196757066,452.38917573465,"people living after diagnosis","output/prevalence_projections.csv"
"Prevalence (people)","mantle_cell","Mantle cell lymphoma (MCL)","NHL subtype","Females",3,2033,"Projected",364.55957834132,282.562379559016,473.639611734948,"people living after diagnosis","output/prevalence_projections.csv"
"Prevalence (people)","mantle_cell","Mantle cell lymphoma (MCL)","NHL subtype","Females",3,2034,"Projected",376.879809117823,288.723793794121,498.243666744687,"people living after diagnosis","output/prevalence_projections.csv"
"Prevalence (people)","mantle_cell","Mantle cell lymphoma (MCL)","NHL subtype","Females",3,2035,"Projected",389.942088101173,295.248412657378,523.757684765321,"people living after diagnosis","output/prevalence_projections.csv"
"Prevalence (people)","mantle_cell","Mantle cell lymphoma (MCL)","NHL subtype","Females",3,2036,"Projected",403.312074162652,301.383224588767,550.468834144459,"people living after diagnosis","output/prevalence_projections.csv"
"Prevalence (people)","mantle_cell","Mantle cell lymphoma (MCL)","NHL subtype","Females",3,2037,"Projected",416.93774667515,306.364962306631,574.565056526708,"people living after diagnosis","output/prevalence_projections.csv"
"Prevalence (people)","mantle_cell","Mantle cell lymphoma (MCL)","NHL subtype","Females",3,2038,"Projected",430.572274286074,311.133570120691,603.689347588607,"people living after diagnosis","output/prevalence_projections.csv"
"Prevalence (people)","mantle_cell","Mantle cell lymphoma (MCL)","NHL subtype","Females",3,2039,"Projected",443.652222358386,315.438190133019,629.238096381867,"people living after diagnosis","output/prevalence_projections.csv"
"Prevalence (people)","mantle_cell","Mantle cell lymphoma (MCL)","NHL subtype","Females",3,2040,"Projected",456.06878132692,319.455284466992,653.005962062067,"people living after diagnosis","output/prevalence_projections.csv"
"Prevalence (people)","mantle_cell","Mantle cell lymphoma (MCL)","NHL subtype","Females",3,2041,"Projected",467.238528659643,322.782123669227,681.891688845464,"people living after diagnosis","output/prevalence_projections.csv"
"Prevalence (people)","mantle_cell","Mantle cell lymphoma (MCL)","NHL subtype","Females",3,2042,"Projected",477.632231837338,324.975210589235,708.144928249527,"people living after diagnosis","output/prevalence_projections.csv"
"Prevalence (people)","mantle_cell","Mantle cell lymphoma (MCL)","NHL subtype","Females",3,2043,"Projected",486.561191197642,326.669473118111,737.982706174062,"people living after diagnosis","output/prevalence_projections.csv"
"Prevalence (people)","mantle_cell","Mantle cell lymphoma (MCL)","NHL subtype","Females",3,2044,"Projected",495.493911796654,326.752257022455,765.688268843682,"people living after diagnosis","output/prevalence_projections.csv"
"Prevalence (people)","mantle_cell","Mantle cell lymphoma (MCL)","NHL subtype","Females",3,2045,"Projected",504.811139073195,327.161077965084,790.257766568669,"people living after diagnosis","output/prevalence_projections.csv"
"Prevalence (people)","mantle_cell","Mantle cell lymphoma (MCL)","NHL subtype","Females",5,2012,"Estimated",218.042261245247,210.947383573452,225.171664932638,"people living after diagnosis","output/prevalence_projections.csv"
"Prevalence (people)","mantle_cell","Mantle cell lymphoma (MCL)","NHL subtype","Females",5,2013,"Estimated",230.550988246939,223.597166169348,237.280909232502,"people living after diagnosis","output/prevalence_projections.csv"
"Prevalence (people)","mantle_cell","Mantle cell lymphoma (MCL)","NHL subtype","Females",5,2014,"Estimated",259.734784202936,252.536418101353,266.386303961855,"people living after diagnosis","output/prevalence_projections.csv"
"Prevalence (people)","mantle_cell","Mantle cell lymphoma (MCL)","NHL subtype","Females",5,2015,"Estimated",289.238091511792,281.705557818816,297.193178728086,"people living after diagnosis","output/prevalence_projections.csv"
"Prevalence (people)","mantle_cell","Mantle cell lymphoma (MCL)","NHL subtype","Females",5,2016,"Estimated",290.098657290364,282.199006828738,297.864499234183,"people living after diagnosis","output/prevalence_projections.csv"
"Prevalence (people)","mantle_cell","Mantle cell lymphoma (MCL)","NHL subtype","Females",5,2017,"Estimated",304.580100662396,296.851290920839,312.276664017214,"people living after diagnosis","output/prevalence_projections.csv"
"Prevalence (people)","mantle_cell","Mantle cell lymphoma (MCL)","NHL subtype","Females",5,2018,"Estimated",309.129801895544,300.767107720263,317.384514444724,"people living after diagnosis","output/prevalence_projections.csv"
"Prevalence (people)","mantle_cell","Mantle cell lymphoma (MCL)","NHL subtype","Females",5,2019,"Estimated",299.282093145433,291.422976090007,307.633591910445,"people living after diagnosis","output/prevalence_projections.csv"
"Prevalence (people)","mantle_cell","Mantle cell lymphoma (MCL)","NHL subtype","Females",5,2020,"Estimated",304.258953250327,295.930380667486,311.722021129472,"people living after diagnosis","output/prevalence_projections.csv"
"Prevalence (people)","mantle_cell","Mantle cell lymphoma (MCL)","NHL subtype","Females",5,2021,"Estimated",306.122648056272,298.102239437979,313.724901289154,"people living after diagnosis","output/prevalence_projections.csv"
"Prevalence (people)","mantle_cell","Mantle cell lymphoma (MCL)","NHL subtype","Females",5,2022,"Projected",308.041002717485,292.542017548033,326.998782867463,"people living after diagnosis","output/prevalence_projections.csv"
"Prevalence (people)","mantle_cell","Mantle cell lymphoma (MCL)","NHL subtype","Females",5,2023,"Projected",322.453769214051,295.216143288692,355.978760470555,"people living after diagnosis","output/prevalence_projections.csv"
"Prevalence (people)","mantle_cell","Mantle cell lymphoma (MCL)","NHL subtype","Females",5,2024,"Projected",344.623446307902,306.074753062086,392.757745780076,"people living after diagnosis","output/prevalence_projections.csv"
"Prevalence (people)","mantle_cell","Mantle cell lymphoma (MCL)","NHL subtype","Females",5,2025,"Projected",358.566255053514,307.681234271134,423.203885700106,"people living after diagnosis","output/prevalence_projections.csv"
"Prevalence (people)","mantle_cell","Mantle cell lymphoma (MCL)","NHL subtype","Females",5,2026,"Projected",385.488124577598,320.417410501584,468.820780900029,"people living after diagnosis","output/prevalence_projections.csv"
"Prevalence (people)","mantle_cell","Mantle cell lymphoma (MCL)","NHL subtype","Females",5,2027,"Projected",411.641531669637,341.06750658464,502.458215790834,"people living after diagnosis","output/prevalence_projections.csv"
"Prevalence (people)","mantle_cell","Mantle cell lymphoma (MCL)","NHL subtype","Females",5,2028,"Projected",439.007574837411,361.812951483027,537.809858774054,"people living after diagnosis","output/prevalence_projections.csv"
"Prevalence (people)","mantle_cell","Mantle cell lymphoma (MCL)","NHL subtype","Females",5,2029,"Projected",466.293972973483,381.885417201126,576.999104306269,"people living after diagnosis","output/prevalence_projections.csv"
"Prevalence (people)","mantle_cell","Mantle cell lymphoma (MCL)","NHL subtype","Females",5,2030,"Projected",494.87822315685,402.155206434647,615.24724180254,"people living after diagnosis","output/prevalence_projections.csv"
"Prevalence (people)","mantle_cell","Mantle cell lymphoma (MCL)","NHL subtype","Females",5,2031,"Projected",522.33813614761,419.259191454801,654.896978150798,"people living after diagnosis","output/prevalence_projections.csv"
"Prevalence (people)","mantle_cell","Mantle cell lymphoma (MCL)","NHL subtype","Females",5,2032,"Projected",549.340698153569,437.513896348955,696.128858968209,"people living after diagnosis","output/prevalence_projections.csv"
"Prevalence (people)","mantle_cell","Mantle cell lymphoma (MCL)","NHL subtype","Females",5,2033,"Projected",574.761637901381,452.214167325345,736.607349576775,"people living after diagnosis","output/prevalence_projections.csv"
"Prevalence (people)","mantle_cell","Mantle cell lymphoma (MCL)","NHL subtype","Females",5,2034,"Projected",598.217162938584,465.980105642771,779.034333751335,"people living after diagnosis","output/prevalence_projections.csv"
"Prevalence (people)","mantle_cell","Mantle cell lymphoma (MCL)","NHL subtype","Females",5,2035,"Projected",622.480156116043,476.321877582912,821.870664957967,"people living after diagnosis","output/prevalence_projections.csv"
"Prevalence (people)","mantle_cell","Mantle cell lymphoma (MCL)","NHL subtype","Females",5,2036,"Projected",644.757778546829,486.547333161064,861.8711244398,"people living after diagnosis","output/prevalence_projections.csv"
"Prevalence (people)","mantle_cell","Mantle cell lymphoma (MCL)","NHL subtype","Females",5,2037,"Projected",666.896762129247,495.998573491596,907.997693509013,"people living after diagnosis","output/prevalence_projections.csv"
"Prevalence (people)","mantle_cell","Mantle cell lymphoma (MCL)","NHL subtype","Females",5,2038,"Projected",688.366299163279,507.056850447533,949.325415831054,"people living after diagnosis","output/prevalence_projections.csv"
"Prevalence (people)","mantle_cell","Mantle cell lymphoma (MCL)","NHL subtype","Females",5,2039,"Projected",710.343771654718,516.8285755942,995.519199247996,"people living after diagnosis","output/prevalence_projections.csv"
"Prevalence (people)","mantle_cell","Mantle cell lymphoma (MCL)","NHL subtype","Females",5,2040,"Projected",730.669608423244,522.585323034206,1042.48657783254,"people living after diagnosis","output/prevalence_projections.csv"
"Prevalence (people)","mantle_cell","Mantle cell lymphoma (MCL)","NHL subtype","Females",5,2041,"Projected",750.44008237541,532.117193855687,1092.46869395992,"people living after diagnosis","output/prevalence_projections.csv"
"Prevalence (people)","mantle_cell","Mantle cell lymphoma (MCL)","NHL subtype","Females",5,2042,"Projected",769.371166636082,538.796727864904,1137.51622567948,"people living after diagnosis","output/prevalence_projections.csv"
"Prevalence (people)","mantle_cell","Mantle cell lymphoma (MCL)","NHL subtype","Females",5,2043,"Projected",786.787525499312,541.476091312925,1184.32356000574,"people living after diagnosis","output/prevalence_projections.csv"
"Prevalence (people)","mantle_cell","Mantle cell lymphoma (MCL)","NHL subtype","Females",5,2044,"Projected",803.658325141005,542.710810869973,1229.85896487876,"people living after diagnosis","output/prevalence_projections.csv"
"Prevalence (people)","mantle_cell","Mantle cell lymphoma (MCL)","NHL subtype","Females",5,2045,"Projected",818.604943171262,541.282048622821,1274.94707245169,"people living after diagnosis","output/prevalence_projections.csv"
"Prevalence (people)","mantle_cell","Mantle cell lymphoma (MCL)","NHL subtype","Females",10,2012,"Estimated",306.96933758659,276.409573552407,337.411294543634,"people living after diagnosis","output/prevalence_projections.csv"
"Prevalence (people)","mantle_cell","Mantle cell lymphoma (MCL)","NHL subtype","Females",10,2013,"Estimated",332.49580614927,301.982398231498,363.433674542972,"people living after diagnosis","output/prevalence_projections.csv"
"Prevalence (people)","mantle_cell","Mantle cell lymphoma (MCL)","NHL subtype","Females",10,2014,"Estimated",364.741318431063,333.999665238059,395.991716742559,"people living after diagnosis","output/prevalence_projections.csv"
"Prevalence (people)","mantle_cell","Mantle cell lymphoma (MCL)","NHL subtype","Females",10,2015,"Estimated",401.976046622164,368.643138136702,433.253046802509,"people living after diagnosis","output/prevalence_projections.csv"
"Prevalence (people)","mantle_cell","Mantle cell lymphoma (MCL)","NHL subtype","Females",10,2016,"Estimated",415.23528836602,381.062611117901,446.392660296317,"people living after diagnosis","output/prevalence_projections.csv"
"Prevalence (people)","mantle_cell","Mantle cell lymphoma (MCL)","NHL subtype","Females",10,2017,"Estimated",438.17579842981,409.592909771908,467.666263411142,"people living after diagnosis","output/prevalence_projections.csv"
"Prevalence (people)","mantle_cell","Mantle cell lymphoma (MCL)","NHL subtype","Females",10,2018,"Estimated",451.045096304212,425.546501291586,477.857184916436,"people living after diagnosis","output/prevalence_projections.csv"
"Prevalence (people)","mantle_cell","Mantle cell lymphoma (MCL)","NHL subtype","Females",10,2019,"Estimated",462.017800403344,436.277052942844,487.82056757374,"people living after diagnosis","output/prevalence_projections.csv"
"Prevalence (people)","mantle_cell","Mantle cell lymphoma (MCL)","NHL subtype","Females",10,2020,"Estimated",487.333714649412,456.747335266879,516.182299084107,"people living after diagnosis","output/prevalence_projections.csv"
"Prevalence (people)","mantle_cell","Mantle cell lymphoma (MCL)","NHL subtype","Females",10,2021,"Estimated",494.68853616772,457.047501452233,531.733506939052,"people living after diagnosis","output/prevalence_projections.csv"
"Prevalence (people)","mantle_cell","Mantle cell lymphoma (MCL)","NHL subtype","Females",10,2022,"Projected",509.149270087282,471.577899045111,547.54707983034,"people living after diagnosis","output/prevalence_projections.csv"
"Prevalence (people)","mantle_cell","Mantle cell lymphoma (MCL)","NHL subtype","Females",10,2023,"Projected",531.227289273551,492.39927159759,574.795098526744,"people living after diagnosis","output/prevalence_projections.csv"
"Prevalence (people)","mantle_cell","Mantle cell lymphoma (MCL)","NHL subtype","Females",10,2024,"Projected",548.462690290141,503.70459184032,603.410642474974,"people living after diagnosis","output/prevalence_projections.csv"
"Prevalence (people)","mantle_cell","Mantle cell lymphoma (MCL)","NHL subtype","Females",10,2025,"Projected",569.947145387376,511.394906511489,637.934774229382,"people living after diagnosis","output/prevalence_projections.csv"
"Prevalence (people)","mantle_cell","Mantle cell lymphoma (MCL)","NHL subtype","Females",10,2026,"Projected",599.414537002359,526.192874827897,683.219143383197,"people living after diagnosis","output/prevalence_projections.csv"
"Prevalence (people)","mantle_cell","Mantle cell lymphoma (MCL)","NHL subtype","Females",10,2027,"Projected",628.763396189702,540.357017348635,730.290548546968,"people living after diagnosis","output/prevalence_projections.csv"
"Prevalence (people)","mantle_cell","Mantle cell lymphoma (MCL)","NHL subtype","Females",10,2028,"Projected",666.94287597307,559.961002895882,791.303042439748,"people living after diagnosis","output/prevalence_projections.csv"
"Prevalence (people)","mantle_cell","Mantle cell lymphoma (MCL)","NHL subtype","Females",10,2029,"Projected",710.773515260528,585.329179629317,857.788466622278,"people living after diagnosis","output/prevalence_projections.csv"
"Prevalence (people)","mantle_cell","Mantle cell lymphoma (MCL)","NHL subtype","Females",10,2030,"Projected",749.353911522162,606.125927363542,920.154294534854,"people living after diagnosis","output/prevalence_projections.csv"
"Prevalence (people)","mantle_cell","Mantle cell lymphoma (MCL)","NHL subtype","Females",10,2031,"Projected",799.049886975786,635.331340016828,992.886751345376,"people living after diagnosis","output/prevalence_projections.csv"
"Prevalence (people)","mantle_cell","Mantle cell lymphoma (MCL)","NHL subtype","Females",10,2032,"Projected",847.208527598176,661.847361473058,1065.40805598541,"people living after diagnosis","output/prevalence_projections.csv"
"Prevalence (people)","mantle_cell","Mantle cell lymphoma (MCL)","NHL subtype","Females",10,2033,"Projected",894.296396148651,686.463554998966,1141.54994749845,"people living after diagnosis","output/prevalence_projections.csv"
"Prevalence (people)","mantle_cell","Mantle cell lymphoma (MCL)","NHL subtype","Females",10,2034,"Projected",941.686569704876,716.946976028256,1221.39926336626,"people living after diagnosis","output/prevalence_projections.csv"
"Prevalence (people)","mantle_cell","Mantle cell lymphoma (MCL)","NHL subtype","Females",10,2035,"Projected",986.667783669244,738.805576454681,1298.31665324555,"people living after diagnosis","output/prevalence_projections.csv"
"Prevalence (people)","mantle_cell","Mantle cell lymphoma (MCL)","NHL subtype","Females",10,2036,"Projected",1035.05375921318,761.245422279919,1386.54585111637,"people living after diagnosis","output/prevalence_projections.csv"
"Prevalence (people)","mantle_cell","Mantle cell lymphoma (MCL)","NHL subtype","Females",10,2037,"Projected",1081.07068997838,785.183306145509,1469.80050842982,"people living after diagnosis","output/prevalence_projections.csv"
"Prevalence (people)","mantle_cell","Mantle cell lymphoma (MCL)","NHL subtype","Females",10,2038,"Projected",1123.81622374149,805.29419173166,1555.78407155676,"people living after diagnosis","output/prevalence_projections.csv"
"Prevalence (people)","mantle_cell","Mantle cell lymphoma (MCL)","NHL subtype","Females",10,2039,"Projected",1167.07801940336,824.668153488248,1640.77343729873,"people living after diagnosis","output/prevalence_projections.csv"
"Prevalence (people)","mantle_cell","Mantle cell lymphoma (MCL)","NHL subtype","Females",10,2040,"Projected",1208.0421221876,838.526475021414,1723.41749830255,"people living after diagnosis","output/prevalence_projections.csv"
"Prevalence (people)","mantle_cell","Mantle cell lymphoma (MCL)","NHL subtype","Females",10,2041,"Projected",1247.17059850517,855.574977929492,1807.10852591976,"people living after diagnosis","output/prevalence_projections.csv"
"Prevalence (people)","mantle_cell","Mantle cell lymphoma (MCL)","NHL subtype","Females",10,2042,"Projected",1281.44852837007,862.163983164795,1895.58844450452,"people living after diagnosis","output/prevalence_projections.csv"
"Prevalence (people)","mantle_cell","Mantle cell lymphoma (MCL)","NHL subtype","Females",10,2043,"Projected",1320.04988867033,872.916075194698,1980.60681757613,"people living after diagnosis","output/prevalence_projections.csv"
"Prevalence (people)","mantle_cell","Mantle cell lymphoma (MCL)","NHL subtype","Females",10,2044,"Projected",1354.17124554662,882.478519184226,2071.13142336949,"people living after diagnosis","output/prevalence_projections.csv"
"Prevalence (people)","mantle_cell","Mantle cell lymphoma (MCL)","NHL subtype","Females",10,2045,"Projected",1389.76114678141,888.220113089368,2162.81060833709,"people living after diagnosis","output/prevalence_projections.csv"
"Prevalence (people)","mantle_cell","Mantle cell lymphoma (MCL)","NHL subtype","Females",40,2012,"Estimated",424.692083253502,288.286541875366,653.388290499935,"people living after diagnosis","output/prevalence_projections.csv"
"Prevalence (people)","mantle_cell","Mantle cell lymphoma (MCL)","NHL subtype","Females",40,2013,"Estimated",458.896388461059,314.676891698429,700.66070710065,"people living after diagnosis","output/prevalence_projections.csv"
"Prevalence (people)","mantle_cell","Mantle cell lymphoma (MCL)","NHL subtype","Females",40,2014,"Estimated",498.247352492729,349.072809494065,754.107144972676,"people living after diagnosis","output/prevalence_projections.csv"
"Prevalence (people)","mantle_cell","Mantle cell lymphoma (MCL)","NHL subtype","Females",40,2015,"Estimated",542.153368130059,387.523863996614,809.285338201832,"people living after diagnosis","output/prevalence_projections.csv"
"Prevalence (people)","mantle_cell","Mantle cell lymphoma (MCL)","NHL subtype","Females",40,2016,"Estimated",566.003527050143,403.248185165322,845.71718014122,"people living after diagnosis","output/prevalence_projections.csv"
"Prevalence (people)","mantle_cell","Mantle cell lymphoma (MCL)","NHL subtype","Females",40,2017,"Estimated",599.965818576779,436.766084697455,892.053746712926,"people living after diagnosis","output/prevalence_projections.csv"
"Prevalence (people)","mantle_cell","Mantle cell lymphoma (MCL)","NHL subtype","Females",40,2018,"Estimated",625.074514608655,460.477566335923,928.269761521991,"people living after diagnosis","output/prevalence_projections.csv"
"Prevalence (people)","mantle_cell","Mantle cell lymphoma (MCL)","NHL subtype","Females",40,2019,"Estimated",645.757213918017,477.052436603692,950.505287523186,"people living after diagnosis","output/prevalence_projections.csv"
"Prevalence (people)","mantle_cell","Mantle cell lymphoma (MCL)","NHL subtype","Females",40,2020,"Estimated",681.354722707876,513.365905250102,995.120473105873,"people living after diagnosis","output/prevalence_projections.csv"
"Prevalence (people)","mantle_cell","Mantle cell lymphoma (MCL)","NHL subtype","Females",40,2021,"Estimated",706.925476098629,536.890312134316,1021.67275127678,"people living after diagnosis","output/prevalence_projections.csv"
"Prevalence (people)","mantle_cell","Mantle cell lymphoma (MCL)","NHL subtype","Females",40,2022,"Projected",734.992988534032,566.01118328985,1048.76975877811,"people living after diagnosis","output/prevalence_projections.csv"
"Prevalence (people)","mantle_cell","Mantle cell lymphoma (MCL)","NHL subtype","Females",40,2023,"Projected",769.265075579019,602.37192402568,1079.60947551814,"people living after diagnosis","output/prevalence_projections.csv"
"Prevalence (people)","mantle_cell","Mantle cell lymphoma (MCL)","NHL subtype","Females",40,2024,"Projected",807.128505650341,642.152471529034,1121.46382374209,"people living after diagnosis","output/prevalence_projections.csv"
"Prevalence (people)","mantle_cell","Mantle cell lymphoma (MCL)","NHL subtype","Females",40,2025,"Projected",849.279937796632,681.585588482473,1155.57899743,"people living after diagnosis","output/prevalence_projections.csv"
"Prevalence (people)","mantle_cell","Mantle cell lymphoma (MCL)","NHL subtype","Females",40,2026,"Projected",894.475985157989,720.855717593102,1197.5206893572,"people living after diagnosis","output/prevalence_projections.csv"
"Prevalence (people)","mantle_cell","Mantle cell lymphoma (MCL)","NHL subtype","Females",40,2027,"Projected",946.160170365303,766.954038226995,1242.04288886727,"people living after diagnosis","output/prevalence_projections.csv"
"Prevalence (people)","mantle_cell","Mantle cell lymphoma (MCL)","NHL subtype","Females",40,2028,"Projected",999.529530983458,815.226655148774,1293.01582396871,"people living after diagnosis","output/prevalence_projections.csv"
"Prevalence (people)","mantle_cell","Mantle cell lymphoma (MCL)","NHL subtype","Females",40,2029,"Projected",1060.32385090249,869.458265014531,1346.74347333274,"people living after diagnosis","output/prevalence_projections.csv"
"Prevalence (people)","mantle_cell","Mantle cell lymphoma (MCL)","NHL subtype","Females",40,2030,"Projected",1121.30428382831,921.750355032392,1411.59900732571,"people living after diagnosis","output/prevalence_projections.csv"
"Prevalence (people)","mantle_cell","Mantle cell lymphoma (MCL)","NHL subtype","Females",40,2031,"Projected",1182.75176199656,971.212330914361,1484.95495077287,"people living after diagnosis","output/prevalence_projections.csv"
"Prevalence (people)","mantle_cell","Mantle cell lymphoma (MCL)","NHL subtype","Females",40,2032,"Projected",1244.17163482099,1014.69302610725,1563.63259769676,"people living after diagnosis","output/prevalence_projections.csv"
"Prevalence (people)","mantle_cell","Mantle cell lymphoma (MCL)","NHL subtype","Females",40,2033,"Projected",1313.85548551993,1049.64778746713,1659.82840526063,"people living after diagnosis","output/prevalence_projections.csv"
"Prevalence (people)","mantle_cell","Mantle cell lymphoma (MCL)","NHL subtype","Females",40,2034,"Projected",1384.56588433718,1085.57229671594,1758.10921762125,"people living after diagnosis","output/prevalence_projections.csv"
"Prevalence (people)","mantle_cell","Mantle cell lymphoma (MCL)","NHL subtype","Females",40,2035,"Projected",1449.25298974776,1123.32266294093,1888.83924629718,"people living after diagnosis","output/prevalence_projections.csv"
"Prevalence (people)","mantle_cell","Mantle cell lymphoma (MCL)","NHL subtype","Females",40,2036,"Projected",1517.98951024985,1160.54456740987,1995.50350151901,"people living after diagnosis","output/prevalence_projections.csv"
"Prevalence (people)","mantle_cell","Mantle cell lymphoma (MCL)","NHL subtype","Females",40,2037,"Projected",1592.04791822802,1192.78781831034,2132.31003197353,"people living after diagnosis","output/prevalence_projections.csv"
"Prevalence (people)","mantle_cell","Mantle cell lymphoma (MCL)","NHL subtype","Females",40,2038,"Projected",1671.96450615697,1220.81072614278,2293.80040304843,"people living after diagnosis","output/prevalence_projections.csv"
"Prevalence (people)","mantle_cell","Mantle cell lymphoma (MCL)","NHL subtype","Females",40,2039,"Projected",1754.89377882927,1244.25902872945,2462.35823437176,"people living after diagnosis","output/prevalence_projections.csv"
"Prevalence (people)","mantle_cell","Mantle cell lymphoma (MCL)","NHL subtype","Females",40,2040,"Projected",1830.03255591415,1261.82549852257,2641.38148699122,"people living after diagnosis","output/prevalence_projections.csv"
"Prevalence (people)","mantle_cell","Mantle cell lymphoma (MCL)","NHL subtype","Females",40,2041,"Projected",1910.72530274714,1272.79502058509,2808.14107904784,"people living after diagnosis","output/prevalence_projections.csv"
"Prevalence (people)","mantle_cell","Mantle cell lymphoma (MCL)","NHL subtype","Females",40,2042,"Projected",1994.79553008522,1298.70261980526,2983.01729322393,"people living after diagnosis","output/prevalence_projections.csv"
"Prevalence (people)","mantle_cell","Mantle cell lymphoma (MCL)","NHL subtype","Females",40,2043,"Projected",2073.7909046774,1308.59942519902,3175.71994906214,"people living after diagnosis","output/prevalence_projections.csv"
"Prevalence (people)","mantle_cell","Mantle cell lymphoma (MCL)","NHL subtype","Females",40,2044,"Projected",2156.54093993582,1320.54909571142,3374.59530575614,"people living after diagnosis","output/prevalence_projections.csv"
"Prevalence (people)","mantle_cell","Mantle cell lymphoma (MCL)","NHL subtype","Females",40,2045,"Projected",2232.96766163703,1325.82982454156,3578.85770129561,"people living after diagnosis","output/prevalence_projections.csv"
"Prevalence (people)","mantle_cell","Mantle cell lymphoma (MCL)","NHL subtype","Males",2,2012,"Estimated",267.37252758515,262.917523676479,271.193521598461,"people living after diagnosis","output/prevalence_projections.csv"
"Prevalence (people)","mantle_cell","Mantle cell lymphoma (MCL)","NHL subtype","Males",2,2013,"Estimated",287.693020779912,281.376702155899,293.719670064806,"people living after diagnosis","output/prevalence_projections.csv"
"Prevalence (people)","mantle_cell","Mantle cell lymphoma (MCL)","NHL subtype","Males",2,2014,"Estimated",312.278671764673,305.297101283976,319.426494380665,"people living after diagnosis","output/prevalence_projections.csv"
"Prevalence (people)","mantle_cell","Mantle cell lymphoma (MCL)","NHL subtype","Males",2,2015,"Estimated",309.290565779375,302.308435278045,315.92859933951,"people living after diagnosis","output/prevalence_projections.csv"
"Prevalence (people)","mantle_cell","Mantle cell lymphoma (MCL)","NHL subtype","Males",2,2016,"Estimated",317.026430297287,310.048612415631,324.088991207217,"people living after diagnosis","output/prevalence_projections.csv"
"Prevalence (people)","mantle_cell","Mantle cell lymphoma (MCL)","NHL subtype","Males",2,2017,"Estimated",371.842202828648,366.404995930728,376.952056893124,"people living after diagnosis","output/prevalence_projections.csv"
"Prevalence (people)","mantle_cell","Mantle cell lymphoma (MCL)","NHL subtype","Males",2,2018,"Estimated",383.077985131178,376.580295123738,388.928422311605,"people living after diagnosis","output/prevalence_projections.csv"
"Prevalence (people)","mantle_cell","Mantle cell lymphoma (MCL)","NHL subtype","Males",2,2019,"Estimated",395.145454917364,388.152904229524,401.287162261321,"people living after diagnosis","output/prevalence_projections.csv"
"Prevalence (people)","mantle_cell","Mantle cell lymphoma (MCL)","NHL subtype","Males",2,2020,"Estimated",436.832312948451,428.339997497115,444.360703373112,"people living after diagnosis","output/prevalence_projections.csv"
"Prevalence (people)","mantle_cell","Mantle cell lymphoma (MCL)","NHL subtype","Males",2,2021,"Estimated",386.723613793176,378.054288751519,394.326433522837,"people living after diagnosis","output/prevalence_projections.csv"
"Prevalence (people)","mantle_cell","Mantle cell lymphoma (MCL)","NHL subtype","Males",2,2022,"Projected",366.77758627978,346.681226446361,390.715794217414,"people living after diagnosis","output/prevalence_projections.csv"
"Prevalence (people)","mantle_cell","Mantle cell lymphoma (MCL)","NHL subtype","Males",2,2023,"Projected",404.003286030754,364.366433676774,449.014708801334,"people living after diagnosis","output/prevalence_projections.csv"
"Prevalence (people)","mantle_cell","Mantle cell lymphoma (MCL)","NHL subtype","Males",2,2024,"Projected",422.230264047,380.820876335807,471.411621990706,"people living after diagnosis","output/prevalence_projections.csv"
"Prevalence (people)","mantle_cell","Mantle cell lymphoma (MCL)","NHL subtype","Males",2,2025,"Projected",440.705542527968,396.253605089579,492.313737808117,"people living after diagnosis","output/prevalence_projections.csv"
"Prevalence (people)","mantle_cell","Mantle cell lymphoma (MCL)","NHL subtype","Males",2,2026,"Projected",460.753901414159,412.470177141791,515.333656645472,"people living after diagnosis","output/prevalence_projections.csv"
"Prevalence (people)","mantle_cell","Mantle cell lymphoma (MCL)","NHL subtype","Males",2,2027,"Projected",482.010582674463,429.320115311536,542.324859441689,"people living after diagnosis","output/prevalence_projections.csv"
"Prevalence (people)","mantle_cell","Mantle cell lymphoma (MCL)","NHL subtype","Males",2,2028,"Projected",503.225063058235,444.76753564615,571.348878438371,"people living after diagnosis","output/prevalence_projections.csv"
"Prevalence (people)","mantle_cell","Mantle cell lymphoma (MCL)","NHL subtype","Males",2,2029,"Projected",524.54790370065,459.567160822321,598.625445482497,"people living after diagnosis","output/prevalence_projections.csv"
"Prevalence (people)","mantle_cell","Mantle cell lymphoma (MCL)","NHL subtype","Males",2,2030,"Projected",544.429346205918,473.10934418984,629.395894554914,"people living after diagnosis","output/prevalence_projections.csv"
"Prevalence (people)","mantle_cell","Mantle cell lymphoma (MCL)","NHL subtype","Males",2,2031,"Projected",562.095662491928,484.033656525776,654.101759388689,"people living after diagnosis","output/prevalence_projections.csv"
"Prevalence (people)","mantle_cell","Mantle cell lymphoma (MCL)","NHL subtype","Males",2,2032,"Projected",577.155711432073,492.463092099845,675.543312096931,"people living after diagnosis","output/prevalence_projections.csv"
"Prevalence (people)","mantle_cell","Mantle cell lymphoma (MCL)","NHL subtype","Males",2,2033,"Projected",589.746077151487,499.879409853164,696.133282957303,"people living after diagnosis","output/prevalence_projections.csv"
"Prevalence (people)","mantle_cell","Mantle cell lymphoma (MCL)","NHL subtype","Males",2,2034,"Projected",600.361295102483,506.491228943587,712.436007087769,"people living after diagnosis","output/prevalence_projections.csv"
"Prevalence (people)","mantle_cell","Mantle cell lymphoma (MCL)","NHL subtype","Males",2,2035,"Projected",610.257221110105,511.449591803905,729.969590086513,"people living after diagnosis","output/prevalence_projections.csv"
"Prevalence (people)","mantle_cell","Mantle cell lymphoma (MCL)","NHL subtype","Males",2,2036,"Projected",621.20529067956,515.090459833396,748.723701945542,"people living after diagnosis","output/prevalence_projections.csv"
"Prevalence (people)","mantle_cell","Mantle cell lymphoma (MCL)","NHL subtype","Males",2,2037,"Projected",632.07168567633,520.600204012124,768.258250706911,"people living after diagnosis","output/prevalence_projections.csv"
"Prevalence (people)","mantle_cell","Mantle cell lymphoma (MCL)","NHL subtype","Males",2,2038,"Projected",642.345257913907,525.409939026168,787.429291421482,"people living after diagnosis","output/prevalence_projections.csv"
"Prevalence (people)","mantle_cell","Mantle cell lymphoma (MCL)","NHL subtype","Males",2,2039,"Projected",652.117984131667,530.030628028597,809.111582451872,"people living after diagnosis","output/prevalence_projections.csv"
"Prevalence (people)","mantle_cell","Mantle cell lymphoma (MCL)","NHL subtype","Males",2,2040,"Projected",659.732145277941,534.094169420175,828.740709301495,"people living after diagnosis","output/prevalence_projections.csv"
"Prevalence (people)","mantle_cell","Mantle cell lymphoma (MCL)","NHL subtype","Males",2,2041,"Projected",667.220890930274,534.176800442914,847.690268803635,"people living after diagnosis","output/prevalence_projections.csv"
"Prevalence (people)","mantle_cell","Mantle cell lymphoma (MCL)","NHL subtype","Males",2,2042,"Projected",672.278122548666,533.778963904774,861.224594409407,"people living after diagnosis","output/prevalence_projections.csv"
"Prevalence (people)","mantle_cell","Mantle cell lymphoma (MCL)","NHL subtype","Males",2,2043,"Projected",675.943400501357,533.556704244384,872.977301809088,"people living after diagnosis","output/prevalence_projections.csv"
"Prevalence (people)","mantle_cell","Mantle cell lymphoma (MCL)","NHL subtype","Males",2,2044,"Projected",678.231168620135,532.90216713249,883.668754762833,"people living after diagnosis","output/prevalence_projections.csv"
"Prevalence (people)","mantle_cell","Mantle cell lymphoma (MCL)","NHL subtype","Males",2,2045,"Projected",679.112588627868,529.680628607377,896.799164818317,"people living after diagnosis","output/prevalence_projections.csv"
"Prevalence (people)","mantle_cell","Mantle cell lymphoma (MCL)","NHL subtype","Males",3,2012,"Estimated",387.922181223079,380.784710824889,393.962436336471,"people living after diagnosis","output/prevalence_projections.csv"
"Prevalence (people)","mantle_cell","Mantle cell lymphoma (MCL)","NHL subtype","Males",3,2013,"Estimated",401.278541625626,393.296184818371,408.236123186173,"people living after diagnosis","output/prevalence_projections.csv"
"Prevalence (people)","mantle_cell","Mantle cell lymphoma (MCL)","NHL subtype","Males",3,2014,"Estimated",421.482920074786,413.400054246451,430.026329719783,"people living after diagnosis","output/prevalence_projections.csv"
"Prevalence (people)","mantle_cell","Mantle cell lymphoma (MCL)","NHL subtype","Males",3,2015,"Estimated",437.670906739778,429.017528514908,446.504619334967,"people living after diagnosis","output/prevalence_projections.csv"
"Prevalence (people)","mantle_cell","Mantle cell lymphoma (MCL)","NHL subtype","Males",3,2016,"Estimated",449.195741352867,440.524110563711,458.157990402294,"people living after diagnosis","output/prevalence_projections.csv"
"Prevalence (people)","mantle_cell","Mantle cell lymphoma (MCL)","NHL subtype","Males",3,2017,"Estimated",499.372653465343,492.064665229922,506.20323151987,"people living after diagnosis","output/prevalence_projections.csv"
"Prevalence (people)","mantle_cell","Mantle cell lymphoma (MCL)","NHL subtype","Males",3,2018,"Estimated",522.679760598114,513.781905555274,530.955405452147,"people living after diagnosis","output/prevalence_projections.csv"
"Prevalence (people)","mantle_cell","Mantle cell lymphoma (MCL)","NHL subtype","Males",3,2019,"Estimated",571.318635569319,562.987691026257,579.13206834463,"people living after diagnosis","output/prevalence_projections.csv"
"Prevalence (people)","mantle_cell","Mantle cell lymphoma (MCL)","NHL subtype","Males",3,2020,"Estimated",588.53274469762,578.883397077152,597.497187974262,"people living after diagnosis","output/prevalence_projections.csv"
"Prevalence (people)","mantle_cell","Mantle cell lymphoma (MCL)","NHL subtype","Males",3,2021,"Estimated",573.468511798051,563.081318296531,583.388520498367,"people living after diagnosis","output/prevalence_projections.csv"
"Prevalence (people)","mantle_cell","Mantle cell lymphoma (MCL)","NHL subtype","Males",3,2022,"Projected",558.94561835237,537.186919141217,584.11406883899,"people living after diagnosis","output/prevalence_projections.csv"
"Prevalence (people)","mantle_cell","Mantle cell lymphoma (MCL)","NHL subtype","Males",3,2023,"Projected",551.590397113565,511.976889857226,597.721953089768,"people living after diagnosis","output/prevalence_projections.csv"
"Prevalence (people)","mantle_cell","Mantle cell lymphoma (MCL)","NHL subtype","Males",3,2024,"Projected",595.251087854319,538.215098783231,663.456820460548,"people living after diagnosis","output/prevalence_projections.csv"
"Prevalence (people)","mantle_cell","Mantle cell lymphoma (MCL)","NHL subtype","Males",3,2025,"Projected",623.169315222343,561.775772533313,694.338712527561,"people living after diagnosis","output/prevalence_projections.csv"
"Prevalence (people)","mantle_cell","Mantle cell lymphoma (MCL)","NHL subtype","Males",3,2026,"Projected",652.070186282969,585.591118604547,729.845153688699,"people living after diagnosis","output/prevalence_projections.csv"
"Prevalence (people)","mantle_cell","Mantle cell lymphoma (MCL)","NHL subtype","Males",3,2027,"Projected",683.406381842446,609.701096074306,768.049893965798,"people living after diagnosis","output/prevalence_projections.csv"
"Prevalence (people)","mantle_cell","Mantle cell lymphoma (MCL)","NHL subtype","Males",3,2028,"Projected",715.399188208168,635.08447410643,808.960287831089,"people living after diagnosis","output/prevalence_projections.csv"
"Prevalence (people)","mantle_cell","Mantle cell lymphoma (MCL)","NHL subtype","Males",3,2029,"Projected",748.278592429218,658.285099049893,851.506127790517,"people living after diagnosis","output/prevalence_projections.csv"
"Prevalence (people)","mantle_cell","Mantle cell lymphoma (MCL)","NHL subtype","Males",3,2030,"Projected",779.305749143297,682.816524596022,892.713900354007,"people living after diagnosis","output/prevalence_projections.csv"
"Prevalence (people)","mantle_cell","Mantle cell lymphoma (MCL)","NHL subtype","Males",3,2031,"Projected",809.094104881904,703.885365112398,931.617330278062,"people living after diagnosis","output/prevalence_projections.csv"
"Prevalence (people)","mantle_cell","Mantle cell lymphoma (MCL)","NHL subtype","Males",3,2032,"Projected",835.242372347282,720.232204866359,967.37964885027,"people living after diagnosis","output/prevalence_projections.csv"
"Prevalence (people)","mantle_cell","Mantle cell lymphoma (MCL)","NHL subtype","Males",3,2033,"Projected",857.077400874841,734.388566389663,999.339328503111,"people living after diagnosis","output/prevalence_projections.csv"
"Prevalence (people)","mantle_cell","Mantle cell lymphoma (MCL)","NHL subtype","Males",3,2034,"Projected",874.810104984179,741.629920707914,1025.95538234102,"people living after diagnosis","output/prevalence_projections.csv"
"Prevalence (people)","mantle_cell","Mantle cell lymphoma (MCL)","NHL subtype","Males",3,2035,"Projected",889.925362119451,748.577395916722,1054.49064568842,"people living after diagnosis","output/prevalence_projections.csv"
"Prevalence (people)","mantle_cell","Mantle cell lymphoma (MCL)","NHL subtype","Males",3,2036,"Projected",906.003293499691,756.265783296398,1087.05136206429,"people living after diagnosis","output/prevalence_projections.csv"
"Prevalence (people)","mantle_cell","Mantle cell lymphoma (MCL)","NHL subtype","Males",3,2037,"Projected",922.167053560665,763.173448365675,1114.86943940241,"people living after diagnosis","output/prevalence_projections.csv"
"Prevalence (people)","mantle_cell","Mantle cell lymphoma (MCL)","NHL subtype","Males",3,2038,"Projected",936.486668111253,769.209368573103,1140.84269876881,"people living after diagnosis","output/prevalence_projections.csv"
"Prevalence (people)","mantle_cell","Mantle cell lymphoma (MCL)","NHL subtype","Males",3,2039,"Projected",950.509469069339,775.273625052293,1165.27981339175,"people living after diagnosis","output/prevalence_projections.csv"
"Prevalence (people)","mantle_cell","Mantle cell lymphoma (MCL)","NHL subtype","Males",3,2040,"Projected",961.676831656925,779.31015636466,1189.12805548084,"people living after diagnosis","output/prevalence_projections.csv"
"Prevalence (people)","mantle_cell","Mantle cell lymphoma (MCL)","NHL subtype","Males",3,2041,"Projected",971.554862946757,781.883995643527,1212.7122449804,"people living after diagnosis","output/prevalence_projections.csv"
"Prevalence (people)","mantle_cell","Mantle cell lymphoma (MCL)","NHL subtype","Males",3,2042,"Projected",979.080363144905,780.472249645678,1235.75338056862,"people living after diagnosis","output/prevalence_projections.csv"
"Prevalence (people)","mantle_cell","Mantle cell lymphoma (MCL)","NHL subtype","Males",3,2043,"Projected",983.999227391776,778.980717673516,1257.60963349524,"people living after diagnosis","output/prevalence_projections.csv"
"Prevalence (people)","mantle_cell","Mantle cell lymphoma (MCL)","NHL subtype","Males",3,2044,"Projected",986.57083183868,774.713374749497,1281.59843866796,"people living after diagnosis","output/prevalence_projections.csv"
"Prevalence (people)","mantle_cell","Mantle cell lymphoma (MCL)","NHL subtype","Males",3,2045,"Projected",988.44882485307,769.13634303916,1303.1099923725,"people living after diagnosis","output/prevalence_projections.csv"
"Prevalence (people)","mantle_cell","Mantle cell lymphoma (MCL)","NHL subtype","Males",5,2012,"Estimated",560.751164724616,549.707320181845,570.76131308344,"people living after diagnosis","output/prevalence_projections.csv"
"Prevalence (people)","mantle_cell","Mantle cell lymphoma (MCL)","NHL subtype","Males",5,2013,"Estimated",589.503867591157,578.305916103125,600.220638563373,"people living after diagnosis","output/prevalence_projections.csv"
"Prevalence (people)","mantle_cell","Mantle cell lymphoma (MCL)","NHL subtype","Males",5,2014,"Estimated",618.275961964089,607.049879605602,628.733168520095,"people living after diagnosis","output/prevalence_projections.csv"
"Prevalence (people)","mantle_cell","Mantle cell lymphoma (MCL)","NHL subtype","Males",5,2015,"Estimated",623.868901101922,613.395719561805,634.790772762078,"people living after diagnosis","output/prevalence_projections.csv"
"Prevalence (people)","mantle_cell","Mantle cell lymphoma (MCL)","NHL subtype","Males",5,2016,"Estimated",644.800890022708,633.886206808242,655.957341851971,"people living after diagnosis","output/prevalence_projections.csv"
"Prevalence (people)","mantle_cell","Mantle cell lymphoma (MCL)","NHL subtype","Males",5,2017,"Estimated",713.54769106054,702.668199841523,723.667379086645,"people living after diagnosis","output/prevalence_projections.csv"
"Prevalence (people)","mantle_cell","Mantle cell lymphoma (MCL)","NHL subtype","Males",5,2018,"Estimated",738.080998734888,726.094977175375,748.952404731,"people living after diagnosis","output/prevalence_projections.csv"
"Prevalence (people)","mantle_cell","Mantle cell lymphoma (MCL)","NHL subtype","Males",5,2019,"Estimated",794.30481784014,782.233626417051,805.700617646618,"people living after diagnosis","output/prevalence_projections.csv"
"Prevalence (people)","mantle_cell","Mantle cell lymphoma (MCL)","NHL subtype","Males",5,2020,"Estimated",857.376849587605,844.378029602273,869.827983918859,"people living after diagnosis","output/prevalence_projections.csv"
"Prevalence (people)","mantle_cell","Mantle cell lymphoma (MCL)","NHL subtype","Males",5,2021,"Estimated",855.305167108312,842.095029039816,866.878045869162,"people living after diagnosis","output/prevalence_projections.csv"
"Prevalence (people)","mantle_cell","Mantle cell lymphoma (MCL)","NHL subtype","Males",5,2022,"Projected",853.311726729405,829.859713023571,880.59601962882,"people living after diagnosis","output/prevalence_projections.csv"
"Prevalence (people)","mantle_cell","Mantle cell lymphoma (MCL)","NHL subtype","Males",5,2023,"Projected",882.125246510253,841.701659394207,929.897458756134,"people living after diagnosis","output/prevalence_projections.csv"
"Prevalence (people)","mantle_cell","Mantle cell lymphoma (MCL)","NHL subtype","Males",5,2024,"Projected",891.892008102974,833.959970016547,959.896941286822,"people living after diagnosis","output/prevalence_projections.csv"
"Prevalence (people)","mantle_cell","Mantle cell lymphoma (MCL)","NHL subtype","Males",5,2025,"Projected",908.16453323032,829.341555716166,995.223944589548,"people living after diagnosis","output/prevalence_projections.csv"
"Prevalence (people)","mantle_cell","Mantle cell lymphoma (MCL)","NHL subtype","Males",5,2026,"Projected",966.817842838454,869.628866685507,1076.51190741772,"people living after diagnosis","output/prevalence_projections.csv"
"Prevalence (people)","mantle_cell","Mantle cell lymphoma (MCL)","NHL subtype","Males",5,2027,"Projected",1014.42286668559,911.108566421889,1133.1425413214,"people living after diagnosis","output/prevalence_projections.csv"
"Prevalence (people)","mantle_cell","Mantle cell lymphoma (MCL)","NHL subtype","Males",5,2028,"Projected",1064.3380762084,949.518226633462,1194.94296047028,"people living after diagnosis","output/prevalence_projections.csv"
"Prevalence (people)","mantle_cell","Mantle cell lymphoma (MCL)","NHL subtype","Males",5,2029,"Projected",1116.60312781615,990.580316944119,1258.62219089779,"people living after diagnosis","output/prevalence_projections.csv"
"Prevalence (people)","mantle_cell","Mantle cell lymphoma (MCL)","NHL subtype","Males",5,2030,"Projected",1169.76834193039,1029.73389660349,1323.47858117183,"people living after diagnosis","output/prevalence_projections.csv"
"Prevalence (people)","mantle_cell","Mantle cell lymphoma (MCL)","NHL subtype","Males",5,2031,"Projected",1219.53842758034,1069.6001070258,1393.80958369693,"people living after diagnosis","output/prevalence_projections.csv"
"Prevalence (people)","mantle_cell","Mantle cell lymphoma (MCL)","NHL subtype","Males",5,2032,"Projected",1266.62926085023,1102.57753716663,1455.5236532333,"people living after diagnosis","output/prevalence_projections.csv"
"Prevalence (people)","mantle_cell","Mantle cell lymphoma (MCL)","NHL subtype","Males",5,2033,"Projected",1310.43655262642,1131.08302520274,1516.31820336769,"people living after diagnosis","output/prevalence_projections.csv"
"Prevalence (people)","mantle_cell","Mantle cell lymphoma (MCL)","NHL subtype","Males",5,2034,"Projected",1349.20379051313,1155.21341813361,1571.50655524306,"people living after diagnosis","output/prevalence_projections.csv"
"Prevalence (people)","mantle_cell","Mantle cell lymphoma (MCL)","NHL subtype","Males",5,2035,"Projected",1380.08899684619,1172.08514540309,1620.58358583784,"people living after diagnosis","output/prevalence_projections.csv"
"Prevalence (people)","mantle_cell","Mantle cell lymphoma (MCL)","NHL subtype","Males",5,2036,"Projected",1403.30106242339,1180.69795722176,1661.53921535492,"people living after diagnosis","output/prevalence_projections.csv"
"Prevalence (people)","mantle_cell","Mantle cell lymphoma (MCL)","NHL subtype","Males",5,2037,"Projected",1426.64296989147,1192.23703724592,1703.6651836412,"people living after diagnosis","output/prevalence_projections.csv"
"Prevalence (people)","mantle_cell","Mantle cell lymphoma (MCL)","NHL subtype","Males",5,2038,"Projected",1448.28854311475,1199.17029175905,1743.16789194288,"people living after diagnosis","output/prevalence_projections.csv"
"Prevalence (people)","mantle_cell","Mantle cell lymphoma (MCL)","NHL subtype","Males",5,2039,"Projected",1468.01226583621,1200.91777701127,1782.08125418617,"people living after diagnosis","output/prevalence_projections.csv"
"Prevalence (people)","mantle_cell","Mantle cell lymphoma (MCL)","NHL subtype","Males",5,2040,"Projected",1486.27884539615,1203.24120268298,1821.58065769786,"people living after diagnosis","output/prevalence_projections.csv"
"Prevalence (people)","mantle_cell","Mantle cell lymphoma (MCL)","NHL subtype","Males",5,2041,"Projected",1500.79951508254,1199.70493580209,1862.22319415673,"people living after diagnosis","output/prevalence_projections.csv"
"Prevalence (people)","mantle_cell","Mantle cell lymphoma (MCL)","NHL subtype","Males",5,2042,"Projected",1511.57725843316,1199.77335016773,1894.36201328015,"people living after diagnosis","output/prevalence_projections.csv"
"Prevalence (people)","mantle_cell","Mantle cell lymphoma (MCL)","NHL subtype","Males",5,2043,"Projected",1518.74728225194,1197.60091318663,1928.31761689876,"people living after diagnosis","output/prevalence_projections.csv"
"Prevalence (people)","mantle_cell","Mantle cell lymphoma (MCL)","NHL subtype","Males",5,2044,"Projected",1523.671570786,1193.31885996742,1954.73699159452,"people living after diagnosis","output/prevalence_projections.csv"
"Prevalence (people)","mantle_cell","Mantle cell lymphoma (MCL)","NHL subtype","Males",5,2045,"Projected",1527.58516428721,1187.27551331641,1989.83805748273,"people living after diagnosis","output/prevalence_projections.csv"
"Prevalence (people)","mantle_cell","Mantle cell lymphoma (MCL)","NHL subtype","Males",10,2012,"Estimated",768.784990516344,726.398623512704,815.903812063439,"people living after diagnosis","output/prevalence_projections.csv"
"Prevalence (people)","mantle_cell","Mantle cell lymphoma (MCL)","NHL subtype","Males",10,2013,"Estimated",823.545252123361,780.872311509466,872.138222966297,"people living after diagnosis","output/prevalence_projections.csv"
"Prevalence (people)","mantle_cell","Mantle cell lymphoma (MCL)","NHL subtype","Males",10,2014,"Estimated",868.797651046595,827.507124611593,914.731937456159,"people living after diagnosis","output/prevalence_projections.csv"
"Prevalence (people)","mantle_cell","Mantle cell lymphoma (MCL)","NHL subtype","Males",10,2015,"Estimated",902.797831649742,859.263113805431,950.633459663644,"people living after diagnosis","output/prevalence_projections.csv"
"Prevalence (people)","mantle_cell","Mantle cell lymphoma (MCL)","NHL subtype","Males",10,2016,"Estimated",944.064228715788,900.238862327892,988.980882176863,"people living after diagnosis","output/prevalence_projections.csv"
"Prevalence (people)","mantle_cell","Mantle cell lymphoma (MCL)","NHL subtype","Males",10,2017,"Estimated",1018.44150755037,980.857002540442,1058.59249417388,"people living after diagnosis","output/prevalence_projections.csv"
"Prevalence (people)","mantle_cell","Mantle cell lymphoma (MCL)","NHL subtype","Males",10,2018,"Estimated",1054.08742666359,1019.09069994657,1088.0876394664,"people living after diagnosis","output/prevalence_projections.csv"
"Prevalence (people)","mantle_cell","Mantle cell lymphoma (MCL)","NHL subtype","Males",10,2019,"Estimated",1123.9406484209,1091.21382430932,1155.12672953581,"people living after diagnosis","output/prevalence_projections.csv"
"Prevalence (people)","mantle_cell","Mantle cell lymphoma (MCL)","NHL subtype","Males",10,2020,"Estimated",1188.04535676118,1152.69986115068,1221.97529072244,"people living after diagnosis","output/prevalence_projections.csv"
"Prevalence (people)","mantle_cell","Mantle cell lymphoma (MCL)","NHL subtype","Males",10,2021,"Estimated",1195.54879830823,1153.66766122566,1241.7155852063,"people living after diagnosis","output/prevalence_projections.csv"
"Prevalence (people)","mantle_cell","Mantle cell lymphoma (MCL)","NHL subtype","Males",10,2022,"Projected",1250.61942010212,1210.10439760903,1298.14086328175,"people living after diagnosis","output/prevalence_projections.csv"
"Prevalence (people)","mantle_cell","Mantle cell lymphoma (MCL)","NHL subtype","Males",10,2023,"Projected",1313.31583205602,1261.14379298567,1370.64458638,"people living after diagnosis","output/prevalence_projections.csv"
"Prevalence (people)","mantle_cell","Mantle cell lymphoma (MCL)","NHL subtype","Males",10,2024,"Projected",1379.42320054863,1318.03172295785,1456.31344830899,"people living after diagnosis","output/prevalence_projections.csv"
"Prevalence (people)","mantle_cell","Mantle cell lymphoma (MCL)","NHL subtype","Males",10,2025,"Projected",1456.56660435606,1374.03970030816,1552.11443692411,"people living after diagnosis","output/prevalence_projections.csv"
"Prevalence (people)","mantle_cell","Mantle cell lymphoma (MCL)","NHL subtype","Males",10,2026,"Projected",1537.62057609701,1435.34441234792,1657.12157811537,"people living after diagnosis","output/prevalence_projections.csv"
"Prevalence (people)","mantle_cell","Mantle cell lymphoma (MCL)","NHL subtype","Males",10,2027,"Projected",1596.92780570529,1474.9154798846,1742.19150280043,"people living after diagnosis","output/prevalence_projections.csv"
"Prevalence (people)","mantle_cell","Mantle cell lymphoma (MCL)","NHL subtype","Males",10,2028,"Projected",1678.19475395027,1530.80932723998,1847.83063619512,"people living after diagnosis","output/prevalence_projections.csv"
"Prevalence (people)","mantle_cell","Mantle cell lymphoma (MCL)","NHL subtype","Males",10,2029,"Projected",1747.4653685537,1578.87523271794,1942.58568438804,"people living after diagnosis","output/prevalence_projections.csv"
"Prevalence (people)","mantle_cell","Mantle cell lymphoma (MCL)","NHL subtype","Males",10,2030,"Projected",1819.86360112465,1624.32907416087,2049.49455309802,"people living after diagnosis","output/prevalence_projections.csv"
"Prevalence (people)","mantle_cell","Mantle cell lymphoma (MCL)","NHL subtype","Males",10,2031,"Projected",1922.83454304918,1700.04603186889,2190.63782830149,"people living after diagnosis","output/prevalence_projections.csv"
"Prevalence (people)","mantle_cell","Mantle cell lymphoma (MCL)","NHL subtype","Males",10,2032,"Projected",2018.27458727251,1770.48780784584,2315.59074675696,"people living after diagnosis","output/prevalence_projections.csv"
"Prevalence (people)","mantle_cell","Mantle cell lymphoma (MCL)","NHL subtype","Males",10,2033,"Projected",2108.985341385,1835.49675356075,2431.80980378349,"people living after diagnosis","output/prevalence_projections.csv"
"Prevalence (people)","mantle_cell","Mantle cell lymphoma (MCL)","NHL subtype","Males",10,2034,"Projected",2196.119624561,1894.5265466394,2560.77483928705,"people living after diagnosis","output/prevalence_projections.csv"
"Prevalence (people)","mantle_cell","Mantle cell lymphoma (MCL)","NHL subtype","Males",10,2035,"Projected",2276.53377574142,1947.55122557328,2668.46002463337,"people living after diagnosis","output/prevalence_projections.csv"
"Prevalence (people)","mantle_cell","Mantle cell lymphoma (MCL)","NHL subtype","Males",10,2036,"Projected",2348.24559551655,1989.88096781745,2783.68845098962,"people living after diagnosis","output/prevalence_projections.csv"
"Prevalence (people)","mantle_cell","Mantle cell lymphoma (MCL)","NHL subtype","Males",10,2037,"Projected",2410.65054810648,2021.53810251747,2893.86441881238,"people living after diagnosis","output/prevalence_projections.csv"
"Prevalence (people)","mantle_cell","Mantle cell lymphoma (MCL)","NHL subtype","Males",10,2038,"Projected",2466.76058119632,2051.8825227259,2984.99218195413,"people living after diagnosis","output/prevalence_projections.csv"
"Prevalence (people)","mantle_cell","Mantle cell lymphoma (MCL)","NHL subtype","Males",10,2039,"Projected",2514.84352458737,2079.50402974452,3067.09703736106,"people living after diagnosis","output/prevalence_projections.csv"
"Prevalence (people)","mantle_cell","Mantle cell lymphoma (MCL)","NHL subtype","Males",10,2040,"Projected",2552.97548152371,2088.3360413589,3153.19806042825,"people living after diagnosis","output/prevalence_projections.csv"
"Prevalence (people)","mantle_cell","Mantle cell lymphoma (MCL)","NHL subtype","Males",10,2041,"Projected",2582.31614709413,2088.58303355024,3229.25520726445,"people living after diagnosis","output/prevalence_projections.csv"
"Prevalence (people)","mantle_cell","Mantle cell lymphoma (MCL)","NHL subtype","Males",10,2042,"Projected",2608.72776266868,2085.57729949507,3300.20899584321,"people living after diagnosis","output/prevalence_projections.csv"
"Prevalence (people)","mantle_cell","Mantle cell lymphoma (MCL)","NHL subtype","Males",10,2043,"Projected",2632.2888649194,2077.98119396126,3361.00087992883,"people living after diagnosis","output/prevalence_projections.csv"
"Prevalence (people)","mantle_cell","Mantle cell lymphoma (MCL)","NHL subtype","Males",10,2044,"Projected",2648.81608051164,2069.50604481701,3415.04368133927,"people living after diagnosis","output/prevalence_projections.csv"
"Prevalence (people)","mantle_cell","Mantle cell lymphoma (MCL)","NHL subtype","Males",10,2045,"Projected",2660.06726429517,2063.81411868459,3463.87171134163,"people living after diagnosis","output/prevalence_projections.csv"
"Prevalence (people)","mantle_cell","Mantle cell lymphoma (MCL)","NHL subtype","Males",40,2012,"Estimated",917.285904806493,775.039625543653,1198.13826097984,"people living after diagnosis","output/prevalence_projections.csv"
"Prevalence (people)","mantle_cell","Mantle cell lymphoma (MCL)","NHL subtype","Males",40,2013,"Estimated",980.243460447465,834.009792628217,1275.96704407356,"people living after diagnosis","output/prevalence_projections.csv"
"Prevalence (people)","mantle_cell","Mantle cell lymphoma (MCL)","NHL subtype","Males",40,2014,"Estimated",1041.86768292036,887.998570356549,1354.44174809275,"people living after diagnosis","output/prevalence_projections.csv"
"Prevalence (people)","mantle_cell","Mantle cell lymphoma (MCL)","NHL subtype","Males",40,2015,"Estimated",1092.77972957294,931.373990114246,1420.07142564448,"people living after diagnosis","output/prevalence_projections.csv"
"Prevalence (people)","mantle_cell","Mantle cell lymphoma (MCL)","NHL subtype","Males",40,2016,"Estimated",1149.87961121411,983.815089005329,1488.88730619783,"people living after diagnosis","output/prevalence_projections.csv"
"Prevalence (people)","mantle_cell","Mantle cell lymphoma (MCL)","NHL subtype","Males",40,2017,"Estimated",1243.61546719528,1073.95597109217,1587.44733168405,"people living after diagnosis","output/prevalence_projections.csv"
"Prevalence (people)","mantle_cell","Mantle cell lymphoma (MCL)","NHL subtype","Males",40,2018,"Estimated",1301.6976819164,1127.39354821028,1654.10508419255,"people living after diagnosis","output/prevalence_projections.csv"
"Prevalence (people)","mantle_cell","Mantle cell lymphoma (MCL)","NHL subtype","Males",40,2019,"Estimated",1391.86701819432,1219.69599129075,1749.87641014806,"people living after diagnosis","output/prevalence_projections.csv"
"Prevalence (people)","mantle_cell","Mantle cell lymphoma (MCL)","NHL subtype","Males",40,2020,"Estimated",1484.10095508613,1314.19075376916,1854.49225090381,"people living after diagnosis","output/prevalence_projections.csv"
"Prevalence (people)","mantle_cell","Mantle cell lymphoma (MCL)","NHL subtype","Males",40,2021,"Estimated",1517.73800041362,1346.59954334949,1885.60929488098,"people living after diagnosis","output/prevalence_projections.csv"
"Prevalence (people)","mantle_cell","Mantle cell lymphoma (MCL)","NHL subtype","Males",40,2022,"Projected",1586.35421913788,1412.59746828242,1954.96205078601,"people living after diagnosis","output/prevalence_projections.csv"
"Prevalence (people)","mantle_cell","Mantle cell lymphoma (MCL)","NHL subtype","Males",40,2023,"Projected",1667.70742610588,1493.74667654559,2025.97497575728,"people living after diagnosis","output/prevalence_projections.csv"
"Prevalence (people)","mantle_cell","Mantle cell lymphoma (MCL)","NHL subtype","Males",40,2024,"Projected",1758.581998347,1576.09465584996,2103.21331554585,"people living after diagnosis","output/prevalence_projections.csv"
"Prevalence (people)","mantle_cell","Mantle cell lymphoma (MCL)","NHL subtype","Males",40,2025,"Projected",1859.58043406614,1668.37762858071,2193.37457145761,"people living after diagnosis","output/prevalence_projections.csv"
"Prevalence (people)","mantle_cell","Mantle cell lymphoma (MCL)","NHL subtype","Males",40,2026,"Projected",1967.71112188879,1763.06133084291,2292.71264929776,"people living after diagnosis","output/prevalence_projections.csv"
"Prevalence (people)","mantle_cell","Mantle cell lymphoma (MCL)","NHL subtype","Males",40,2027,"Projected",2086.26304004215,1872.31143130619,2405.45503061672,"people living after diagnosis","output/prevalence_projections.csv"
"Prevalence (people)","mantle_cell","Mantle cell lymphoma (MCL)","NHL subtype","Males",40,2028,"Projected",2216.0935480326,1986.3274113826,2535.2023437367,"people living after diagnosis","output/prevalence_projections.csv"
"Prevalence (people)","mantle_cell","Mantle cell lymphoma (MCL)","NHL subtype","Males",40,2029,"Projected",2354.94618793944,2101.75468528128,2679.65167478121,"people living after diagnosis","output/prevalence_projections.csv"
"Prevalence (people)","mantle_cell","Mantle cell lymphoma (MCL)","NHL subtype","Males",40,2030,"Projected",2498.07118860639,2213.33733200119,2847.03674528792,"people living after diagnosis","output/prevalence_projections.csv"
"Prevalence (people)","mantle_cell","Mantle cell lymphoma (MCL)","NHL subtype","Males",40,2031,"Projected",2647.04601783573,2333.48692947429,3015.05980535578,"people living after diagnosis","output/prevalence_projections.csv"
"Prevalence (people)","mantle_cell","Mantle cell lymphoma (MCL)","NHL subtype","Males",40,2032,"Projected",2804.12099490062,2460.97630349118,3194.57091192387,"people living after diagnosis","output/prevalence_projections.csv"
"Prevalence (people)","mantle_cell","Mantle cell lymphoma (MCL)","NHL subtype","Males",40,2033,"Projected",2955.23880738765,2581.01318134107,3382.78395784488,"people living after diagnosis","output/prevalence_projections.csv"
"Prevalence (people)","mantle_cell","Mantle cell lymphoma (MCL)","NHL subtype","Males",40,2034,"Projected",3115.06934449641,2708.60614145439,3599.39760232989,"people living after diagnosis","output/prevalence_projections.csv"
"Prevalence (people)","mantle_cell","Mantle cell lymphoma (MCL)","NHL subtype","Males",40,2035,"Projected",3275.84118755394,2832.80234542845,3827.15916272209,"people living after diagnosis","output/prevalence_projections.csv"
"Prevalence (people)","mantle_cell","Mantle cell lymphoma (MCL)","NHL subtype","Males",40,2036,"Projected",3433.28910599863,2928.71999662606,4056.16917827103,"people living after diagnosis","output/prevalence_projections.csv"
"Prevalence (people)","mantle_cell","Mantle cell lymphoma (MCL)","NHL subtype","Males",40,2037,"Projected",3596.4689732325,3032.89243018324,4289.48942849108,"people living after diagnosis","output/prevalence_projections.csv"
"Prevalence (people)","mantle_cell","Mantle cell lymphoma (MCL)","NHL subtype","Males",40,2038,"Projected",3758.89248868671,3128.67491571063,4543.90039147357,"people living after diagnosis","output/prevalence_projections.csv"
"Prevalence (people)","mantle_cell","Mantle cell lymphoma (MCL)","NHL subtype","Males",40,2039,"Projected",3916.08793632831,3224.81540004925,4800.25631241565,"people living after diagnosis","output/prevalence_projections.csv"
"Prevalence (people)","mantle_cell","Mantle cell lymphoma (MCL)","NHL subtype","Males",40,2040,"Projected",4068.22039134018,3298.50085821073,5085.63808056633,"people living after diagnosis","output/prevalence_projections.csv"
"Prevalence (people)","mantle_cell","Mantle cell lymphoma (MCL)","NHL subtype","Males",40,2041,"Projected",4219.89331680084,3363.14666258966,5333.34971191951,"people living after diagnosis","output/prevalence_projections.csv"
"Prevalence (people)","mantle_cell","Mantle cell lymphoma (MCL)","NHL subtype","Males",40,2042,"Projected",4369.64097523912,3434.71347335763,5599.23023961196,"people living after diagnosis","output/prevalence_projections.csv"
"Prevalence (people)","mantle_cell","Mantle cell lymphoma (MCL)","NHL subtype","Males",40,2043,"Projected",4512.62979027273,3501.11788869764,5839.55889987087,"people living after diagnosis","output/prevalence_projections.csv"
"Prevalence (people)","mantle_cell","Mantle cell lymphoma (MCL)","NHL subtype","Males",40,2044,"Projected",4654.25962529121,3570.9866305938,6123.14236817151,"people living after diagnosis","output/prevalence_projections.csv"
"Prevalence (people)","mantle_cell","Mantle cell lymphoma (MCL)","NHL subtype","Males",40,2045,"Projected",4786.05031681544,3628.32452981922,6414.33745876627,"people living after diagnosis","output/prevalence_projections.csv"
